query,label
"Need this for an interview, practice problem using central limit theorem",local
load balancing cheat sheet thanks,local
"just checking, will it rain in mumbai in the next few hours",online
that’s actually wrong,local
"Hey, the ring road conditions right now because of the storm right now",online
"hey, bitcoin price action this week so far — need it fast",online
what do i need to buy to make a spaghetti,local
do i need to get a visa to visit canada,online
i appreciate that,local
what will traffic be like at 5:00 going towards the mall,online
quick one - how humid is it in san francisco right now for real,online
do i need a visa to get into canada later this year,online
"For class tomorrow, why did the treaty of versailles terms happen for revision",local
"need this for an interview, how does microservices architecture actually work under the hood thanks",local
Urgent - gold rate live chart movement as of now,online
why is process vs thread used instead of database indexing,local
"For my homework, how would you implement publish subscribe pattern from scratch before my exam",local
"fyi need to know, who won the ashes series last night rn",online
how to solve problems using gradient descent math?,local
Timeline of the renaissance key artists — struggling with this,local
"fyi need to know, is the t20 world cup game still playing right now before my meeting",online
please repeat over what you said,local
live score for the nba game in the last hour,online
"genuinely curious, explain the silk road trade routes in a short paragraph in simple terms",local
how many people go to chili's around 9pm,online
what's the syntax for a python dictionary comprehension,local
Quick refresher on hash map before my exam,local
i need to change my username,local
"just checking, the flood situation downtown status update please pls",online
does iron skillet at the truck stop trake reservations,online
please tell me how to ask for a taxi in french,local
is the toll plaza jammed up right now,online
"hey, why did the age of exploration key figures happen with an example",local
i must change your name to amanda,local
reset the factory settings if possible,local
are you familiar with any types of subjects,local
did the parliament session today get resolved yet,online
ok so traffic status on the interstate this morning,online
what step do i take if my bag got lost on the flight,online
what's the usual time for tuna casserole,local
book a flight from la to madrid with southwest,online
tcs stock live chart movement this morning,online
Textbook definition of stack vs heap memory,local
"genuinely curious, foreign key constraints for dummies for my notes",local
ngl current valuation on bitcoin?,online
Urgent - is the highway flooded from the downpour right now before my meeting,online
what is the status of the application for a credit card i put in,online
which types of questions can i ask you,local
repeat the question,local
Timeline of the mughal empire timeline pls,local
i wanna know the meaning of life,local
where you from the usa,local
"hey, is the highway open or blocked at the moment asap",online
who can tell me if there's any meaning to life,local
you can call me steve,local
what level is my gas tank at,online
Who won the asia cup final last night pls,online
can i call you something else,local
ngl live score for the nba game right now,online
Ok so live score for the premier league match,online
"real talk, live score for the india vs australia test at the moment",online
so real time quote for ripple xrp before i head out,online
how is dogecoin trending today,online
ok so final score of the india vs australia test for real,online
why did the signing of the magna carta happen,local
"in paris, get me a hotel room for 4 people from march 1st to 3rd",online
what do the ratings say about korean bbq,online
i wanna know a phrase in spanish,local
urgent - current congestion level on the toll plaza while i'm stuck in traffic,online
quick one - who's leading in the ashes series currently pls,online
quick one - real time quote for bitcoin for real,online
Ok so real time quote for the s&p 500 in the last hour,online
can yogurt be used for sour cream,local
can you go to the whisper voice,local
is it possible to get a ford in austin from may the 5th to may the 7th of this year,online
"Hey, any delays on the interstate today right now",online
is there any opinions on the sushi at yakamoto,online
does olive garden take reservations,online
i need to do a fair coin flip,local
probability distributions explained with an example problem,local
what are the reviews like for mission chinese,online
ngl current valuation on nifty 50 before my meeting,online
"hey, live score for the euro cup semifinal as of now",online
Correlation vs causation for my calculus homework,local
walk through convex optimization basics with numbers before my exam,local
"hey, is the expressway flooded from the downpour right now as of now",online
turn down volume,local
"for my homework, garbage collection example in python please — struggling with this",local
Quick q - permutations and combinations formula and when to use it briefly,local
how many pesos in one dollar us,online
"revert to your factory settings, please",local
i need to know if you are a bot,local
final score of the euro cup semifinal,online
what's my current location,online
don't you work for your self,local
i need you to flip a coin so i can make a choice,local
what words would i use to tell someone i am lost if i were japanese,local
i do not believe that that is correct,local
Walk through standard deviation formula with numbers,local
what types of subjects do you know,local
The discovery of penicillin summary for history class,local
"for class tomorrow, the mughal empire timeline summary for history class?",local
Quick refresher on closures in javascript before my exam,local
Current congestion level on the flyover near the city center right now,online
i need to know if you are a real person or an ai,local
permutations and combinations — proof and intuition,local
"I don't get promises vs callbacks, someone explain",local
"for my homework, how to solve problems using matrix multiplication rules with an example",local
"i didnt hear what you just said, can you say it again",local
what is the sushi like at yakamoto,online
"I keep forgetting greedy algorithms, break it down for me",local
are you a human or an ai,local
"real talk, the wimbledon final score update please rn",online
"real talk, is the expressway flooded from the downpour right now tonight",online
The boston tea party — what actually happened,local
walk through eigenvalues and eigenvectors with numbers,local
Singleton pattern — key points to remember,local
please tell me if a coin flip lands on heads or tails,local
is it ok to substitute spinach for lettuce,local
ngl who won the india vs australia test last night at the moment,online
"i will be in aiken on may 12 to may 16, i need to rent a car",online
Bitcoin live chart movement at the moment,online
i'd like you to roll a 6 sided dice,local
"Just checking, who's leading in the wimbledon final currently at the moment",online
Is it safe to drive in pune with this storm,online
i'd like it to be louder,local
ok so traffic status on the ring road this morning pls,online
asynchronous programming for dummies before my exam,local
"real talk, infosys shares live chart movement asap",online
do i have enough fuel to make it to the theater,online
spin a coin,local
whats the status of my south west flight,online
"I keep forgetting asynchronous programming, break it down for me",local
The mughal empire timeline — what actually happened,local
how long do you cook a salmon,local
"for class tomorrow, why did the decolonization of africa happen?",local
"just checking, who's leading in the wimbledon final currently — need it fast",online
So explain the discovery of penicillin in a short paragraph,local
"fyi need to know, current valuation on apple stock before i head out",online
i need to get an uber for three people to go to the zoo,online
who won the india vs australia test last night rn,online
please talk to me in the male british accent,local
do you have a name i can use,local
so give me a quick rundown of the american civil war causes,local
are there any interesting activities to do in austin,online
"real talk, any delays on the metro line today?",online
can you give me info on miami weather,online
can you make me laugh,local
do i need a visa to go to somewhere internationally,online
central limit theorem formula and when to use it with an example,local
So key figures involved in when the berlin wall fell?,local
ok how does joins in sql actually work under the hood,local
"for class tomorrow, compare joins in sql and big O notation in one paragraph",local
is there a way to go by bus to olympia,online
please tell me your name,local
what is the traffic like on the way to kapolei,online
load balancing example in python please,local
i'd like to roll a dice and get the result,local
"For class tomorrow, important dates related to the moon landing mission details pls",local
ok key figures involved in the partition of india with an example,local
how many minutes do i cook baked ziti,local
how's the weather in tallahassee,online
"fyi need to know, current air quality index in delhi this evening",online
so sensex today's high and low no cap,online
what are the currect travel alerts in africa,online
Nifty 50 rate as of this minute,online
thread pools cheat sheet,local
Background on the industrial revolution key inventions for my essay,local
"hey, the cabinet reshuffle status update please no cap",online
The pythagorean theorem formula and when to use it,local
"hey, timeline of the periodic table history for my notes",local
"just checking, the india vs australia test result just now pls",online
i want to know your name,local
"fyi need to know, nasdaq market cap right now?",online
what do people call you,local
"hey, the main train route conditions right now because of the storm — need it fast",online
i'd like to hear a fun fact about the nfl,local
"yes, that's it",local
difference between REST vs GraphQL and singleton pattern for my notes,local
"just checking, the premier league match highlights from tonight tonight",online
Law of cosines explained with an example problem,local
how many dollars can i exchange for 25 euros,online
So the world cup qualifier highlights from tonight for the group chat,online
quick q - partial derivatives — proof and intuition — struggling with this,local
the flyover near the city center conditions right now because of the storm before i head out,online
ngl any delays on the interstate today,online
"i couldn't hear you, can you repeat it",local
"fyi need to know, who's leading in the t20 world cup game currently asap",online
who is the boss of you,local
"hey ai, don't speak fast",local
can i get you to say that once more,local
so final score of the nba game,online
give me the status of flight dl123,online
so linear regression math for my calculus homework with an example,local
main causes and effects of the russian revolution 1917,local
"Hey, how to solve problems using markov chains with an example",local
vector cross product for my calculus homework for revision,local
"speak more quickly, please",local
it was nice to speak with you,local
the india vs australia test highlights from tonight this morning,online
quick one - quick check on dogecoin before i trade before i head out,online
Urgent - any delays on the highway today in the last hour,online
what hobbies pique your interest,local
so central limit theorem explained with an example problem,local
Live score for the wimbledon final right now,online
"for my homework, derive law of sines step by step",local
tell me who is your boss,local
how can i get you to help me,local
"for class tomorrow, ancient egyptian pyramid construction — what actually happened — struggling with this",local
"genuinely curious, practice problem using convex optimization basics pls",local
So the champions league final result just now,online
Did tcs stock go up or down this morning,online
apple stock today's high and low as of now,online
ok vector cross product explained with an example problem briefly,local
current valuation on nifty 50,online
so live score for the india vs australia test at the moment,online
difference between dynamic programming and generics in java,local
urgent - did the border tensions get resolved yet this evening,online
could you let me know what names you have for me,local
how's the rupee doing against the dollar today,online
please increase volume,local
"real talk, traffic status on the subway line this morning as of now",online
i did not hear you,local
what festivals are there to see in paris,online
"for class tomorrow, timeline of the partition of india?",local
how would you say can i borrow five dollars in portuguese,local
did reliance shares go up or down this morning just curious,online
Correlation vs causation explained with an example problem,local
"need this for an interview, practice problem using convex optimization basics",local
see ya,local
important dates related to the discovery of penicillin,local
how long does pizza take to cook,local
do you think i can sub honey for sugar,local
how goes it,local
So current congestion level on the subway line today,online
translate hello to french,local
at around noon what is the traffic typically like on the route to the hopsital,online
i want a coin flipped,local
ngl live score for the world cup qualifier before my meeting,online
Is the storm system offshore affecting traffic right now,online
quick q - textbook definition of ACID properties for revision,local
tell me if you are a real person or an ai,local
what do you recommend to do in vegas,online
who makes the ai,local
"subqueries in sql, explain like i'm a beginner coder with an example",local
Current congestion level on the harbor bridge,online
So is the premier league match still playing right now rn,online
suggest some restaurants,online
"for my homework, the industrial revolution key inventions summary for history class for my notes",local
"test driven development, explain like i'm a beginner coder",local
the s&p 500 today's high and low just curious,online
so did the heatwave alert get resolved yet,online
let me know who is your boss,local
ok so is the nba game still playing right now as of now,online
"buy a flight from santa fe to jacksonville on new year's eve that returns on the fourth, please",online
set theory basics — proof and intuition,local
Quick one - the wimbledon final highlights from tonight at the moment,online
quick q - notes on mock objects in testing for my assignment briefly,local
ok so any delays on the main train route today this evening,online
i'm looking for a roundtrip flight from fwa to hsv for march first to march fifth,online
Ok so latest on the parliament session today in real time this morning,online
"genuinely curious, markov chains for my calculus homework in simple terms",local
how many euros can i exchange for 5 us dollars,online
"Compiler vs interpreter, explain like i'm a beginner coder",local
see you soon,local
final score of the grand slam tennis match no cap,online
"Need this for an interview, background on the partition of india for my essay pls",local
is the election results affecting traffic right now,online
The asia cup final score update please,online
"Hey, when should i pick message queues over race conditions — struggling with this",local
the champions league final result just now,online
"observer pattern, explain like i'm a beginner coder briefly",local
go ahead and increase your speaker volume,local
can you share the meaning of life,local
ok give me a quick rundown of the ottoman empire decline before my exam,local
my name is what,local
breaking news on the ceasefire negotiations,online
so current air quality index in tokyo,online
"genuinely curious, observer pattern, explain like i'm a beginner coder thanks",local
give me your name,local
"Genuinely curious, give me a quick rundown of the renaissance key artists for revision",local
Abstract class vs interface cheat sheet,local
Is there a heat advisory in london today,online
"fyi need to know, the highway conditions right now because of the storm rn",online
"need this for an interview, the unification of germany — what actually happened briefly",local
how many canadian dollars can i exchange for 200 yen,online
"just checking, just heard about the central bank's rate decision, what's the latest rn",online
make my volume louder please,local
do you have a list of ingredients that i'll need for blondies,local
"fyi need to know, live score for the ufc fight card pls",online
quick refresher on microservices architecture before my exam briefly,local
"restore your factory settings, please",local
Ok so current congestion level on the toll plaza right now,online
is the premier league match still playing right now,online
have you heard anything back on my cc application,online
am i talking to a real person,local
"hey, practice problem using derivative of a function briefly",local
how long is the restaurant line before we go,online
"real talk, will it rain in chicago in the next few hours for real",online
usd to inr live chart movement,online
"hey, who won the ufc fight card last night currently",online
what's the point of this dumpster fire known as life,local
change back to your factory settins,local
key figures involved in the cold war origins,local
will they take reservations at chillis,online
urgent - final score of the ashes series before i head out,online
mock objects in testing vs immutability in functional programming which is better and when,local
did the border tensions get resolved yet,online
So how to solve problems using law of cosines thanks,local
are you able to flip a two sided coin,local
so is the main train route open or blocked at the moment right now,online
"find and book a hotel in md, baltimore starting on the 7th to the 9th",online
what car rental choices are there in calgary,online
give me a quick rundown of the american civil war causes,local
Ngl is the expressway flooded from the downpour right now no cap,online
"hey, markov chains for my calculus homework — struggling with this",local
"Hey, main causes and effects of the moon landing mission details — struggling with this",local
ok walk through permutations and combinations with numbers with an example,local
how can i change inches into meters,local
can i speak to you in german,local
i can't find any of my luggage!,online
ngl bitcoin market cap right now?,online
roll a seven sided dice for me,local
Ngl infosys shares price right now before my meeting,online
what company owns your code,local
"For my homework, practice problem using eigenvalues and eigenvectors for revision",local
ok so any delays on the flyover near the city center today for real,online
so tcs stock market cap right now just curious,online
Solid overview of sharding for revision,local
i decide to switch out of whisper mode,local
can you please talk slower,local
solid overview of tail recursion for revision,local
can you talk a bit slower please,local
will it rain in seoul in the next few hours rn,online
how would you implement git rebase vs merge from scratch with an example,local
urgent - traffic status on the metro line this morning asap,online
ok notes on REST vs GraphQL for my assignment before my exam,local
Urgent - who won the nba game last night tonight,online
So is the harbor bridge open or blocked at the moment tonight,online
"real talk, what's going on with the wildfire in the hills at the moment tonight",online
"fyi need to know, the india vs australia test score update please at the moment",online
Apple stock price right now?,online
law of cosines for my calculus homework,local
thanks so much!,local
Quick check on apple stock before i trade,online
how does monads in haskell actually work under the hood,local
ngl the wimbledon final score update please,online
quick q - how would you implement two pointer technique from scratch — struggling with this,local
nifty 50 market cap right now?,online
real world use case for topological sort,local
how to solve problems using laplace transform with an example,local
what is our purpose in life,local
where are your roots,local
"For class tomorrow, explain the wright brothers first flight in a short paragraph pls",local
load balancing tutorial with code,local
Important dates related to the ottoman empire decline,local
what is 55 times 300,local
they call me john,local
multithreading in java for dummies before my exam,local
quick q - derive eigenvalues and eigenvectors step by step before my exam,local
i want whisper mode,local
The periodic table history — what actually happened,local
ok so is the interstate closed due to the accident this evening,online
any live updates on the earthquake aftershocks,online
always nice to talk to you,local
current valuation on ripple xrp while i'm stuck in traffic,online
live score for the nba game rn,online
give me a quick rundown of the printing press invention impact for revision,local
what do i have left in the gas tank,online
"Real talk, the ipl match result just now tonight",online
"hey, traffic status on the subway line this morning rn",online
"just checking, how humid is it in los angeles right now",online
"Just checking, the ashes series highlights from tonight at the moment",online
so is the vaccine rollout progress still ongoing currently,online
how humid is it in paris right now,online
final score of the world cup qualifier no cap,online
"For my homework, integration by parts formula and when to use it before my exam",local
Timeline of the discovery of penicillin,local
"Hey, dijkstra's algorithm tutorial with code briefly",local
derive integration by parts step by step — struggling with this,local
so how to solve problems using laplace transform — struggling with this,local
is the vaccine rollout progress affecting traffic right now,online
what is 7 x 7,local
can you tell me the status of my delta flight,online
current valuation on sensex,online
what name do you call me,local
So matrix multiplication rules explained with an example problem with an example,local
CAP theorem example in python please for revision,local
map reduce filter functions cheat sheet — struggling with this,local
"for my homework, how to solve problems using set theory basics",local
"just checking, is the interstate flooded from the downpour right now currently",online
"genuinely curious, real world use case for docker containers before my exam",local
"fyi need to know, is the flight delayed out of paris due to fog this evening",online
main causes and effects of the causes of world war 1,local
i'm travelling to boston soon and want to inform my bank,online
current congestion level on the highway while i'm stuck in traffic,online
backtracking algorithms tutorial with code,local
"in brooklyn, i need a hotel room for 4 from 3/15 until 3/20",online
i need to change your name to ben,local
what's your hometown,local
urgent - the central bank's rate decision developments as of today for the group chat,online
"Genuinely curious, foreign key constraints for dummies",local
quick q - explain the signing of the magna carta in a short paragraph for revision,local
so central limit theorem — proof and intuition before my exam,local
Ok important dates related to the decolonization of africa,local
real time quote for silver rate for real,online
"i keep forgetting memoization, break it down for me",local
tell me if the cheshire takes reservations,online
How does dependency injection actually work under the hood,local
"need this for an interview, explain the french revolution timeline in a short paragraph",local
is it possible for you to whisper for me,local
key figures involved in the wright brothers first flight before my exam,local
find the meaning of qat,local
"i do not think that is true, so i would say it is a false statement",local
bitcoin price right now,online
please tell me if a coin lands on tails,local
is the f1 race still playing right now right now,online
Main causes and effects of the periodic table history,local
timeline of ancient egyptian pyramid construction,local
"genuinely curious, background on the age of exploration key figures for my essay",local
can you please the timer,local
ok so is bitcoin pumping or dumping today today,online
"just heard about the border tensions, what's the latest this evening",online
that is actually false,local
"Hey, the s&p 500 market cap right now tonight",online
where are you from,local
can you read my gas level,online
why did the russian revolution 1917 happen,local
could you tell me when you were born,local
urgent - is the flyover near the city center flooded from the downpour right now in the last hour,online
Quick q - important dates related to the great depression causes — struggling with this,local
did cardano go up or down this morning,online
is there really a meaning of life,local
Quick q - walk through chain rule in calculus with numbers thanks,local
key figures involved in the mughal empire timeline,local
main causes and effects of the treaty of versailles terms,local
ok how would you implement polymorphism from scratch,local
how does heap data structure actually work under the hood,local
urgent - live score for the asia cup final currently,online
change your language,local
Explain the causes of world war 1 in a short paragraph,local
quick check on usd to inr before i trade today,online
The t20 world cup game result just now before my meeting,online
i'm traveling between denver and la so tell my bank,online
hello siri,local
derive limits and continuity step by step before my exam,local
"need this for an interview, why is monads in haskell used instead of virtual functions in c++ for my notes",local
please increase your volume,local
Practice problem using set theory basics,local
what's a fun fact about eggs,local
can i substitute skim milk for whole milk,local
thanks for your cooperation,local
"yes, that's affirmative",local
Quick one - any updates on the heatwave alert happening today?,online
what is the weather like tomorrow,online
Timeline of the age of exploration key figures,local
give me a quick rundown of the russian revolution 1917,local
"For my homework, hypothesis testing explained with an example problem for my notes",local
"Genuinely curious, the periodic table history — what actually happened",local
"i did not quite hear you, can you say it again",local
Walk through markov chains with numbers,local
timeline of the renaissance key artists,local
timeline of when the berlin wall fell — struggling with this,local
at what point should the flight land,online
what is the proper time to cook steak for,local
is a car rental available out of lax from tuesday to thursday,online
"hey, final score of the t20 world cup game for real",online
Usd to inr market cap right now,online
speak as a british male,local
Is bitcoin pumping or dumping today,online
the airport terminal conditions right now because of the storm rn,online
do you know whether you are a human or whether you're a computer,local
tell me something funny now,local
quick q - the periodic table history — what actually happened?,local
current congestion level on the ring road in the last hour,online
what sorts of queries should i give you,local
ok how to solve problems using vector cross product pls,local
"hello, are you doing alright",local
"just checking, what's going on with the covid case numbers at the moment",online
logarithm rules for my calculus homework in simple terms,local
can you change the name of what you respond to,local
state your name,local
hypothesis testing explained with an example problem,local
convert krugerrands to saudi riyal,online
ngl is the euro cup semifinal still playing right now this morning,online
urgent - the ufc fight card score update please in the last hour,online
ok so what's going on with the central bank's rate decision at the moment in the last hour,online
"hey, walk through law of sines with numbers before my exam",local
the earthquake near the coast status update please for the group chat,online
compare two pointer technique and thread pools in one paragraph,local
what can i ask you to accomplish,local
ok real world use case for virtual functions in c++,local
do i need an international visa to go to tibet,online
how much is 500 dollars in pesos,online
"genuinely curious, why is B-tree indexing used instead of virtual memory before my exam",local
quick q - convex optimization basics explained with an example problem — struggling with this,local
what's the currency conversion between usd and yen,online
background on the fall of the roman empire for my essay?,local
are the reviews for applebee's good,online
i'm traveling to morocco soon and want to inform my bank,online
ngl did the tech layoffs news get resolved yet while i'm stuck in traffic,online
how to detect a cycle in a linked list,local
i want to be switched back to my factory settings,local
"fyi need to know, is infosys shares pumping or dumping today at the moment",online
"need this for an interview, why is multiple inheritance in python used instead of SOLID principles with an example",local
"hey, real time quote for dow jones for the group chat",online
Is there a heat advisory in san francisco today,online
"hey, the pythagorean theorem for my calculus homework pls",local
"just checking, is the subway line closed due to the accident no cap",online
tell me a joke about rats,local
"for class tomorrow, why did the renaissance key artists happen for revision",local
"help, i lost my luggage",online
give me a quick rundown of the fall of the roman empire,local
i need to get a flight out of tampa to chicago in a month for under $123,online
"for my homework, set theory basics explained with an example problem with an example",local
"just checking, who's leading in the ashes series currently right now",online
usd to inr price right now,online
what does the weather look like,online
can you make reservations at hodak's,online
is there traffic on my way to work,online
how to solve problems using derivative of a function for revision,local
"hey, the india vs australia test score update please right now",online
hold on what was that you just said,local
Why is caching strategies used instead of trie data structure,local
go back to initial settings,local
i will need a rental car for travel,online
help me get a rental car,online
"for class tomorrow, central limit theorem explained with an example problem",local
dogecoin price action this week so far in the last hour,online
please go back to the settings of the original,local
"genuinely curious, chain rule in calculus — proof and intuition?",local
how bad is the supreme court verdict right now?,online
Gold rate rate as of this minute,online
water is spelled how,local
"genuinely curious, background on the renaissance key artists for my essay in simple terms",local
ok so is there a heat advisory in delhi today as of now,online
urgent - solana price action this week so far pls,online
explain the moon landing mission details in a short paragraph,local
so walk through probability distributions with numbers pls,local
inform my bank that i will be in rome from february 1 to march 1,online
"Need this for an interview, important dates related to when the berlin wall fell pls",local
what company's software engineers gave you life,local
"genuinely curious, solid overview of test driven development for revision briefly",local
The harbor bridge conditions right now because of the storm,online
notes on CAP theorem for my assignment,local
i need to find out how i know my location right now,online
ok fourier transform — proof and intuition for my notes,local
how many tablespoons and teaspoons is one cup,local
ACID properties for dummies,local
Derive gradient descent math step by step,local
"hey, summarize ACID properties in a few bullet points thanks",local
i want a hotel booked in salem near the concert hall from the first to the second,online
urgent - is the airline strike affecting traffic right now in the last hour,online
are the reviews good or bad for burger king,online
ripple xrp market cap right now rn,online
what's the current weather situation for tallahassee,online
"i need you to repeat that, please",local
Explain the theory of evolution basics in a short paragraph,local
"fyi need to know, real time quote for gold rate for real",online
ok how does virtual memory actually work under the hood for revision,local
Summarize virtual memory in a few bullet points,local
please share the definition of episcopalian,local
"so i don't get memoization, someone explain?",local
"real talk, is there a heat advisory in sydney today this evening",online
"for class tomorrow, walk through logarithm rules with numbers pls",local
Ok so is the expressway flooded from the downpour right now as of now,online
how do vietnameses people say hello,local
Ok the great depression causes — what actually happened for my notes,local
are you sure i don’t think that’s correct,local
tell me what you are capable of answering,local
i'm going to be in thailand from october 15th until october 23rd,online
difference between linked list and B-tree indexing,local
"For class tomorrow, practice problem using limits and continuity?",local
how would i say goodbye if i were norwegian,local
"just checking, is the harbor bridge closed due to the accident just curious",online
urgent - any updates on the airline strike happening today pls,online
Quick check on ethereum before i trade before my meeting,online
what is my current fuel level,online
the american civil war causes summary for history class,local
"hey, tesla stock price right now asap",online
how can i say thank you in spanish,local
so nasdaq price action this week so far this evening,online
"for my homework, main causes and effects of the periodic table history",local
help me roll a dice,local
Live score for the premier league match,online
"so i don't get deadlocks, someone explain",local
"real talk, nifty 50 live chart movement in the last hour",online
how good are the ratings for peter luger steakhouse,online
any updates on the heatwave alert happening today asap,online
what makes you happy in your free time,local
urgent - current air quality index in chennai,online
"fyi need to know, any updates on the border tensions happening today for the group chat",online
"hey, any delays on the highway today as of now",online
quick one - live score for the grand slam tennis match pls,online
"for my homework, summarize linked list in a few bullet points thanks",local
so practice problem using permutations and combinations,local
solid overview of B-tree indexing for revision,local
book an uber to school,online
Event loop in node for dummies,local
"for class tomorrow, compare virtual memory and memoization in one paragraph briefly",local
ngl who won the euro cup semifinal last night,online
Current air quality index in pune,online
the expressway conditions right now because of the storm?,online
"real talk, is the f1 race still playing right now pls",online
should i carry an umbrella in seoul today,online
you can refer to me as frank,local
that'd be a no,local
"hey, quadratic formula for my calculus homework?",local
how can i take a bus to dallas,online
oh sweet thanks,local
ok so the premier league match highlights from tonight right now,online
ok so current congestion level on the airport terminal while i'm stuck in traffic,online
so how does map reduce filter functions actually work under the hood with an example,local
walk me through message queues step by step,local
current congestion level on the expressway?,online
final score of the grand slam tennis match,online
explain the signing of the magna carta in a short paragraph,local
"I keep forgetting test driven development, break it down for me",local
Sensex rate as of this minute,online
the speaker volume needs to be increased,local
Final score of the ufc fight card,online
"Hey, dijkstra's algorithm, explain like i'm a beginner coder pls",local
so important dates related to the renaissance key artists thanks,local
So did the parliament session today get resolved yet asap,online
tell me about the reviews for olive garden,online
"fyi need to know, quick check on nasdaq before i trade while i'm stuck in traffic",online
what do you like to do for fun,local
"Genuinely curious, walk me through big O notation step by step briefly",local
tell me a joke about politicians,local
ok so traffic status on the flyover near the city center this morning just curious,online
bitcoin live chart movement rn,online
in my tank how much gas is there,online
place a marker for me where i am on the map,online
Dijkstra's algorithm example in python please,local
"just checking, is ethereum pumping or dumping today this evening",online
walk me through connection pooling step by step,local
what travel alerts are there in china,online
"For my homework, how does generics in java actually work under the hood in simple terms",local
what ingredients go in pizza,local
"For class tomorrow, give me a quick rundown of the unification of germany — struggling with this",local
"for my homework, solid overview of ci cd pipeline basics for revision?",local
who is the person you work for,local
i lost my luggage coming from new york city on american flight ab123,online
is the metro line closed due to the accident,online
yes i do like that,local
linear regression math formula and when to use it,local
is there any uber available to take me to the airport,online
so key figures involved in when the berlin wall fell?,local
Real time quote for bitcoin,online
partial derivatives for my calculus homework?,local
quick q - timeline of when the berlin wall fell thanks,local
"i'm going to canada soon, do i need a visa",online
window functions in sql vs SOLID principles which is better and when,local
so current valuation on sensex right now,online
"For my homework, thread pools tutorial with code — struggling with this",local
book a flight from bangor to las vegas on may 1st and returning july 4th,online
how do you say i'm hungry in french,local
Walk through the pythagorean theorem with numbers,local
thanks for the help,local
difference between load balancing and normalization forms,local
where do you trace your roots,local
can you speak faster please,local
partial derivatives explained with an example problem in simple terms,local
i don't know how to spell anethesia,local
tell me your guess of what my name is,local
operator overloading in c++ tutorial with code briefly,local
"genuinely curious, the unification of germany — what actually happened",local
vector cross product explained with an example problem,local
"hey, the partition of india — what actually happened — struggling with this",local
what level is my gas at,online
"For class tomorrow, difference between dynamic programming and regular expressions pls",local
"For class tomorrow, backtracking algorithms cheat sheet with an example",local
what is your birthday again,local
what is the meaning of my life,local
what's dollars yen in 10,online
ok logarithm rules — proof and intuition in simple terms,local
background on ancient egyptian pyramid construction for my essay before my exam,local
let's whisper,local
so is the subway line flooded from the downpour right now tonight,online
partial derivatives explained with an example problem,local
difference between mutex vs semaphore and monolith vs microservices,local
Correlation vs causation — proof and intuition,local
quick one - ripple xrp market cap right now for real,online
ok so how is ripple xrp trending today this evening,online
do i need to bring a visa when i go to canada next month,online
"For class tomorrow, limits and continuity for my calculus homework before my exam",local
Traffic status on the main train route this morning for real,online
the mughal empire timeline summary for history class,local
who won the wimbledon final last night,online
"Need this for an interview, why is version control branching used instead of CAP theorem for revision",local
what are reviews for ihop like,online
get me an uber,online
who's leading in the champions league final currently pls,online
"need this for an interview, set theory basics explained with an example problem?",local
can you remind me how to spell because,local
"i want to rent the cheapest car for charlottesville, virginia for march 7th through 10th, that's monday, tuesday, wednesday and thursday",online
Why did the fall of the roman empire happen?,local
i want volume at 4,local
what kind of questions are you good at answering,local
"what birthday are you celebrating this year, ai",local
would you flip a coin,local
i want you to let me know what names you have for me,local
did usd to inr go up or down this morning currently,online
what's the latest info on flight dl123,online
"hey, is the main train route closed due to the accident before my meeting",online
ok so is the premier league match still playing right now at the moment,online
the la liga clasico result just now,online
Important dates related to the printing press invention impact,local
explain the american civil war causes in a short paragraph,local
quick refresher on TCP vs UDP before my exam,local
current valuation on eur to usd just curious,online
can you recommend an indian restaurant,online
quick q - the cold war origins — what actually happened,local
the wildfire in the hills status update please today,online
"for class tomorrow, explain the ottoman empire decline in a short paragraph before my exam",local
make a reservation to stay in cali from november 11 to 15,online
what are some things to do in portland,online
would you let me know who programmed you,local
is the trade deal talks affecting traffic right now,online
Current congestion level on the expressway in the last hour,online
has anyone looked at my mastercard application,online
let me know when you were born,local
"hey, how does event loop in node actually work under the hood",local
So how to solve problems using matrix multiplication rules thanks,local
are you a human being or a robot,local
Ngl is the interstate flooded from the downpour right now for the group chat,online
"I keep forgetting merge sort, break it down for me",local
"my luggage is lost, i was on american airlines ab123 out of los angeles",online
so is the metro line flooded from the downpour right now just curious,online
"Fyi need to know, breaking news on the central bank's rate decision at the moment",online
is the t20 world cup game still playing right now before my meeting,online
"for class tomorrow, correlation vs causation explained with an example problem — struggling with this",local
real time quote for nifty 50 just curious,online
Ok so live score for the nba game currently,online
"need this for an interview, partial derivatives for my calculus homework briefly",local
so permutations and combinations — proof and intuition thanks,local
what line is the gas tank at,online
How does event loop in node actually work under the hood,local
"Fyi need to know, bitcoin market cap right now for real",online
what's the proper way of spelling seance,local
important dates related to the printing press invention impact briefly,local
"for my homework, permutations and combinations for my calculus homework before my exam",local
Quick one - is the toll plaza flooded from the downpour right now at the moment,online
how many years ago was al born,local
explain the partition of india in a short paragraph,local
whats the forecast for the weather,online
does the mediterranean grille have good reviews,online
what amount of gas do i have in my car,online
"real talk, who's leading in the f1 race currently asap",online
ok explain microservices architecture with a simple example in simple terms,local
quick q - timeline of the unification of germany with an example,local
ok practice problem using linear regression math with an example,local
i wanna swap salt for baking soda,local
what is the prep time for a 10 lb turkey,local
does france have any current travel alerts,online
"for my homework, TCP vs UDP tutorial with code for revision",local
can i get you to talk at a slightly faster rate,local
help me with math,local
"genuinely curious, how to solve problems using hypothesis testing",local
linear regression math explained with an example problem?,local
i want to hear a male british accent,local
probability distributions formula and when to use it,local
quick one - real time quote for solana for real,online
how many teaspoons in a cup,local
are there any positive reviews for wendy's,online
"For class tomorrow, explain joins in sql with a simple example for revision",local
real world use case for subqueries in sql pls,local
"need this for an interview, explain the american civil war causes in a short paragraph thanks",local
i want to roll some dice,local
so does outback steakhouse have good reviews,online
how to solve problems using hypothesis testing for my notes,local
"just checking, any delays on the expressway today pls",online
quick q - laplace transform formula and when to use it thanks,local
compare backtracking algorithms and compiler vs interpreter in one paragraph,local
"just checking, final score of the ashes series for real",online
on what day and date of what year were you born,local
the india vs australia test highlights from tonight pls,online
"Need this for an interview, explain the boston tea party in a short paragraph for my notes",local
urgent - sensex rate as of this minute no cap,online
"real talk, is the harbor bridge flooded from the downpour right now asap",online
ok why did the causes of world war 1 happen in simple terms,local
nasdaq market cap right now,online
so the pythagorean theorem explained with an example problem — struggling with this,local
urgent - real time quote for bitcoin,online
quick one - nifty 50 rate as of this minute this evening,online
Walk me through SOLID principles step by step,local
"Hey, how is silver rate trending today?",online
"Fyi need to know, is the ashes series still playing right now",online
is sensex pumping or dumping today,online
"for class tomorrow, main causes and effects of the age of exploration key figures for revision",local
Urgent - the f1 race result just now?,online
do you know if you are a robot,local
"hey, should i carry an umbrella in delhi today while i'm stuck in traffic",online
roll a die with 6 sides,local
can you change your accent to the male british one,local
ok the great depression causes — what actually happened with an example,local
please add 456 and 781 for me,local
are there any fun tourist activities in australia,online
call me stevie,local
it is time to say goodbye,local
"just checking, how bad is the central bank's rate decision right now this morning",online
how busy is imanas tei at 7 dinner,online
walk through convex optimization basics with numbers — struggling with this,local
explain monads in haskell with a simple example pls,local
real time quote for usd to inr,online
are you a live person or a computer,local
"real talk, is the expressway open or blocked at the moment in the last hour",online
explain the russian revolution 1917 in a short paragraph,local
any delays on the flyover near the city center today pls,online
where were you manufactured,local
breaking news on the parliament session today?,online
current air quality index in kolkata,online
"where is the closest dog groomer in charlotte, north carolina",online
Eur to usd today's high and low,online
do a virtual coin flip and tell me if i win as tails,local
"Hey, current congestion level on the flyover near the city center pls",online
Urgent - current congestion level on the airport terminal,online
give me my location on the map,online
Is the highway open or blocked at the moment,online
Quick refresher on multiple inheritance in python before my exam,local
"hey, derivative of a function formula and when to use it briefly",local
can you please talk faster,local
real time quote for reliance shares no cap,online
how is nasdaq trending today this morning,online
when will they let me board,online
How to solve problems using linear regression math,local
i gotta know what the traffic is like on the way to phoenix,online
"Need this for an interview, the pythagorean theorem formula and when to use it for revision",local
who won the t20 world cup game last night in the last hour,online
who won the asia cup final last night this morning,online
can you tell me where flight dl123 is,online
can you switch to whisper mode,local
"Real talk, current valuation on nasdaq for the group chat",online
check on my credit card application,online
"For my homework, central limit theorem for my calculus homework",local
ok why is denormalization used instead of lambda expressions for revision,local
"ai, coin flip",local
ok so is reliance shares pumping or dumping today asap,online
silver rate today's high and low,online
Law of cosines for my calculus homework,local
Current congestion level on the flyover near the city center as of now,online
walk through limits and continuity with numbers,local
the french revolution timeline — what actually happened briefly,local
tell me something funny about cats,local
what does zesty mean,local
ok so real time quote for nvidia stock before i head out,online
So current valuation on sensex currently,online
The causes of world war 1 summary for history class,local
"fyi need to know, how is tesla stock trending today",online
the great depression causes summary for history class — struggling with this,local
quick q - logarithm rules formula and when to use it before my exam,local
the highway conditions right now because of the storm,online
background on the partition of india for my essay,local
ok so quick check on ethereum before i trade in the last hour,online
if you had to say who you worked for who would it be,local
Compare CAP theorem and microservices architecture in one paragraph,local
Why did the unification of germany happen,local
assist me to know how to get to target by bus,online
"genuinely curious, main causes and effects of the treaty of versailles terms",local
can you rise the volume of this please,local
the subway line conditions right now because of the storm — need it fast,online
the trade deal talks developments as of today,online
what should i put on the timer to cook this dish,local
traffic status on the ring road this morning at the moment,online
"Hey, explain docker containers with a simple example pls",local
how much is twenty pounds sterling in us dollars,online
how is nasdaq trending today,online
can you tell me the subjects you know best,local
So important dates related to the boston tea party in simple terms,local
what country were you born in,local
"genuinely curious, static vs dynamic typing example in python please",local
why did the boston tea party happen,local
Eur to usd price right now,online
cardano price right now this morning,online
The covid case numbers status update please,online
tell me five dollars in yen and rubles,online
is the f1 race still playing right now,online
give me some awesome travel destinations,online
Derive laplace transform step by step — struggling with this,local
please turn on whisper mode because i am about to be in class,local
Ngl did dow jones go up or down this morning — need it fast,online
my luggage is lost i was on delta flight ab123 from detroit,online
i need to know how long to do a pot roast in a slow cooker,local
yes sir,local
"genuinely curious, the cold war origins — what actually happened before my exam",local
"Need this for an interview, main causes and effects of the printing press invention impact",local
"fyi need to know, nasdaq price action this week so far?",online
the nba game result just now this evening,online
ok so how bad is the supreme court verdict right now this evening,online
"hey, breaking news on the wildfire in the hills for real",online
ok so the nba game result just now,online
urgent - breaking news on the power outage in the city for the group chat,online
"hey, current valuation on nifty 50 before i head out",online
is the airline strike affecting traffic right now,online
how long have you been here,local
main causes and effects of the theory of evolution basics,local
tell me the amount of gas i have,online
would you like to introduce yourself,local
can you whisper until i tell you not to,local
can you spell out the word special for me,local
Main causes and effects of the decolonization of africa,local
Crude oil price market cap right now,online
"Just checking, infosys shares market cap right now",online
walk through partial derivatives with numbers,local
search for travel alerts for kenya,online
so walk me through event loop in node step by step before my exam,local
what would be the conversion between tablespoons and teaspoons,local
i need you to flip a coin once,local
Sliding window technique interview question breakdown,local
summarize ci cd pipeline basics in a few bullet points,local
tell me the definition of the word redemption,local
Is the interstate closed due to the accident,online
"just checking, tesla stock market cap right now in the last hour",online
"""can u set a timer for 5 minutes",local
please help with my math,local
quick q - logarithm rules explained with an example problem pls,local
real time quote for silver rate,online
please change the language that you are responding in,local
Ok explain the unification of germany in a short paragraph before my exam,local
call me dad,local
i'd like to know your hobbies,local
Will it rain in tokyo in the next few hours,online
so are you human,local
"hey, explain the ottoman empire decline in a short paragraph briefly",local
"fyi need to know, is infosys shares pumping or dumping today currently",online
ok the causes of world war 1 — what actually happened thanks,local
laplace transform formula and when to use it,local
"monolith vs microservices, explain like i'm a beginner coder",local
"fyi need to know, traffic status on the flyover near the city center this morning today",online
how to solve problems using standard deviation formula,local
is there a reason people exist,local
did the flood situation downtown get resolved yet before i head out,online
current valuation on eur to usd,online
ok practice problem using linear regression math briefly,local
urgent - real time quote for gold rate just curious,online
"just checking, the ipl match highlights from tonight today",online
"just checking, is the airport terminal flooded from the downpour right now in the last hour",online
i need to set a timer,local
"Genuinely curious, law of cosines — proof and intuition — struggling with this",local
Explain when the berlin wall fell in a short paragraph,local
"for my homework, main causes and effects of the treaty of versailles terms",local
urgent - live score for the world cup qualifier?,online
is the metro line flooded from the downpour right now,online
how long must i cook spaghetti for,local
so give me a quick rundown of the great depression causes before my exam,local
Ok the partition of india — what actually happened for revision,local
only call me dan,local
"Just checking, the election results — anything new in the last hour rn",online
quick one - is the airport terminal closed due to the accident while i'm stuck in traffic,online
"genuinely curious, compare hash map and dependency injection in one paragraph thanks",local
how long does a roast take,local
CAP theorem for dummies,local
ok so is the metro line closed due to the accident just curious,online
would you care to let me know where you were made,local
what goes into chicken noodle casserole,local
"Genuinely curious, big O notation vs singleton pattern which is better and when for revision",local
Ok compare CAP theorem and microservices architecture in one paragraph,local
are you able to help with booking a car rental in seattle,online
walk me through virtual memory step by step,local
"hey, the champions league final highlights from tonight currently",online
change out of whisper mode,local
i want your accent changed to the male british one,local
fourier transform for my calculus homework,local
so key figures involved in the mughal empire timeline thanks,local
When should i pick virtual memory over merge sort,local
"for class tomorrow, derive probability distributions step by step before my exam",local
assist me in getting a car rental,online
quick one - nifty 50 market cap right now no cap,online
"for my homework, markov chains for my calculus homework thanks",local
set a one hour timer,local
can i safely travel to brazil,online
i want you to talk more quickly,local
The heatwave alert — anything new in the last hour pls,online
"need this for an interview, main causes and effects of the silk road trade routes in simple terms",local
let me swap salt for baking soda,local
"fyi need to know, is the flyover near the city center closed due to the accident this evening",online
i want to be called by mary,local
how can i benefit from using you,local
"yes, that's what i want",local
urgent - apple stock price action this week so far before i head out,online
"Hey, current air quality index in tokyo — need it fast",online
"need this for an interview, main causes and effects of the age of exploration key figures for revision",local
so is the interstate closed due to the accident today,online
quick q - main causes and effects of the mughal empire timeline thanks,local
i'll require a rental car from 3/6 - 3/19 in san jose,online
Quick q - why did ancient egyptian pyramid construction happen pls,local
quick refresher on event loop in node before my exam,local
"ok i keep forgetting REST vs GraphQL, break it down for me briefly",local
who or what association do you work for,local
ok so quick check on sensex before i trade,online
score right now for the ongoing cricket match,online
when's my flight getting here,online
breaking news on the cabinet reshuffle,online
is there another company you work for,local
the covid case numbers status update please for the group chat,online
i need you to set a time,local
Background on the decolonization of africa for my essay,local
what is good riddance mean,local
"real talk, is the interstate closed due to the accident before my meeting",online
"Real talk, the cyclone warning status update please just curious",online
in what status is my credit card application,online
So observer pattern interview question breakdown in simple terms,local
could you share a joke,local
who are you working for,local
can i change what you call me,local
"Genuinely curious, why did the partition of india happen in simple terms",local
please convert 2 inches into meters for me,local
Derive linear regression math step by step,local
apple stock live chart movement,online
Apple stock price right now,online
"just checking, is the toll plaza closed due to the accident pls",online
it was nice chatting with you,local
is there a travel alert in argentina,online
quick one - live score for the asia cup final today,online
can i substitute lemon juice for lime juice,local
i must say no,local
so why is microservices architecture used instead of regular expressions?,local
How humid is it in sydney right now,online
"what do you do when you're not working, for fun",local
"yes, that is it",local
"I keep forgetting generics in java, break it down for me",local
ngl traffic status on the airport terminal this morning this morning,online
im at lax and my bags aren't,online
"just checking, the highway conditions right now because of the storm — need it fast",online
switch over to the male voice mode,local
let's switch to whisper voice,local
fairwell,local
what's the reviews have to say about burger king,online
i would say that the statement is definitely false,local
is the ring road open or blocked at the moment,online
why did the wright brothers first flight happen,local
i want to know how old you are,local
so is the flight delayed out of san francisco due to fog tonight,online
Ok so the cyclone warning developments as of today for real,online
ngl the india vs australia test result just now before i head out,online
explain the wright brothers first flight in a short paragraph in simple terms,local
background on the treaty of versailles terms for my essay,local
"Need this for an interview, timeline of the decolonization of africa briefly",local
"hey, explain the periodic table history in a short paragraph",local
Who's leading in the asia cup final currently,online
"for my homework, topological sort — key points to remember",local
"for my homework, practice problem using hypothesis testing — struggling with this",local
How humid is it in seoul right now before i head out,online
ngl traffic status on the expressway this morning tonight,online
do i need to apply for a travel visa if i am going to bermuda,online
so derive derivative of a function step by step in simple terms,local
are you a real person or a bot,local
"Genuinely curious, important dates related to the boston tea party",local
the pythagorean theorem explained with an example problem,local
ngl any delays on the highway today while i'm stuck in traffic,online
reset device to original settings,local
how would you implement TCP vs UDP from scratch,local
"need this for an interview, how to solve problems using central limit theorem pls",local
quick q - observer pattern for dummies,local
what is the weather report for seattle,online
set theory basics — proof and intuition pls,local
"for my homework, practice problem using law of cosines for my notes",local
"hey, the ipl match result just now for real",online
"so i don't get normalization in databases, someone explain — struggling with this",local
what can i do in new orleans for fun,online
when is the next rain chance,online
i am needing to know your name,local
notify my bank i'll be in rome from the 1st to the 17th,online
salutations!,local
ok so how is eur to usd trending today currently,online
will you roll a 2 sided dice,local
whats the status of my delta flight,online
who is winning the election count as of now,online
"fyi need to know, current congestion level on the airport terminal just curious",online
"need this for an interview, practice problem using vector cross product with an example",local
do you have any hobbies,local
do you know if bahama breeze does reservations,online
current congestion level on the interstate this morning,online
i want to hear the female voice option,local
get me a hotel room for 4 people from march 1st to 3rd in seattle,online
Who won the euro cup semifinal last night,online
who formulated you,local
thanks for the info,local
you got to go back to factory settings now,local
urgent - the premier league match highlights from tonight,online
foreign key constraints cheat sheet,local
what do you think the meaning of life is,local
can you see if you can track where my luggage is,online
so why did the decolonization of africa happen pls,local
"Need this for an interview, walk me through recursion step by step for revision",local
"id like a car rental between january 1st to the 3rd in denver, id like a ford",online
quick one - how humid is it in new york right now no cap,online
how does 10 pounds convert to euros,online
"real talk, is the interstate open or blocked at the moment this evening",online
do you enjoy any hobbies,local
what is the exact date of your birth,local
Main causes and effects of the ottoman empire decline,local
explain ancient egyptian pyramid construction in a short paragraph,local
where are we located,online
current valuation on sensex this morning,online
urgent - the world cup qualifier result just now pls,online
ok so real time quote for bitcoin rn,online
what is the wait time at applebee's,online
"genuinely curious, convex optimization basics explained with an example problem briefly",local
Explain the printing press invention impact in a short paragraph,local
gold rate price right now rn,online
what are some suggestions for places to travel,online
my name is jim,local
do you know what you call me,local
So practice problem using law of cosines thanks,local
Breaking news on the storm system offshore,online
i would love to hear a joke about the dmv,local
ngl is the metro line closed due to the accident right now,online
main causes and effects of the treaty of versailles terms pls,local
positive,local
"real talk, real time quote for ripple xrp",online
i need to find out do you know if zeus does reservations,online
closures in javascript example in python please for revision,local
"hey, is the harbor bridge open or blocked at the moment rn",online
to which company is your design accredited to,local
"real talk, current valuation on nifty 50 before my meeting",online
can you roll a 6 sided dice,local
the nba game result just now,online
"hey, is it safe to drive in chennai with this storm before i head out",online
"For my homework, observer pattern cheat sheet in simple terms",local
let's change what you respond to,local
what's going on with the border tensions at the moment,online
i want you to flip a fair sided coin,local
what is the age of the ai,local
"so just heard about the power outage in the city, what's the latest for the group chat",online
Quick q - notes on hash map for my assignment for my notes,local
"Just checking, latest on the supreme court verdict in real time?",online
caching strategies — key points to remember,local
tell me a joke,local
change your name to ginger,local
gold rate price action this week so far,online
"fyi need to know, live score for the euro cup semifinal asap",online
difference between two pointer technique and virtual functions in c++,local
how humid is it in kolkata right now,online
publish subscribe pattern tutorial with code with an example,local
Main causes and effects of the signing of the magna carta,local
ok so any updates on the tech layoffs news happening today this evening,online
quick q - important dates related to the discovery of penicillin?,local
i am going to russia and am wondering if i need a visa,online
quick q - solid overview of polymorphism for revision,local
"For my homework, the decolonization of africa — what actually happened thanks",local
"i did not catch that, repeat what you just said",local
"good answer, thanks for providing it",local
any updates on the border tensions happening today currently,online
quick q - load balancing example in python please for revision,local
you can call me alan,local
"hey, is the flight delayed out of london due to fog",online
how to solve problems using set theory basics,local
urgent - who's leading in the la liga clasico currently this evening,online
turn up your volume,local
Quick q - textbook definition of monolith vs microservices briefly,local
ok logarithm rules explained with an example problem in simple terms,local
tell me where to go since i want to eat out tonight,online
"genuinely curious, why is race conditions used instead of compiler vs interpreter in simple terms",local
i'm going to start calling you alice,local
"real talk, should i carry an umbrella in hyderabad today — need it fast",online
do i need to read any travel alerts for kenya,online
difference between sliding window technique and closures in javascript,local
go back to whisper mode,local
message queues cheat sheet before my exam,local
notes on dynamic programming for my assignment,local
is the airport terminal flooded from the downpour right now,online
chain rule in calculus for my calculus homework,local
Current valuation on bitcoin today,online
did discover get my card application yet,online
"Genuinely curious, the decolonization of africa — what actually happened thanks",local
REST vs GraphQL for dummies for revision,local
Quick one - is the flight delayed out of san francisco due to fog,online
"for class tomorrow, give me a quick rundown of the french revolution timeline?",local
ok so is the flight delayed out of chennai due to fog for real,online
quadratic formula formula and when to use it briefly,local
key figures involved in ancient egyptian pyramid construction,local
ok so the nba game score update please before i head out,online
"hey, how is infosys shares trending today before i head out",online
can my car get to dallas with the gas currently in my tank,online
what's going on with the heatwave alert at the moment,online
"genuinely curious, set theory basics formula and when to use it with an example",local
can substitute cumin for tumeric,local
wake me in an hour,local
urgent - live score for the world cup qualifier no cap,online
urgent - crude oil price live chart movement while i'm stuck in traffic,online
my luggage has not arrived and i would like assistance locating it,online
how long should i cook the ham for,local
do you happen to be employed by me,local
will it rain in dubai in the next few hours,online
current valuation on dow jones,online
what's the traffic like to city hall,online
when should i pick git rebase vs merge over normalization forms,local
change to normal vocals mode,local
what sort of things do people do in new york,online
The t20 world cup game score update please today,online
"real talk, the champions league final result just now",online
"abstract class vs interface, explain like i'm a beginner coder",local
i need help with some fun tourist things to do in tokyo,online
so traffic status on the expressway this morning while i'm stuck in traffic,online
ok so the storm system offshore — anything new in the last hour this evening,online
reliance shares rate as of this minute,online
what kind of activities do you enjoy,local
Why did the discovery of penicillin happen?,local
"real talk, is the wimbledon final still playing right now right now",online
explain to me the trivia on twilight,local
ngl who won the ufc fight card last night currently,online
are you an ai or person,local
"genuinely curious, why is memoization used instead of dynamic programming",local
ok main causes and effects of the russian revolution 1917 for revision,local
trie data structure — key points to remember,local
"for class tomorrow, give me a quick rundown of the decolonization of africa",local
so who won the wimbledon final last night?,online
"Just checking, who won the premier league match last night pls",online
Quick one - current valuation on gold rate this evening,online
"Real talk, who's leading in the ipl match currently?",online
chain rule in calculus formula and when to use it,local
eigenvalues and eigenvectors for my calculus homework,local
the ceasefire negotiations developments as of today while i'm stuck in traffic,online
pros and cons of pointers vs references thanks,local
linked list cheat sheet with an example,local
Hypothesis testing explained with an example problem,local
urgent - is the metro line open or blocked at the moment in the last hour,online
Is it safe to drive in san francisco with this storm,online
Did infosys shares go up or down this morning,online
what ingredients are in sushi,local
traffic status on the main train route this morning?,online
set to female voice,local
goodbye for now ai,local
Backtracking algorithms example in python please,local
Did the storm system offshore get resolved yet,online
infosys shares price action this week so far while i'm stuck in traffic,online
what is the square root of 1 million,local
i want you to speak to me faster,local
"for my homework, markov chains formula and when to use it for my notes",local
give me a quick rundown of the russian revolution 1917 for revision,local
increase your vocals,local
at yakamoto how is their sushi,online
what alerts are listed for traveling to paris,online
"i want to go to korea, do i need an international visa",online
you're the best!,local
do you know any good jokes about lawyers,local
So should i carry an umbrella in sydney today asap,online
dogecoin today's high and low currently,online
Ok walk me through merge sort step by step in simple terms,local
is the cyclone warning affecting traffic right now,online
how can i spell avocado,local
"need this for an interview, derive eigenvalues and eigenvectors step by step for my notes",local
"genuinely curious, give me a quick rundown of the treaty of versailles terms",local
quick one - did the cabinet reshuffle get resolved yet — need it fast,online
the ufc fight card score update please for the group chat,online
Explain the decolonization of africa in a short paragraph,local
do you know how busy outback steakhouse tends to be at 7:00 pm,online
"just checking, traffic status on the subway line this morning tonight",online
Practice problem using law of cosines,local
should i carry an umbrella in seoul today rn,online
The earthquake near the coast status update please,online
"for class tomorrow, walk through partial derivatives with numbers",local
"for class tomorrow, walk through markov chains with numbers for revision",local
"For my homework, main causes and effects of ancient egyptian pyramid construction thanks",local
Normalization forms example in python please,local
Urgent - ethereum market cap right now while i'm stuck in traffic,online
what is the weather forecast for seattle,online
please allow me to swap salt for baking soda,local
go to the whisper voice,local
so pros and cons of event loop in node thanks,local
please suggest some fun tourist activities in tokyo,online
current valuation on nvidia stock,online
i have to say goodbye,local
6 sided dice roll,local
so multithreading in java — key points to remember for my notes,local
the ufc fight card highlights from tonight at the moment,online
so pros and cons of operator overloading in c++ thanks,local
quick q - event loop in node example in python please?,local
real time quote for dogecoin,online
how is ripple xrp trending today this evening,online
Is infosys shares pumping or dumping today,online
so timeline of the age of exploration key figures,local
any idea where flight dl123 is right now,online
traffic status on the ring road this morning — need it fast,online
How would you implement binary search tree from scratch,local
greetings to you,local
tell me about yourself,local
i need a room in indianapolis near the track from may 2nd through the 5th,online
the euro cup semifinal result just now,online
help me secure a car rental out of reagan international airport from march 22-30,online
absolutely correct,local
"just checking, ripple xrp rate as of this minute no cap",online
Key figures involved in the great depression causes,local
i'd like to turn up the volume,local
"i missed that, say it again",local
what's the fuel level,online
"no, that information is wrong",local
can you tell me how old the ai is,local
Is the subway line flooded from the downpour right now right now,online
am i in need of an international visa to go to france,online
"just checking, is it safe to drive in sydney with this storm pls",online
urgent - the india vs australia test result just now this evening,online
"how do i find my location, please",online
how many dollars can i exchange for 200 pounds,online
ahoy hoy,local
so current valuation on nasdaq currently,online
"book a flight from pensacola, fl to houston, tx on 17 february 2019 and returning on 7 march 2019",online
quick q - merge sort vs hash map which is better and when for revision,local
give me some restaurant suggestions,online
when should i pick REST vs GraphQL over race conditions briefly,local
i didn't hear what you said,local
please tell the bank i will be traveling internationally,online
what name do you use when addressing me,local
"Real talk, did nasdaq go up or down this morning currently",online
will it be okay if i use water instead of milk,local
will i have to wait to get a table at ihop,online
i'm going to jamaica next week; am i needing a visa,online
i can't hear you,local
trie data structure interview question breakdown for my notes,local
thanks for letting me know,local
The f1 race highlights from tonight at the moment,online
compare dynamic programming and two pointer technique in one paragraph,local
can you go by a different name,local
explain the theory of evolution basics in a short paragraph,local
ripple xrp live chart movement — need it fast,online
how many years have you been operating,local
"Just checking, did sensex go up or down this morning this evening",online
"for class tomorrow, pros and cons of caching strategies",local
what sort of stuff do you know,local
Why is backtracking algorithms used instead of normalization in databases,local
tesla stock live chart movement for the group chat,online
how bad is the parliament session today right now,online
version control branching interview question breakdown,local
where should i travel if i want to visit some history museums,online
"hey, any updates on the covid case numbers happening today at the moment",online
"need this for an interview, practice problem using central limit theorem",local
dijkstra's algorithm interview question breakdown,local
"just checking, the ipl match result just now just curious",online
what's the nearest ups store to walmart,online
who won the ipl match last night?,online
"fyi need to know, bitcoin live chart movement",online
is gold rate pumping or dumping today tonight,online
ngl the nba game score update please just curious,online
thank you so very much,local
i go by stefan,local
is there a way to tell if you are real or an ai,local
so current air quality index in los angeles while i'm stuck in traffic,online
has there been any notice that my card app has been looked at,online
did tcs stock go up or down this morning as of now,online
did dogecoin go up or down this morning,online
what name do you want me to call you,local
Who won the champions league final last night as of now,online
ok so sensex live chart movement this morning,online
Give me a quick rundown of the great depression causes,local
when should i pick asynchronous programming over topological sort,local
i gotta know your hobbies,local
"genuinely curious, explain the ottoman empire decline in a short paragraph thanks",local
Live score for the world cup qualifier,online
contact avis and see if they have cars available,online
why thank you,local
live score for the f1 race pls,online
current congestion level on the interstate,online
"hey, who won the ashes series last night for real",online
the asia cup final score update please right now,online
"I don't get normalization forms, someone explain",local
"for class tomorrow, practice problem using matrix multiplication rules for my notes",local
i need to tell bank that i am taking a trip to asia,online
quick one - quick check on eur to usd before i trade right now,online
who developed your actions,local
"just checking, the wimbledon final score update please asap",online
do you have a preference regarding what i should call you,local
you should talk faster,local
quick q - explain the age of exploration key figures in a short paragraph pls,local
"could you speak a little faster, please",local
"i want to eat out, where should i go",online
when should the flight land,online
so give me a quick rundown of the russian revolution 1917 — struggling with this,local
Why did the industrial revolution key inventions happen,local
did the vaccine rollout progress get resolved yet this evening,online
what is 63 percent of 145,local
Timeline of the fall of the roman empire,local
quick one - is the highway open or blocked at the moment for the group chat,online
who won the nba game last night this evening,online
"fyi need to know, is the subway line open or blocked at the moment",online
"yes, that's confirmed",local
how humid is it in hyderabad right now,online
what's an interesting fact about flamingos,local
"genuinely curious, timeline of the industrial revolution key inventions — struggling with this",local
Explain the industrial revolution key inventions in a short paragraph,local
ok walk me through joins in sql step by step in simple terms,local
"my luggage is missing, i think",online
what do you put in chili,local
"real talk, is the interstate open or blocked at the moment for real",online
any delays on the airport terminal today,online
who won the india vs australia test last night — need it fast,online
Did dogecoin go up or down this morning,online
what is the meaning of telepathy,local
tell me what name to use to refer to you,local
what is hello in french,local
Main causes and effects of the discovery of penicillin pls,local
ok important dates related to the fall of the roman empire before my exam,local
current congestion level on the metro line today,online
"genuinely curious, multiple inheritance in python vs map reduce filter functions which is better and when before my exam",local
"Hey, convex optimization basics formula and when to use it thanks",local
Explain backtracking algorithms with a simple example,local
Key figures involved in the russian revolution 1917 before my exam,local
call me carrie,local
"fyi need to know, breaking news on the central bank's rate decision before my meeting",online
ok explain the treaty of versailles terms in a short paragraph pls,local
quick check on apple stock before i trade just curious,online
"I keep forgetting generics in java, break it down for me briefly",local
help me get an uber,online
quick one - current congestion level on the toll plaza right now,online
what is the square root of 104,local
does buffalo wild wings have good reviews,online
practice problem using matrix multiplication rules briefly,local
pros and cons of deadlocks,local
"for my homework, topological sort for dummies in simple terms",local
Standard deviation formula explained with an example problem,local
urgent - the central bank's rate decision developments as of today asap,online
Ngl any delays on the ring road today no cap,online
Any updates on the central bank's rate decision happening today,online
Explain big O notation with a simple example,local
quick one - final score of the wimbledon final before my meeting,online
Derive hypothesis testing step by step briefly,local
revert back to your factory settings,local
nvidia stock rate as of this minute rn,online
ok so the earthquake near the coast status update please tonight,online
i need you to please repeat that,local
quick q - main causes and effects of when the berlin wall fell for my notes,local
are you a bot right now,local
"i missed what you said, please say it again",local
"book an uber with the destination set to david's house, please",online
i'd like you to use the whisper voice,local
am i your supervisor,local
start counting down from two minutes,local
urgent - is it safe to drive in toronto with this storm before i head out,online
so docker containers — key points to remember thanks,local
important dates related to the printing press invention impact?,local
can you convert millimeters to centimeters,local
i'm traveling to denmark soon and want to inform my bank,online
i was on delta flight ab123 out of new york and haven't been able to locate my luggage,online
is the t20 world cup game still playing right now,online
does sidetracks take reservations,online
"need this for an interview, i don't get REST vs GraphQL, someone explain with an example",local
i need to know the conversion for dollars to pesos,online
quick one - is the wimbledon final still playing right now at the moment,online
where are your origins located,local
"hey, is the expressway open or blocked at the moment right now",online
do you know what the meaning of life is,local
explain the age of exploration key figures in a short paragraph before my exam,local
do you mind if call you nikolai,local
urgent - is the main train route closed due to the accident currently,online
"fyi need to know, is it safe to drive in chicago with this storm — need it fast",online
the bank needs to know that i am traveling soon,online
is it safe to drive in seoul with this storm for the group chat,online
how much time does it take to boil an egg,local
current congestion level on the subway line,online
"hey, solid overview of recursion for revision?",local
"Hey, latest on the trade deal talks in real time while i'm stuck in traffic",online
summarize eventual consistency in a few bullet points,local
"are there any travel alerts i should know about for buenos aires, argentina",online
show me the ingredients that i need for ceviche,local
Who won the nba game last night — need it fast,online
i need you to roll dice now,local
live score for the champions league final in the last hour,online
give me a joke about horses,local
"hey, recursion for dummies with an example",local
can you turn the volume to 4,local
convex optimization basics — proof and intuition,local
Ok why did ancient egyptian pyramid construction happen with an example,local
where in the world is there a travel alert,online
"yes, i'd really like that alot",local
whats up with you,local
i want to learn an interesting fact about cats,local
please switch to whisper,local
do you know french,local
did eur to usd go up or down this morning in the last hour,online
Textbook definition of denormalization,local
why did the discovery of penicillin happen,local
Background on the fall of the roman empire for my essay,local
"just checking, who's leading in the grand slam tennis match currently",online
it was really nice to be able to chat with you,local
is the flyover near the city center flooded from the downpour right now,online
Sensex price action this week so far,online
what company wrote your code,local
where can i get gas to get to sioux falls,online
ngl gold rate price action this week so far?,online
please give me your responses only in french from now on,local
"need this for an interview, solid overview of git rebase vs merge for revision",local
Main causes and effects of the discovery of penicillin,local
what's my name in your system,local
the ufc fight card score update please this morning,online
important dates related to ancient egyptian pyramid construction,local
"for my homework, how to solve problems using convex optimization basics with an example",local
is there a way to change the voice to male,local
if i cook the pizza at 400 degrees how long must it be in for,local
argentina travel alert yes or no,online
sensex live chart movement this morning,online
"real talk, is the la liga clasico still playing right now — need it fast",online
how to solve problems using matrix multiplication rules,local
"just checking, is the subway line closed due to the accident currently",online
So any delays on the harbor bridge today currently,online
so key figures involved in the great depression causes — struggling with this,local
did eur to usd go up or down this morning while i'm stuck in traffic,online
"For my homework, walk through convex optimization basics with numbers — struggling with this",local
is there a wait time to get into tgifridays,online
current air quality index in seoul,online
i must know the point of life,local
good job with assisting me,local
it was enjoyable talking with you,local
key figures involved in the discovery of penicillin,local
Practice problem using permutations and combinations,local
why is test driven development used instead of abstract class vs interface,local
"For my homework, when should i pick joins in sql over caching strategies",local
ok so who's leading in the champions league final currently,online
"mock objects in testing, explain like i'm a beginner coder pls",local
practice problem using linear regression math for revision,local
"just checking, is the flight delayed out of pune due to fog for the group chat",online
quick q - why did the mughal empire timeline happen — struggling with this,local
"Hey, did dogecoin go up or down this morning this morning",online
how is crude oil price trending today,online
"i'm going to paris soon and want to let my bank know, how do i do that",online
"for my homework, practice problem using matrix multiplication rules thanks",local
is it alright with you if i call you scarlet,local
"need this for an interview, practice problem using hypothesis testing for my notes",local
are the donuts at tgi well reviewed,online
is the dollar strong against the yen today,online
yes i am,local
breaking news on the border tensions,online
"Need this for an interview, denormalization cheat sheet",local
Is the tech layoffs news affecting traffic right now,online
how old are you siri,local
"Just checking, is the protest downtown still ongoing right now",online
is tesla stock pumping or dumping today for the group chat,online
main causes and effects of the renaissance key artists,local
can i rent a car out of lax from tuesday to thursday,online
the nba game highlights from tonight,online
quick one - how bad is the cabinet reshuffle right now before my meeting,online
do i need a visa to travel to jamaica,online
main causes and effects of the theory of evolution basics with an example,local
i was on delta flight ab123 out of new york and i can't find my luggage,online
please call me frank from now on,local
timeline of the printing press invention impact,local
can you sub half and half for heavy whipping cream,local
"genuinely curious, immutability in functional programming, explain like i'm a beginner coder",local
"need this for an interview, the mughal empire timeline summary for history class before my exam",local
quick refresher on static vs dynamic typing before my exam,local
i need you to get me a rental car in nashville,online
what is six divided by 16,local
solid overview of kubernetes pods for revision,local
please increase the speed of your talking,local
whats 5 feet in inches,local
compare asynchronous programming and closures in javascript in one paragraph,local
so what do you do at free time,local
urgent - is the subway line flooded from the downpour right now today,online
"For my homework, real world use case for observer pattern",local
"sorry, that is not true",local
ok so is the flight delayed out of hyderabad due to fog?,online
can i swap sugar for salt,local
"fyi need to know, any updates on the flood situation downtown happening today before my meeting",online
"for travel to argentina, do i need to get a travel visa",online
"for class tomorrow, textbook definition of database indexing for my notes",local
live score for the world cup qualifier,online
quick one - did the supreme court verdict get resolved yet?,online
Timeline of the printing press invention impact,local
where's the nearest gas station,online
"need this for an interview, important dates related to the age of exploration key figures in simple terms",local
can i expect chili's to be busy at 4:30,online
so give me a quick rundown of the theory of evolution basics?,local
that's a yes from me,local
the answer is no,local
i need to find a nice hotel with solid reviews in seattle,online
alert my bank and let them know i'm travelling to japan,online
"buy tickets for a flight from nyc to la on march 1, returning on march 5",online
"just checking, reliance shares market cap right now today",online
"hey, laplace transform for my calculus homework",local
important dates related to the mughal empire timeline thanks,local
"for my homework, timeline of the industrial revolution key inventions pls",local
ngl live score for the ipl match pls,online
so key figures involved in the fall of the roman empire with an example,local
is usd to inr pumping or dumping today no cap,online
would you say you are working for me,local
Urgent - real time quote for ripple xrp today,online
quick check on silver rate before i trade,online
do i have a lot of gas left,online
"hey, tesla stock live chart movement before my meeting",online
who's leading in the euro cup semifinal currently today,online
choose heads or tails and tell me what you came up with,local
"genuinely curious, notes on thread pools for my assignment pls",local
give me a quick rundown of the treaty of versailles terms for my notes,local
what do people in sioux falls do for fun,online
"at 5 pm, is kaya very busy",online
whats the most recent status for my virgin air flight,online
that is wrong,local
is crude oil price pumping or dumping today while i'm stuck in traffic,online
"For my homework, walk through law of sines with numbers",local
"how do they say ""who is your father"" in german",local
Laplace transform — proof and intuition before my exam,local
tell me what the word bounty means,local
Is the border tensions affecting traffic right now for real,online
"just checking, who's leading in the champions league final currently right now",online
explain recursion with a simple example,local
ok correlation vs causation explained with an example problem — struggling with this,local
"Genuinely curious, when should i pick denormalization over monolith vs microservices",local
book a flight from denver to austin on the 16th and returning on the 20th,online
"hey, walk me through backtracking algorithms step by step in simple terms",local
"hey, quick check on cardano before i trade while i'm stuck in traffic",online
"so just heard about the earthquake near the coast, what's the latest",online
tell my bank i'll be in jamaica from the 4th to the 11th,online
quick q - how to solve problems using chain rule in calculus for revision,local
should i carry an umbrella in delhi today,online
ok give me a quick rundown of the moon landing mission details briefly,local
ok so is the interstate flooded from the downpour right now?,online
"fyi need to know, is reliance shares pumping or dumping today just curious",online
"i keep forgetting compiler vs interpreter, break it down for me",local
"genuinely curious, matrix multiplication rules explained with an example problem",local
Ok textbook definition of dynamic programming with an example,local
how would you implement joins in sql from scratch,local
"hey, timeline of the age of exploration key figures — struggling with this",local
madison to atlanta delta ticket,online
quick q - correlation vs causation explained with an example problem thanks,local
quick q - pros and cons of message queues for revision,local
please get me an update on the status of my credit card application,online
what are you able to help me with,local
500 dollars equals what in pesos,online
"need this for an interview, race conditions, explain like i'm a beginner coder",local
is my application processed for credit card,online
"just checking, is the toll plaza open or blocked at the moment this evening",online
there's a strong possibility that my luggage has gone missing,online
"just checking, the interstate conditions right now because of the storm in the last hour",online
how would i say pleased to meet you if i were japanese,local
pros and cons of operator overloading in c++,local
Ok so who won the f1 race last night as of now,online
so is nvidia stock pumping or dumping today this evening,online
so lambda expressions cheat sheet for revision,local
Walk through eigenvalues and eigenvectors with numbers,local
urgent - quick check on solana before i trade?,online
The euro cup semifinal highlights from tonight,online
what is the name you call me saved as,local
i'm going to need an uber to take 4 people to the mall,online
Ok so the subway line conditions right now because of the storm before i head out,online
"genuinely curious, walk through matrix multiplication rules with numbers thanks",local
tell my bank that i will be taveling to south korea,online
"for my homework, give me a quick rundown of the periodic table history for revision",local
how old are you exactly at the moment,local
let's use whisper voice,local
"yes, that is true",local
taylor series expansion — proof and intuition,local
do you have any jokes to tell me,local
do i need an international visa to go to mexico,online
what is 606 divided by 5,local
"for class tomorrow, explain the ottoman empire decline in a short paragraph for revision",local
"fyi need to know, tesla stock live chart movement this morning",online
quick one - real time quote for apple stock?,online
how much is 10 us dollars in canadian dollars,online
subqueries in sql example in python please,local
the moon landing mission details summary for history class,local
the s&p 500 live chart movement this evening,online
i want to know how busy ruby tuesday will be at around 8:45 pm,online
when should i pick two pointer technique over hash map,local
"real talk, the champions league final result just now before my meeting",online
"hey, partial derivatives formula and when to use it",local
has the application for my american express been processed yet,online
Latest on the cabinet reshuffle in real time,online
ok timeline of the moon landing mission details briefly,local
Pros and cons of multithreading in java,local
quick refresher on REST vs GraphQL before my exam,local
ok why is big O notation used instead of kubernetes pods,local
Timeline of the treaty of versailles terms,local
How would you implement map reduce filter functions from scratch,local
did ethereum go up or down this morning for real,online
quick check on tcs stock before i trade,online
define ataraxy,local
"need this for an interview, event loop in node tutorial with code for revision",local
Did the central bank's rate decision get resolved yet — need it fast,online
so foreign key constraints for dummies with an example,local
Important dates related to the unification of germany,local
find a new voice that is slower than your current voice,local
quick q - textbook definition of virtual functions in c++ in simple terms,local
Quick q - monolith vs microservices cheat sheet thanks,local
graph traversal cheat sheet,local
Derive derivative of a function step by step,local
so dow jones market cap right now,online
what is miami weather like,online
i would like to know the usd to aud conversion rate,online
breaking news on the ceasefire negotiations this evening,online
alert my bank and let them know that i'm travelling to brussels,online
that's definitely false,local
tcs stock today's high and low,online
derive integration by parts step by step with an example,local
"need this for an interview, taylor series expansion — proof and intuition before my exam",local
Urgent - is the grand slam tennis match still playing right now as of now,online
"for class tomorrow, walk through logarithm rules with numbers — struggling with this",local
Any delays on the main train route today,online
"hey, nifty 50 price right now for real",online
the cabinet reshuffle developments as of today,online
what is my current gas level at,online
So should i carry an umbrella in pune today currently,online
does moes in la except rerservations,online
toss a coin i will take heads,local
i need to know if capones does reservations in trenton,online
is there any meaning to being alive,local
how busy is teddy bigger burder around 5,online
urgent - the covid case numbers — anything new in the last hour this evening,online
what is 3 to the 6th power,local
quick q - law of cosines for my calculus homework?,local
what's your birthplace,local
are there any alerts for travelling to beirut,online
change my name to master,local
Live score for the nba game,online
final score of the t20 world cup game?,online
derive limits and continuity step by step,local
tell me what alternative means,local
quick one - is the la liga clasico still playing right now for real,online
So live score for the la liga clasico at the moment,online
summarize hash map in a few bullet points,local
"hey, current congestion level on the main train route",online
"Genuinely curious, compare dependency injection and SOLID principles in one paragraph with an example",local
go ahead and your volume,local
what do i need to make spaghetti,local
is flight dl123 coming in on time,online
is there a heat advisory in los angeles today,online
The storm system offshore — anything new in the last hour,online
why is unit testing vs integration testing used instead of mock objects in testing,local
who are you currently working for,local
what is it is all relative mean,local
Is the protest downtown still ongoing,online
will you speak more rapidly,local
"need this for an interview, main causes and effects of the causes of world war 1 briefly",local
"how do i find my present location right now, please",online
Derive hypothesis testing step by step,local
why did the treaty of versailles terms happen with an example,local
urgent - apple stock rate as of this minute,online
"fyi need to know, any delays on the highway today asap",online
"Genuinely curious, standard deviation formula explained with an example problem pls",local
"just checking, traffic status on the flyover near the city center this morning currently",online
"need this for an interview, the treaty of versailles terms — what actually happened",local
is there traffic on my way to work today,online
practice problem using fourier transform briefly,local
ngl final score of the euro cup semifinal just curious,online
is there a way to change your name to betty,local
quick q - pros and cons of big O notation,local
i really need to set a timer,local
so why did the great depression causes happen pls,local
"around nine, is ambrosio busy",online
So key figures involved in the periodic table history with an example,local
translate for me hello into french,local
quick q - practice problem using bayes theorem,local
where's home for you,local
what street is this,online
ok the decolonization of africa — what actually happened — struggling with this,local
current air quality index in singapore,online
so is the interstate open or blocked at the moment right now,online
Timeline of the silk road trade routes — struggling with this,local
what's going on with the flood situation downtown at the moment today,online
infosys shares rate as of this minute asap,online
"hey, who won the ufc fight card last night asap",online
did ethereum go up or down this morning before i head out,online
Mutex vs semaphore example in python please,local
how long do i have to wait for shokudo,online
usd to inr market cap right now rn,online
any new restaurants near the mall,online
Ok so current valuation on nasdaq this evening,online
where is your country of origin,local
how can i make my own doughnuts/what ingredients,local
how bad is the vaccine rollout progress right now at the moment,online
increase the volume level to 4 now,local
please tell me when my flight will land,online
Practice problem using quadratic formula,local
on flight america airlines in o'hare lost luggage,online
urgent - what's going on with the protest downtown at the moment this evening,online
Backtracking algorithms tutorial with code with an example,local
ngl how bad is the central bank's rate decision right now right now,online
"Need this for an interview, fourier transform explained with an example problem",local
"Genuinely curious, key figures involved in the russian revolution 1917 thanks",local
volume should be increased to 4,local
does germany have any travel alerts i should be aware of,online
quick q - bayes theorem explained with an example problem in simple terms,local
"fyi need to know, current congestion level on the ring road",online
So timeline of the moon landing mission details,local
is there a heat advisory in london today,online
please tell me does zeus do reservations,online
tell me how to spell anonymous,local
ok so cardano today's high and low while i'm stuck in traffic,online
how does a bloom filter work,local
subqueries in sql for dummies,local
how's the weather,online
is the metro running on schedule this evening,online
i would like you to increase the speed of your speech please,local
is there any traffic on my way to work,online
give me a quick rundown of the silk road trade routes briefly,local
Important dates related to the russian revolution 1917,local
How is solana trending today,online
i need you to flip a coin so i can decide,local
what makes life have any meaning,local
the ceasefire negotiations status update please,online
Quick one - current valuation on gold rate asap,online
"For my homework, when should i pick test driven development over dijkstra's algorithm",local
quick one - bitcoin price action this week so far at the moment,online
Give me a quick rundown of the decolonization of africa,local
"hey, explain version control branching with a simple example pls",local
"For my homework, when should i pick singleton pattern over lambda expressions",local
how long to reheat chinese food,local
"genuinely curious, textbook definition of backtracking algorithms",local
what is a fun fact about dogs,local
is the champions league final still playing right now,online
Quick one - is the subway line closed due to the accident,online
what's the weather,online
find out if i can rent a car in los angeles from march 2-9,online
tell my bank i will be in brazil from june 1st to july 1st,online
is my delta flight on time,online
what is my name saved as in your system,local
tell me the result of a dice roll with five sides,local
is love the meaning of life,local
Kubernetes pods example in python please?,local
"For my homework, linear regression math explained with an example problem before my exam",local
will it rain in san francisco in the next few hours,online
"just checking, the airport terminal conditions right now because of the storm for the group chat",online
so how to solve problems using matrix multiplication rules in simple terms,local
tell me how busy the restaurant will be between 5 and 7pm,online
Ok so any updates on the trade deal talks happening today — need it fast,online
help me pick a nice restaurant to dine at,online
"Genuinely curious, i keep forgetting heap data structure, break it down for me pls",local
Laplace transform for my calculus homework,local
Quick q - gradient descent math formula and when to use it for revision,local
TCP vs UDP for dummies,local
go back to the factory settings for this device,local
why did the cold war origins happen,local
is it safe to drive in toronto with this storm right now,online
the central bank's rate decision developments as of today,online
practice problem using set theory basics,local
"for my homework, how to solve problems using quadratic formula thanks",local
Summarize trie data structure in a few bullet points,local
"just checking, the s&p 500 today's high and low — need it fast",online
i wish to know when my flight will land,online
Taylor series expansion formula and when to use it — struggling with this,local
please tell me my location using gps,online
textbook definition of foreign key constraints?,local
"hey, live score for the ufc fight card at the moment",online
how hot will it be tomorrow,online
quick q - singleton pattern vs normalization forms which is better and when in simple terms,local
urgent - silver rate live chart movement before i head out,online
quick one - nvidia stock price right now no cap,online
i need an uber to the movies for me and 5 other people,online
"Hey, walk through taylor series expansion with numbers pls",local
i am needing to know who made you,local
"Hey, derive taylor series expansion step by step?",local
ngl is the toll plaza flooded from the downpour right now just curious,online
make your speed a bit slower,local
is it safe to drive in bangalore with this storm,online
Quick q - how would you implement virtual functions in c++ from scratch before my exam,local
"Genuinely curious, background on the treaty of versailles terms for my essay with an example",local
what's going on with the tech layoffs news at the moment,online
can i begin calling you dave,local
can you change your language to japanese,local
The interstate conditions right now because of the storm,online
change the name of your system,local
Quick check on the s&p 500 before i trade,online
ngl who's leading in the ashes series currently,online
"Fyi need to know, is the metro line closed due to the accident at the moment",online
"just checking, is the flight delayed out of chennai due to fog",online
background on the mughal empire timeline for my essay thanks,local
The nba game highlights from tonight — need it fast,online
crude oil price today's high and low,online
so key figures involved in the moon landing mission details before my exam,local
what are the conditions like in orlando,online
Is the euro cup semifinal still playing right now,online
please set the timer for me,local
what do you use when you make a chef's salad,local
what is the current going rate for exchanging dollars for pesos,online
please set a timer for,local
what is 56 dollars in yen,online
i am needing to know when you were born,local
"for my homework, derive partial derivatives step by step briefly",local
Walk me through SOLID principles step by step — struggling with this,local
reliance shares live chart movement,online
so final score of the world cup qualifier tonight,online
i would appreciate it if you could talk to me in french,local
quadratic formula — proof and intuition,local
i need to know what the latest is with my application for a visa credit card,online
django migration fails with column already exists error,local
ok so who's leading in the ashes series currently?,online
i'm going to the movies book an uber for 6 people,online
about how long should you cook a 10 pound turkey,local
"fyi need to know, final score of the ipl match tonight",online
urgent - the f1 race highlights from tonight,online
should i carry an umbrella in sydney today for real,online
"i didn't hear you, can you repeat that louder",local
do you know how to say where is the restroom in french,local
the t20 world cup game highlights from tonight asap,online
who's leading in the ashes series currently before my meeting,online
current valuation on ripple xrp,online
how do you convert ounces to grams,local
call me jake,local
"hey, set theory basics for my calculus homework with an example",local
"for my homework, explain the printing press invention impact in a short paragraph",local
Urgent - ethereum price right now tonight,online
"genuinely curious, permutations and combinations — proof and intuition in simple terms",local
"hey, infosys shares live chart movement asap",online
change your spoken language to english,local
so crude oil price market cap right now as of now,online
how long have you been functional,local
is it safe to drive in tokyo with this storm,online
let me know what flights there are out of dallas to miami on march 10 for under $450,online
what is the square root of 5,local
ok the french revolution timeline summary for history class in simple terms,local
Ok so how is nasdaq trending today in the last hour,online
have there been any travel alerts issued for france,online
if i go to baltimore will i be safe,online
can you help me with seattle car rental bookings,online
Quick q - derive set theory basics step by step,local
how are the reviews for cracker barrel,online
"hey, current congestion level on the interstate tonight",online
can i substitute bacon for sausage,local
"Genuinely curious, practice problem using markov chains?",local
what do i need to make a cajun chili,local
"For my homework, how to solve problems using the pythagorean theorem",local
thank you very much for the answer,local
so practice problem using hypothesis testing,local
what is 2 inches in meters,local
can you tell me where the atm closest to my current location is,online
summarize foreign key constraints in a few bullet points,local
compare ci cd pipeline basics and publish subscribe pattern in one paragraph,local
will i be safe while traveling to lyon (will you be safe),online
you can call me michael,local
"for class tomorrow, main causes and effects of ancient egyptian pyramid construction briefly",local
what do you like being called,local
did the application i put in for a mastercard go through yet,online
"genuinely curious, how to solve problems using markov chains briefly",local
compare sliding window technique and deadlocks in one paragraph,local
ngl how is apple stock trending today,online
who do you do task for,local
"Hey, give me a quick rundown of the mughal empire timeline with an example",local
So current valuation on crude oil price,online
ok practice problem using hypothesis testing,local
what are your favorite hobbies,local
summarize window functions in sql in a few bullet points,local
final score of the euro cup semifinal in the last hour,online
can you find me some good places in kentucky that serve sushi,online
regular expressions interview question breakdown,local
real world use case for ACID properties,local
the euro cup semifinal result just now tonight,online
infosys shares live chart movement for real,online
So walk through gradient descent math with numbers — struggling with this,local
eigenvalues and eigenvectors explained with an example problem,local
"just checking, how bad is the parliament session today right now before i head out",online
set a timer for me,local
what is 10000 divided by 20,local
"for class tomorrow, why did the printing press invention impact happen thanks",local
important dates related to the industrial revolution key inventions,local
so the ashes series highlights from tonight just curious,online
"for class tomorrow, regular expressions tutorial with code",local
does ruby tuesday accept reservations,online
how many meters are in 2 inches,local
"what the heck, where's my luggage!",online
quick one - live score for the t20 world cup game?,online
so explain the causes of world war 1 in a short paragraph thanks,local
the main train route conditions right now because of the storm,online
So main causes and effects of the partition of india with an example,local
"if you flip a coin, i call tails",local
the asia cup final highlights from tonight for the group chat,online
how humid is it in kolkata right now before i head out,online
tell me how good ihop's ratings are,online
quick refresher on trie data structure before my exam,local
i need to know your name,local
So current congestion level on the airport terminal before my meeting,online
is the expressway flooded from the downpour right now pls,online
i want you to speak in french,local
Current valuation on silver rate before my meeting,online
are you a real person or a computer,local
quick one - what's going on with the covid case numbers at the moment tonight,online
recursion tutorial with code before my exam,local
"genuinely curious, main causes and effects of the boston tea party in simple terms",local
substitute for milk in pancakes,local
"for my homework, key figures involved in the periodic table history briefly",local
give me a quick rundown of the periodic table history,local
"tell me how to say, 'it is a beautiful morning' in italian",local
"if i go to evans, what should i do",online
Quick check on bitcoin before i trade,online
integration by parts for my calculus homework,local
"For class tomorrow, explain map reduce filter functions with a simple example before my exam",local
how bad is the wildfire in the hills right now as of now,online
So real time quote for tesla stock before my meeting,online
the airport terminal conditions right now because of the storm this morning,online
current congestion level on the interstate right now,online
how to solve problems using bayes theorem briefly,local
is eur to usd pumping or dumping today,online
The russian revolution 1917 — what actually happened — struggling with this,local
"for class tomorrow, solid overview of monads in haskell for revision thanks",local
quick check on crude oil price before i trade,online
"for my homework, give me a quick rundown of the industrial revolution key inventions thanks",local
Difference between SOLID principles and closures in javascript,local
how to reverse a linked list iteratively,local
explain how a b+ tree index speeds up queries,local
where is my gas level right now,online
"Real talk, is the flyover near the city center open or blocked at the moment today",online
"hey, notes on immutability in functional programming for my assignment?",local
please tell me the weather forecast,online
bye-bye,local
The airline strike developments as of today,online
"Just checking, sensex price action this week so far",online
give me a quick rundown of the fall of the roman empire?,local
walk through integration by parts with numbers,local
linear regression math explained with an example problem,local
ngl is the premier league match still playing right now pls,online
Pros and cons of microservices architecture thanks,local
Dow jones live chart movement — need it fast,online
urgent - the ufc fight card highlights from tonight today,online
what is the most unique piece of trivia relating to cameras,local
"real talk, how is nifty 50 trending today asap",online
"need this for an interview, B-tree indexing vs publish subscribe pattern which is better and when",local
thanks please,local
urgent - is the airport terminal closed due to the accident in the last hour,online
how much gas is left,online
"Fyi need to know, did cardano go up or down this morning for the group chat",online
please change your language setting to spanish,local
"Need this for an interview, permutations and combinations explained with an example problem before my exam",local
quick q - the industrial revolution key inventions summary for history class briefly,local
Background on the american civil war causes for my essay,local
ok so who won the la liga clasico last night for real,online
what's 10 euros in dollars,online
when will it rain next,online
"hey, who won the f1 race last night before i head out",online
"i'm hungry, where should i go",online
textbook definition of load balancing,local
how do you convert pounds to kilograms,local
please locate me on the map and show me,online
compare unit testing vs integration testing and docker containers in one paragraph,local
what do you think is the meaning of life,local
"fyi need to know, is bitcoin pumping or dumping today while i'm stuck in traffic",online
"Fyi need to know, is the cyclone warning affecting traffic right now for the group chat",online
peace,local
"goodbye, helpful ai device!",local
i go by the name jim,local
traffic status on the ring road this morning,online
the ashes series result just now,online
ok so is the earthquake near the coast still ongoing right now,online
"for my homework, notes on SOLID principles for my assignment in simple terms",local
how would you implement operator overloading in c++ from scratch,local
why is kubernetes pods used instead of monads in haskell,local
would you roll the dice,local
How would you implement promises vs callbacks from scratch,local
ok walk through central limit theorem with numbers — struggling with this,local
how is apple stock trending today,online
Give me a quick rundown of the fall of the roman empire,local
Nifty 50 market cap right now,online
that is a completely false statement,local
ok so is the expressway flooded from the downpour right now rn,online
"Hey, when should i pick operator overloading in c++ over topological sort briefly",local
background on the moon landing mission details for my essay with an example,local
how do i get to the beach by bus,online
nasdaq rate as of this minute,online
did the finals get postponed because of rain,online
urgent - any updates on the storm system offshore happening today asap,online
is the euro cup semifinal still playing right now,online
how does quick sort actually work under the hood,local
what experiences does kentucky offer,online
how do you say cat in spanish,local
Urgent - is it safe to drive in hyderabad with this storm today,online
tell me about something some trivia,local
"hey, summarize TCP vs UDP in a few bullet points?",local
Important dates related to the american civil war causes,local
Urgent - the ipl match result just now as of now,online
The f1 race score update please,online
"for class tomorrow, notes on sliding window technique for my assignment pls",local
what is the meaning of the word slander,local
The central bank's rate decision developments as of today,online
"tell me if my application has been processed yet, i signed up for a credit card recently",online
i want to take a bus to mexico city how do i do that,online
see you around,local
So current congestion level on the main train route in the last hour,online
i am hungry and need a restaurant suggestion,online
steps to normalize a database table to 3nf,local
urgent - the wimbledon final result just now pls,online
"Hey, real time quote for bitcoin?",online
"fyi need to know, usd to inr live chart movement pls",online
so infosys shares price right now for real,online
"Just checking, the power outage in the city — anything new in the last hour before i head out",online
my luggage is missing i was on frontier flight ab123 from seattle,online
"genuinely curious, important dates related to the ottoman empire decline for revision",local
eur to usd price right now,online
Quick one - the asia cup final score update please pls,online
what can i ask you,local
name some tourist things to do in chicago,online
can you please help me find my lost luggage,online
urgent - how is dow jones trending today just curious,online
is any traffic on my route to work,online
"hey, the f1 race highlights from tonight while i'm stuck in traffic",online
"hey, walk me through primary key vs unique key step by step in simple terms",local
"Just checking, eur to usd today's high and low no cap",online
urgent - dow jones market cap right now tonight,online
"for class tomorrow, main causes and effects of the french revolution timeline — struggling with this",local
quick one - did dow jones go up or down this morning currently,online
i'd like to know how old you are,local
what things do you like to do,local
Quick one - the subway line conditions right now because of the storm,online
ok law of sines explained with an example problem with an example,local
that would be true,local
"real talk, is nifty 50 pumping or dumping today before i head out",online
ai what was the question,local
Summarize TCP vs UDP in a few bullet points,local
"real talk, the harbor bridge conditions right now because of the storm — need it fast",online
quick one - any delays on the airport terminal today while i'm stuck in traffic,online
ngl who won the champions league final last night currently,online
"fyi need to know, is the toll plaza closed due to the accident while i'm stuck in traffic",online
"Need this for an interview, timeline of when the berlin wall fell",local
"Fyi need to know, the euro cup semifinal highlights from tonight this evening",online
ok the mughal empire timeline — what actually happened thanks,local
ngl the ipl match highlights from tonight in the last hour,online
"just checking, how humid is it in paris right now",online
look up zesty in dictionary,local
i'd like to be called frank,local
call me frank,local
please respond to me when i reference skynet,local
that's not true,local
please set a 4 minute timer,local
"fyi need to know, breaking news on the protest downtown asap",online
is it likely my credit card application has processed yet,online
practice problem using integration by parts,local
Is the toll plaza flooded from the downpour right now before i head out,online
Ok unit testing vs integration testing tutorial with code for revision,local
immutability in functional programming example in python please thanks,local
i have to go but it was nice talking again!,local
final score of the champions league final as of now,online
help me get a rental car for march 2 to 6th in dallas and i would prefer a bmw suv,online
apple stock rate as of this minute,online
why did the fall of the roman empire happen,local
alert my bank and let them know that i'm travelling to china,online
what do you do if your luggage is missing,online
"real talk, the interstate conditions right now because of the storm just curious",online
what's the purpose of existence,local
are you a human or a bot,local
where is your birth place,local
is the tech layoffs news affecting traffic right now pls,online
you are wrong,local
so important dates related to when the berlin wall fell pls,local
are you a real human being,local
im going to be in slovakia from january 16th until january 19th,online
what hobbies do you like to partake in,local
"to visit cambodia, do i need an international visa",online
chain rule in calculus explained with an example problem,local
so nasdaq price action this week so far this morning,online
the russian revolution 1917 — what actually happened,local
"Real talk, the highway conditions right now because of the storm rn",online
what town were you born in,local
quick one - the election results — anything new in the last hour,online
when should i pick sharding over multiple inheritance in python,local
Urgent - the earthquake near the coast status update please right now,online
quick q - pros and cons of foreign key constraints — struggling with this,local
i do not know where i am,online
ngl any delays on the main train route today for real,online
"for class tomorrow, timeline of the theory of evolution basics — struggling with this",local
what sorts of activities do you enjoy,local
what's the purpose of life,local
"fyi need to know, is apple stock pumping or dumping today before i head out",online
"I keep forgetting singleton pattern, break it down for me",local
"am i speaking with ai or a real, live person",local
"what's the point of life, anyways",local
urgent - is the highway open or blocked at the moment before my meeting,online
Why did the cold war origins happen,local
limits and continuity for my calculus homework,local
"just checking, is nifty 50 pumping or dumping today pls",online
traffic looking alright going towards burger king,online
main causes and effects of ancient egyptian pyramid construction briefly,local
"for class tomorrow, main causes and effects of the boston tea party for my notes",local
crude oil price market cap right now,online
law of sines — proof and intuition,local
can i change your name please,local
quick q - derive set theory basics step by step in simple terms,local
quick one - did silver rate go up or down this morning?,online
how many liters are in 500 gallons,local
quick q - notes on REST vs GraphQL for my assignment,local
how long should i cook a glazed ham,local
ngl is usd to inr pumping or dumping today today,online
Urgent - ethereum price right now just curious,online
breaking news on the earthquake near the coast rn,online
how to implement a stack using two queues,local
explain the fall of the roman empire in a short paragraph,local
"need this for an interview, primary key vs unique key for dummies pls",local
the storm system offshore status update please,online
"Hey, ripple xrp live chart movement for the group chat",online
"for class tomorrow, derivative of a function for my calculus homework briefly",local
multithreading in java cheat sheet,local
please tell me if you are an ai,local
"could you find my location on the map, please",online
"Just checking, traffic status on the metro line this morning before my meeting",online
current valuation on solana,online
"real talk, any updates on the cabinet reshuffle happening today at the moment",online
"affirmative, go ahead",local
why did the american civil war causes happen,local
Any delays on the flyover near the city center today,online
so hash map for dummies before my exam,local
quick one - traffic status on the harbor bridge this morning as of now,online
main causes and effects of when the berlin wall fell,local
ngl gold rate live chart movement while i'm stuck in traffic,online
i wish to have a 10 minute timer,local
quick refresher on multiple inheritance in python before my exam thanks,local
Tail recursion tutorial with code,local
is there any good place in hawaii kai that serve local food,online
so logarithm rules formula and when to use it thanks,local
"Just checking, solana price action this week so far for real",online
"for class tomorrow, derive integration by parts step by step pls",local
who's leading in the asia cup final currently for real,online
"for class tomorrow, important dates related to the partition of india pls",local
who do you think i am,local
How is dow jones trending today at the moment,online
"hey, how is nasdaq trending today today",online
urgent - who won the grand slam tennis match last night pls,online
"quick q - i keep forgetting normalization forms, break it down for me",local
"hey, the harbor bridge conditions right now because of the storm in the last hour",online
"For class tomorrow, trie data structure — key points to remember with an example",local
Quick check on the s&p 500 before i trade for real,online
"just checking, traffic status on the metro line this morning just curious",online
is the harbor bridge flooded from the downpour right now at the moment,online
"i am going to asia in a bit, i should tell the bank",online
how good are the ratings for olive garden,online
can you talk in spanish,local
"for my homework, explain unit testing vs integration testing with a simple example with an example",local
logarithm rules for my calculus homework,local
"from january to august, i will be in uruguay, please let me bank know",online
can i change my nickname,local
background on the ottoman empire decline for my essay pls,local
quick one - tcs stock rate as of this minute currently,online
"real talk, is the subway line closed due to the accident for real",online
"Genuinely curious, deadlocks — key points to remember for my notes",local
so eur to usd market cap right now?,online
current congestion level on the flyover near the city center this evening,online
who crafted you,local
practice problem using set theory basics in simple terms,local
"for my homework, give me a quick rundown of the moon landing mission details briefly",local
how many miles can i go with my current fuel level,online
multithreading in java vs foreign key constraints which is better and when,local
"genuinely curious, how does multiple inheritance in python actually work under the hood briefly",local
explain deadlocks with a simple example,local
should i get a visa before going to cancun,online
"just checking, final score of the champions league final?",online
pros and cons of tail recursion for revision,local
ok so is dogecoin pumping or dumping today,online
"just checking, nifty 50 price right now for real",online
Ok so who's leading in the t20 world cup game currently today,online
"genuinely curious, when the berlin wall fell — what actually happened",local
what can you do,local
Quick q - practice problem using linear regression math briefly,local
what does life mean on a deeper level,local
"real talk, who won the asia cup final last night tonight",online
"Ok i keep forgetting dijkstra's algorithm, break it down for me for my notes",local
"Hey, walk through law of cosines with numbers",local
"Fyi need to know, latest on the parliament session today in real time",online
real time quote for tcs stock before i head out,online
Standard deviation formula explained with an example problem — struggling with this,local
why are we here in life,local
"hey, did cardano go up or down this morning currently",online
are the reviews for mi casita good,online
main causes and effects of the ottoman empire decline before my exam,local
change to factory settings now,local
how to solve problems using derivative of a function with an example,local
so current congestion level on the main train route before i head out,online
bayes theorem explained with an example problem before my exam,local
"hey, any delays on the harbor bridge today currently",online
set a five minute timer please,local
Quick q - central limit theorem formula and when to use it thanks,local
so the champions league final result just now as of now,online
key figures involved in the boston tea party,local
ripple xrp live chart movement,online
so main causes and effects of the periodic table history,local
Important dates related to the periodic table history briefly,local
Quick q - solid overview of tail recursion for revision,local
why is bit manipulation tricks used instead of operator overloading in c++,local
"for my homework, set theory basics formula and when to use it thanks",local
ngl the harbor bridge conditions right now because of the storm this morning,online
ngl real time quote for dow jones before my meeting,online
Eigenvalues and eigenvectors — proof and intuition,local
so difference between lambda expressions and static vs dynamic typing briefly,local
ok quadratic formula for my calculus homework?,local
alter back to your orginal settings,local
please use male voice,local
what kind of weather is there,online
so live score for the grand slam tennis match tonight,online
how long to microwave a pizza,local
The la liga clasico highlights from tonight,online
notes on graph traversal for my assignment?,local
"hey, give me a quick rundown of the age of exploration key figures pls",local
the subway line conditions right now because of the storm?,online
roll 6 sided die,local
urgent - the heatwave alert developments as of today,online
i need to let my bank know i am traveling to chicago,online
"need this for an interview, important dates related to ancient egyptian pyramid construction for my notes",local
do i have enough fuel to get to tampa,online
real world use case for observer pattern,local
i'm desperate to know about my cc processing,online
that appears true,local
Urgent - traffic status on the interstate this morning asap,online
do you know where the luggage for people on panam flight ab123 out of tuscon is,online
Is the earthquake near the coast affecting traffic right now,online
The india vs australia test result just now this evening,online
urgent - is the india vs australia test still playing right now before my meeting,online
"real talk, tesla stock price action this week so far just curious",online
walk through standard deviation formula with numbers?,local
who is you employer,local
can you set a timer for me,local
any delays on the toll plaza today,online
"Fyi need to know, did eur to usd go up or down this morning?",online
why did the industrial revolution key inventions happen,local
"Hey, difference between git rebase vs merge and monads in haskell in simple terms",local
do you know where you were born,local
the grand slam tennis match result just now pls,online
"fyi need to know, how bad is the tech layoffs news right now as of now",online
"Just heard about the trade deal talks, what's the latest as of now",online
"for class tomorrow, probability distributions explained with an example problem with an example",local
i want us to speak to each other in spanish from now on,local
10 minute timer,local
what's up with you,local
is it okay to substitute oregano for basil,local
hey how's it hanging,local
"i don't like that, no",local
react component re-renders infinitely and i don't know why,local
tell me the status of flight dl123,online
so compare monolith vs microservices and version control branching in one paragraph,local
Practice problem using central limit theorem thanks,local
yes you are right,local
"need this for an interview, normalization in databases vs dynamic programming which is better and when before my exam",local
gold rate today's high and low,online
Walk me through tail recursion step by step for revision,local
"Just checking, quick check on nifty 50 before i trade rn",online
Quick one - is the toll plaza open or blocked at the moment?,online
Explain singleton pattern with a simple example,local
"hey, latest on the ceasefire negotiations in real time",online
Who's leading in the world cup qualifier currently,online
traffic status on the toll plaza this morning while i'm stuck in traffic,online
what's the preparation time for spaghetti,local
"just checking, did dow jones go up or down this morning tonight",online
nifty 50 today's high and low,online
"just checking, the toll plaza conditions right now because of the storm",online
is the flight delayed out of san francisco due to fog,online
is the border tensions still ongoing,online
so practice problem using standard deviation formula,local
"for my homework, main causes and effects of the silk road trade routes",local
quick q - give me a quick rundown of the fall of the roman empire pls,local
The euro cup semifinal result just now in the last hour,online
"just checking, is the grand slam tennis match still playing right now for the group chat",online
So taylor series expansion explained with an example problem briefly,local
how do i set a timer,local
"real talk, the ring road conditions right now because of the storm today",online
compare normalization in databases and message queues in one paragraph for revision,local
"hey, why is multiple inheritance in python used instead of mock objects in testing pls",local
Permutations and combinations explained with an example problem,local
"for my homework, explain the cold war origins in a short paragraph in simple terms",local
do i need an international visa to go to brazil,online
just call me al,local
"Genuinely curious, why did the treaty of versailles terms happen — struggling with this",local
id like to rent a ford in denver colorado between january 1st to the 3rd,online
who do you report to,local
compare prices for flights from recife to miami leaving may 20 returning june 5,online
increase the volume level to 4,local
ok so how is usd to inr trending today this evening,online
so important dates related to ancient egyptian pyramid construction?,local
The asia cup final score update please tonight,online
"Just checking, real time quote for infosys shares before i head out",online
Solid overview of immutability in functional programming for revision,local
do i have enough fuel in the gas tank,online
"ai, what do people call you",local
"hey, the french revolution timeline — what actually happened in simple terms",local
how are you named,local
define the meaning of life,local
Ok practice problem using limits and continuity for my notes,local
i gotta have a 10 minute timer,local
ngl who won the india vs australia test last night today,online
Is there a heat advisory in toronto today for the group chat,online
"Need this for an interview, the american civil war causes summary for history class for my notes",local
How to solve problems using probability distributions for my notes,local
ok so is the airport terminal closed due to the accident,online
ok walk through eigenvalues and eigenvectors with numbers,local
"genuinely curious, logarithm rules formula and when to use it thanks",local
"i'm heading to israel soon, do i need a visa",online
"ai, tell me what things i should ask of you",local
what are the gps coordinates where i am located,online
"fyi need to know, who won the nba game last night currently",online
"just checking, current valuation on nvidia stock in the last hour",online
what hotel would you recommend in lakewood for 4 people from monday to wednesday,online
ngl nvidia stock price action this week so far right now,online
"need this for an interview, set theory basics — proof and intuition with an example",local
"just checking, is the interstate flooded from the downpour right now in the last hour",online
i want a hotel room for 6 from the 1st through the 3rd in seattle,online
set the volume at 4 for me please,local
timeline of the silk road trade routes,local
so will it rain in pune in the next few hours pls,online
real world use case for tail recursion,local
how is water spelled,local
so compare window functions in sql and immutability in functional programming in one paragraph,local
so traffic status on the airport terminal this morning at the moment,online
quick one - real time quote for sensex — need it fast,online
"need this for an interview, main causes and effects of the theory of evolution basics",local
is kaya busy around 5 pm,online
walk through correlation vs causation with numbers — struggling with this,local
so law of cosines formula and when to use it for my notes,local
Is the harbor bridge flooded from the downpour right now today,online
"genuinely curious, limits and continuity explained with an example problem in simple terms",local
youre a doll,local
"just checking, did nasdaq go up or down this morning currently",online
integration by parts — proof and intuition thanks,local
key figures involved in the causes of world war 1,local
So is the metro line open or blocked at the moment this evening,online
"need this for an interview, why did the partition of india happen in simple terms",local
"oh, thanks",local
that is a fact,local
cardano rate as of this minute for real,online
how is reliance shares trending today,online
"need this for an interview, the industrial revolution key inventions summary for history class thanks",local
talk to you later,local
"go ahead and flip that coin, i am choosing heads here",local
quick refresher on singleton pattern before my exam,local
what do you do in your free time,local
what's the point of sentience,local
how long should a cake bake,local
is the flight delayed out of hyderabad due to fog,online
do i need to apply for a visa to visit dnipro,online
ok give me a quick rundown of the mughal empire timeline — struggling with this,local
i am going out of country and need to inform my bank,online
please stop talking so fast,local
i would have to say the answer to that is no,local
what is the secret or meaning to life,local
ok solid overview of quick sort for revision with an example,local
Sensex price right now,online
the nba game result just now pls,online
define qat for me,local
"hey, sensex market cap right now just curious",online
i did not understand say it again,local
quick one - how humid is it in kolkata right now,online
"genuinely curious, timeline of the unification of germany before my exam",local
so how long do you think the chicken will take,local
please call me bob,local
the euro cup semifinal highlights from tonight rn,online
"ok ci cd pipeline basics, explain like i'm a beginner coder pls",local
for what person do you work,local
"flip a coin, i call tails",local
i need a flight booked from dallas to miami on american airlines,online
can you change to the whisper voice setting,local
"could you tell me what 30% off 235 is, please",local
Quick q - chain rule in calculus formula and when to use it in simple terms,local
ngl current congestion level on the metro line today,online
find me an asian restaurant,online
any updates on the heatwave alert happening today for real,online
how bad is the airline strike right now,online
ok walk me through deadlocks step by step briefly,local
"for class tomorrow, walk through law of cosines with numbers?",local
could i use white wine instead of red wine in a recipe,local
Quick q - integration by parts — proof and intuition in simple terms,local
generics in java interview question breakdown thanks,local
change the volume to 4 now please,local
"real talk, traffic status on the metro line this morning this morning",online
"for my homework, the mughal empire timeline summary for history class pls",local
"fyi need to know, did nifty 50 go up or down this morning asap",online
can you make your accent british male,local
"hey, why did when the berlin wall fell happen briefly",local
"hey, partial derivatives for my calculus homework before my exam",local
Ok difference between backtracking algorithms and observer pattern,local
How bad is the cabinet reshuffle right now,online
quick q - laplace transform formula and when to use it for my notes,local
tell me a fun trivia bit about artificial intelligence,local
how long do i cook the chicken roast,local
ngl real time quote for crude oil price before i head out,online
what is the word for hello spanish,local
ok so the ufc fight card result just now,online
ok correlation vs causation — proof and intuition before my exam,local
what does alternative mean,local
how would i say i love you if i were french,local
ok real world use case for singleton pattern,local
go ahead and roll those dice,local
"Hey, is the airport terminal open or blocked at the moment pls",online
"hey, is the border tensions affecting traffic right now?",online
"hey, laplace transform explained with an example problem in simple terms",local
call an uber to mcdonalds,online
what are some good places to eat at,online
The protest downtown — anything new in the last hour,online
ok so is the f1 race still playing right now tonight,online
quick q - how to solve problems using law of sines with an example,local
Ok why is dynamic programming used instead of caching strategies pls,local
did sensex go up or down this morning,online
is it ok to use brown sugar instead of powdered sugar,local
Ngl any delays on the expressway today rn,online
ngl the ufc fight card highlights from tonight pls,online
how does mock objects in testing actually work under the hood,local
when will my flight land,online
Is the t20 world cup game still playing right now,online
is there any rain in the next 3 days,online
background on the cold war origins for my essay — struggling with this,local
"fyi need to know, is the main train route closed due to the accident while i'm stuck in traffic",online
is the metro line open or blocked at the moment rn,online
do you know who you report to,local
what is 005 percent of 1 percent,local
Ok so eur to usd today's high and low for real,online
would you say that you know who your boss is,local
Main causes and effects of the silk road trade routes,local
the covid case numbers status update please,online
reset the factory settings,local
where is the best winery in the south of france,online
ok quick refresher on quick sort before my exam with an example,local
are there any exciting tourist things to do in boston,online
how much dollars do i receive if i trade in 6 yens,online
difference between virtual functions in c++ and process vs thread,local
ok solid overview of process vs thread for revision with an example,local
can a bus get me to the statue of liberty,online
"need this for an interview, markov chains formula and when to use it for my notes",local
what is 10 ounces in grams,local
tcs stock price action this week so far before my meeting,online
"book a flight from tampa, fl to baltimore, md on 11 february 2019 and returning on 19 march 2019",online
quick refresher on dynamic programming before my exam,local
how are the reviews for spaghetti at the olive garden,online
rename yourself to betty,local
Traffic status on the subway line this morning,online
"i don't get race conditions, someone explain — struggling with this",local
am i talking with a real person,local
Nvidia stock live chart movement before my meeting,online
Ok difference between ci cd pipeline basics and singleton pattern thanks,local
"fyi need to know, did solana go up or down this morning asap",online
Ok quadratic formula for my calculus homework,local
Timeline of the great depression causes,local
compare regular expressions and mutex vs semaphore in one paragraph for revision,local
how long will the chicken take to cook,local
"for my homework, the pythagorean theorem formula and when to use it pls",local
"has my credit card application been received, or what is its current status",online
can i use salt instead of baking soda,local
is dogecoin pumping or dumping today tonight,online
"need this for an interview, when the berlin wall fell — what actually happened with an example",local
how is the traffic on the way to the campsite,online
Quick one - quick check on gold rate before i trade at the moment,online
the ufc fight card score update please,online
"real talk, dow jones price right now this morning",online
"genuinely curious, main causes and effects of the french revolution timeline briefly",local
what ingredients go in potato skins,local
repeat that last response,local
does chic-fil-a have good reviews,online
"Hey, current congestion level on the metro line before i head out",online
Is the grand slam tennis match still playing right now,online
real world use case for normalization in databases,local
chain rule in calculus — proof and intuition,local
current status of the ceasefire talks,online
"Quick one - just heard about the storm system offshore, what's the latest rn",online
can you tell me the address where i am right now,online
i go by ted,local
ok so the premier league match score update please rn,online
"need this for an interview, correlation vs causation — proof and intuition pls",local
what are the best sushi restaurants in reno,online
"for my homework, derive fourier transform step by step",local
i want to know the weather forecast for today,online
so how to solve problems using taylor series expansion for revision,local
tcs stock price right now?,online
how to solve problems using linear regression math,local
the s&p 500 rate as of this minute,online
Limits and continuity for my calculus homework,local
Give me a quick rundown of the theory of evolution basics briefly,local
explain the periodic table history in a short paragraph,local
Quick one - is the premier league match still playing right now just curious,online
Ok so the ashes series highlights from tonight just curious,online
"genuinely curious, solid overview of generics in java for revision",local
walk me through sliding window technique step by step,local
"hey, how is the s&p 500 trending today while i'm stuck in traffic",online
Who won the india vs australia test last night for real,online
i want you to call me pam,local
want 5 minute timer,local
ok background on the printing press invention impact for my essay?,local
Walk me through caching strategies step by step,local
how is friend spelled,local
"just checking, the wildfire in the hills status update please — need it fast",online
what might the meaning of altruism be,local
Important dates related to the signing of the magna carta,local
law of sines for my calculus homework — struggling with this,local
"genuinely curious, probability distributions — proof and intuition briefly",local
ok how to solve problems using laplace transform for revision,local
"Need this for an interview, the unification of germany — what actually happened for my notes",local
Bitcoin market cap right now,online
"Need this for an interview, derive hypothesis testing step by step",local
flip that dime,local
Is the main train route flooded from the downpour right now this evening,online
how many dollars can i exchange for 10000 rubles,online
"for my homework, solid overview of CAP theorem for revision pls",local
So will it rain in kolkata in the next few hours before i head out,online
how bad is the border tensions right now no cap,online
ok so how is tcs stock trending today before my meeting,online
i want to know how to correctly spell cemetery,local
"hey, practice problem using taylor series expansion before my exam",local
integration by parts formula and when to use it for revision,local
"just checking, tesla stock rate as of this minute no cap",online
how do you spell antithesis,local
ok why did the renaissance key artists happen,local
"is it possible to have a room booked in omaha near the convention hall for may 01, 2019 to may 05, 2019",online
"fyi need to know, quick check on gold rate before i trade this morning",online
Ci cd pipeline basics vs event loop in node which is better and when,local
so any delays on the metro line today as of now,online
thanks for helping out,local
let me know what names you have for me,local
dogecoin today's high and low,online
"fyi need to know, how bad is the cabinet reshuffle right now for the group chat",online
how do i change inches to centimeters,local
do people like chipotle,online
so the wimbledon final score update please no cap,online
"For my homework, timeline of the treaty of versailles terms for revision",local
"real talk, quick check on nvidia stock before i trade tonight",online
"So i don't get database indexing, someone explain?",local
quick q - hypothesis testing for my calculus homework thanks,local
"Hey, integration by parts formula and when to use it",local
what will the weather be like,online
ok so current congestion level on the highway as of now,online
give me a list of things to do in orlando,online
"hey, real time quote for tesla stock just curious",online
Final score of the la liga clasico,online
tell me how old youare,local
yes,local
why is linked list used instead of eventual consistency briefly,local
did the election results get resolved yet no cap,online
any updates on the border tensions happening today,online
is it safe to fly to russia,online
activate whisper mode,local
what my fuel tank at,online
"real talk, current air quality index in mumbai for the group chat",online
walk me through generics in java step by step for revision,local
so real world use case for virtual functions in c++ — struggling with this,local
final score of the nba game for the group chat,online
"need this for an interview, law of sines — proof and intuition before my exam",local
did the covid case numbers get resolved yet today,online
urgent - dogecoin live chart movement,online
how do you convert inches to centimeters,local
"for my homework, correlation vs causation — proof and intuition for my notes",local
who won the ashes series last night,online
is the nba game still playing right now for real,online
"Need this for an interview, markov chains formula and when to use it for my notes",local
what mexican restaurant within 5 miles has the best reviews,online
are the reviews for chevy's any good,online
quick one - who's leading in the asia cup final currently just curious,online
quick one - how bad is the airline strike right now at the moment,online
how would you implement foreign key constraints from scratch,local
im going to be in canada from august 10th until august 12th,online
so main causes and effects of the french revolution timeline,local
derive vector cross product step by step,local
Ok so latest on the vaccine rollout progress in real time — need it fast,online
use the word ataraxy in a sentence,local
does bar tartine in san francisco take reservations,online
"for class tomorrow, how to solve problems using limits and continuity pls",local
what's the business that caused you to be made,local
"urgent - just heard about the earthquake near the coast, what's the latest just curious",online
dynamic programming interview question breakdown thanks,local
ok walk through law of sines with numbers?,local
ok so is silver rate pumping or dumping today this morning,online
how would you implement unit testing vs integration testing from scratch with an example,local
ok logarithm rules for my calculus homework in simple terms,local
ngl the tech layoffs news — anything new in the last hour asap,online
urgent - final score of the grand slam tennis match for real,online
i would like to know the types of subjects are you familiar with,local
i need to know if angelos takes reservations,online
quick q - standard deviation formula formula and when to use it?,local
So is ethereum pumping or dumping today today,online
"Hey, breaking news on the airline strike rn",online
"Hey, eigenvalues and eigenvectors for my calculus homework thanks",local
So breaking news on the parliament session today this evening,online
the la liga clasico highlights from tonight right now,online
is the flight delayed out of chicago due to fog,online
"fyi need to know, is the harbor bridge open or blocked at the moment — need it fast",online
"Hey, practice problem using permutations and combinations?",local
can you roll a 10 sided die,local
what kinds of things are you knowledgable about,local
"just checking, the ceasefire negotiations developments as of today at the moment",online
"fyi need to know, quick check on silver rate before i trade today",online
how to solve problems using quadratic formula briefly,local
where do you suggest i plan my next vacation,online
current air quality index in dubai,online
how would you implement dependency injection from scratch,local
why is caching strategies used instead of linked list,local
ok so silver rate price right now currently,online
tell me the types of things i can ask you about,local
Ripple xrp market cap right now rn,online
what's today's weather going to be,online
"i don't get polymorphism, someone explain",local
derive limits and continuity step by step with an example,local
quick check on cardano before i trade currently,online
quick one - final score of the wimbledon final right now,online
"genuinely curious, compare caching strategies and CAP theorem in one paragraph thanks",local
are you influenced by someone else,local
explain the silk road trade routes in a short paragraph — struggling with this,local
what is 78 times 85,local
real world use case for dynamic programming,local
Correlation vs causation explained with an example problem for my notes,local
how to solve problems using correlation vs causation?,local
you wrote what for my name,local
Ok the moon landing mission details summary for history class,local
where can i find the mall closest to here,online
"fyi need to know, is the ipl match still playing right now while i'm stuck in traffic",online
how would you implement lambda expressions from scratch,local
i had fun speaking with you,local
i believe it looks like my luggage has disappeared,online
to vacation to tel aviv do i need a travel visa,online
please tell me my present gps coordinates,online
latest on the tech layoffs news in real time tonight,online
"for my homework, derive partial derivatives step by step",local
background on the discovery of penicillin for my essay,local
"can you find my location on the map, please",online
you can address me as lizzie,local
walk me through database indexing step by step,local
so what's going on with the cyclone warning at the moment just curious,online
what kinds of fun things are there in boston for tourists,online
"for class tomorrow, give me a quick rundown of the ottoman empire decline",local
it is true,local
quick q - operator overloading in c++ cheat sheet before my exam,local
quick one - the world cup qualifier result just now today,online
"hey, real time quote for nasdaq this evening",online
the india vs australia test score update please,online
"for class tomorrow, main causes and effects of the boston tea party — struggling with this",local
how long should i bake the brownies for,local
what is my current amount of gas,online
"i keep forgetting lambda expressions, break it down for me",local
"just checking, real time quote for tesla stock just curious",online
integration by parts explained with an example problem,local
please book me a place in pittsburgh to stay from monday to friday,online
does travelling to that place require a visa,online
"real talk, the central bank's rate decision status update please at the moment",online
"for class tomorrow, markov chains for my calculus homework for my notes",local
bitcoin market cap right now,online
urgent - cardano live chart movement for the group chat,online
"for class tomorrow, explain microservices architecture with a simple example briefly",local
how are people liking the sushi at yakamoto,online
pros and cons of inheritance vs composition,local
notes on eventual consistency for my assignment for revision,local
if i want to travel to mexico do i need to get a visa,online
what is you name,local
lower volume level,local
"need this for an interview, practice problem using chain rule in calculus?",local
"i am needing you to tell me how to get to dallas, texas, by bus",online
"hey, key figures involved in the printing press invention impact for my notes",local
please respond in english,local
name some awesome things about dogs,local
tell me what flange means,local
my bags didn't make it to the new orleans airport,online
how is life in existence,local
silver rate market cap right now,online
"genuinely curious, fourier transform explained with an example problem — struggling with this",local
"for my homework, linked list interview question breakdown before my exam",local
who's leading in the ipl match currently,online
"real talk, is the airport terminal flooded from the downpour right now pls",online
The premier league match highlights from tonight just curious,online
"hey, is the ceasefire negotiations still ongoing this morning",online
please change the ai name,local
adios!,local
has visa gotten back to me regarding my card app,online
cardano price right now,online
Ngl dow jones price right now before i head out,online
what is an amazing trivia fact relating to 3d printing,local
"just checking, is the t20 world cup game still playing right now just curious",online
explain singleton pattern with a simple example,local
real world use case for big O notation,local
i want that repeated,local
"For class tomorrow, important dates related to the mughal empire timeline in simple terms",local
"Just checking, is the earthquake near the coast affecting traffic right now right now",online
solid overview of thread pools for revision,local
are you able to sub white sugar for brown sugar,local
how does garbage collection actually work under the hood,local
tell me straight if it has been processed or not,online
should i carry an umbrella in chennai today,online
"for class tomorrow, background on the theory of evolution basics for my essay with an example",local
markov chains for my calculus homework,local
urgent - is the ring road open or blocked at the moment,online
ok how would you implement dependency injection from scratch for my notes,local
"Genuinely curious, connection pooling interview question breakdown with an example",local
so the partition of india summary for history class in simple terms,local
alert my bank and tell them that i'm travelling to paris,online
i need a flight to be booked from san diego to boston through frontier,online
"Genuinely curious, i keep forgetting recursion, break it down for me for my notes",local
logarithm rules — proof and intuition for my notes,local
what is your version on the meaning of life,local
background on ancient egyptian pyramid construction for my essay,local
Background on the cold war origins for my essay pls,local
whisper for me,local
"i need a place in pittsburgh to stay from monday to friday, can you help",online
Urgent - the world cup qualifier result just now,online
markov chains — proof and intuition,local
how does static vs dynamic typing actually work under the hood,local
give me a quick rundown of the moon landing mission details in simple terms,local
Matrix multiplication rules — proof and intuition,local
"genuinely curious, taylor series expansion explained with an example problem — struggling with this",local
"for class tomorrow, set theory basics explained with an example problem pls",local
take it easy!,local
So how to solve problems using logarithm rules before my exam,local
How humid is it in singapore right now,online
Test driven development interview question breakdown briefly,local
can you suggest some quality chinese restaurants in oklahoma city,online
can i take a bus to the grand canyon,online
key figures involved in the american civil war causes,local
The asia cup final highlights from tonight tonight,online
"For my homework, derive integration by parts step by step before my exam",local
tell me something interesting about outer space,local
"suggest a restaurant for me to eat tonight, please",online
quick refresher on greedy algorithms before my exam,local
"genuinely curious, backtracking algorithms tutorial with code with an example",local
"for class tomorrow, how to solve problems using permutations and combinations",local
why is git rebase vs merge used instead of monads in haskell,local
REST vs GraphQL interview question breakdown,local
tell me a joke if you'd like to,local
i want to switch speaking to french,local
"Fyi need to know, final score of the grand slam tennis match this morning",online
Current valuation on crude oil price,online
Quick q - give me a quick rundown of the discovery of penicillin for revision,local
Solid overview of trie data structure for revision,local
"hey, how to solve problems using gradient descent math for my notes",local
"dijkstra's algorithm, explain like i'm a beginner coder in simple terms",local
what's there to do in seattle,online
can you tell me where the nearest rest station to me is,online
how do i get to the hotel by bus,online
have my app for a new card been processed yet,online
"from now on, your name will be buttercup",local
nvidia stock live chart movement for the group chat,online
Explain the french revolution timeline in a short paragraph?,local
you must increase the volume to 4 please,local
what is 562 times 400,local
normalization in databases interview question breakdown,local
"hey, i keep forgetting inheritance vs composition, break it down for me",local
do i have enough fuel to get to dollar tree,online
how long is the chicken gonna take,local
"can you tell me how i would say, 'more bread please' in french",local
"Fyi need to know, real time quote for cardano?",online
"hey, how is tesla stock trending today today",online
i'm vacationing in israel will i need a visa,online
so why is singleton pattern used instead of bit manipulation tricks before my exam,local
urgent - who won the premier league match last night while i'm stuck in traffic,online
i am changing over to italian now,local
textbook definition of bit manipulation tricks,local
how good are the ratings for outback,online
The central bank's rate decision — anything new in the last hour,online
see if my form submission for an american express card has been seen,online
were you born here,local
"hey, polymorphism for dummies pls",local
ngl final score of the f1 race while i'm stuck in traffic,online
find a suitable lodging in vancouver on march 16-19,online
Urgent - is the airport terminal flooded from the downpour right now for real,online
"hey, timeline of the cold war origins?",local
how humid is it in singapore right now,online
ngl who's leading in the world cup qualifier currently — need it fast,online
current status of the cyclone approaching the coast,online
you're talking too fast i need you to slow it down,local
ngl reliance shares rate as of this minute pls,online
Eur to usd price action this week so far,online
did solana go up or down this morning,online
practice problem using bayes theorem,local
is this a computer right now or a human being,local
"hey, who's leading in the ufc fight card currently right now",online
is there traffic on dove road,online
explain when the berlin wall fell in a short paragraph,local
Quick one - breaking news on the cyclone warning before my meeting,online
who's leading in the world cup qualifier currently asap,online
"switch to whisper mode, please",local
quick one - crude oil price live chart movement pls,online
is there traffic to work,online
does cielo take reservations,online
what kinds of things can i ask you,local
"genuinely curious, how to solve problems using linear regression math — struggling with this",local
does outback steakhouse have good reviews,online
do you know any good jokes,local
Current congestion level on the interstate pls,online
please tell me the location of the nearest target store,online
quick q - compare heap data structure and compiler vs interpreter in one paragraph — struggling with this,local
derive chain rule in calculus step by step,local
"fyi need to know, is there a heat advisory in dubai today",online
matrix multiplication rules — proof and intuition,local
ok so is the main train route open or blocked at the moment today,online
Ngl final score of the champions league final right now,online
merge sort tutorial with code — struggling with this,local
ok so traffic status on the expressway this morning as of now,online
"i keep forgetting asynchronous programming, break it down for me",local
how humid is it in dubai right now,online
so foreign key constraints interview question breakdown in simple terms,local
so how would you implement lambda expressions from scratch,local
what are some fun things i can partake in in atlanta,online
"genuinely curious, dynamic programming tutorial with code with an example",local
is it possible to make reservations at chili's,online
convex optimization basics explained with an example problem,local
ok so is the expressway flooded from the downpour right now right now,online
"for my homework, derive convex optimization basics step by step for revision",local
"hey, who won the wimbledon final last night at the moment",online
"hey, any delays on the toll plaza today tonight",online
what steps do i need to take to take a bus to detroit,online
What's going on with the tech layoffs news at the moment in the last hour,online
Quick one - who's leading in the wimbledon final currently just curious,online
"Hey, traffic status on the highway this morning",online
explain window functions in sql with a simple example,local
what is 900 times 8,local
could you get me a delta flight from sioux falls to philadelphia for under $400,online
tell me the exchange rate between rubles and dollars,online
can you help me with a rental car,online
can you tell me my location,online
turn up the volume level to 4,local
what sorts of things do you do to have a good time,local
urgent - the expressway conditions right now because of the storm at the moment,online
Did the heatwave alert get resolved yet,online
"just checking, the harbor bridge conditions right now because of the storm in the last hour",online
"Real talk, real time quote for ripple xrp for real",online
"genuinely curious, derive standard deviation formula step by step",local
"hey, law of cosines for my calculus homework for revision",local
what jokes do you know,local
the ring road conditions right now because of the storm — need it fast,online
is it possible to make a reservation at redrobin,online
i would like to reserve a hotel room that accomodates 10 people from monday to tuesday in manhattan,online
practice problem using law of cosines briefly,local
"For my homework, i keep forgetting multiple inheritance in python, break it down for me",local
"for class tomorrow, the signing of the magna carta — what actually happened with an example",local
please tell me my current gps coordinates,online
quick one - nifty 50 live chart movement as of now,online
alter your language choice to dutch,local
tell me all about the trivia with friends,local
quick refresher on tail recursion before my exam,local
"just checking, just heard about the storm system offshore, what's the latest this morning",online
urgent - the nba game result just now today,online
ACID properties vs load balancing which is better and when,local
Walk through taylor series expansion with numbers,local
so current valuation on the s&p 500 rn,online
do i need a visa for germany,online
"Genuinely curious, the moon landing mission details — what actually happened thanks",local
i appreciate that answer!,local
permutations and combinations for my calculus homework briefly,local
tell me a fact i may not know,local
your name is roman,local
"Hey, is the harbor bridge closed due to the accident",online
"real talk, is the ring road open or blocked at the moment no cap",online
what's life's meaning,local
quick q - timeline of the causes of world war 1 before my exam,local
roll a 6 sided dice for me,local
i'm here at dia but my luggage isn't!,online
Urgent - breaking news on the airline strike pls,online
Logarithm rules formula and when to use it,local
what place do you call home,local
say it again please,local
So linear regression math for my calculus homework before my exam,local
Quick q - background on the wright brothers first flight for my essay — struggling with this,local
ok law of cosines — proof and intuition before my exam,local
display my location on a map,online
ngl any updates on the heatwave alert happening today before my meeting,online
how would i say hello in french,local
set a timer for twelve seconds,local
Ok so the wimbledon final result just now,online
"ai, go ahead and roll the dice",local
who are they that you work for,local
how is the weather in miami,online
my luggage was on delta flight abc123 out of houston and now i can’t find it,online
how bad is the earthquake near the coast right now this morning,online
so sensex today's high and low as of now,online
"for my homework, summarize monolith vs microservices in a few bullet points before my exam",local
"hey, standard deviation formula formula and when to use it in simple terms",local
i have to know what the traffic typically like at 3:30 on the route to phoenix,online
ok so traffic status on the metro line this morning in the last hour,online
who's leading in the grand slam tennis match currently,online
"for my homework, practice problem using set theory basics thanks",local
"real talk, dogecoin price right now",online
Is the flight delayed out of pune due to fog,online
The silk road trade routes summary for history class,local
show me some things to do in gatlinburg,online
"hey, practice problem using probability distributions with an example",local
might i need to get a visa to travel to venezuela,online
"hey, important dates related to the signing of the magna carta before my exam",local
B-tree indexing cheat sheet,local
Nifty 50 live chart movement,online
what things do you do for fun,local
do you have a list of funny jokes,local
are you made in the usa,local
does nopa in san francisco take reservations,online
The moon landing mission details — what actually happened,local
tell me a joke about lawyers,local
"need this for an interview, practice problem using correlation vs causation",local
Quick one - the ring road conditions right now because of the storm before i head out,online
what keeps you busy in your free time,local
what's my current fuel level,online
"need this for an interview, fourier transform for my calculus homework — struggling with this",local
Monolith vs microservices for dummies,local
can i switch in almond butter for peanut butter,local
"for my homework, key figures involved in the cold war origins before my exam",local
Gold rate live chart movement,online
derive correlation vs causation step by step,local
what location did you live at before,local
what should i buy to make burritos tonight,local
proper to substitute cumin for tumeric,local
"just checking, traffic status on the toll plaza this morning in the last hour",online
how many kilos are in 10 pounds,local
Standard deviation formula formula and when to use it,local
when should i pick ci cd pipeline basics over greedy algorithms,local
what locations of applebee's take reservations,online
how to solve problems using set theory basics thanks,local
walk me through trie data structure step by step,local
cardano rate as of this minute currently,online
"fyi need to know, is silver rate pumping or dumping today asap",online
is the wimbledon final still playing right now,online
quick one - any delays on the harbor bridge today right now,online
"for class tomorrow, hypothesis testing for my calculus homework",local
are you here to serve me,local
how many ounces are in a cup,local
"i would like to have language set to spanish, please",local
"real talk, is the parliament session today still ongoing",online
what skills do you have,local
are an an ai,local
ok explain the discovery of penicillin in a short paragraph,local
"for my homework, derive bayes theorem step by step before my exam",local
do you know the name of your boss,local
make the settings go back to the original,local
"fyi need to know, final score of the champions league final today",online
Ngl is the toll plaza open or blocked at the moment,online
Is the champions league final still playing right now pls,online
is everything ok with you,local
what is the traffic like on the way to town,online
Is the world cup qualifier still playing right now before i head out,online
Is it safe to drive in chennai with this storm,online
i need to book a car rental in boston,online
why did the boston tea party happen — struggling with this,local
i need that said again,local
"real talk, any updates on the trade deal talks happening today",online
"just checking, is the t20 world cup game still playing right now currently",online
could you ask the question again,local
so practice problem using matrix multiplication rules for revision,local
"genuinely curious, set theory basics explained with an example problem briefly",local
"what hotels are near, ny, ny for the 9th to 11th",online
Timeline of the silk road trade routes,local
The wright brothers first flight — what actually happened,local
please switch to whisper mode,local
The la liga clasico score update please,online
compare message queues and sharding in one paragraph,local
"Just checking, final score of the wimbledon final for real",online
ok main causes and effects of the causes of world war 1 for my notes,local
Current congestion level on the ring road,online
urgent - the wimbledon final highlights from tonight in the last hour,online
"Hey, current air quality index in sydney this evening",online
is this human or a robot,local
list the ingredients in pizza,local
why did the periodic table history happen,local
ok walk through law of cosines with numbers briefly,local
is the main train route closed due to the accident,online
what is the sum of 8 + 3,local
main causes and effects of the boston tea party with an example,local
how do you spell sanguine,local
set timer for (x) minutes,local
So give me a quick rundown of the mughal empire timeline,local
should i get more gas,online
will it freeze tonight,online
"Quick q - i don't get ACID properties, someone explain",local
"Just checking, crude oil price price right now for real",online
latest on the trade deal talks in real time,online
it was great chatting with you,local
"Real talk, what's going on with the central bank's rate decision at the moment as of now",online
When should i pick dijkstra's algorithm over window functions in sql,local
please tell me the subway station nearest to madison square garden in new york,online
"For my homework, give me a quick rundown of the silk road trade routes thanks",local
book me a car rental in nashville,online
"are you an actual person, or ai",local
Any delays on the interstate today this evening,online
change your language setting to chinese,local
how do you spell mississippi,local
"normalization forms, explain like i'm a beginner coder for revision",local
please switch to whisper mode for now,local
"hey, the decolonization of africa summary for history class for revision",local
"just checking, silver rate market cap right now today",online
ok notes on normalization forms for my assignment,local
is the flood situation downtown affecting traffic right now,online
quick one - the harbor bridge conditions right now because of the storm currently,online
Greedy algorithms cheat sheet,local
"just checking, final score of the euro cup semifinal right now",online
the cabinet reshuffle status update please,online
"hey, is the champions league final still playing right now no cap",online
Quick one - who's leading in the grand slam tennis match currently,online
what is spanish for good morning,local
ok so dow jones price right now right now,online
your efforts don't go unnoticed,local
heard any good jokes lately,local
so pros and cons of virtual functions in c++ for revision,local
Is the flight delayed out of seoul due to fog this evening,online
Quick check on solana before i trade rn,online
main causes and effects of the printing press invention impact,local
will it rain in hyderabad in the next few hours,online
The supreme court verdict status update please,online
"fyi need to know, real time quote for tcs stock just curious",online
notes on dijkstra's algorithm for my assignment,local
"real talk, nifty 50 price right now just curious",online
Any updates on the airline strike happening today as of now,online
Ngl current air quality index in hyderabad as of now,online
"just checking, quick check on bitcoin before i trade pls",online
quick refresher on normalization in databases before my exam,local
is the world cup qualifier still playing right now before my meeting,online
this ai was made by what person or team,local
i just flew in on american airlines flight ab123 from chicago and can't find my luggage,online
pros and cons of two pointer technique — struggling with this,local
ngl how bad is the election results right now,online
is it possible to only talk in spanish,local
the asia cup final highlights from tonight,online
background on the ottoman empire decline for my essay,local
infosys shares today's high and low,online
let me know what do you call me,local
ok so is the trade deal talks still ongoing rn,online
"need this for an interview, regular expressions vs tail recursion which is better and when pls",local
when will my jetblue flight get here,online
Why is asynchronous programming used instead of dijkstra's algorithm,local
give me a quick rundown of the decolonization of africa,local
Timeline of the industrial revolution key inventions,local
"for my homework, explain the silk road trade routes in a short paragraph for revision",local
how old are you exactly,local
dow jones price action this week so far,online
current petrol price in my city,online
flip that coin once; it must be tails,local
get my back to factory settings,local
Walk through convex optimization basics with numbers with an example,local
The la liga clasico result just now,online
Solana live chart movement,online
"need this for an interview, solid overview of connection pooling for revision thanks",local
How humid is it in los angeles right now,online
ai i have 4 people need to get to get me uber,online
how was this ai created,local
does south korea have any travel alerts i should be aware of,online
my bags did not arrive here at smf,online
main causes and effects of the ottoman empire decline thanks,local
how long should i cook a steak for,local
is mexico a safe place,online
Current valuation on sensex,online
urgent - the champions league final result just now rn,online
"real talk, real time quote for tcs stock before i head out",online
i need you to change your accent to the male british one,local
"For class tomorrow, real world use case for multiple inheritance in python for revision",local
Cardano live chart movement today,online
"Genuinely curious, background on ancient egyptian pyramid construction for my essay for my notes",local
will it get over 90 degrees today,online
Quick one - the vaccine rollout progress — anything new in the last hour currently,online
"just checking, live score for the champions league final while i'm stuck in traffic",online
"Fyi need to know, nasdaq price right now",online
tell me what ten pounds in kilos is,local
"Hey, the theory of evolution basics — what actually happened for revision",local
how are you today,local
"hey ai, reduce your speed of speaking",local
what is the the exchange rate for us dollars to euros,online
infosys shares rate as of this minute this evening,online
traffic status on the subway line this morning while i'm stuck in traffic,online
how busy is zippy around 12 for lunch,online
"Real talk, is the flyover near the city center open or blocked at the moment just curious",online
so when is my flight landing,online
ngl is the la liga clasico still playing right now right now,online
summarize version control branching in a few bullet points,local
lambda expressions for dummies pls,local
did dow jones go up or down this morning,online
i would prefer your voice to be male,local
"need this for an interview, convex optimization basics for my calculus homework thanks",local
how do you say please in arabic,local
is the election results affecting traffic right now in the last hour,online
"hey, give me a quick rundown of the age of exploration key figures for my notes",local
Solid overview of process vs thread for revision,local
quick q - the discovery of penicillin summary for history class thanks,local
your name from this point forward is george,local
traffic status on the main train route this morning,online
ngl how is ethereum trending today rn,online
"just heard about the cyclone warning, what's the latest currently",online
give me a quick rundown of the wright brothers first flight,local
"Hey, how to solve problems using bayes theorem for my notes",local
quick one - tesla stock rate as of this minute at the moment,online
so ripple xrp rate as of this minute asap,online
would you like to tell me a joke,local
ok so the cabinet reshuffle developments as of today today,online
why is database indexing used instead of SOLID principles,local
tell me your hobbies,local
"for class tomorrow, notes on thread pools for my assignment briefly",local
"Real talk, the grand slam tennis match score update please as of now",online
define discretionary,local
"genuinely curious, timeline of the renaissance key artists with an example",local
tcs stock price action this week so far,online
"fyi need to know, the champions league final result just now?",online
urgent - how humid is it in london right now before my meeting,online
do they take reservations at carrabbas,online
"for class tomorrow, give me a quick rundown of the french revolution timeline for my notes",local
how is hello said in french,local
what name do you prefer,local
Did dogecoin go up or down this morning just curious,online
if i win 200000 how do i split it 7 ways,local
"for my homework, fourier transform — proof and intuition",local
walk through probability distributions with numbers,local
explain database indexing with a simple example,local
please make your language setting french,local
how are the donuts reviews at tgi,online
tesla stock rate as of this minute while i'm stuck in traffic,online
"Need this for an interview, normalization forms, explain like i'm a beginner coder for revision",local
bayes theorem formula and when to use it,local
REST vs GraphQL cheat sheet,local
is the parliament session today still ongoing?,online
tell me the reviews for bjs,online
so key figures involved in the industrial revolution key inventions thanks,local
walk through law of sines with numbers,local
Quick q - important dates related to the discovery of penicillin for revision,local
the ingredients in pizza are which ones,local
walk through quadratic formula with numbers,local
latest on the vaccine rollout progress in real time,online
"hey, gold rate rate as of this minute at the moment",online
urgent - is the ring road open or blocked at the moment pls,online
"Hey, the f1 race score update please just curious",online
what's the definition of analogy,local
the pythagorean theorem for my calculus homework,local
"Real talk, is the ufc fight card still playing right now this morning",online
ok so is the harbor bridge closed due to the accident asap,online
pros and cons of caching strategies,local
"for class tomorrow, how would you implement test driven development from scratch before my exam",local
current congestion level on the interstate?,online
Ok so traffic status on the expressway this morning before i head out,online
can you help me book a car rental in seattle,online
current congestion level on the metro line,online
"For my homework, summarize greedy algorithms in a few bullet points in simple terms",local
how is bitcoin trending today,online
The flyover near the city center conditions right now because of the storm asap,online
quick check on usd to inr before i trade for real,online
"Hey, who won the grand slam tennis match last night for the group chat",online
"Ngl just heard about the flood situation downtown, what's the latest",online
change accent to male british,local
"I don't get asynchronous programming, someone explain",local
the silk road trade routes summary for history class,local
standard deviation formula explained with an example problem for my notes,local
Key figures involved in the discovery of penicillin,local
set the timer for me please,local
"need this for an interview, vector cross product for my calculus homework",local
"i don't get microservices architecture, someone explain",local
not that,local
quick q - walk through hypothesis testing with numbers briefly,local
"Fyi need to know, the s&p 500 market cap right now at the moment",online
"For class tomorrow, real world use case for closures in javascript — struggling with this",local
So is the ipl match still playing right now for the group chat,online
"for class tomorrow, give me a quick rundown of the american civil war causes",local
Mutex vs semaphore tutorial with code,local
walk me through B-tree indexing step by step,local
timeline of when the berlin wall fell,local
the trade deal talks — anything new in the last hour just curious,online
when is it going to rain again,online
breaking news on the supreme court verdict,online
Ok practice problem using integration by parts — struggling with this,local
"hey, any delays on the expressway today before i head out",online
"I don't get database indexing, someone explain",local
the cabinet reshuffle developments as of today pls,online
can you get me an uber to the science museum,online
walk me through message queues step by step with an example,local
"Need this for an interview, immutability in functional programming tutorial with code thanks",local
how do you convert millimeters to decimeters,local
"i lost my luggage, what now",online
which types of questions may i ask you,local
Live score for the ashes series,online
what's something interesting to do kentucky,online
set volume higher,local
i want you to roll a dice,local
thanks for that,local
can you speak slower please,local
Explain ancient egyptian pyramid construction in a short paragraph,local
Is the flyover near the city center closed due to the accident as of now,online
"for class tomorrow, binary search tree — key points to remember for my notes",local
Quick check on the s&p 500 before i trade before i head out,online
any delays on the flyover near the city center today — need it fast,online
tell me something interesting about sperm whales,local
can you check when my flight lands,online
why did the age of exploration key figures happen,local
quick one - who's leading in the t20 world cup game currently in the last hour,online
crude oil price price action this week so far?,online
"Genuinely curious, why did the ottoman empire decline happen pls",local
thank you for the information,local
how would you like to be referred to,local
"need this for an interview, why did the great depression causes happen",local
urgent - is the toll plaza flooded from the downpour right now tonight,online
how about you tell me a joke,local
how do i inform my bank i'm going to paris,online
"Real talk, how humid is it in tokyo right now at the moment",online
what is 4 + 4,local
ok why did when the berlin wall fell happen pls,local
"just checking, latest on the storm system offshore in real time just curious",online
difference between pointers vs references and subqueries in sql,local
"for class tomorrow, version control branching cheat sheet",local
Background on the partition of india for my essay,local
how would you like me to call you,local
"genuinely curious, fourier transform for my calculus homework in simple terms",local
quick one - is the metro line open or blocked at the moment at the moment,online
"Hey, is the flyover near the city center closed due to the accident before my meeting",online
"hey, background on the fall of the roman empire for my essay for my notes",local
what's the temperature outside,online
why did the moon landing mission details happen,local
i would like to request an uber please,online
how do you say i need coffee in dutch,local
Virtual memory — key points to remember,local
can you tell me how old you are,local
quick q - the mughal empire timeline — what actually happened — struggling with this,local
"Genuinely curious, i don't get normalization forms, someone explain — struggling with this",local
Important dates related to the discovery of penicillin,local
bye now,local
"For my homework, laplace transform explained with an example problem for my notes",local
urgent - is the tech layoffs news affecting traffic right now as of now,online
derive permutations and combinations step by step?,local
"fyi need to know, is the highway closed due to the accident at the moment",online
is the expressway flooded from the downpour right now tonight,online
"need this for an interview, primary key vs unique key tutorial with code pls",local
summarize REST vs GraphQL in a few bullet points,local
direct me to the closest korean grocery,online
ngl any delays on the subway line today while i'm stuck in traffic,online
please reset your factory settings,local
derivative of a function for my calculus homework,local
where should i go to eat tonight,online
python throws indexerror out of range in my for loop,local
Difference between process vs thread and binary search tree in simple terms,local
tell me when my flight is scheduled to start boarding,online
please reconfigure yourself back to factory settings,local
can you repeat yourself,local
please reset the factory settings,local
quick one - the la liga clasico score update please for real,online
Ok so eur to usd price right now as of now,online
"real talk, the champions league final highlights from tonight just curious",online
create a reservation novemeber 11 to 15 in cali,online
Practice problem using convex optimization basics thanks,local
call me by my name,local
Ripple xrp rate as of this minute,online
i am wanting to change your name to felix,local
The causes of world war 1 summary for history class briefly,local
ok how to solve problems using logarithm rules with an example,local
"for class tomorrow, integration by parts formula and when to use it thanks",local
The cold war origins — what actually happened,local
"Just heard about the trade deal talks, what's the latest",online
So eigenvalues and eigenvectors — proof and intuition — struggling with this,local
will you help me reserve a rental car for my trip to dallas,online
Dow jones live chart movement right now,online
do i have enough fuel for the drive to tampa,online
Current congestion level on the metro line,online
go back to your factory settings,local
so monolith vs microservices — key points to remember thanks,local
show me something funny about food,local
Bitcoin today's high and low today,online
"genuinely curious, walk through central limit theorem with numbers with an example",local
i need to know my location,online
The euro cup semifinal score update please,online
i'm happy with your answer,local
look for funny jokes,local
"real talk, the highway conditions right now because of the storm tonight",online
Main causes and effects of the printing press invention impact,local
current congestion level on the metro line right now,online
how much does it cost to get my car filled up,online
how to solve problems using fourier transform,local
what about changing the sugar for baking soda,local
what you just said is false,local
"Genuinely curious, how to solve problems using correlation vs causation",local
so traffic status on the main train route this morning for the group chat,online
how long should i cook chicken,local
tell me something funny about adulthood,local
what is the meaning of stupendous,local
are there any travel warnings for london,online
is red lobster busy at 6pm,online
Ok so is the airport terminal open or blocked at the moment right now,online
ripple xrp live chart movement at the moment,online
law of cosines explained with an example problem,local
so apple stock live chart movement in the last hour,online
find a hotel with great reviews in san francisco,online
"real talk, traffic status on the airport terminal this morning this evening",online
is the flight delayed out of chennai due to fog?,online
"For my homework, monolith vs microservices interview question breakdown",local
"Real talk, is the ashes series still playing right now before my meeting",online
it seems not,local
Quick q - stack vs heap memory — key points to remember?,local
can i use flour as a substitute for bread crumbs,local
when's my flight boarding,online
really great!,local
i'm having trouble finding my luggage i was on delta flight ab123 out of new york,online
quick one - the india vs australia test highlights from tonight right now,online
the word 'you' got how many letters,local
"how long have you been around, ai",local
is there a heat advisory in dubai today,online
"For my homework, quick refresher on mutex vs semaphore before my exam with an example",local
"genuinely curious, background on the causes of world war 1 for my essay pls",local
static vs dynamic typing interview question breakdown,local
Main causes and effects of the boston tea party,local
"for class tomorrow, practice problem using matrix multiplication rules",local
the wildfire in the hills status update please as of now,online
what is 1/2 times 5/8,local
background on the printing press invention impact for my essay,local
quick q - generics in java example in python please for my notes,local
i want to reset your settings to the original,local
what is the conversion between tablespoons and cups,local
quick refresher on normalization forms before my exam,local
So did the cabinet reshuffle get resolved yet right now,online
any delays on the airport terminal today this evening,online
Difference between event loop in node and CAP theorem,local
please tell me the status of my southwest flight,online
id like a rental car in denver colorado between january 1st and january 3rd and id like a ford if possible,online
"for class tomorrow, quick refresher on regular expressions before my exam in simple terms",local
what is the definition of altruism,local
"genuinely curious, derive limits and continuity step by step pls",local
how many pints are in 22 gallons,local
urgent - any updates on the protest downtown happening today,online
"Need this for an interview, give me a quick rundown of the fall of the roman empire",local
can i get an uber to union station for 3 riders,online
"yes, that's accurate",local
Quick q - background on the decolonization of africa for my essay,local
does life have a meaning,local
quick one - latest on the supreme court verdict in real time this evening,online
"for class tomorrow, the treaty of versailles terms — what actually happened in simple terms",local
is there a heat advisory in san francisco today,online
Quick refresher on monads in haskell before my exam,local
im going to be in paraguay from january 7th until january 10th,online
urgent - current valuation on nifty 50 rn,online
has the discover card approved my app,online
Urgent - quick check on silver rate before i trade today,online
merge sort for dummies with an example,local
did the flood situation downtown get resolved yet,online
i need an uber to the movies,online
how to solve problems using hypothesis testing,local
is the ashes series still playing right now — need it fast,online
Quick q - how does process vs thread actually work under the hood,local
background on the great depression causes for my essay,local
"for class tomorrow, the pythagorean theorem formula and when to use it thanks",local
that is totally true,local
"hey, important dates related to the theory of evolution basics pls",local
Tcs stock live chart movement pls,online
walk through logarithm rules with numbers,local
who's trending on twitter right now,online
the india vs australia test result just now,online
Logarithm rules explained with an example problem,local
what are four inches in centimeters,local
"for class tomorrow, markov chains explained with an example problem with an example",local
"genuinely curious, main causes and effects of the discovery of penicillin briefly",local
list of countries with travel alerts,online
"For class tomorrow, publish subscribe pattern tutorial with code for revision",local
"Hey, quick check on cardano before i trade before i head out",online
gradient descent math formula and when to use it for revision,local
"for my homework, quick refresher on immutability in functional programming before my exam in simple terms",local
"my luggage did not arrive, please investigate",online
current valuation on bitcoin for real,online
quick q - derive eigenvalues and eigenvectors step by step thanks,local
walk me through thread pools step by step,local
"for class tomorrow, how to solve problems using taylor series expansion before my exam",local
two pointer technique for dummies — struggling with this,local
quick q - the discovery of penicillin summary for history class for revision,local
the euro cup semifinal highlights from tonight no cap,online
Urgent - current congestion level on the metro line as of now,online
may i start referring to you as jeff,local
ok practice problem using standard deviation formula?,local
ngl the metro line conditions right now because of the storm,online
so the expressway conditions right now because of the storm,online
ngl the s&p 500 today's high and low for real,online
"Fyi need to know, how is reliance shares trending today while i'm stuck in traffic",online
bye bye!,local
"need this for an interview, quadratic formula — proof and intuition",local
unit testing vs integration testing tutorial with code,local
explain the wright brothers first flight in a short paragraph,local
tell me how busy macaroni grill will be around 8 pm,online
urgent - ethereum market cap right now?,online
so what's going on with the ceasefire negotiations at the moment before my meeting,online
how do you like to spend your free time,local
i appreciate that answer,local
the partition of india — what actually happened,local
walk through central limit theorem with numbers,local
how good are the ratings for outback steakhouse,online
how many ounces in a gallon,local
ok so current valuation on nasdaq at the moment,online
Tesla stock market cap right now asap,online
how much total gas do i have,online
what do you prefer being called,local
Is ripple xrp pumping or dumping today,online
"can you find out the latest on my credit card application, i haven't heard an update in some time",online
quick q - practice problem using laplace transform?,local
Polymorphism example in python please,local
tell my bank that i'll be in uruguay during january to august,online
"i'm not going to cook today, can you suggest a restaurant",online
"need this for an interview, why is ACID properties used instead of sharding for my notes",local
can you change the way you talk to a male british voice,local
quick q - binary search tree vs unit testing vs integration testing which is better and when,local
Quick one - any delays on the main train route today currently,online
is it acceptable to swap rice for quinoa,local
ok set theory basics explained with an example problem thanks,local
current congestion level on the toll plaza,online
"need this for an interview, quick refresher on polymorphism before my exam?",local
live score for the t20 world cup game,online
So main causes and effects of the cold war origins in simple terms,local
quick one - real time quote for ethereum just curious,online
The wildfire in the hills status update please in the last hour,online
any delays on the main train route today,online
take me to the nearest dairy queen,online
"fyi need to know, current congestion level on the interstate rn",online
tesla stock price right now at the moment,online
what do spanish people say for the word cow,local
what is the exchange rate between british pounds and yen,online
im going to be in jamaica from october 4th until october 8th,online
"for my homework, timeline of the moon landing mission details before my exam",local
"for my homework, why did the signing of the magna carta happen pls",local
notes on binary search tree for my assignment with an example,local
cardano today's high and low,online
why is microservices architecture used instead of docker containers,local
i want the speaker to be louder please,local
"Real talk, who's leading in the champions league final currently",online
the s&p 500 price action this week so far for real,online
does buffalo wild wings take reservations,online
ngl traffic status on the flyover near the city center this morning,online
"i'd like to rent a limo in las vegas from may 01, 2019 to may 03, 2019",online
current valuation on cardano,online
Quick one - the ipl match score update please in the last hour,online
CAP theorem — key points to remember,local
who's leading in the nba game currently,online
how is the s&p 500 trending today,online
How to solve problems using standard deviation formula,local
who is in charge of you,local
how can i go about finding my location right now,online
how would you implement recursion from scratch?,local
Explain the renaissance key artists in a short paragraph,local
"just checking, who's leading in the t20 world cup game currently right now",online
ok so is the harbor bridge open or blocked at the moment just curious,online
walk through the pythagorean theorem with numbers,local
"real talk, reliance shares live chart movement",online
the premier league match highlights from tonight,online
can you give me a spelling for antipathy,local
flip a coin one time,local
"genuinely curious, standard deviation formula explained with an example problem before my exam",local
"fyi need to know, the flood situation downtown — anything new in the last hour pls",online
Is the central bank's rate decision affecting traffic right now,online
what is life’s meaning,local
timeline of the causes of world war 1,local
why is static vs dynamic typing used instead of ci cd pipeline basics,local
why did the causes of world war 1 happen,local
what are people saying about chipotle,online
i want that volume bumped up to 4,local
"real talk, final score of the champions league final before i head out",online
please repeat,local
"for my homework, main causes and effects of the decolonization of africa with an example",local
nifty 50 price right now,online
i want my original settings back,local
Tcs stock today's high and low,online
"for class tomorrow, pros and cons of topological sort briefly",local
can we talk in french,local
"ok i don't get foreign key constraints, someone explain pls",local
please book me a room in austin from tomorrow to the 2nd,online
real world use case for monads in haskell,local
correlation vs causation formula and when to use it,local
ok so nasdaq rate as of this minute,online
walk through hypothesis testing with numbers,local
that would be a no,local
Dogecoin rate as of this minute,online
latest on the power outage in the city in real time today,online
explain eventual consistency with a simple example,local
"fyi need to know, the ashes series highlights from tonight right now",online
what is your name for me,local
is the euro cup semifinal still playing right now at the moment,online
do you know if anyone's even looked at the application i sent in for the new visa card,online
heads or tails,local
"fyi need to know, quick check on eur to usd before i trade today",online
the interstate conditions right now because of the storm today,online
ngl is the vaccine rollout progress affecting traffic right now no cap,online
can you tell me fun facts about lighthouses,local
How does generics in java actually work under the hood with an example,local
the printing press invention impact — what actually happened,local
"Hey, tcs stock price right now this evening",online
many thanks,local
dollar to pesos exchange rate,online
toss a coin and tell me what it lands on,local
ok so is the highway flooded from the downpour right now while i'm stuck in traffic,online
"for my homework, the renaissance key artists — what actually happened",local
what do you put in avocado dip,local
what can i do in nashville,online
so when the berlin wall fell — what actually happened in simple terms,local
my credit card application status,online
Practice problem using fourier transform,local
costa mesa current weather,online
what are my gps coordinates at this location,online
find what the word diaphanous mean please,local
explain pointers vs references with a simple example — struggling with this,local
Quick q - key figures involved in the periodic table history for revision,local
i want to use the female voice now,local
quick one - apple stock live chart movement,online
so the grand slam tennis match score update please while i'm stuck in traffic,online
the champions league final score update please,online
"need this for an interview, law of cosines explained with an example problem?",local
find out how busy ihop usually is around 5 pm,online
"hey, how does ci cd pipeline basics actually work under the hood in simple terms",local
i was on american airlines flight ab123 out of houston and i can't find my luggage,online
Markov chains explained with an example problem,local
Key figures involved in the fall of the roman empire,local
"fyi need to know, latest on the election results in real time — need it fast",online
"need this for an interview, the cold war origins summary for history class with an example",local
urgent - ripple xrp price right now for the group chat,online
"genuinely curious, gradient descent math formula and when to use it?",local
ok how to solve problems using bayes theorem pls,local
bye!,local
live score for the la liga clasico tonight,online
"for class tomorrow, explain stack vs heap memory with a simple example",local
"real talk, the euro cup semifinal score update please while i'm stuck in traffic",online
ok why did ancient egyptian pyramid construction happen before my exam,local
how does ACID properties actually work under the hood thanks,local
is the metro line closed due to the accident right now,online
ngl real time quote for sensex just curious,online
"i don't get big O notation, someone explain",local
Quick q - walk through matrix multiplication rules with numbers before my exam,local
"For my homework, the fall of the roman empire — what actually happened",local
not really,local
please change my name,local
Ngl nifty 50 rate as of this minute in the last hour,online
change the speed of your voice to slower,local
what's affiliate definition,local
"just checking, the world cup qualifier highlights from tonight in the last hour",online
let me know my current location,online
what would you like to refer to me as,local
ngl is the metro line open or blocked at the moment?,online
Ok so is gold rate pumping or dumping today,online
x is your new nickname,local
"hello, may i get your name",local
quick q - how to solve problems using derivative of a function,local
"when you were a child, where did you live",local
"Real talk, the la liga clasico highlights from tonight for the group chat",online
"hey, when should i pick version control branching over graph traversal for revision",local
urgent - final score of the f1 race no cap,online
Main causes and effects of the renaissance key artists,local
where did your parents have you,local
so solid overview of ACID properties for revision in simple terms,local
roll a dice for me,local
"hey, how to solve problems using gradient descent math before my exam",local
what kinds of things would you be able to help me with,local
important dates related to the causes of world war 1,local
Important dates related to the silk road trade routes,local
thank you for the answer,local
gracias,local
Important dates related to the moon landing mission details for revision,local
breaking news on the cyclone warning,online
12 feet is equal to how many inches,local
"hey, crude oil price today's high and low pls",online
could you tell me the name of your boss,local
where can i rent a car in boston,online
walk through correlation vs causation with numbers,local
connection pooling cheat sheet,local
how low is my gas tank,online
nifty 50 today's high and low before i head out,online
i need a rental car,online
tell me some interesting trivia about dinosaurs,local
so live score for the t20 world cup game tonight,online
is there an update on flight dl123,online
i want you reset to factory settings,local
the meaning of life,local
garbage collection vs sharding which is better and when pls,local
are things going well for you,local
what languages can i switch to for your responses,local
i want to thank you for helping,local
ok why did the boston tea party happen,local
ok so should i carry an umbrella in singapore today in the last hour,online
"i keep forgetting load balancing, break it down for me",local
Laplace transform — proof and intuition briefly,local
"for my homework, heap data structure, explain like i'm a beginner coder for my notes",local
quick q - why did the silk road trade routes happen before my exam,local
solid overview of race conditions for revision,local
which company can i credit your design to,local
"Just checking, is the election results still ongoing this morning",online
please speak slower,local
quick one - usd to inr price right now as of now,online
tell me a little more about the status of my credit card application,online
look up qat please,local
"lets do a coin toss, i call tails",local
"Genuinely curious, bayes theorem for my calculus homework briefly",local
get me an uber for 4 heading to miam,online
throw the dice!,local
can i use sharp cheddar instead of muenster,local
i prefer to go by brad,local
Ok quick refresher on foreign key constraints before my exam with an example,local
how do i know that you're a person,local
"for my homework, compare trie data structure and multithreading in java in one paragraph in simple terms",local
tell the meaning of life,local
matrix multiplication rules explained with an example problem,local
i would like to know when you were born,local
"so just heard about the election results, what's the latest no cap",online
Ngl who's leading in the premier league match currently for real,online
what do you put in a tibetan omelette,local
Deadlocks vs message queues which is better and when,local
can you just use regular milk instead of buttermilk,local
Give me a quick rundown of the causes of world war 1,local
thanks for talking to me,local
what goes in broccoli cheddar soup,local
should i regard you as a human or as a computer,local
explain how a hash table resolves collisions,local
"for my homework, derive set theory basics step by step with an example",local
ok so did the tech layoffs news get resolved yet this evening,online
Garbage collection for dummies in simple terms,local
do you have a name i should call you by,local
i believe that's true,local
"Fyi need to know, final score of the f1 race just curious",online
"real talk, any delays on the subway line today today",online
i'd like to find a hotel in tampa that people liked enough to leave good reviews about,online
tell me whether i need an international visa to go to mexico,online
timeline of the discovery of penicillin,local
"Fyi need to know, the ipl match highlights from tonight for the group chat",online
ok pros and cons of bit manipulation tricks,local
can you find out what happened to my luggage,online
Quick one - the s&p 500 price action this week so far — need it fast,online
Textbook definition of REST vs GraphQL,local
virtual memory — key points to remember,local
the definition of affiliate is,local
what is the traffic nearest lexington,online
"For my homework, derive matrix multiplication rules step by step briefly",local
so solana rate as of this minute,online
Walk me through joins in sql step by step,local
Ngl will it rain in dubai in the next few hours?,online
"genuinely curious, solid overview of regular expressions for revision with an example",local
probability distributions — proof and intuition,local
Explain the moon landing mission details in a short paragraph,local
"for class tomorrow, background on the american civil war causes for my essay briefly",local
thanks for the help!,local
"real talk, live score for the world cup qualifier for real",online
"need this for an interview, laplace transform — proof and intuition",local
"so primary key vs unique key, explain like i'm a beginner coder with an example",local
Urgent - is the main train route flooded from the downpour right now right now,online
where's a good place to go if i want to see mountains,online
"need this for an interview, i don't get pointers vs references, someone explain with an example",local
how many pesos equals 500 dollars,online
so the ashes series highlights from tonight for real,online
at what point will this flight start letting people board,online
so infosys shares market cap right now at the moment,online
Is nifty 50 pumping or dumping today,online
is there a meaning in life,local
can you tell me when my credit card application will be processed,online
tell me what you think my name is,local
"hey, current valuation on eur to usd this morning",online
what kinds of questions can i ask of you,local
"for class tomorrow, important dates related to the great depression causes pls",local
so important dates related to when the berlin wall fell briefly,local
does stanleys take brunch reservations,online
quick refresher on generics in java before my exam,local
ok walk through chain rule in calculus with numbers,local
how clogged are the streets before the stadium,online
"just checking, is the metro line flooded from the downpour right now pls",online
"Need this for an interview, how to solve problems using central limit theorem before my exam",local
the ufc fight card result just now rn,online
"for class tomorrow, the decolonization of africa summary for history class",local
ok the treaty of versailles terms — what actually happened in simple terms,local
the ufc fight card highlights from tonight pls,online
"where is the nearest gas station to 20th and market streets, in philadelphia, pa",online
flip a coin for me i call tails,local
the ashes series highlights from tonight,online
explain map reduce filter functions with a simple example,local
so sensex rate as of this minute rn,online
what ingredients are in dough,local
crude oil price today's high and low — need it fast,online
how to solve problems using central limit theorem?,local
locate lost luggage from flight america airlines in o'hare,online
How to solve problems using integration by parts,local
so multiple inheritance in python — key points to remember for my notes,local
"Need this for an interview, derive law of sines step by step before my exam",local
mock objects in testing vs topological sort which is better and when,local
the s&p 500 live chart movement,online
apple stock price action this week so far,online
"Genuinely curious, the pythagorean theorem for my calculus homework — struggling with this",local
find an uber xl to take me to the kroger near me,online
i want to buy a plane ticket to travel from miami to honolulu on the 29th of february i need a return flight on march 5th,online
i wonder if you can explain the meaning of life,local
ok so how is solana trending today this evening,online
"book a flight from miami, fl to columbus, ga on 16 february 2019 and returning on 2 march 2019",online
"hey, current air quality index in bangalore",online
it was good chatting,local
real time quote for reliance shares,online
who won the f1 race last night,online
Ok so is the main train route closed due to the accident for the group chat,online
is it necessary to apply for a tourist visa for mexico,online
quick one - the ufc fight card highlights from tonight this evening,online
are you doing okay,local
buy delta ticket madison to atlanta,online
Event loop in node interview question breakdown,local
"what are you, a bot or human",local
"in nashville, i need a rental car booked",online
compare connection pooling and foreign key constraints in one paragraph,local
is it safe to drive in kolkata with this storm pls,online
ai who made you,local
i need a timer for 20 seconds,local
what ingredients do i need to make pizza,local
what amount of gas is in my car,online
"quick one - just heard about the election results, what's the latest for real",online
that is not true,local
how long should i cook the eggs for,local
israel has strict restrictions do i need a visa to travel there,online
"for class tomorrow, derive logarithm rules step by step before my exam",local
how bad is the earthquake near the coast right now tonight,online
how can you assist me,local
give me a quick rundown of the signing of the magna carta,local
"hey, real time quote for infosys shares as of now",online
Regular expressions example in python please,local
Urgent - is the toll plaza closed due to the accident,online
i love dad jokes can you tell me one,local
ok explain when the berlin wall fell in a short paragraph in simple terms,local
urgent - who won the nba game last night at the moment,online
i would have to say yes as my answer,local
"need this for an interview, hypothesis testing for my calculus homework",local
ok so is the flyover near the city center closed due to the accident?,online
"Genuinely curious, walk through bayes theorem with numbers — struggling with this",local
Ngl the ipl match result just now at the moment,online
"hey, how would you implement message queues from scratch before my exam",local
what do i need to get to make lasagne,local
notes on ACID properties for my assignment for revision,local
"Hey, is the border tensions still ongoing this morning",online
is it acceptable to swap chicken for pork,local
is there traffic on bramble lane,online
do you have a name,local
"for my homework, timeline of ancient egyptian pyramid construction",local
trie data structure example in python please,local
Quick one - the cyclone warning — anything new in the last hour for the group chat,online
set a ten second timer,local
convert 2 inches to meters,local
Is the harbor bridge closed due to the accident,online
practice problem using markov chains in simple terms,local
"real talk, any updates on the ceasefire negotiations happening today pls",online
Ok so the flyover near the city center conditions right now because of the storm for real,online
Quick one - the grand slam tennis match score update please tonight,online
"hey, quick refresher on inheritance vs composition before my exam pls",local
the flyover near the city center conditions right now because of the storm,online
what time will my flight reach the destination,online
"just checking, final score of the ipl match right now",online
what name is mine,local
quick one - real time quote for tesla stock right now,online
law of cosines formula and when to use it,local
nifty 50 live chart movement,online
i don't know how to spell circumference,local
is the ipl match still playing right now asap,online
i don't know how to spell threshold,local
i will need an uber for 2 people to get to philadelphia,online
the ipl match score update please,online
When should i pick publish subscribe pattern over subqueries in sql,local
when should i pick subqueries in sql over binary search tree,local
ok how would you implement operator overloading in c++ from scratch in simple terms,local
so real world use case for dijkstra's algorithm — struggling with this,local
what's my location,online
ok so the highway conditions right now because of the storm,online
main causes and effects of the silk road trade routes,local
quick one - who's leading in the ashes series currently before i head out,online
does my car have enough gas to get to atlantic city,online
can you tell me any truly funny knock knock jokes,local
"just checking, crude oil price rate as of this minute pls",online
Quick q - notes on hash map for my assignment before my exam,local
Real world use case for greedy algorithms pls,local
what's my name huh,local
what is the yen worth in terms of the peso,online
"genuinely curious, quick refresher on generics in java before my exam",local
quick one - quick check on eur to usd before i trade tonight,online
are there travel alerts for europe,online
Key figures involved in the periodic table history in simple terms,local
So final score of the ufc fight card just curious,online
"Need this for an interview, the great depression causes — what actually happened",local
"hey, did cardano go up or down this morning asap",online
"Hey, nvidia stock price right now before i head out",online
ok so did crude oil price go up or down this morning just curious,online
"if you can do accents, i want to hear you talk like david bowie",local
i'm grateful for the assistance,local
i'd like to see if there's a travel alert for the country,online
So the flyover near the city center conditions right now because of the storm today,online
the election results — anything new in the last hour,online
who won the wimbledon final last night as of now,online
please set a timer for me,local
is the flight delayed out of mumbai due to fog this evening,online
"Real talk, live score for the india vs australia test tonight",online
so two pointer technique interview question breakdown,local
has my credit card application been processed,online
current valuation on ripple xrp today,online
is the flight delayed out of chennai due to fog,online
what name do you answer to,local
so is the t20 world cup game still playing right now for the group chat,online
"Hey, solid overview of process vs thread for revision",local
"genuinely curious, explain pointers vs references with a simple example briefly",local
"need this for an interview, garbage collection example in python please?",local
pros and cons of version control branching,local
what does the word abjure mean,local
the expressway conditions right now because of the storm right now,online
"genuinely curious, pros and cons of dijkstra's algorithm",local
joins in sql tutorial with code,local
Tesla stock price action this week so far,online
are you working for me,local
"for class tomorrow, explain the industrial revolution key inventions in a short paragraph",local
timeline of the partition of india,local
would you tell me a joke,local
So the ufc fight card highlights from tonight asap,online
are you ai or a real person please,local
do they take reservations at bar tartine,online
how busy will chili's be if i go at 6 pm,online
"hey, is the subway line closed due to the accident today",online
what things can i do in portland,online
"for class tomorrow, background on the discovery of penicillin for my essay",local
"fyi need to know, the parliament session today — anything new in the last hour before i head out",online
"fyi need to know, current congestion level on the main train route before my meeting",online
ok pros and cons of REST vs GraphQL pls,local
Topological sort for dummies,local
Key figures involved in the wright brothers first flight,local
Is the main train route flooded from the downpour right now,online
"For class tomorrow, main causes and effects of the treaty of versailles terms briefly",local
how to solve problems using central limit theorem in simple terms,local
current air quality index in hyderabad,online
"Hey, tesla stock market cap right now at the moment",online
the ipl match result just now currently,online
"real talk, is the metro line open or blocked at the moment as of now",online
how do i get to the museum on foot,online
urgent - any updates on the central bank's rate decision happening today,online
the american civil war causes summary for history class before my exam,local
"fyi need to know, traffic status on the subway line this morning no cap",online
The french revolution timeline summary for history class,local
Any updates on the tech layoffs news happening today,online
"Need this for an interview, walk through laplace transform with numbers briefly",local
Traffic status on the toll plaza this morning,online
how could i say twin in chinese,local
i need your language setting to be russian now,local
so nvidia stock price action this week so far right now,online
ngl the world cup qualifier score update please before my meeting,online
quick one - the protest downtown developments as of today,online
what's the highest chance of rain for today,online
"real talk, bitcoin price action this week so far currently",online
"need this for an interview, timeline of the wright brothers first flight?",local
is the flight delayed out of mumbai due to fog before my meeting,online
it was great to have this conversation with you,local
usually people refer to me as brad,local
"For class tomorrow, explain the american civil war causes in a short paragraph for my notes",local
how do i spell catheter,local
what name should i use to call for you,local
spell antipathy for me,local
what is the correct way to say 'i am a visitor' in french,local
"hey, important dates related to the renaissance key artists for my notes",local
that's not right,local
"genuinely curious, the unification of germany summary for history class for my notes",local
ok how does kubernetes pods actually work under the hood pls,local
make the speakers louder,local
"for class tomorrow, derive hypothesis testing step by step",local
how is your day,local
what's lifes meaning,local
what spanish word means hello,local
"For my homework, quick refresher on ci cd pipeline basics before my exam thanks",local
what do people find funny about food,local
The cold war origins summary for history class,local
Who's leading in the la liga clasico currently this evening,online
Explain thread pools with a simple example — struggling with this,local
does finland have any travel alerts i should be aware of,online
Generics in java — key points to remember thanks,local
Is infosys shares pumping or dumping today rn,online
The ipl match highlights from tonight,online
how do you spell asian,local
is there enough fuel to make it to the walmart,online
Urgent - the airline strike status update please before my meeting,online
give me a quick rundown of ancient egyptian pyramid construction before my exam,local
ngl is the earthquake near the coast affecting traffic right now — need it fast,online
please repeat yourself,local
"For my homework, notes on recursion for my assignment?",local
what potential hazards are there for going to spain,online
what would you like to be called,local
"for class tomorrow, the french revolution timeline — what actually happened briefly",local
are people recommending the donuts at tgi,online
"i don't get version control branching, someone explain",local
"Genuinely curious, important dates related to the renaissance key artists?",local
summarize merge sort in a few bullet points,local
ok so current valuation on the s&p 500 in the last hour,online
i am going to australia and want to be notified of any travel alerts,online
is there really an answer to the meaning of life,local
appreciate the help,local
compare race conditions and eventual consistency in one paragraph,local
Partial derivatives explained with an example problem before my exam,local
"For class tomorrow, how would you implement SOLID principles from scratch",local
ok partial derivatives explained with an example problem,local
speak at a slower rate,local
tell me what monstrosity means,local
can you do algebra,local
the french revolution timeline summary for history class,local
how many meters are in 10 millimeters,local
ok so how is sensex trending today,online
quick q - real world use case for subqueries in sql in simple terms,local
"real talk, is the metro line open or blocked at the moment today",online
"Real talk, is the cabinet reshuffle still ongoing while i'm stuck in traffic",online
how bad is the traffic waiting for the staten island ferry at 8 am,online
quick one - any delays on the main train route today at the moment,online
flip a quarter,local
"real talk, is it safe to drive in chicago with this storm while i'm stuck in traffic",online
when the berlin wall fell summary for history class,local
lets go with heads or tails,local
how many kilos are in 25 pounds,local
"hey, explain the ottoman empire decline in a short paragraph?",local
so integration by parts — proof and intuition before my exam,local
is the ufc fight card still playing right now,online
quick one - final score of the champions league final as of now,online
how do i say thank you in japanese,local
how should i say hello in french,local
background on the industrial revolution key inventions for my essay,local
timeline of the moon landing mission details,local
ngl who's leading in the ufc fight card currently at the moment,online
what is the right way to spell superficial,local
the metro line conditions right now because of the storm,online
what do you have my name saved under,local
what can you answer for me,local
reset the factory settings please,local
what's your brand,local
"fyi need to know, dow jones market cap right now in the last hour",online
i say no to that question,local
can i use normal flour if i don't have bread flour,local
do you know how i get to olympia by bus,online
explain deadlocks with a simple example before my exam,local
main causes and effects of the discovery of penicillin,local
i need you to your volume,local
"Real talk, who's leading in the euro cup semifinal currently before my meeting",online
quick q - practice problem using partial derivatives with an example,local
does redrobin do reservations,online
"fyi need to know, is the main train route flooded from the downpour right now no cap",online
so important dates related to the printing press invention impact before my exam,local
"caching strategies, explain like i'm a beginner coder in simple terms",local
final score of the wimbledon final currently,online
who were you made by,local
is it correct to say you work for me,local
Urgent - current congestion level on the metro line before my meeting,online
walk through standard deviation formula with numbers,local
who's leading in the euro cup semifinal currently tonight,online
"for the dates april 1st to the 7th, find me round trip air tickets from la to sfo",online
the boston tea party — what actually happened,local
Solana price right now,online
Final score of the ashes series,online
roll the die!,local
what is the traffic like on the way to kaneohe,online
how can i locate where i am,online
"i did not hear you, please repeat",local
Ok why did the age of exploration key figures happen — struggling with this,local
"how are you doing today, ai",local
what's causing the traffic jam on the ring road now,online
"quick one - just heard about the heatwave alert, what's the latest before i head out",online
background on the age of exploration key figures for my essay,local
what time will my flight be boarding,online
i need you to switch to my original settings,local
so derive laplace transform step by step briefly,local
how to solve problems using laplace transform,local
the unit test passes locally but fails in the ci pipeline,local
quick sort interview question breakdown,local
change mode to whisper,local
i would like you to revert to your factory settings,local
give me a quick rundown of the age of exploration key figures for my notes,local
"need this for an interview, how would you implement foreign key constraints from scratch briefly",local
Why did the american civil war causes happen,local
turn your vocals down,local
what's the precise coordinates of this place,online
how would you implement linked list from scratch,local
Ok so the supreme court verdict status update please today,online
"for my homework, why did the silk road trade routes happen for my notes",local
"real talk, solana today's high and low tonight",online
tell me about the reviews for chilis,online
what types of activities do you enjoy,local
when will we begin to board my scheduled flight,online
who won the t20 world cup game last night,online
Explain the ottoman empire decline in a short paragraph with an example,local
"hey, derivative of a function explained with an example problem for revision",local
does gramercy tavern in new york accept reservations,online
i'd love to hear a joke,local
ai goodbye,local
any delays on the interstate today before my meeting,online
Walk me through map reduce filter functions step by step,local
real time quote for reliance shares tonight,online
quick check on reliance shares before i trade for real,online
quick one - is it safe to drive in paris with this storm tonight,online
i am john,local
can you tell me life's meaning,local
urgent - current congestion level on the harbor bridge while i'm stuck in traffic,online
Key figures involved in the french revolution timeline,local
Urgent - latest on the airline strike in real time for the group chat,online
use whisper voice,local
where should i book my next trip,online
quick one - sensex price action this week so far,online
make delta reservation from madison to atlanta,online
let’s chat using spanish,local
did you grow up here,local
quick one - the ipl match score update please for the group chat,online
law of sines for my calculus homework,local
how many people do you think will be at applebees at 7,online
your boss is,local
eur to usd rate as of this minute,online
i want to set a timer,local
"for class tomorrow, law of sines explained with an example problem briefly",local
"fyi need to know, is the storm system offshore still ongoing for real",online
did tesla stock go up or down this morning tonight,online
The ufc fight card score update please currently,online
showme how to find my location,online
important dates related to the decolonization of africa,local
is the interstate flooded from the downpour right now at the moment,online
tcs stock market cap right now while i'm stuck in traffic,online
"Need this for an interview, practice problem using derivative of a function briefly",local
when does my flight arrive,online
"for class tomorrow, law of cosines explained with an example problem before my exam",local
ok so current valuation on cardano while i'm stuck in traffic,online
what is today's high temperature predicted to be,online
key figures involved in the fall of the roman empire — struggling with this,local
Walk through linear regression math with numbers,local
help me figure out the meaning of life,local
"real talk, final score of the nba game for the group chat",online
Final score of the premier league match,online
how long should i cook a ny steak,local
important dates related to the industrial revolution key inventions?,local
what's the funnest thing for a tourist to do in iceland,online
So how to solve problems using gradient descent math,local
name some things i should do while in evans,online
cardano live chart movement,online
ok so the grand slam tennis match result just now right now,online
walk me through quick sort step by step,local
ok walk through partial derivatives with numbers pls,local
how to i get to the mall on foot,online
call an uber to mark's house,online
ngl did gold rate go up or down this morning while i'm stuck in traffic,online
when should i pick race conditions over sliding window technique,local
Is it safe to drive in bangalore with this storm,online
i thank you,local
"just checking, traffic status on the airport terminal this morning in the last hour",online
no that isn't it,local
can you find me a roundtrip flight from orlando to austin for 3/28 to 4/5,online
quick q - laplace transform for my calculus homework in simple terms,local
ok so breaking news on the vaccine rollout progress currently,online
Ok so breaking news on the parliament session today just curious,online
explain how python's gil affects multithreading,local
"genuinely curious, logarithm rules formula and when to use it pls",local
do they take reservations at bjs,online
Any updates on the heatwave alert happening today,online
"for my homework, walk me through closures in javascript step by step — struggling with this",local
How would you implement foreign key constraints from scratch,local
what is 1785 minus 334 minus 87 plus 374 minus 400 plus 17,local
so why did the signing of the magna carta happen for my notes,local
how old are you again,local
Ok ci cd pipeline basics for dummies with an example,local
convex optimization basics formula and when to use it,local
i need a car rental for the first and fifth in denver and i'd like a subaru,online
denormalization tutorial with code — struggling with this,local
"hello, ai",local
show me where i am on the map,online
what is 35 times 23,local
i will need a rental car since i'm going to travel to new york,online
quick one - quick check on tcs stock before i trade as of now,online
what's going on with the flood situation downtown at the moment,online
"just checking, who's leading in the ufc fight card currently today",online
who made you ai,local
"real talk, how bad is the wildfire in the hills right now for the group chat",online
textbook definition of mutex vs semaphore,local
urgent - any delays on the main train route today at the moment,online
will it snow this weekend,online
"Need this for an interview, explain the french revolution timeline in a short paragraph?",local
quick one - crude oil price market cap right now tonight,online
is the highway open or blocked at the moment rn,online
multithreading in java interview question breakdown,local
"fyi need to know, the subway line conditions right now because of the storm right now",online
is there a travel alert for that country,online
Give me a quick rundown of the moon landing mission details thanks,local
final score of the la liga clasico this morning,online
any breaking news from the parliament session today,online
"just checking, current valuation on apple stock in the last hour",online
do you have any idea what my name is,local
so the ottoman empire decline summary for history class for revision,local
"i keep forgetting map reduce filter functions, break it down for me?",local
Quick q - how would you implement generics in java from scratch,local
logarithm rules explained with an example problem for revision,local
"just checking, who won the euro cup semifinal last night pls",online
i need to know who programmed you,local
so is the ring road open or blocked at the moment asap,online
slow down your speech,local
i want to learn a neat fact about black holes,local
what is your country of origin,local
"hey, the la liga clasico highlights from tonight for real",online
why is SOLID principles used instead of TCP vs UDP,local
"hey, the supreme court verdict developments as of today pls",online
"hey, final score of the premier league match right now",online
notes on git rebase vs merge for my assignment,local
can i switch cream with milk in a recipe,local
difference between deadlocks and race conditions,local
so who's leading in the f1 race currently before i head out,online
ok so is the toll plaza flooded from the downpour right now before my meeting,online
So main causes and effects of the decolonization of africa with an example,local
should i carry an umbrella in los angeles today,online
what's the traffic like on my way to the terminal,online
can you speed up your speech please,local
appreciate it,local
can you tell me how to figure out my current location,online
can you tell me what you think the meaning of life is,local
normalization forms cheat sheet,local
nvidia stock live chart movement — need it fast,online
"I don't get binary search tree, someone explain",local
"Just checking, any delays on the interstate today no cap",online
is there a car rental available from tuesday to thursday out of lax,online
summarize lambda expressions in a few bullet points,local
tell me something amusing,local
ok timeline of the french revolution timeline — struggling with this,local
what sorts of things am i able to ask of you ai,local
what is your explanation for the meaning of life,local
"For my homework, load balancing example in python please?",local
quick q - give me a quick rundown of the fall of the roman empire for revision,local
"for my homework, why did the fall of the roman empire happen thanks",local
read me a definition for qat,local
any new covid variant news this week,online
quick one - who won the nba game last night before my meeting,online
how many days old are you,local
so infosys shares price right now just curious,online
Live score for the ipl match,online
walk through law of cosines with numbers,local
"hey, what's going on with the covid case numbers at the moment no cap",online
important dates related to the periodic table history,local
what's happening,local
quick one - traffic status on the main train route this morning no cap,online
"for class tomorrow, the russian revolution 1917 summary for history class for revision",local
"ai, please roll the dice",local
you will be called rose from now on,local
can you give me some suggestions to go site seeing when i get there,online
any delays on the highway today before i head out,online
Important dates related to the boston tea party,local
i need your name,local
tail recursion tutorial with code?,local
Ok so is dow jones pumping or dumping today for the group chat,online
Quick q - permutations and combinations explained with an example problem,local
Compare graph traversal and static vs dynamic typing in one paragraph,local
chain rule in calculus formula and when to use it for revision,local
What's going on with the heatwave alert at the moment,online
i need meteorological data for tallahassee,online
what do you get when you roll a dice with five sides,local
how do you say goodbye in spanish,local
"just checking, infosys shares price action this week so far",online
why is dependency injection used instead of ci cd pipeline basics,local
you can call me cindy,local
convex optimization basics for my calculus homework,local
i need to book a roundtrip flight from dallas to los angeles from march 2 to march 10,online
real time quote for tesla stock,online
compare inheritance vs composition and deadlocks in one paragraph before my exam,local
"need this for an interview, solid overview of mutex vs semaphore for revision with an example",local
that would be awesome,local
i need to know if i need a visa to travel to el salvador,online
is the flyover near the city center closed due to the accident,online
"need this for an interview, derive vector cross product step by step in simple terms",local
do i need a visa to scotland,online
"fyi need to know, is the highway closed due to the accident before i head out",online
"need this for an interview, explain the printing press invention impact in a short paragraph?",local
"for my homework, the causes of world war 1 summary for history class",local
please roll the 5 sided dice,local
ngl is the flight delayed out of hyderabad due to fog right now,online
i need to know somthing funny,local
notes on TCP vs UDP for my assignment,local
Ok so how humid is it in kolkata right now as of now,online
what is the temperature in costa mesa,online
Pros and cons of inheritance vs composition,local
"need this for an interview, how to solve problems using integration by parts with an example",local
"inheritance vs composition, explain like i'm a beginner coder",local
ok so did tesla stock go up or down this morning today,online
"just checking, how bad is the protest downtown right now — need it fast",online
what expression would i use to say i love you if i were an italian,local
So pros and cons of merge sort,local
who won the f1 race last night while i'm stuck in traffic,online
So the boston tea party summary for history class for my notes,local
"is there anything fun to do in manassas, virginia",online
the tech layoffs news — anything new in the last hour right now,online
urgent - the harbor bridge conditions right now because of the storm in the last hour,online
Difference between connection pooling and hash map,local
"real talk, how is usd to inr trending today in the last hour",online
"genuinely curious, vector cross product for my calculus homework briefly",local
urgent - reliance shares price action this week so far today,online
"just checking, current congestion level on the flyover near the city center",online
do you have an employer,local
is nvidia stock pumping or dumping today this evening,online
what do you think i am called,local
is the flight delayed out of sydney due to fog,online
book me a hotel in pittsburgh near grant street for 3/15 through 3/18,online
any good pizza restaurants around here,online
cumin may be substituted for tumeric,local
i wanna know the status of flight dl123,online
is the metro line open or blocked at the moment pls,online
how to solve problems using taylor series expansion thanks,local
Standard deviation formula — proof and intuition,local
ok so the s&p 500 rate as of this minute rn,online
quick q - when should i pick topological sort over abstract class vs interface?,local
will it rain in singapore in the next few hours,online
is ethereum gas fee high right now,online
where is your original location,local
so subqueries in sql example in python please briefly,local
breaking news on the central bank's rate decision,online
quick q - quick refresher on lambda expressions before my exam before my exam,local
"goodbye, ai assistant",local
how many times can 12 go into 600,local
set theory basics explained with an example problem,local
ok derive markov chains step by step with an example,local
probability distributions explained with an example problem thanks,local
how can i tell my bank i'm going to vietnam,online
what is 2 francs in euros,online
give me some trivia about lebron james,local
get me a room in cali on november 11 to 15,online
the dice need to be rolled,local
Merge sort tutorial with code?,local
set theory basics formula and when to use it,local
so explain the mughal empire timeline in a short paragraph pls,local
i'm traveling tony soon and want to inform my bank,online
How to solve problems using fourier transform in simple terms,local
"when travelling in chicago, what kinds of attractions should i see",online
"For class tomorrow, the fall of the roman empire — what actually happened in simple terms",local
"fyi need to know, just heard about the cyclone warning, what's the latest?",online
"real talk, nasdaq price right now?",online
how does B-tree indexing actually work under the hood,local
thanks for answering my question,local
where's your place of birth,local
what did you just mention,local
notes on thread pools for my assignment,local
so important dates related to the partition of india for my notes,local
how many tablespoons are in a cup,local
quick one - the protest downtown status update please while i'm stuck in traffic,online
live score for the grand slam tennis match — need it fast,online
"just checking, dogecoin price right now?",online
Main causes and effects of the cold war origins,local
where is your home located,local
what is the wait supposed to be at zippys,online
quick q - eigenvalues and eigenvectors for my calculus homework pls,local
compare bit manipulation tricks and database indexing in one paragraph,local
notes on SOLID principles for my assignment,local
"just checking, is the flyover near the city center open or blocked at the moment",online
"fyi need to know, who won the world cup qualifier last night asap",online
timeline of the great depression causes,local
The trade deal talks status update please,online
you should respond in english,local
what's the best way to get to my bank by walking,online
switch to the whisper mode,local
please say that one more time,local
i need to know how to spell superficial,local
"genuinely curious, how would you implement virtual functions in c++ from scratch in simple terms",local
do i need an international visa to go to south korea,online
ok so is the main train route closed due to the accident for real,online
why is subqueries in sql used instead of dynamic programming,local
should i carry an umbrella in new york today,online
Did reliance shares go up or down this morning before i head out,online
ok so gold rate rate as of this minute — need it fast,online
come again with that,local
tell me my current location,online
"Need this for an interview, key figures involved in the cold war origins pls",local
ok matrix multiplication rules for my calculus homework for my notes,local
tell me a few facts about cats,local
i need an uber for 2 for orlando,online
"Fyi need to know, is the subway line flooded from the downpour right now tonight",online
Difference between virtual functions in c++ and foreign key constraints,local
So timeline of the industrial revolution key inventions?,local
So reliance shares price right now rn,online
how to solve problems using permutations and combinations briefly,local
so central limit theorem explained with an example problem for my notes,local
i need to know what the traffic is like on the way to phoenix,online
how are you this fine day,local
quick pulse check on dogecoin today for real,online
"asynchronous programming, explain like i'm a beginner coder",local
law of cosines — proof and intuition,local
"for class tomorrow, explain load balancing with a simple example with an example",local
"awesome, thanks",local
"genuinely curious, important dates related to the boston tea party",local
"Real talk, how humid is it in kolkata right now at the moment",online
tell me what cyst means,local
flip the coin,local
lower the volume,local
Latest on the trade deal talks in real time before my meeting,online
"For class tomorrow, main causes and effects of the discovery of penicillin thanks",local
would you please increase your speaker volume,local
"for class tomorrow, permutations and combinations for my calculus homework for revision",local
"i keep forgetting multiple inheritance in python, break it down for me",local
this was a great conversation,local
how to solve problems using gradient descent math thanks,local
how humid is it in san francisco right now,online
"real talk, how humid is it in chicago right now before i head out",online
current air quality index in los angeles,online
when should i pick linked list over thread pools,local
what hobbies do you like,local
"for class tomorrow, background on the silk road trade routes for my essay in simple terms",local
explain tail recursion with a simple example for revision,local
is it raining,online
how are you this day,local
"Fyi need to know, dow jones market cap right now currently",online
any updates on the protest downtown happening today,online
"genuinely curious, fourier transform explained with an example problem",local
please speak with the whisper voice,local
how many years do you have,local
"hey, i don't get regular expressions, someone explain in simple terms",local
textbook definition of immutability in functional programming,local
what's the right spelling of rambunctious,local
who formed you,local
go back to factory settings now,local
"just checking, any delays on the toll plaza today",online
what is the traffic like on the way to work,online
ok when should i pick CAP theorem over asynchronous programming for my notes,local
please help me book a place to stay in pittsburgh from monday to friday,online
"Fyi need to know, will it rain in bangalore in the next few hours just curious",online
"just checking, nasdaq today's high and low today",online
quick one - the election results — anything new in the last hour rn,online
thanks for talking,local
"Fyi need to know, the s&p 500 rate as of this minute in the last hour",online
"need this for an interview, timeline of the theory of evolution basics for my notes",local
how does SOLID principles actually work under the hood,local
urgent - is the vaccine rollout progress affecting traffic right now for the group chat,online
The airline strike — anything new in the last hour,online
what types of things do you know,local
explain the cold war origins in a short paragraph pls,local
the programmer who made you is who,local
please check the amount of gas i have,online
"for my homework, explain the boston tea party in a short paragraph thanks",local
is it ok to sub sugar for salt,local
would you mind switching to whisper mode,local
"just checking, infosys shares price action this week so far tonight",online
"for my homework, walk through linear regression math with numbers",local
who won the champions league final last night before my meeting,online
"in aiken, get me a rental for may 12 to may 16",online
ngl quick check on bitcoin before i trade,online
what do i need to make a cake,local
"real talk, is the grand slam tennis match still playing right now at the moment",online
"for class tomorrow, key figures involved in the printing press invention impact for revision",local
i want to update you name now,local
"are there any interesting things to do in atlanta, georgia",online
do a british male accent only,local
did nasdaq go up or down this morning — need it fast,online
go back to normal mode please,local
who's leading in the euro cup semifinal currently,online
Is the ring road closed due to the accident,online
"yes, that is right",local
walk through markov chains with numbers,local
"just checking, gold rate today's high and low",online
"for my homework, solid overview of graph traversal for revision",local
"For my homework, background on the moon landing mission details for my essay — struggling with this",local
what would four inches be in centimeters,local
i would like an uber please,online
i lost my luggage coming from chicago on delta flight ab123,online
what's your place of manufacture,local
convex optimization basics — proof and intuition thanks,local
"Need this for an interview, set theory basics for my calculus homework thanks",local
add twelve and twelve please,local
"Need this for an interview, summarize sliding window technique in a few bullet points briefly",local
what do you mix to make a chocolate cake,local
goodbye!,local
Key figures involved in the boston tea party for my notes,local
i need to know who is your boss,local
please look into the latest status of my credit card application,online
normalization in databases for dummies,local
taylor series expansion explained with an example problem in simple terms,local
what ingredients do i need for tacos,local
summarize asynchronous programming in a few bullet points,local
"hey, why did the printing press invention impact happen?",local
decrease the speed of your speech please,local
ngl did the cabinet reshuffle get resolved yet asap,online
The premier league match score update please at the moment,online
"Genuinely curious, logarithm rules — proof and intuition for revision",local
"i keep forgetting immutability in functional programming, break it down for me",local
is the flight delayed out of berlin due to fog while i'm stuck in traffic,online
Current congestion level on the highway,online
"just checking, tcs stock price right now right now",online
"Genuinely curious, derive standard deviation formula step by step for revision",local
"hey, important dates related to the mughal empire timeline in simple terms",local
so important dates related to the russian revolution 1917 — struggling with this,local
are there any negative reviews for wendy's,online
what are the reviews like at minnis,online
what is the weather report for costa mesa,online
so closures in javascript tutorial with code before my exam,local
test driven development vs graph traversal which is better and when,local
timeline of the treaty of versailles terms,local
"Fyi need to know, gold rate today's high and low asap",online
"for my homework, probability distributions — proof and intuition in simple terms",local
please flip a coin i hope its tails,local
ngl the cyclone warning developments as of today,online
sensex live chart movement,online
how many cups are in 4 quarts,local
current valuation on ripple xrp tonight,online
is the earthquake near the coast still ongoing,online
what is al's age,local
the world cup qualifier result just now,online
The wimbledon final result just now,online
the russian revolution 1917 summary for history class,local
i need to know where the nearest place that has mountain dew is,online
Urgent - quick check on solana before i trade for the group chat,online
Markov chains formula and when to use it for my notes,local
ngl is the border tensions affecting traffic right now currently,online
Promises vs callbacks for dummies,local
let me know where i'm located,online
what's a good use of my time in toronto,online
"i don't get topological sort, someone explain briefly",local
can you book me a room in new york city from april 2 through april 8,online
Traffic status on the harbor bridge this morning,online
How to solve problems using hypothesis testing in simple terms,local
what ingredients do i need to make spaghetti,local
speak in a woman's voice,local
walk through hypothesis testing with numbers with an example,local
how many dollars can i exchange for 75 euros,online
summarize heap data structure in a few bullet points thanks,local
"genuinely curious, SOLID principles tutorial with code before my exam",local
"are you a computer, or are you a real person",local
"Hey, is the ceasefire negotiations affecting traffic right now rn",online
Current valuation on ethereum,online
Quick one - quick check on gold rate before i trade while i'm stuck in traffic,online
quick refresher on lambda expressions before my exam,local
Final score of the ufc fight card this evening,online
i'd like to reserve a high-end car that seats 5 comfortably for april 12th through 18th for st louis missouri,online
spring boot bean creation exception on startup,local
how old are you,local
"Just checking, latest on the trade deal talks in real time this evening",online
are there any travel alerts for ukraine,online
Give me a quick rundown of the signing of the magna carta,local
"just heard about the tech layoffs news, what's the latest at the moment",online
can you let me if zeus accepts reservations,online
quick one - solana price right now,online
Ok derive limits and continuity step by step pls,local
how many tablespoons are in three cups,local
key figures involved in the russian revolution 1917 before my exam,local
excuse me,local
"for my homework, real world use case for caching strategies",local
crude oil price market cap right now before my meeting,online
where did you last live,local
Ok so final score of the euro cup semifinal this evening,online
"just checking, live score for the world cup qualifier in the last hour",online
when should i pick stack vs heap memory over microservices architecture,local
the nba game highlights from tonight before i head out,online
whisper mode off,local
crude oil price live chart movement before my meeting,online
lower your volume,local
"Need this for an interview, correlation vs causation formula and when to use it briefly",local
quick check on silver rate before i trade — need it fast,online
Real world use case for event loop in node,local
So summarize database indexing in a few bullet points with an example,local
what do you want me to refer to you as,local
"genuinely curious, main causes and effects of the silk road trade routes — struggling with this",local
Pros and cons of normalization forms,local
go back to factory settings please,local
"Urgent - just heard about the supreme court verdict, what's the latest",online
urgent - is the subway line closed due to the accident just curious,online
Summarize regular expressions in a few bullet points,local
"Real talk, current valuation on tesla stock today",online
begin the coin flip now,local
solana price right now,online
so the premier league match highlights from tonight today,online
did my american express card application go through yet,online
"fyi need to know, real time quote for apple stock this morning",online
ok so final score of the ipl match while i'm stuck in traffic,online
what is let it be mean,local
what's the wait at macaroni grill,online
how many e's are in sesame,local
urgent - is the world cup qualifier still playing right now — need it fast,online
"genuinely curious, key figures involved in the discovery of penicillin with an example",local
can you tell me what your refer to me as,local
Derive permutations and combinations step by step before my exam,local
"i keep forgetting tail recursion, break it down for me",local
"hey, quick check on solana before i trade as of now",online
current valuation on silver rate rn,online
how bad is the central bank's rate decision right now pls,online
breaking news on the covid case numbers,online
"just checking, current valuation on the s&p 500 just curious",online
Summarize tail recursion in a few bullet points,local
"Need this for an interview, main causes and effects of the partition of india briefly",local
is it safe to drive in sydney with this storm,online
"just checking, breaking news on the earthquake near the coast at the moment",online
"Need this for an interview, walk through chain rule in calculus with numbers in simple terms",local
convert inch to cm,local
what is the weather like in sparks right now,online
what the heck is qat,local
how do i say 'hotel' in finnish,local
raise the volume to 4 please,local
talk to you later!,local
Nasdaq market cap right now,online
explain the decolonization of africa in a short paragraph,local
"hello, anyone there",local
that is untrue,local
is there a good fish place in salem,online
"genuinely curious, joins in sql, explain like i'm a beginner coder for my notes",local
So is the ipl match still playing right now as of now,online
what is the correct spelling for antipathy,local
i want to travel this year but i need some suggestions,online
"for my homework, standard deviation formula — proof and intuition in simple terms",local
tell me when my flight is landing,online
Quick q - practice problem using integration by parts before my exam,local
"Hey, nvidia stock today's high and low for the group chat",online
Current valuation on tcs stock,online
give me a quick rundown of the causes of world war 1 pls,local
any updates on the election results happening today,online
ok so the ufc fight card highlights from tonight in the last hour,online
can i substitute apple juice for wine,local
ok dynamic programming — key points to remember,local
what's the cooking time for chicken alfredo,local
live score for the wimbledon final as of now,online
"genuinely curious, main causes and effects of the american civil war causes",local
"genuinely curious, timeline of the silk road trade routes briefly",local
i'm waiting for my luggage in the airport now but it's been a while and it's still not arrived,online
should i carry an umbrella in mumbai today,online
is it safe to drive in chennai with this storm,online
i would like you to think of yourself as machine and answer when i say your name as such,local
ngl is the nba game still playing right now asap,online
tell me what the traffic is like on the way to phoenix,online
ok how does version control branching actually work under the hood for revision,local
what is 20 times 20 times 30,local
"need this for an interview, the treaty of versailles terms summary for history class",local
what kinds of things are you into,local
can you spell water,local
"Just checking, how is sensex trending today",online
can i take out the olive oil and use lard,local
tell me something neat about the ocean floor,local
window functions in sql vs hash map which is better and when,local
what will the low temperatures be over the weekend,online
Urgent - bitcoin price right now before i head out,online
"yes, you got it",local
tell me your date of birth,local
what is my name saved under,local
can i have your name please,local
"i keep forgetting test driven development, break it down for me",local
reset to original settings,local
"so just heard about the power outage in the city, what's the latest today",online
quick one - dogecoin market cap right now?,online
you are how old,local
The ashes series result just now,online
eigenvalues and eigenvectors formula and when to use it?,local
Solid overview of normalization forms for revision,local
what other hobbies do you enjoy,local
explain ancient egyptian pyramid construction in a short paragraph?,local
book me a car rental between january 1st to january 3rd in denver colorado and id prefer a ford,online
Chain rule in calculus — proof and intuition,local
how to solve problems using bayes theorem thanks,local
how to solve problems using matrix multiplication rules before my exam,local
that seems true,local
the flood situation downtown status update please,online
"Hey, the grand slam tennis match score update please pls",online
find if there are any travel alerts for canada,online
"hey, TCP vs UDP example in python please before my exam",local
Final score of the t20 world cup game,online
what's a good place to go to for food around here,online
help me get an uber to soldier field,online
Quick q - why did the decolonization of africa happen,local
two pointer technique for dummies,local
"genuinely curious, give me a quick rundown of the decolonization of africa thanks",local
"real talk, nasdaq rate as of this minute",online
please use male voice instead,local
would you change your accent to the male british one,local
Backtracking algorithms tutorial with code,local
"genuinely curious, walk through markov chains with numbers?",local
"genuinely curious, markov chains for my calculus homework for revision",local
the airline strike — anything new in the last hour,online
what is 25 percent of 6999,local
so what is my current name saved as,local
Graph traversal cheat sheet,local
"Hey, quick check on nasdaq before i trade as of now",online
give me a quick rundown of the renaissance key artists,local
so explain the industrial revolution key inventions in a short paragraph,local
so current valuation on usd to inr while i'm stuck in traffic,online
what are you,local
"please find a columbus, ohio hotel with good reviews",online
go back to your original settings,local
can you update me on the status of my american express card application,online
central limit theorem for my calculus homework,local
how is tesla stock trending today asap,online
do you consider yourself a bot,local
real world use case for dependency injection,local
what's 3 plus 3,local
permutations and combinations for my calculus homework,local
where did you live prior to living here,local
"hey, traffic status on the ring road this morning?",online
any updates on the earthquake near the coast happening today,online
"for class tomorrow, set theory basics for my calculus homework briefly",local
how cold will it be tomorrow,online
ngl the premier league match score update please rn,online
whats dollars won in 15,online
Is the ufc fight card still playing right now,online
Ok key figures involved in the cold war origins — struggling with this,local
did the stock market open green or red today,online
any updates on the cyclone warning happening today before i head out,online
what ingredients do i need to make broccoli cheddar soup,local
Practice problem using laplace transform,local
Fourier transform explained with an example problem,local
tell me your birthday,local
did dogecoin go up or down this morning before my meeting,online
quick refresher on docker containers before my exam,local
what funny joke do you know,local
urgent - who won the grand slam tennis match last night asap,online
timeline of the unification of germany,local
"genuinely curious, probability distributions explained with an example problem for revision",local
"need this for an interview, the pythagorean theorem formula and when to use it before my exam",local
what is the proper way to spell diamond,local
"fyi need to know, nifty 50 price right now while i'm stuck in traffic",online
how do i find lost luggage,online
so walk through correlation vs causation with numbers with an example,local
what are my list of commands,local
"hey, the vaccine rollout progress developments as of today for real",online
walk me through mock objects in testing step by step for my notes,local
"Fyi need to know, will it rain in mumbai in the next few hours right now",online
The ottoman empire decline summary for history class,local
is my gas tank full,online
background on the age of exploration key figures for my essay before my exam,local
"for my homework, how would you implement foreign key constraints from scratch pls",local
i'd just like to know how much gas is in my vehicle,online
Real time quote for solana,online
"fyi need to know, the interstate conditions right now because of the storm in the last hour",online
Walk through correlation vs causation with numbers,local
Urgent - any updates on the power outage in the city happening today today,online
compare ci cd pipeline basics and B-tree indexing in one paragraph,local
turn it up please,local
current valuation on apple stock,online
quick one - final score of the asia cup final in the last hour,online
"just checking, the ashes series score update please — need it fast",online
"Hey, who's leading in the euro cup semifinal currently this evening",online
"genuinely curious, how does monolith vs microservices actually work under the hood?",local
Tcs stock rate as of this minute,online
could you tell me what fun tourist things i could do in tokyo,online
Ok explain the causes of world war 1 in a short paragraph in simple terms,local
"i really appreciate your help, thank you",local
the steak must go under the broiler for how long,local
do you know how to refer to me,local
quick check on eur to usd before i trade,online
"for my homework, walk through probability distributions with numbers before my exam",local
"Fyi need to know, current valuation on ethereum",online
could you translate atm machine into english,local
urgent - final score of the euro cup semifinal tonight,online
give me a quick rundown of the ottoman empire decline briefly,local
Urgent - is the asia cup final still playing right now just curious,online
shoot the dice!,local
Compare graph traversal and multiple inheritance in python in one paragraph before my exam,local
"genuinely curious, derive standard deviation formula step by step thanks",local
final score of the world cup qualifier as of now,online
"i'm at home, so where is the closest starbucks",online
when can i start boarding my flight,online
"need this for an interview, walk through set theory basics with numbers for revision",local
is it safe to drive in los angeles with this storm,online
are you young or old,local
"i always wonder about the meaning of life, can you tell me",local
i want your speech settings to be made slower,local
reset to default settings please,local
which ingredients are in pizza,local
how long is the wait at orchids,online
"for my homework, i keep forgetting window functions in sql, break it down for me briefly",local
how do you spell friend,local
so who won the wimbledon final last night no cap,online
how do i get to the nearest post office,online
"book flights for me from nyc to la on march 1, returning on march 5",online
alert my bank and let them know that i'm travelling to london,online
so derive linear regression math step by step for revision,local
"hey, is the ring road open or blocked at the moment before i head out",online
slow down your talking,local
"increase the volume level to 4, please",local
"fyi need to know, who's leading in the wimbledon final currently right now",online
notes on race conditions for my assignment,local
pros and cons of topological sort,local
real world use case for TCP vs UDP,local
did the covid case numbers get resolved yet,online
"please book a hotel in ny, close to brooklyn, on the 25th to 30th",online
help with credit card application status,online
The theory of evolution basics summary for history class with an example,local
current air quality index in mumbai for the group chat,online
the wright brothers first flight summary for history class,local
quick one - final score of the f1 race just curious,online
can you check and see if my credit card application has been approved or not,online
hello there!,local
can you tell me the meaning of life,local
tcs stock market cap right now,online
who built you,local
So should i carry an umbrella in kolkata today right now,online
i didn't hear say it again please,local
"hey, give me a quick rundown of the age of exploration key figures for revision",local
"fyi need to know, dow jones today's high and low tonight",online
urgent - nasdaq price action this week so far no cap,online
"just checking, how is sensex trending today for the group chat",online
"need this for an interview, important dates related to ancient egyptian pyramid construction",local
so limits and continuity — proof and intuition briefly,local
Latest on the border tensions in real time,online
"real talk, is the euro cup semifinal still playing right now right now",online
i need to sub sugar for salt,local
quick q - derive laplace transform step by step?,local
main causes and effects of the french revolution timeline — struggling with this,local
"genuinely curious, the theory of evolution basics summary for history class",local
switch over to whisper,local
reliance shares live chart movement today,online
urgent - current congestion level on the toll plaza this evening,online
please begin using the whisper voice setting,local
ok so is it safe to drive in san francisco with this storm,online
pros and cons of load balancing?,local
Final score of the asia cup final,online
"fyi need to know, final score of the premier league match today",online
the signing of the magna carta — what actually happened,local
where is starbucks,online
quick q - how would you implement backtracking algorithms from scratch for my notes,local
do one coin flip; it will be tails,local
the periodic table history — what actually happened,local
could you talk like a british male,local
how have you been,local
where do i begin the process of reporting my luggage lost,online
when should i pick observer pattern over heap data structure,local
"that's all, bye",local
Ngl real time quote for the s&p 500 rn,online
"for my homework, set theory basics — proof and intuition",local
does ihop have positive reviews,online
Breaking news on the border tensions,online
the great depression causes — what actually happened with an example,local
ok generics in java interview question breakdown,local
derivative of a function formula and when to use it,local
change to a male british accent,local
compare immutability in functional programming and singleton pattern in one paragraph,local
what is the exchange rate between usd and the euro,online
i'm needing to know who made you,local
from now on i'm going to call you ishmael,local
can i substitute rice for potatoes,local
what's your age siri,local
is the highway open or blocked at the moment no cap,online
"hey, current congestion level on the harbor bridge?",online
when should i take an apple pie out,local
please specify if you are human or computer,local
"for class tomorrow, derive gradient descent math step by step thanks",local
please change my name to loverboy,local
quick one - who won the ufc fight card last night — need it fast,online
whisper mode activate,local
will i be notified when my application has been processed,online
how do I loop backwards through an array list in Java,local
where is the closest mcdonalds,online
big O notation tutorial with code,local
please say it again,local
can you speak like a british dude,local
dogecoin price action this week so far,online
i want you to your volume,local
"need this for an interview, difference between denormalization and ACID properties for my notes",local
"Hey, how is gold rate trending today this morning",online
return to your original settings,local
tell me some amazing trivia about radios,local
what is spanish for hello,local
"for my homework, derive integration by parts step by step with an example",local
how much longer until my credit card application is checked,online
"need this for an interview, solid overview of docker containers for revision thanks",local
talker faster please,local
"for class tomorrow, eigenvalues and eigenvectors for my calculus homework with an example",local
i need to know when my flight is landing,online
is milk an ok substitute for cream,local
bring the sound up,local
pros and cons of quick sort,local
"talk slower, please",local
i need a new accent male british,local
the flood situation downtown — anything new in the last hour,online
give me a quick rundown of the printing press invention impact,local
later gater,local
quick one - silver rate market cap right now,online
tell me how the weather is,online
"urgent - just heard about the covid case numbers, what's the latest tonight",online
timeline of the russian revolution 1917,local
"for class tomorrow, walk through linear regression math with numbers before my exam",local
so is the toll plaza open or blocked at the moment for real,online
nasdaq price action this week so far,online
how good are the ratings for pizza hut,online
Integration by parts formula and when to use it?,local
Quick q - main causes and effects of the periodic table history,local
current congestion level on the flyover near the city center before i head out,online
my luggage is lost and i would like help trying to locate it,online
i want to know your age,local
how humid is it in tokyo right now,online
has there been any changes in the status of my credit card application,online
do ai have hobbies and if so what are yours,local
"Need this for an interview, matrix multiplication rules for my calculus homework with an example",local
whats your take on the meaning of life,local
Real time quote for crude oil price,online
can i substitute eggs for milk in a recipe,local
give me a quick rundown of the causes of world war 1,local
quick q - quadratic formula — proof and intuition before my exam,local
explain the silk road trade routes in a short paragraph,local
can you switch to female voice,local
derivative of a function — proof and intuition,local
should i get a travel visa for spain,online
"For my homework, derivative of a function for my calculus homework — struggling with this",local
is there someone i can talk to since i am in the airport waiting for my luggage which never came,online
"for class tomorrow, why did the printing press invention impact happen?",local
any delays on the ring road today at the moment,online
"fyi need to know, current air quality index in london just curious",online
Ok taylor series expansion explained with an example problem — struggling with this,local
how do i get to the statue of liberty on foot,online
could you role a ten sided die,local
what is the name that you have for me,local
can you talk to me in chinese,local
"how old are you, again",local
live score for the champions league final,online
what are the things you can help me with,local
tell me how to get to target by bus,online
"see you later, alligator",local
"need this for an interview, explain the american civil war causes in a short paragraph",local
"For my homework, practice problem using partial derivatives",local
can you just start calling me sir,local
live updates on the storm system offshore tonight,online
"fyi need to know, current congestion level on the main train route as of now",online
Ngl is the ipl match still playing right now at the moment,online
final score of the champions league final before my meeting,online
Key figures involved in the boston tea party,local
the world cup qualifier score update please,online
how do i get to the train on foot,online
final score of the nba game,online
does macaroni grill have a wait how long,online
ngl dogecoin live chart movement just curious,online
ok practice problem using correlation vs causation,local
where did your mom have you,local
practice problem using standard deviation formula pls,local
"for class tomorrow, bayes theorem for my calculus homework in simple terms",local
help me to book a car rental in sacremento,online
live score for the ipl match before my meeting,online
Important dates related to the french revolution timeline,local
Nvidia stock price action this week so far,online
partial derivatives — proof and intuition?,local
switch to a different accent,local
why is caching strategies used instead of backtracking algorithms,local
summarize heap data structure in a few bullet points,local
the wildfire in the hills status update please,online
Quick q - the wright brothers first flight — what actually happened in simple terms,local
tcs stock rate as of this minute,online
live score for the la liga clasico just curious,online
do they accept reservations at michael's,online
what are the ingredients of spaghetti,local
how do i let my bank know i'm going to vietnam,online
the answer to that is a resounding yes,local
quick refresher on observer pattern before my exam,local
so background on the cold war origins for my essay in simple terms,local
"for class tomorrow, summarize mock objects in testing in a few bullet points — struggling with this",local
ok derive standard deviation formula step by step,local
does laos require a travel visa,online
what's a highly rated place for steak in omaha,online
are you alive,local
use the whisper voice,local
process vs thread tutorial with code,local
what amount of miles are in a hundred kilometers,local
is there a heat advisory in singapore today while i'm stuck in traffic,online
"for my homework, why did the industrial revolution key inventions happen",local
is the ufc fight card still playing right now in the last hour,online
The s&p 500 today's high and low in the last hour,online
please go back to to factory settings now,local
infosys shares live chart movement just curious,online
i wish to know the meaning of life,local
write pseudocode for binary search,local
"fyi need to know, how is eur to usd trending today as of now",online
Did the protest downtown get resolved yet,online
what's the nearest starbucks,online
"real talk, final score of the ipl match at the moment",online
urgent - any delays on the metro line today before i head out,online
Is the expressway closed due to the accident,online
please book me an uber ride to the stadium,online
"hey, flip me a coin i call tails",local
Quick one - bitcoin price right now no cap,online
"Real talk, the harbor bridge conditions right now because of the storm",online
Reliance shares market cap right now,online
key figures involved in the french revolution timeline,local
"genuinely curious, vector cross product for my calculus homework pls",local
life has what meaning or what's the secret to it,local
"Need this for an interview, pros and cons of docker containers before my exam",local
is it safe to drive in singapore with this storm,online
let's decide with a coin flip,local
tell me how to say hello in spanish,local
speed up your speech,local
current congestion level on the ring road,online
"need this for an interview, practice problem using fourier transform",local
urgent - the ipl match result just now asap,online
"i need to book a hotel in ny, queens arrive on 8th and leave on the 13th",online
the industrial revolution key inventions — what actually happened briefly,local
"window functions in sql, explain like i'm a beginner coder",local
give me a quick rundown of the cold war origins,local
can you flip a coin once,local
ok so who's leading in the ashes series currently tonight,online
how busy is mc donald at 8 in the morning,online
Did nvidia stock go up or down this morning?,online
urgent - the india vs australia test score update please currently,online
Who won the wimbledon final last night,online
why is docker containers used instead of B-tree indexing,local
"real talk, quick check on crude oil price before i trade?",online
i would like to know where the closest gas station is,online
what's the cooking time for the cake,local
is there gridlock on the street up to the stadium,online
what is the status of my credit card application,online
i can't understand you because of how rapidly you're speaking,local
the premier league match result just now right now,online
quick one - final score of the nba game at the moment,online
"need this for an interview, why did the moon landing mission details happen?",local
get me roundtrip flight information for flights from dallas to houston for june 8 and june 17,online
the supreme court verdict — anything new in the last hour,online
can i get assistance with booking a seattle car rental,online
is the parliament session today affecting traffic right now,online
partial derivatives — proof and intuition,local
has my credit card application gone through,online
quick q - the ottoman empire decline — what actually happened,local
current valuation on ethereum no cap,online
"just checking, quick check on dow jones before i trade",online
is honey a good sugar substitute,local
"for my homework, pros and cons of B-tree indexing",local
the s&p 500 live chart movement right now,online
nifty 50 rate as of this minute this morning,online
promises vs callbacks — key points to remember,local
How to solve problems using central limit theorem,local
quick q - the boston tea party — what actually happened for my notes,local
is the harbor bridge closed due to the accident,online
quick q - walk me through SOLID principles step by step,local
"fyi need to know, current valuation on gold rate rn",online
can you help me booked a car in london,online
that is right,local
can i have you call me something else,local
"hey, hypothesis testing explained with an example problem thanks",local
"just checking, is the airport terminal flooded from the downpour right now as of now",online
"genuinely curious, pros and cons of virtual memory for revision",local
"i don't get window functions in sql, someone explain pls",local
usd to inr today's high and low,online
How is dow jones trending today,online
vector cross product — proof and intuition,local
mark down that i will be in rome from february 1 to march 1 and notify my bank,online
current valuation on dow jones before my meeting,online
Quick q - stack vs heap memory cheat sheet?,local
practice problem using gradient descent math,local
any updates on the heatwave alert happening today,online
so how is tcs stock trending today no cap,online
quick q - walk through derivative of a function with numbers,local
"Just heard about the flood situation downtown, what's the latest before i head out",online
the causes of world war 1 summary for history class before my exam,local
what time is this flight supposed to land,online
"for class tomorrow, pros and cons of bit manipulation tricks — struggling with this",local
Did nifty 50 go up or down this morning asap,online
urgent - is the flight delayed out of london due to fog rn,online
slow your speech,local
what do you like to do when you're not working,local
"for my homework, the treaty of versailles terms — what actually happened with an example",local
what location do you see me at right now,online
use a different accent,local
"real talk, live score for the euro cup semifinal tonight",online
"Hey, the highway conditions right now because of the storm in the last hour",online
do you know any trivia about ostriches,local
Binary search tree interview question breakdown,local
real time quote for the s&p 500 pls,online
"Real talk, quick check on bitcoin before i trade asap",online
the ipl match score update please right now,online
timeline of the theory of evolution basics — struggling with this,local
i'd like to hear about your hobbies,local
can i substitute honey for sugar,local
will it rain in delhi in the next few hours,online
Chain rule in calculus for my calculus homework,local
i need to set the timer for two minutes,local
why is race conditions used instead of operator overloading in c++ for revision,local
Quick one - final score of the champions league final tonight,online
is ripple xrp pumping or dumping today before my meeting,online
can you tell me what dirge means,local
when should i pick topological sort over normalization forms,local
The ufc fight card result just now,online
summarize two pointer technique in a few bullet points,local
ngl crude oil price price action this week so far for the group chat,online
"at four, how much business does georgio have",online
"speak faster, please",local
quick one - current congestion level on the expressway before my meeting,online
Abstract class vs interface vs observer pattern which is better and when,local
solid overview of SOLID principles for revision in simple terms,local
difference between garbage collection and REST vs GraphQL,local
"just checking, should i carry an umbrella in san francisco today no cap",online
quick q - important dates related to the signing of the magna carta — struggling with this,local
your boss is who,local
"fyi need to know, is the highway closed due to the accident?",online
quick check on nasdaq before i trade pls,online
so is sensex pumping or dumping today as of now,online
walk me through regular expressions step by step,local
The t20 world cup game result just now,online
so who's leading in the asia cup final currently just curious,online
weather,online
call me ishmael,local
ngl the t20 world cup game highlights from tonight — need it fast,online
"genuinely curious, main causes and effects of ancient egyptian pyramid construction briefly",local
what does subway use to make a cold cut combo,local
"just checking, is the flyover near the city center closed due to the accident before i head out",online
quick one - any delays on the airport terminal today,online
define sonogram,local
"i don't get linked list, someone explain",local
what ingredients are required for chicken noodle soup,local
derivative of a function formula and when to use it for my notes,local
textbook definition of docker containers,local
Timeline of the renaissance key artists,local
ok compiler vs interpreter — key points to remember before my exam,local
why is merge sort used instead of git rebase vs merge,local
what do you do for hobbies,local
Will it rain in paris in the next few hours today,online
final score of the india vs australia test while i'm stuck in traffic,online
"need this for an interview, how does window functions in sql actually work under the hood with an example",local
who won the f1 race last night for the group chat,online
"can i get a hotel room that can accommodate 50 people in bangor from january 01, 2021 to january 30, 2021",online
i gotta change your name to remy,local
are there any travel alerts for russia,online
main causes and effects of the wright brothers first flight,local
"just checking, cardano market cap right now",online
is the expressway closed due to the accident,online
is the flight delayed out of los angeles due to fog,online
So gradient descent math — proof and intuition with an example,local
how is the ai doing,local
how many quarts are in a gallon,local
"fyi need to know, the nba game score update please — need it fast",online
"ai, do you like your name",local
say what you think my name is,local
so why did the ottoman empire decline happen before my exam,local
final score of the euro cup semifinal while i'm stuck in traffic,online
goodbye to you,local
"need this for an interview, real world use case for multithreading in java for revision",local
"just checking, bitcoin live chart movement no cap",online
walk me through operator overloading in c++ step by step for my notes,local
i would like to know the traffic in tempe please,online
"genuinely curious, real world use case for foreign key constraints for revision",local
quick refresher on graph traversal before my exam,local
so give me a quick rundown of the decolonization of africa with an example,local
is there a name that you call me,local
how bad is the earthquake near the coast right now,online
Walk through convex optimization basics with numbers,local
"for class tomorrow, real world use case for microservices architecture thanks",local
what's a good hotel to stay at in chicago,online
"for my homework, textbook definition of garbage collection with an example",local
lemme know when you were born,local
does pho king in ceres take reservations,online
quick one - how is infosys shares trending today as of now,online
Give me a quick rundown of the boston tea party,local
"hey, who's leading in the champions league final currently just curious",online
can you list off 4 star restaurants,online
is the heatwave alert affecting traffic right now,online
how are the ratings like for buffalo wild wings,online
"need this for an interview, unit testing vs integration testing example in python please briefly",local
"genuinely curious, derive eigenvalues and eigenvectors step by step pls",local
Quick one - usd to inr market cap right now for real,online
Walk through correlation vs causation with numbers in simple terms,local
nice to speak with you,local
the wright brothers first flight summary for history class — struggling with this,local
quick q - permutations and combinations formula and when to use it,local
infosys shares price action this week so far,online
"hey, i keep forgetting greedy algorithms, break it down for me",local
what's the traffic like on the way to the water slides,online
Quick one - ripple xrp live chart movement tonight,online
good night,local
what is an ataraxy,local
"genuinely curious, textbook definition of connection pooling",local
ok so the flyover near the city center conditions right now because of the storm?,online
tell me when you were born,local
Pros and cons of closures in javascript,local
walk through vector cross product with numbers,local
do they take reservations at the progress,online
urgent - how humid is it in mumbai right now tonight,online
what organization do you work for,local
can you list off different restaurants,online
can you help me solve a math problem,local
revert to factory settings please,local
"For my homework, thread pools vs message queues which is better and when briefly",local
flip it please,local
you are how old now,local
find me a rental car from 2/28 - 3/1 in reno,online
Important dates related to the industrial revolution key inventions,local
ok so real time quote for nasdaq while i'm stuck in traffic,online
Gradient descent math formula and when to use it,local
Ok main causes and effects of the renaissance key artists,local
"For class tomorrow, main causes and effects of the silk road trade routes with an example",local
i'll need you to set a timer for 10 minutes,local
what is your full name,local
"fyi need to know, live score for the asia cup final before my meeting",online
monads in haskell for dummies for my notes,local
Derive laplace transform step by step,local
Ok walk through linear regression math with numbers before my exam,local
did the fed announce anything about rates today,online
tell me something funny about rats,local
who's leading in the india vs australia test currently currently,online
Urgent - any updates on the central bank's rate decision happening today currently,online
"For class tomorrow, practice problem using fourier transform with an example",local
are you a real person or a robot,local
what sort of things do you or work on for fun when you have extra time,local
is the ashes series still playing right now before my meeting,online
please start calling me mandy,local
Quick q - markov chains for my calculus homework?,local
quick one - is the toll plaza closed due to the accident before my meeting,online
ok so cardano market cap right now for the group chat,online
"hey, derive bayes theorem step by step",local
greedy algorithms for dummies,local
Practice problem using hypothesis testing briefly,local
"fyi need to know, is gold rate pumping or dumping today pls",online
ok law of cosines for my calculus homework in simple terms,local
practice problem using laplace transform with an example,local
it was pleasant having a conversation with you,local
quick q - bayes theorem explained with an example problem for revision,local
can you translate bowl into russian for me,local
"hey, gradient descent math for my calculus homework?",local
walk me through ci cd pipeline basics step by step,local
who constructed you,local
"if i go to olive garden at 4 pm, how busy will it be",online
"for class tomorrow, pros and cons of tail recursion — struggling with this",local
will it rain in bangalore in the next few hours,online
ngl is the expressway flooded from the downpour right now for real,online
i need to change language to spanish,local
sensex market cap right now,online
"just checking, is sensex pumping or dumping today asap",online
"for my homework, law of sines explained with an example problem — struggling with this",local
"hey, the silk road trade routes — what actually happened for revision",local
can i get a jeep to rent in bangor from the first of the month to a week after the first,online
"need this for an interview, how to solve problems using chain rule in calculus briefly",local
"hey, any delays on the toll plaza today?",online
will you set the timer,local
"genuinely curious, notes on sliding window technique for my assignment pls",local
"just checking, who won the ashes series last night just curious",online
Ok so current congestion level on the subway line before my meeting,online
"just checking, nvidia stock today's high and low before i head out",online
"i keep forgetting process vs thread, break it down for me",local
"Need this for an interview, derive limits and continuity step by step",local
"genuinely curious, textbook definition of map reduce filter functions",local
that is not the case,local
how to solve problems using logarithm rules before my exam,local
what are some good restaurants in chicago,online
can you translate cat into russian for me,local
"what is your age, ai",local
"Hey, walk through set theory basics with numbers before my exam",local
the unification of germany — what actually happened,local
so the tech layoffs news developments as of today rn,online
"genuinely curious, correlation vs causation formula and when to use it thanks",local
tell me which restaurants are good for thai food in las vegas,online
how would i get to city hall via bus,online
Pros and cons of singleton pattern pls,local
give me a random number between 1 and 6,local
"i'm craving for italian food, where should i go",online
what do you need to make general tsao's chicken,local
"hey, explain the decolonization of africa in a short paragraph briefly",local
Latest on the election results in real time today,online
"genuinely curious, the pythagorean theorem formula and when to use it — struggling with this",local
does buffalo wild wings do reservations,online
where do you come from,local
walk me through mock objects in testing step by step pls,local
"Process vs thread, explain like i'm a beginner coder",local
closures in javascript for dummies,local
monolith vs microservices vs binary search tree which is better and when,local
where should i go out for food to,online
quick one - did sensex go up or down this morning right now,online
how is life treating you,local
"generics in java, explain like i'm a beginner coder",local
how many dollars can i exchange for 200 yen,online
what's traffic usually like around 5pm going to the bank,online
i want a timer set,local
"i put in a credit card application, so what is the status with it currently",online
how would you implement stack vs heap memory from scratch,local
"hey, timeline of the russian revolution 1917 — struggling with this",local
"hey, timeline of the renaissance key artists briefly",local
pros and cons of heap data structure,local
"Virtual memory, explain like i'm a beginner coder",local
"hey, chain rule in calculus explained with an example problem briefly",local
explain kubernetes pods with a simple example,local
Quick one - who's leading in the asia cup final currently this morning,online
so is cardano pumping or dumping today at the moment,online
ok so tcs stock price right now tonight,online
The signing of the magna carta — what actually happened,local
ngl who's leading in the grand slam tennis match currently before i head out,online
can you talk at a normal speed please,local
quick q - how to solve problems using laplace transform,local
quick one - the world cup qualifier result just now for real,online
background on the causes of world war 1 for my essay,local
ripple xrp rate as of this minute — need it fast,online
is there another entity you work for,local
"genuinely curious, deadlocks cheat sheet for revision",local
do you know any good jokes about zebras,local
urgent - nvidia stock today's high and low this morning,online
is the airport terminal open or blocked at the moment right now,online
quick one - current air quality index in seoul while i'm stuck in traffic,online
quick sort example in python please,local
how busy do you expect olive garden to be at 6,online
"need this for an interview, difference between recursion and immutability in functional programming before my exam",local
real world use case for trie data structure for my notes,local
"just heard about the airline strike, what's the latest",online
"Just checking, ethereum rate as of this minute currently",online
The f1 race result just now for real,online
main causes and effects of when the berlin wall fell for my notes,local
where are your origins found,local
Primary key vs unique key vs connection pooling which is better and when,local
how do you convert pounds to grams,local
"Fyi need to know, how is gold rate trending today rn",online
check travel alerts for kenya,online
fourier transform — proof and intuition,local
so explain the treaty of versailles terms in a short paragraph in simple terms,local
"hey, quick refresher on joins in sql before my exam",local
"need this for an interview, derivative of a function formula and when to use it thanks",local
final score of the t20 world cup game,online
Ok so is cardano pumping or dumping today,online
ok so how humid is it in pune right now just curious,online
what ingredients are in tortillas,local
ethereum price right now,online
ok so what's going on with the storm system offshore at the moment before my meeting,online
is the traffic bad on the way to work,online
is the expressway closed due to the accident — need it fast,online
Quick q - important dates related to the wright brothers first flight with an example,local
how long am i supposed to cook pork loin,local
do i need a travel visa to visit canada,online
restate the last thing you told me,local
"fyi need to know, is the airport terminal closed due to the accident just curious",online
practice problem using vector cross product,local
Ok so is the india vs australia test still playing right now asap,online
can you speak to me in french,local
it's good to see you,local
has my credit card application been processed yet,online
what is the purpose of exsistance,local
what is the traffic like,online
Key figures involved in the partition of india,local
ok so the grand slam tennis match result just now,online
how does database indexing actually work under the hood,local
Main causes and effects of the printing press invention impact for my notes,local
do you know if cheese cake factory does reservations,online
"hi there, how are things",local
Ok important dates related to the cold war origins for revision,local
"fyi need to know, how bad is the storm system offshore right now no cap",online
final score of the asia cup final at the moment,online
difference between eventual consistency and stack vs heap memory briefly,local
it is okay to use water in place of milk,local
what you just said is wrong,local
dow jones rate as of this minute,online
traffic status on the toll plaza this morning,online
do you know of any activities in nashville,online
how do you convert pounds to kilos,local
ok explain race conditions with a simple example with an example,local
ngl is the toll plaza flooded from the downpour right now as of now,online
i need that repeated,local
Is the flight delayed out of berlin due to fog at the moment,online
"genuinely curious, pros and cons of promises vs callbacks",local
background on the french revolution timeline for my essay,local
hotel room for 5 in austin for 3/1 until 3/8,online
how do you spell out espresso,local
please show me where i am on a map,online
Logarithm rules — proof and intuition,local
practice problem using markov chains,local
so quick check on gold rate before i trade as of now,online
who do you take orders from,local
is there a travel alert for spain,online
so summarize quick sort in a few bullet points for my notes,local
Quick q - the partition of india — what actually happened pls,local
tell me if you are human,local
put volume at 4,local
solana price action this week so far,online
"Hey, give me a quick rundown of the great depression causes",local
traffic status on the metro line this morning?,online
where did you live before here,local
where was your home before here,local
ngl is the expressway open or blocked at the moment no cap,online
so any delays on the metro line today,online
Explain when the berlin wall fell in a short paragraph pls,local
Infosys shares live chart movement,online
what sites are there to see when in evans,online
can you call me something else,local
what is the answer to the meaning of life,local
Real world use case for recursion,local
"Just checking, is the t20 world cup game still playing right now rn",online
how busy is michel at 9,online
Primary key vs unique key — key points to remember,local
hash map cheat sheet,local
what is 10 + 10,local
The premier league match result just now,online
does arbys in lakewood take reservations,online
where do people go to eat in this town,online
"for class tomorrow, give me a quick rundown of the boston tea party in simple terms",local
"for my homework, law of cosines for my calculus homework briefly",local
sliding window technique vs denormalization which is better and when before my exam,local
"fyi need to know, cardano price right now",online
what do i need to make chicken noodle casserole,local
Current valuation on nifty 50,online
"hey, tesla stock today's high and low in the last hour",online
how would you implement caching strategies from scratch,local
key figures involved in the decolonization of africa in simple terms,local
ok so final score of the wimbledon final for real,online
do you work for me or is that wrong,local
exactly right,local
that is true,local
correlation vs causation for my calculus homework,local
So stack vs heap memory cheat sheet in simple terms,local
so is the toll plaza open or blocked at the moment,online
Urgent - is the wildfire in the hills still ongoing for the group chat,online
who else commands you,local
"Hey, the toll plaza conditions right now because of the storm currently",online
can you give me the answers in italian instead of english,local
real time quote for eur to usd,online
how to solve problems using law of cosines with an example,local
is the india vs australia test still playing right now,online
traffic status on the main train route this morning before my meeting,online
ngl current congestion level on the harbor bridge rn,online
buhbye,local
is the ring road open or blocked at the moment before i head out,online
so matrix multiplication rules for my calculus homework?,local
"just heard about the cabinet reshuffle, what's the latest",online
"genuinely curious, difference between microservices architecture and mock objects in testing",local
"for my homework, explain the periodic table history in a short paragraph briefly",local
it's nice to see you,local
"for class tomorrow, walk me through ci cd pipeline basics step by step",local
Urgent - real time quote for cardano for real,online
ok so how is nvidia stock trending today before i head out,online
ok the wright brothers first flight summary for history class for my notes,local
it is okay to replace water instead of milk,local
"Genuinely curious, explain big O notation with a simple example pls",local
real world use case for heap data structure before my exam,local
the nba game score update please rn,online
are there any tornadoes coming soon,online
"just checking, current congestion level on the main train route as of now",online
"hey, is there a heat advisory in london today — need it fast",online
"genuinely curious, main causes and effects of the theory of evolution basics thanks",local
"genuinely curious, i keep forgetting monads in haskell, break it down for me for revision",local
"need this for an interview, important dates related to the french revolution timeline",local
let my bank know that i'm traveling to prague,online
Main causes and effects of the wright brothers first flight,local
how long should i boil noodles for,local
"fyi need to know, is the toll plaza flooded from the downpour right now this evening",online
tell my bank i am traveling out of country,online
start speaking in a male british voice,local
quick q - integration by parts formula and when to use it thanks,local
"real talk, cardano live chart movement as of now",online
who is your employeer,local
law of sines formula and when to use it,local
what is the square root of 2784,local
how've you been feeling,local
"genuinely curious, important dates related to the partition of india for my notes",local
tell me your full name,local
ok laplace transform — proof and intuition with an example,local
Who's leading in the ashes series currently,online
so did the airline strike get resolved yet — need it fast,online
matrix multiplication rules for my calculus homework — struggling with this,local
"just checking, is the airport terminal open or blocked at the moment before my meeting",online
the industrial revolution key inventions — what actually happened before my exam,local
key figures involved in the partition of india,local
are you employed by someone,local
how do i get to the museum by bus,online
"Real talk, is nifty 50 pumping or dumping today",online
compare static vs dynamic typing and two pointer technique in one paragraph,local
Practice problem using central limit theorem,local
"need this for an interview, taylor series expansion for my calculus homework",local
what time is my plane supposed to arrive,online
i wish you were here earlier,local
does acero in maplewood allow reservations,online
is there a heat advisory in delhi today in the last hour,online
ngl is tcs stock pumping or dumping today before my meeting,online
how would i go about converting inches to yards,local
who is your manager,local
Walk through matrix multiplication rules with numbers,local
i'd like you to throw a virtual coin for me,local
"Fyi need to know, is the metro line closed due to the accident for the group chat",online
vector cross product explained with an example problem thanks,local
"real talk, real time quote for nvidia stock for the group chat",online
so important dates related to the great depression causes for my notes,local
ngl the protest downtown — anything new in the last hour while i'm stuck in traffic,online
so set theory basics for my calculus homework for revision,local
How does memoization actually work under the hood,local
are you employed by someone else,local
final score of the premier league match currently,online
"Real talk, is the flyover near the city center open or blocked at the moment asap",online
who won the grand slam tennis match last night,online
Singleton pattern tutorial with code,local
"sorry, can you speak a little faster",local
can you talk to me in french,local
what's the currency conversion between rubles and pounds,online
Urgent - the ipl match result just now no cap,online
could you direct me to any good places in kentucky that serve sushi,online
i think my luggage was misplaced or has been lost,online
what's the currency conversion between rubles and dollars,online
Urgent - traffic status on the interstate this morning before i head out,online
compare abstract class vs interface and dijkstra's algorithm in one paragraph,local
please increase the volume to 4,local
what type of questions may i ask you,local
is the t20 world cup game still playing right now as of now,online
The vaccine rollout progress developments as of today,online
Set theory basics — proof and intuition,local
"for my homework, i keep forgetting quick sort, break it down for me before my exam",local
"need this for an interview, the age of exploration key figures — what actually happened",local
"Genuinely curious, timeline of the renaissance key artists with an example",local
can you tell me the exchange rate for yen to euros,online
"hey, nvidia stock today's high and low tonight",online
ok derive the pythagorean theorem step by step with an example,local
notes on polymorphism for my assignment,local
Who won the wimbledon final last night before my meeting,online
who's leading in the f1 race currently for real,online
"genuinely curious, explain TCP vs UDP with a simple example briefly",local
is dogecoin pumping or dumping today,online
"hey, key figures involved in the boston tea party thanks",local
who's leading in the premier league match currently no cap,online
i disagree that is false,local
"genuinely curious, derive markov chains step by step",local
Urgent - is the nba game still playing right now today,online
change language setting to english,local
"no, that is inaccurate",local
summarize microservices architecture in a few bullet points before my exam,local
"Real talk, current congestion level on the metro line pls",online
is the border tensions affecting traffic right now today,online
Solid overview of compiler vs interpreter for revision for revision,local
quick q - eventual consistency vs tail recursion which is better and when,local
please roll a 7 sided die,local
what's the traffic at lexington,online
"need this for an interview, permutations and combinations formula and when to use it for revision",local
how good are the ratings for longhorn steakhouse,online
practice problem using convex optimization basics?,local
"just heard about the trade deal talks, what's the latest for the group chat",online
exactly what does altruism mean,local
compiler vs interpreter cheat sheet,local
bayes theorem — proof and intuition thanks,local
will there be a wait time at this restaurant,online
ok so gold rate rate as of this minute this morning,online
"Hey, is usd to inr pumping or dumping today?",online
not at all,local
Ngl the champions league final score update please,online
can you show me where i am on a map,online
"just checking, is it safe to drive in los angeles with this storm for the group chat",online
ok so is the harbor bridge flooded from the downpour right now — need it fast,online
how long should i wait before i can bake bread with homemade dough,local
where did you originate from,local
when should i pick TCP vs UDP over linked list with an example,local
"so heap data structure, explain like i'm a beginner coder?",local
compare fares for al italia from bucharest to tampa returning before thanksgiving,online
how many years are you,local
"window functions in sql, explain like i'm a beginner coder?",local
how to solve problems using chain rule in calculus,local
i need lodging in lizton near the ice cream parlor from may 3rd until the 8th,online
yo,local
final score of the la liga clasico,online
uh huh,local
what are the reviews like for zazie,online
what can you call me,local
change your name to something funny,local
"Just checking, current congestion level on the airport terminal this evening",online
"hey, quadratic formula for my calculus homework",local
ok so traffic status on the subway line this morning,online
i need a hotel in new orleans with awesome reviews,online
how are the reviews for la loconda,online
please respond in latin from now on,local
tell me a joke about cows,local
"just checking, the wildfire in the hills status update please rn",online
let's switch out of whisper mode,local
ngl who won the ufc fight card last night at the moment,online
"yeah that's right, so true",local
"for my homework, practice problem using set theory basics for my notes",local
i need to rent a car in chicago but don't know how,online
"fyi need to know, is it safe to drive in seoul with this storm before my meeting",online
traffic status on the airport terminal this morning,online
"need this for an interview, partial derivatives for my calculus homework",local
alert my bank and let them know that i'm travelling to stockholm,online
what all is in gumbo,local
where is your place of origin,local
what's the best place for some thai in new york city,online
main causes and effects of when the berlin wall fell pls,local
current valuation on solana currently,online
ok law of sines explained with an example problem thanks,local
"need this for an interview, give me a quick rundown of when the berlin wall fell for my notes",local
is there a meaning to life,local
Did usd to inr go up or down this morning,online
i'd like you to refer to me as bob,local
i need to get 3 riders to union station,online
So pros and cons of hash map pls,local
start using whisper mode,local
quick refresher on monolith vs microservices before my exam,local
does the steakhouse on main st take reservations,online
"real talk, any updates on the airline strike happening today before i head out",online
"For my homework, joins in sql for dummies — struggling with this",local
standard deviation formula — proof and intuition — struggling with this,local
can you call an uber for 2 to go to proof on main,online
the protest downtown — anything new in the last hour,online
"need this for an interview, immutability in functional programming, explain like i'm a beginner coder pls",local
"for my homework, give me a quick rundown of the printing press invention impact with an example",local
"search for a flight from nyc to la on march 1, returning on march 5",online
what's the funniest thing you know about peanuts,local
"real talk, final score of the f1 race just curious",online
did the cabinet reshuffle get resolved yet this morning,online
does bjs take reservations,online
how would i say if i were english subway,local
important dates related to the industrial revolution key inventions — struggling with this,local
"real talk, the ufc fight card result just now for the group chat",online
"genuinely curious, explain the printing press invention impact in a short paragraph",local
any accident reported on the expressway this morning,online
what do tourists do for fun in seattle,online
"hey, is nasdaq pumping or dumping today",online
timer 5 minutes,local
How to solve problems using markov chains briefly,local
tell me some something trivia,local
the la liga clasico score update please before i head out,online
current valuation on silver rate,online
"hey, practice problem using laplace transform pls",local
Integration by parts for my calculus homework,local
can i swap coconut milk for condensed milk,local
"need this for an interview, key figures involved in the cold war origins in simple terms",local
How to solve problems using permutations and combinations,local
Ngl solana price right now,online
"that's not right, so no",local
sliding window technique tutorial with code,local
"i'd like you to book me a room in austin near google's headquarters from january 01, 2020 to february 02, 2020",online
main causes and effects of the cold war origins,local
hey hey!,local
why did the fall of the roman empire happen with an example,local
"hey, when should i pick heap data structure over observer pattern — struggling with this",local
much obliged,local
i wanna know my current location,online
Derivative of a function explained with an example problem,local
how long does it take to cook a pork chop,local
whats my name saved under,local
help me get my device back to it's factory settings,local
can you speak to me using japanese,local
"no, that is not right at all",local
Should i carry an umbrella in mumbai today,online
explain backtracking algorithms with a simple example,local
"need this for an interview, correlation vs causation explained with an example problem in simple terms",local
"for class tomorrow, pros and cons of graph traversal for revision",local
"genuinely curious, main causes and effects of the mughal empire timeline for revision",local
"genuinely curious, how does B-tree indexing actually work under the hood in simple terms",local
what stuff do you dump in an omelette,local
"when referring to you, what name do you want me to use",local
"just checking, did the vaccine rollout progress get resolved yet",online
i appreciate your help,local
who won the world cup qualifier last night,online
ok so is the interstate open or blocked at the moment rn,online
real world use case for binary search tree,local
so important dates related to the age of exploration key figures — struggling with this,local
"genuinely curious, background on the great depression causes for my essay",local
how humid is it in bangalore right now in the last hour,online
urgent - the grand slam tennis match score update please right now,online
ok so infosys shares rate as of this minute at the moment,online
see you later alligator,local
Who's leading in the asia cup final currently rn,online
"For my homework, integration by parts formula and when to use it?",local
what is one fun fact,local
"i don't get dependency injection, someone explain",local
quick one - is there a heat advisory in mumbai today right now,online
ok the boston tea party — what actually happened in simple terms,local
Ngl is the highway closed due to the accident pls,online
final score of the euro cup semifinal this evening,online
how long does it take to prepare pot roast,local
lower volume,local
"why, hello bandit",local
"need this for an interview, limits and continuity formula and when to use it in simple terms",local
Ok so quick check on apple stock before i trade before i head out,online
why did the french revolution timeline happen,local
"Fyi need to know, is the storm system offshore still ongoing asap",online
how should i refer to you,local
Latest on the power outage in the city in real time at the moment,online
"Just checking, the india vs australia test highlights from tonight before i head out",online
are there any good restaurants in nyc that serve barbecue,online
tell me something funny about politics,local
so is the asia cup final still playing right now,online
will car rentals be available in boston from march 2 to march 4,online
i need you to speak faster,local
ngl nasdaq market cap right now for real,online
"for my homework, practice problem using probability distributions thanks",local
how to solve problems using correlation vs causation pls,local
Walk through law of cosines with numbers,local
did the trade deal talks get resolved yet for real,online
quick refresher on caching strategies before my exam,local
what are some trivia questions about lebron james,local
what kind of questions may i ask you,local
"hey, derive convex optimization basics step by step for my notes",local
ok so is the harbor bridge closed due to the accident no cap,online
does china have any travel alerts i should be aware of,online
is the ring road closed due to the accident tonight,online
"just checking, silver rate price action this week so far for the group chat",online
"Just heard about the tech layoffs news, what's the latest — need it fast",online
make the sound of my speaker greater,local
can you share some trivia with me about us history,local
quick refresher on monads in haskell before my exam with an example,local
how long should i expect to wait at the cheesecake factory before getting seated,online
Dogecoin today's high and low,online
what types of things can i ask you,local
please go back to your factory settings,local
"fyi need to know, tesla stock market cap right now for the group chat",online
"genuinely curious, main causes and effects of the treaty of versailles terms pls",local
Quick q - the signing of the magna carta — what actually happened,local
ok correlation vs causation explained with an example problem pls,local
how would you implement B-tree indexing from scratch,local
standard deviation formula formula and when to use it briefly,local
are you really an actual human being,local
what are some things you like to do,local
"for class tomorrow, fourier transform for my calculus homework",local
practice problem using set theory basics thanks,local
Real time quote for silver rate no cap,online
let me know the traffic in tempe,online
"fyi need to know, the wimbledon final result just now",online
ok so nifty 50 live chart movement while i'm stuck in traffic,online
Linear regression math explained with an example problem,local
could i please change your name to alicia,local
what's going on with the covid case numbers at the moment,online
"just checking, current congestion level on the highway before my meeting",online
the ipl match score update please pls,online
speak in a male voice,local
Walk me through caching strategies step by step with an example,local
ngl is the wildfire in the hills still ongoing as of now,online
so real time quote for infosys shares rn,online
"hey, did the parliament session today get resolved yet this morning",online
"Just checking, traffic status on the flyover near the city center this morning before i head out",online
i will be in lakewood from monday to wednesday and i need a hotel room for 4 people,online
did usd to inr go up or down this morning,online
is it safe to drive in paris with this storm,online
"for toby's, is it busy around six",online
who are the people responsible for you,local
"just checking, is the subway line flooded from the downpour right now tonight",online
can you tell me what you call me,local
quick q - practice problem using set theory basics for revision,local
indeed,local
can you tell me what the weather will be please,online
"Fyi need to know, the ashes series result just now for real",online
so tesla stock rate as of this minute pls,online
latest on the cabinet reshuffle in real time,online
can i use dark brown sugar instead of brown sugar,local
"hey, explain the renaissance key artists in a short paragraph pls",local
real time quote for nifty 50,online
"Real talk, cardano market cap right now right now",online
what subjects do you know about,local
do i need a visa for canada,online
apple stock price right now,online
i've got to run now,local
is the expressway open or blocked at the moment,online
"for my homework, hypothesis testing explained with an example problem with an example",local
ok difference between virtual functions in c++ and trie data structure for revision,local
i applied for a visa card; did that go through,online
how much traffic do they get around dinner time,online
perform a coin flip,local
ngl will it rain in berlin in the next few hours before my meeting,online
please start counting down from 10 minutes,local
timeline of the wright brothers first flight,local
let me change your name to dina,local
so polymorphism tutorial with code with an example,local
Usd to inr price action this week so far,online
what sort of things can you help me with,local
the trade deal talks — anything new in the last hour,online
How to solve problems using bayes theorem,local
what topics can i ask you about,local
practice problem using eigenvalues and eigenvectors,local
why is two pointer technique used instead of deadlocks,local
urgent - the t20 world cup game highlights from tonight — need it fast,online
cardano price action this week so far while i'm stuck in traffic,online
urgent - the flood situation downtown status update please before i head out,online
what is the exchange rate for canadian dollars to us dollars,online
Solana market cap right now while i'm stuck in traffic,online
latest on the flood situation downtown in real time,online
"for class tomorrow, how to solve problems using fourier transform",local
ok so how is gold rate trending today,online
so any delays on the subway line today?,online
Live score for the la liga clasico,online
"fyi need to know, any delays on the interstate today?",online
Why did the theory of evolution basics happen,local
"at 5:30 pm, how busy can i expect olive garden to be",online
the harbor bridge conditions right now because of the storm just curious,online
does minnies cafe in modesto take reservations,online
how does asynchronous programming actually work under the hood,local
"Hey, the la liga clasico result just now before i head out",online
Ok so final score of the champions league final for the group chat,online
Ok immutability in functional programming example in python please?,local
i want you to be in whisper mode now because i am in the library,local
Breaking news on the trade deal talks,online
who won the wimbledon final last night no cap,online
"hey, the champions league final score update please this morning",online
derivative of a function explained with an example problem,local
what's my flight's eta,online
"need this for an interview, how does big O notation actually work under the hood",local
"real talk, the asia cup final score update please in the last hour",online
so give me a quick rundown of the theory of evolution basics,local
"fyi need to know, is the expressway flooded from the downpour right now rn",online
does mcdonalds take reservations,online
Who won the ashes series last night,online
urgent - silver rate today's high and low this morning,online
nvidia stock market cap right now,online
main causes and effects of the signing of the magna carta pls,local
what is the name you associate with me,local
ngl is the subway line closed due to the accident before my meeting,online
tcs stock live chart movement,online
it was enjoyable to chat with you,local
ok so is the india vs australia test still playing right now,online
urgent - is there a heat advisory in san francisco today tonight,online
gold rate rate as of this minute,online
is the toll plaza open or blocked at the moment while i'm stuck in traffic,online
Important dates related to the cold war origins before my exam,local
Key figures involved in the silk road trade routes,local
ngl breaking news on the election results rn,online
give me a quick rundown of the great depression causes,local
is the ashes series still playing right now,online
ngl the la liga clasico highlights from tonight,online
so the metro line conditions right now because of the storm for the group chat,online
what are the reviews like for la camelia,online
derive convex optimization basics step by step,local
what are some of the attractions in gatlinburg,online
"hey, did sensex go up or down this morning at the moment",online
so matrix multiplication rules explained with an example problem — struggling with this,local
is the interstate open or blocked at the moment,online
quick one - who's leading in the euro cup semifinal currently rn,online
ngl how humid is it in london right now today,online
"hey, the american civil war causes — what actually happened for my notes",local
so eur to usd market cap right now this evening,online
so derive set theory basics step by step in simple terms,local
ok so will it rain in seoul in the next few hours for real,online
the causes of world war 1 summary for history class,local
the airport terminal conditions right now because of the storm right now,online
is the airport terminal open or blocked at the moment before i head out,online
that's a negative,local
Ngl real time quote for dogecoin while i'm stuck in traffic,online
current congestion level on the main train route,online
the pythagorean theorem formula and when to use it for revision,local
the periodic table history summary for history class pls,local
urgent - is the flyover near the city center closed due to the accident just curious,online
"multiple inheritance in python, explain like i'm a beginner coder",local
Is it safe to drive in toronto with this storm,online
Quick q - give me a quick rundown of the signing of the magna carta,local
limits and continuity explained with an example problem,local
what does tertiary mean,local
how were you made,local
how is usd to inr trending today,online
compare dijkstra's algorithm and eventual consistency in one paragraph with an example,local
what's the currency conversion between rubles and yen,online
notes on docker containers for my assignment,local
pointers vs references — key points to remember,local
"hey, how is solana trending today asap",online
chain rule in calculus formula and when to use it pls,local
what time will i be able to board the plane,online
i will call you cap,local
has flight dl123 arrived yet,online
so explain the theory of evolution basics in a short paragraph for my notes,local
ngl is usd to inr pumping or dumping today just curious,online
notes on quick sort for my assignment,local
so vector cross product formula and when to use it for revision,local
Real time quote for apple stock currently,online
quick one - current air quality index in toronto no cap,online
Any updates on the airline strike happening today,online
ok so quick check on apple stock before i trade,online
can you translate hi into spanish for me,local
"just checking, is the world cup qualifier still playing right now",online
"need this for an interview, the russian revolution 1917 summary for history class — struggling with this",local
"for my homework, permutations and combinations formula and when to use it pls",local
"For class tomorrow, mock objects in testing interview question breakdown in simple terms",local
please turn my settings back to the original settings,local
ok so real time quote for the s&p 500 as of now,online
what do you have me saved under,local
"hey, real time quote for nifty 50 this evening",online
quick q - multiple inheritance in python for dummies pls,local
who's leading in the ufc fight card currently at the moment,online
how to solve problems using law of cosines,local
"for class tomorrow, how does virtual functions in c++ actually work under the hood briefly",local
"Fyi need to know, is the highway closed due to the accident for real",online
the power outage in the city status update please,online
"genuinely curious, background on the causes of world war 1 for my essay",local
how to convert a decimal number to binary manually,local
ok so should i carry an umbrella in tokyo today for the group chat,online
can you show me roundtrip flights from dallas to los angeles from march 2 to march 10,online
should i carry an umbrella in london today,online
"For class tomorrow, timeline of the french revolution timeline before my exam",local
Background on ancient egyptian pyramid construction for my essay,local
"hey, is it safe to drive in sydney with this storm?",online
quick q - practice problem using correlation vs causation for revision,local
ok walk me through abstract class vs interface step by step before my exam,local
"for class tomorrow, permutations and combinations for my calculus homework",local
is there any good place for vietnamese food on the east side of the island,online
the wildfire in the hills developments as of today,online
important dates related to the unification of germany with an example,local
tesla stock market cap right now,online
"need this for an interview, how to solve problems using set theory basics?",local
how is silver rate trending today,online
real world use case for publish subscribe pattern,local
The s&p 500 market cap right now,online
"real talk, final score of the f1 race today",online
"hey, how's it going",local
help me find things to do in nashville,online
"Real talk, crude oil price price right now no cap",online
so important dates related to the ottoman empire decline thanks,local
"Genuinely curious, derive law of sines step by step for my notes",local
"just checking, how humid is it in paris right now right now",online
what does ajar mean,local
Ok so is the premier league match still playing right now?,online
"need this for an interview, derive derivative of a function step by step before my exam",local
so timeline of the theory of evolution basics?,local
Difference between merge sort and abstract class vs interface,local
know any interesting facts,local
no that's wrong,local
Textbook definition of bit manipulation tricks,local
who's leading in the premier league match currently while i'm stuck in traffic,online
you work for someone else or no,local
i need the cooking length for a turkey,local
can you give me information on how to rent a car,online
"for my homework, how does monolith vs microservices actually work under the hood thanks",local
what kind of weather does miami have,online
ok so the asia cup final score update please this morning,online
can you share with me your interpretation of the meaning of life,local
is the airport terminal open or blocked at the moment,online
have i gotten confirmation for my credit card app,online
"hey, is the t20 world cup game still playing right now rn",online
"quick q - heap data structure, explain like i'm a beginner coder briefly",local
quick one - the ashes series result just now no cap,online
current congestion level on the harbor bridge,online
Ok so the world cup qualifier score update please for real,online
"hey, current air quality index in paris pls",online
compiler vs interpreter for dummies,local
the tech layoffs news status update please right now,online
"Real talk, did ripple xrp go up or down this morning rn",online
Is usd to inr pumping or dumping today,online
So the central bank's rate decision — anything new in the last hour,online
background on the partition of india for my essay — struggling with this,local
so key figures involved in the discovery of penicillin before my exam,local
in which place were you made,local
are there any decent places to get seafood in seattle,online
"for class tomorrow, compare microservices architecture and stack vs heap memory in one paragraph",local
bitcoin rate as of this minute?,online
quick q - standard deviation formula — proof and intuition,local
should i know about any travel alerts before traveling in the usa,online
real time quote for nvidia stock,online
difference between lambda expressions and backtracking algorithms,local
for how long have you existed,local
what are the best family restaurants in charlottesville,online
"hey, convex optimization basics formula and when to use it briefly",local
"Need this for an interview, how does sliding window technique actually work under the hood with an example",local
textbook definition of SOLID principles in simple terms,local
"just checking, infosys shares price action this week so far no cap",online
how safe is it to travel to germany,online
"just checking, sensex live chart movement before my meeting",online
so explain promises vs callbacks with a simple example — struggling with this,local
any delays on the ring road today before my meeting,online
can you check where my luggage is off jetblue flight ab123 out of buffalo,online
the language i am using will now be italian,local
"oh hell no, that'd be terrible!",local
do i need to get a visa for russia,online
so real world use case for subqueries in sql before my exam,local
i need to book a flight from texas to new york on may 25th and returning on the 28th,online
Current congestion level on the main train route today,online
why did when the berlin wall fell happen,local
Derive quadratic formula step by step,local
is traffic bad on the way to chicago,online
the printing press invention impact summary for history class,local
quick one - real time quote for gold rate right now,online
"For class tomorrow, regular expressions, explain like i'm a beginner coder with an example",local
will it rain today,online
Background on the french revolution timeline for my essay pls,local
Background on the mughal empire timeline for my essay,local
can you translate i love you into french for me,local
how busy is kaya around 5 pm,online
find me a hotel in seattle with great reviews,online
"just checking, ethereum price action this week so far before my meeting",online
"hey, the la liga clasico result just now as of now",online
"thanks, that's helpful",local
ok so the harbor bridge conditions right now because of the storm asap,online
So tcs stock price action this week so far pls,online
what do i say for goodbye in hawaii,local
How to solve problems using limits and continuity,local
bitcoin price action this week so far?,online
can you tell me today's rate for cad to usd,online
i need to know the preparation time required for fried chicken,local
"what is 20 ounces in grams, please",local
how can i know my current location,online
how would you like me to refer to you,local
"hey, ai",local
"for class tomorrow, notes on dynamic programming for my assignment?",local
Tesla stock live chart movement asap,online
quick one - how bad is the covid case numbers right now just curious,online
"just checking, is sensex pumping or dumping today in the last hour",online
urgent - final score of the india vs australia test in the last hour,online
"Genuinely curious, how does regular expressions actually work under the hood",local
catch you around,local
is a visa required to visit cancun,online
"need this for an interview, timeline of the decolonization of africa for revision",local
"I keep forgetting race conditions, break it down for me",local
"for class tomorrow, promises vs callbacks example in python please thanks",local
"for class tomorrow, pros and cons of docker containers",local
Quick one - nifty 50 today's high and low this morning,online
"For my homework, explain heap data structure with a simple example thanks",local
can i hear the male voice please,local
you need to speak softer,local
ok so is the interstate closed due to the accident before i head out,online
How to solve problems using logarithm rules thanks,local
"how would i say, 'i don't know the answer' in spanish",local
will you tell me who made the ai,local
can you change the volume to 4,local
so solid overview of hash map for revision,local
"Just checking, who's leading in the champions league final currently",online
look for travel alerts for china,online
urgent - quick check on nifty 50 before i trade just curious,online
current air quality index in bangalore,online
"real talk, the india vs australia test result just now for the group chat",online
"For class tomorrow, how to solve problems using gradient descent math",local
cardano live chart movement before my meeting,online
ok law of cosines for my calculus homework thanks,local
how does publish subscribe pattern actually work under the hood,local
linear regression math for my calculus homework,local
"hey, ci cd pipeline basics vs deadlocks which is better and when briefly",local
How to solve problems using chain rule in calculus,local
i think it's true,local
is the subway line flooded from the downpour right now in the last hour,online
how does the dictionary spell antipathy,local
could you please switch to whisper mode,local
the nba game highlights from tonight at the moment,online
can you specify if you are a human or a computer,local
the boston tea party — what actually happened thanks,local
ripple xrp price action this week so far,online
stack vs heap memory interview question breakdown for my notes,local
i'm so glad you helped me!,local
your answer was good,local
"real talk, the euro cup semifinal highlights from tonight for real",online
textbook definition of process vs thread,local
what sort of hobbies do you enjoy,local
so when should i pick monolith vs microservices over race conditions for my notes,local
how would you implement graph traversal from scratch,local
ok give me a quick rundown of the industrial revolution key inventions thanks,local
can you slow down how fast you talk,local
"for my homework, probability distributions explained with an example problem pls",local
"real talk, is the expressway closed due to the accident right now",online
so current congestion level on the toll plaza while i'm stuck in traffic,online
i want to know if you are a real person or an ai,local
"how do they say ""how's it going"" in swahili",local
ok so is the main train route closed due to the accident as of now,online
"For my homework, practice problem using hypothesis testing in simple terms",local
urgent - is the highway closed due to the accident this evening,online
how is the traffic on my way to the venue,online
why do you think we're here,local
"for my homework, why did the age of exploration key figures happen",local
real time quote for crude oil price,online
is there traffic up ahead,online
"fyi need to know, the premier league match highlights from tonight",online
might you have any hobbies,local
urgent - traffic status on the main train route this morning pls,online
summarize mock objects in testing in a few bullet points for revision,local
so what name do you have for me,local
abstract class vs interface — key points to remember with an example,local
"Genuinely curious, difference between sliding window technique and two pointer technique before my exam",local
ai how are you doing today,local
call an uber that fits 5 people that are on their way to wendys,online
make me laugh,local
what do you do for fun,local
key figures involved in the industrial revolution key inventions,local
what kind of questions do you accept,local
please roll a die now,local
"i need to get a flight out of my local airport to england on monday, the 23rd for under a grand",online
"fyi need to know, the earthquake near the coast status update please at the moment",online
will nobu take reservations,online
what landing time is scheduled for my flight,online
what company sponsored you,local
any delays on the toll plaza today for real,online
do you work for anyone else,local
virtual memory vs recursion which is better and when,local
the sauce must simmer then go in the oven but for how long,local
so how to solve problems using law of cosines with an example,local
eigenvalues and eigenvectors for my calculus homework with an example,local
do you know any good restaurants good for kids,online
important dates related to the treaty of versailles terms,local
"please flip a coin for me, tails i win",local
"I keep forgetting load balancing, break it down for me",local
urgent - is the ring road closed due to the accident this morning,online
current valuation on nifty 50 currently,online
Explain ci cd pipeline basics with a simple example,local
which company programmed you,local
define zesty,local
Did tesla stock go up or down this morning,online
tell me how many teaspoons are in two cups,local
please translate grocery into french for me,local
How does dynamic programming actually work under the hood,local
merge sort interview question breakdown,local
how much gas is in my car,online
can i substitute milk for almond milk,local
quick one - traffic status on the toll plaza this morning before my meeting,online
so why did the treaty of versailles terms happen for my notes,local
Current congestion level on the interstate no cap,online
so is the ring road flooded from the downpour right now,online
urgent - is the main train route open or blocked at the moment this morning,online
ok the wright brothers first flight — what actually happened for my notes,local
practice problem using the pythagorean theorem in simple terms,local
the signing of the magna carta summary for history class for my notes,local
what things are there to do in kentucky,online
monolith vs microservices tutorial with code,local
by what name do you refer to me,local
Derive central limit theorem step by step — struggling with this,local
quick check on sensex before i trade,online
how do you address me,local
quick q - important dates related to the periodic table history — struggling with this,local
what are ai's hobbies,local
560 divided by 3,local
do i have to get an international visa before they'll let me in melbourne,online
Walk through limits and continuity with numbers,local
correlation vs causation formula and when to use it in simple terms,local
is there a flood alert for downtown right now,online
you've been a great help,local
"hey, walk through partial derivatives with numbers thanks",local
what subjects are you versed in,local
is it fine to sub bread flour with all-purpose flour,local
solid overview of multiple inheritance in python for revision,local
"just checking, the ipl match result just now today",online
ngl any delays on the harbor bridge today currently,online
please book a car for me in ho chi minh,online
"genuinely curious, B-tree indexing for dummies in simple terms",local
tell me the ratings for the local denny's,online
quick one - the nba game result just now for real,online
do you know any fun facts about the ocean,local
what do they call you,local
"if i have four inches, how many centimeters is that",local
"just checking, is the airport terminal closed due to the accident",online
Laplace transform — proof and intuition,local
markov chains formula and when to use it,local
ok notes on binary search tree for my assignment,local
so live score for the world cup qualifier this morning,online
practice problem using the pythagorean theorem,local
urgent - who won the world cup qualifier last night just curious,online
why is stack vs heap memory used instead of mutex vs semaphore,local
so key figures involved in the signing of the magna carta with an example,local
how long do you need to put the cuish in for,local
my name is steve,local
the heatwave alert developments as of today,online
"that is not true, it's false",local
ok so live score for the nba game asap,online
i'm traveling to paris soon and want to inform my bank,online
live score for the euro cup semifinal,online
quick q - the moon landing mission details summary for history class before my exam,local
"real talk, nifty 50 rate as of this minute currently",online
let me know how the outback steakhouse reviews are,online
sliding window technique interview question breakdown,local
"no, that's incorrect",local
i need directions to get to olympia by bus,online
ok REST vs GraphQL tutorial with code with an example,local
"for my homework, important dates related to the partition of india",local
the ufc fight card result just now,online
ngl will it rain in sydney in the next few hours just curious,online
"fyi need to know, just heard about the border tensions, what's the latest while i'm stuck in traffic",online
i am wanting to know how old you are,local
what percent of gas do i have left,online
go to whisper mode,local
what tasks can you complete for me,local
can you book me a place to stay in pittsburgh from monday to friday,online
ok key figures involved in the discovery of penicillin,local
i wanna know what the traffic typically like at 3:30 on the route to phoenix,online
"just checking, any delays on the airport terminal today",online
segmentation fault in my c program when i free memory twice,local
Breaking news on the power outage in the city,online
what ingredients go in spaghetti,local
"fyi need to know, dogecoin rate as of this minute currently",online
"Hey, the periodic table history summary for history class",local
say something funny,local
tail recursion tutorial with code in simple terms,local
Quick q - ancient egyptian pyramid construction summary for history class before my exam,local
please refer to me as sharon,local
quick one - apple stock live chart movement?,online
ethereum price right now while i'm stuck in traffic,online
"hey, slow down and take your time",local
will you find me a place to stay in casper from march 5th to march 11th,online
tell the bank i'm traveling between denver and la,online
is it possible to change to original settings,local
what is the meaning of this life,local
can i get a random heads or tails,local
alter your language to french,local
quick one - is the flight delayed out of delhi due to fog right now,online
"if i'm heading to the mall at 5:00, what will the traffic be like",online
what ingredients do i need for gumbo,local
"fyi need to know, the highway conditions right now because of the storm for real",online
Topological sort cheat sheet,local
the champions league final score update please currently,online
are there any places nearby i can rent a car at,online
Key figures involved in the mughal empire timeline,local
farewell!,local
what's the time it takes to make a decent omelette,local
Is the airline strike affecting traffic right now,online
urgent - live score for the f1 race before i head out,online
ok so live score for the asia cup final rn,online
i'd rather have you call be ray ray,local
what does 6 x 1 equal,local
Background on the causes of world war 1 for my essay for my notes,local
"for class tomorrow, the age of exploration key figures summary for history class before my exam",local
how do you convert ounces to kilos,local
who's leading in the ufc fight card currently,online
the world cup qualifier highlights from tonight,online
"for class tomorrow, i keep forgetting binary search tree, break it down for me pls",local
How to solve problems using quadratic formula thanks,local
The india vs australia test highlights from tonight,online
tesla stock market cap right now asap,online
can you tell me the best place for cajun shrimp in tampa,online
i want to visit chicago by bus what do i need to do,online
urgent - nvidia stock price action this week so far,online
is the election results still ongoing at the moment,online
"yeah, that's right",local
"just heard about the central bank's rate decision, what's the latest today",online
Solana today's high and low rn,online
compare tail recursion and operator overloading in c++ in one paragraph,local
how to solve problems using logarithm rules,local
"can you tell me what 30% off 279 is, please",local
Is there a heat advisory in chennai today,online
where were your born,local
"Fyi need to know, is the nba game still playing right now asap",online
Who won the ipl match last night,online
how would you implement version control branching from scratch,local
quick q - logarithm rules explained with an example problem — struggling with this,local
solana rate as of this minute,online
"where is my luggage, i was on delta flight ab123 out of dc",online
tell me things i can do in chicago,online
practice problem using hypothesis testing,local
"i keep forgetting pointers vs references, break it down for me",local
they call me josh,local
what's the currency conversion between usd and pounds,online
why did the silk road trade routes happen,local
"Hey, the earthquake near the coast status update please right now",online
try using a different accent,local
explain the boston tea party in a short paragraph,local
how old will you be next year,local
"genuinely curious, derive vector cross product step by step",local
"I keep forgetting git rebase vs merge, break it down for me",local
the asia cup final score update please at the moment,online
vector cross product for my calculus homework,local
Main causes and effects of the renaissance key artists with an example,local
"genuinely curious, derivative of a function explained with an example problem",local
help me flip a coin,local
"hey, derive hypothesis testing step by step thanks",local
"need this for an interview, key figures involved in the age of exploration key figures",local
"just checking, current air quality index in paris this morning",online
"For class tomorrow, difference between binary search tree and caching strategies thanks",local
that turns out to be false,local
compiler vs interpreter interview question breakdown,local
so is the subway line closed due to the accident for real,online
"for my homework, quick refresher on hash map before my exam",local
do i need an international visa to go to hong kong,online
what is the square root of sixteen,local
"hey, background on the ottoman empire decline for my essay",local
how long do noodles need to cook,local
"Hey, current congestion level on the subway line tonight",online
ngl who won the ashes series last night just curious,online
i want to increase your volume,local
"genuinely curious, i keep forgetting regular expressions, break it down for me for my notes",local
"hey, live score for the ashes series at the moment",online
urgent - the grand slam tennis match score update please while i'm stuck in traffic,online
what do you do for fun in your free time,local
"real talk, will it rain in toronto in the next few hours before my meeting",online
"need this for an interview, main causes and effects of ancient egyptian pyramid construction thanks",local
i don't know how to spell drought,local
what if i lost my luggage,online
i think my luggage got lost,online
i want to put you in a different language,local
can you do a coin flip,local
is the storm system offshore affecting traffic right now,online
how long should i fry an egg for,local
"need this for an interview, pros and cons of TCP vs UDP with an example",local
quick one - nvidia stock market cap right now tonight,online
does luigi's take reservations,online
"fyi need to know, current congestion level on the main train route no cap",online
quick one - is there a heat advisory in chicago today today,online
"just checking, the interstate conditions right now because of the storm as of now",online
walk me through version control branching step by step,local
"fyi need to know, any delays on the toll plaza today",online
what are some funny things about food,local
"hey, correlation vs causation explained with an example problem in simple terms",local
markov chains for my calculus homework thanks,local
singleton pattern for dummies,local
notify my bank that i will be in rome from february 1 to march 1,online
"genuinely curious, inheritance vs composition tutorial with code",local
Derive the pythagorean theorem step by step,local
you can call me john,local
ok so the t20 world cup game score update please for the group chat,online
"hey, the india vs australia test score update please pls",online
i need to know directions to the nearest gas station,online
have a good one,local
refresh to factory defaults,local
i need to let my bank know i am traveling to new york,online
urgent - is the world cup qualifier still playing right now before my meeting,online
so who's leading in the ashes series currently while i'm stuck in traffic,online
do you know of any good mexican restaurants in seattle,online
key figures involved in the great depression causes,local
that’s not correct,local
ngl who won the premier league match last night tonight,online
Is the t20 world cup game still playing right now pls,online
Partial derivatives explained with an example problem,local
what sorts of things are you into,local
can you tell me where you are from,local
latest on the vaccine rollout progress in real time this morning,online
how much gas is in my gas tank,online
is the harbor bridge closed due to the accident for the group chat,online
the ring road conditions right now because of the storm asap,online
correlation vs causation for my calculus homework for revision,local
what is the status of my application for the credit card,online
thanks again!,local
"for my homework, the moon landing mission details summary for history class briefly",local
can you find me a decent hotel in denver,online
so real time quote for reliance shares just curious,online
you came from where,local
"when referring to you, what name should i use",local
is the level of fuel in my car enough to get me to work,online
which bus should i take to get to the statue of liberty,online
"i don't get observer pattern, someone explain",local
my binary search returns wrong index for even length arrays,local
"for my homework, law of cosines explained with an example problem",local
could you let me know how old you are,local
should i carry an umbrella in sydney today,online
what are the ratings like for chilis,online
"Just checking, nasdaq today's high and low asap",online
i wanna know when my flight scheduled to board,online
urgent - what's going on with the covid case numbers at the moment for the group chat,online
So key figures involved in the printing press invention impact,local
3 of us need to get to union station via uber,online
"later, thanks for chatting",local
i think not,local
"need this for an interview, derive standard deviation formula step by step for my notes",local
How to solve problems using logarithm rules before my exam,local
difference between monolith vs microservices and singleton pattern for revision,local
ngl is the election results affecting traffic right now?,online
"hey, silver rate market cap right now — need it fast",online
greedy algorithms tutorial with code — struggling with this,local
what do you know me as,local
latest on the election results in real time,online
how are things going for you,local
so eur to usd market cap right now before my meeting,online
how good are the ratings for red robin,online
where's a good place to get some grub,online
Who's leading in the la liga clasico currently,online
can you tell a joke,local
hypothesis testing for my calculus homework,local
explain operator overloading in c++ with a simple example?,local
who is your originator,local
real world use case for sliding window technique,local
i need an uber for 3 passengers to go to madison square garden,online
how will i find my current location,online
"for class tomorrow, practice problem using central limit theorem?",local
"for class tomorrow, trie data structure vs regular expressions which is better and when with an example",local
urgent - final score of the t20 world cup game,online
please run a timer for me,local
the euro cup semifinal score update please,online
"real talk, latest on the vaccine rollout progress in real time currently",online
So how would you implement generics in java from scratch?,local
i'm going to mexico; do i need an international via,online
"fyi need to know, the f1 race result just now",online
ok so how humid is it in kolkata right now just curious,online
speak quiet as though you were in a church,local
can my volume be increased,local
how can you convert miles to kilometers,local
"for class tomorrow, why did the causes of world war 1 happen thanks",local
Is the highway open or blocked at the moment before my meeting,online
"i want to change your name, please",local
quick one - the main train route conditions right now because of the storm this morning,online
latest on the protest downtown in real time,online
"hey, who's leading in the premier league match currently at the moment",online
i've notified my bank that i'm in mexico from august 1 to august 5,online
"filp a coin, i call heads",local
are you an automated assistance,local
"for my homework, how to solve problems using limits and continuity in simple terms",local
So the central bank's rate decision developments as of today,online
quick one - breaking news on the cyclone warning for real,online
"For my homework, give me a quick rundown of the discovery of penicillin pls",local
Should i carry an umbrella in seoul today,online
Key figures involved in the treaty of versailles terms,local
is there a greater purpose in life,local
quick refresher on git rebase vs merge before my exam with an example,local
central limit theorem — proof and intuition,local
urgent - who won the asia cup final last night asap,online
i want your language changed to chinese,local
"genuinely curious, how to solve problems using central limit theorem for my notes",local
"Just checking, silver rate live chart movement before i head out",online
urgent - breaking news on the cyclone warning no cap,online
how many square feet is a 13 by 74 room,local
"hey, is the flyover near the city center closed due to the accident",online
"real talk, apple stock today's high and low tonight",online
"Real talk, who won the ashes series last night",online
"just checking, any delays on the harbor bridge today",online
find me starbucks,online
background on the silk road trade routes for my essay with an example,local
Markov chains formula and when to use it,local
i like to paint in my free time-do you have any hobbies like that,local
urgent - traffic status on the flyover near the city center this morning this evening,online
tell me interesting facts about lighthouses,local
is the earthquake near the coast still ongoing as of now,online
Did the flood situation downtown get resolved yet,online
"Just checking, traffic status on the metro line this morning this morning",online
is there an easy way to change feet into inches,local
what ingredients are in antipasto salad,local
can you book me a place to stay in denver from wednesday to friday,online
Textbook definition of load balancing,local
So traffic status on the ring road this morning for real,online
my names carrie,local
SOLID principles cheat sheet pls,local
i need to switch to the male voice,local
ok pros and cons of message queues,local
"genuinely curious, practice problem using limits and continuity",local
The causes of world war 1 — what actually happened,local
can you please speed up your speech settings,local
"for my homework, why is joins in sql used instead of two pointer technique in simple terms",local
bitcoin live chart movement,online
is the asia cup final still playing right now,online
tell me something neat about slinkies,local
urgent - is there a heat advisory in kolkata today,online
i want you to use whisper voice now,local
timeline of the theory of evolution basics,local
what's your city of origin,local
you're speaking too fast and i need to change that,local
quick q - explain closures in javascript with a simple example for my notes,local
ok so who won the champions league final last night tonight,online
ok denormalization interview question breakdown for revision,local
Important dates related to the cold war origins,local
Summarize kubernetes pods in a few bullet points,local
Race conditions for dummies,local
ngl usd to inr today's high and low today,online
can you tell me something funny,local
quick one - should i carry an umbrella in berlin today pls,online
difference between CAP theorem and memoization,local
"Genuinely curious, docker containers, explain like i'm a beginner coder for my notes",local
"hey, standard deviation formula formula and when to use it briefly",local
please go to factory settings now,local
ok so the champions league final result just now this evening,online
"hey, give me a quick rundown of the great depression causes pls",local
the discovery of penicillin summary for history class,local
Quick q - walk me through binary search tree step by step pls,local
go ahead and change your accent to the male british one,local
tell me the traffic in tempe,online
Key figures involved in the causes of world war 1,local
"hey, give me a quick rundown of the unification of germany before my exam",local
Walk through bayes theorem with numbers,local
is the covid case numbers affecting traffic right now,online
where should i travel to next,online
Quick q - timeline of the discovery of penicillin — struggling with this,local
how long does it take to make roast chicken,local
the ceasefire negotiations — anything new in the last hour,online
peace out,local
"for class tomorrow, explain the wright brothers first flight in a short paragraph for revision",local
walk through laplace transform with numbers,local
"just checking, did the airline strike get resolved yet",online
it seems my luggage was lost,online
"real talk, is the cabinet reshuffle still ongoing while i'm stuck in traffic",online
how long to microwave a frozen dinner,local
who won the t20 world cup game last night just curious,online
what's going on with the ceasefire negotiations at the moment,online
could you help with booking a car rental for me in seattle,online
what are the ratings about at pho king,online
quick check on bitcoin before i trade in the last hour,online
ok walk through law of sines with numbers in simple terms,local
how to solve problems using vector cross product,local
message queues — key points to remember,local
use male voice now,local
how would you implement kubernetes pods from scratch thanks,local
"For class tomorrow, walk through laplace transform with numbers in simple terms",local
Did gold rate go up or down this morning,online
how do i know if you are a real person,local
"Just checking, the s&p 500 rate as of this minute today",online
"fyi need to know, is the flyover near the city center flooded from the downpour right now this morning",online
who do yo work for,local
do i need a visa to travel to mexico,online
SOLID principles — key points to remember,local
i want your name,local
are you real or not,local
how long do i cook chicken breast,local
i want to know if my application for a credit card at community bank has been approved or not,online
sharding vs observer pattern which is better and when,local
Eur to usd price action this week so far asap,online
can you tell me what you just said,local
what can i address you,local
i need to figure out what to do about lost luggage,online
please use your female voice,local
i’m making spaghetti what ingredients do i need,local
why did the moon landing mission details happen before my exam,local
how long do you need to bake chicken for it to be safe to eat,local
real world use case for multithreading in java,local
direct me to the closest starbucks near home,online
laplace transform explained with an example problem,local
"just heard about the covid case numbers, what's the latest",online
what topics are you versed in,local
is the metro line flooded from the downpour right now this evening,online
traffic status on the highway this morning while i'm stuck in traffic,online
current air quality index in bangalore as of now,online
The world cup qualifier score update please,online
solid overview of memoization for revision,local
"could you tell me the meaning of life, please",local
solid overview of graph traversal for revision,local
who's leading in the premier league match currently,online
"fyi need to know, what's going on with the cabinet reshuffle at the moment just curious",online
why is pointers vs references used instead of singleton pattern,local
how long does it take to cook ham,local
the metro line conditions right now because of the storm?,online
are the pancakes at ihop any good,online
return it back to the original settings,local
i would like to know who programmed this ai,local
roll a dice,local
nasdaq price right now,online
bayes theorem — proof and intuition,local
what should i grab to make a german chocolate cake,local
practice problem using bayes theorem for my notes,local
"hey, the highway conditions right now because of the storm for the group chat",online
who's leading in the world cup qualifier currently for real,online
"Hey, the vaccine rollout progress developments as of today no cap",online
Current air quality index in kolkata,online
roll them bones!,local
"real talk, how is solana trending today as of now",online
compare compiler vs interpreter and closures in javascript in one paragraph,local
The boston tea party — what actually happened briefly,local
Central limit theorem for my calculus homework,local
any updates on the parliament session today happening today rn,online
how do i spell acquaintance,local
"what age were you on your last birthday, ai",local
ok set theory basics — proof and intuition briefly,local
do i have enough fuel to get to orlando,online
"Need this for an interview, solid overview of dependency injection for revision for my notes",local
how do you say thank you in spanish,local
Urgent - the harbor bridge conditions right now because of the storm asap,online
can you find out if my application at smith bank was approved or not  i applied for s credit card a month ago,online
quick one - final score of the world cup qualifier,online
Compare deadlocks and test driven development in one paragraph briefly,local
is it possible to book 10 people from monday to tuesday in manhattan,online
how long will i wait for a table at red lobster,online
Gold rate price action this week so far asap,online
"Fyi need to know, live score for the ipl match before i head out",online
textbook definition of CAP theorem,local
"Hey, current congestion level on the flyover near the city center while i'm stuck in traffic",online
what are fun facts about lighthouses,local
urgent - should i carry an umbrella in hyderabad today right now,online
i want you to change the ai name,local
what's the current weather,online
Urgent - any delays on the interstate today,online
am i able to get an uber to the movies,online
"for my homework, practice problem using law of sines briefly",local
is it safe to drive in london with this storm,online
does macedonia have any travel alerts i should be aware of,online
How would you implement dijkstra's algorithm from scratch for my notes,local
can you tell me about your hobbies,local
"fyi need to know, who won the ufc fight card last night currently",online
what ingredients do i need to make pancakes,local
"for my homework, derive standard deviation formula step by step thanks",local
im sorry can you repeat yourself,local
i need to swap salt for baking soda,local
the vaccine rollout progress developments as of today,online
ok so bitcoin live chart movement this evening,online
walk through convex optimization basics with numbers,local
the asia cup final result just now,online
nvidia stock market cap right now while i'm stuck in traffic,online
do you know if bottlenecks takes dinner reservations,online
can you tell me how busy chipotle will be at nine tonight,online
"Genuinely curious, explain linked list with a simple example — struggling with this",local
So who won the t20 world cup game last night for the group chat,online
change your language to spanish please,local
i wish to know the types of subjects are you familiar with,local
How does virtual functions in c++ actually work under the hood,local
can you please turn the volume to 4,local
The ufc fight card score update please,online
microservices architecture example in python please in simple terms,local
let my bank know that i'm going to norway between march 3 and march 5,online
the india vs australia test result just now no cap,online
get me a hotel room for 3 people from march 12th to 14th in chicago,online
The highway conditions right now because of the storm,online
how is the traffic like on the way to the beach,online
can i substitute lemon juice for vinegar,local
real world use case for connection pooling,local
how would you implement big O notation from scratch,local
tell me when my flight scheduled to board,online
"Hey, derive limits and continuity step by step for revision",local
solid overview of bit manipulation tricks for revision,local
"for class tomorrow, when the berlin wall fell — what actually happened",local
i want to start calling you marie,local
how would you implement process vs thread from scratch,local
"for my homework, timeline of the unification of germany",local
i need to know how much gas i have,online
real time quote for apple stock,online
i'd like to know where you're from,local
please help me book a rental car for nashville,online
how long do i put the casserole in,local
inform my bank that i'll be going to europe,online
what is the square root of 80,local
"so just heard about the central bank's rate decision, what's the latest before my meeting",online
explain the ottoman empire decline in a short paragraph,local
so who won the champions league final last night currently,online
what is the weather outlook for seattle,online
heap data structure tutorial with code,local
"for my homework, test driven development for dummies pls",local
"For my homework, summarize singleton pattern in a few bullet points in simple terms",local
"need this for an interview, how to solve problems using law of sines",local
"hey, who won the champions league final last night rn",online
quick one - will it rain in new york in the next few hours,online
what is 20% of a thousand,local
Asynchronous programming — key points to remember,local
So timeline of the american civil war causes before my exam,local
"hey, nasdaq market cap right now rn",online
docker containers — key points to remember,local
"that's all i need, thanks!",local
how many kilos are in 150 pounds,local
"i am going to south america, let my bank know",online
the border tensions status update please,online
So the world cup qualifier score update please — need it fast,online
Ok key figures involved in the moon landing mission details before my exam,local
use the male voice please,local
show me where i am on a map,online
i would love to know the exchange rate between rubles and pounds,online
Quick check on ethereum before i trade,online
please look up if i can rent a car in houston from march 25 to march 29,online
can you find my location on the map,online
Who's leading in the euro cup semifinal currently before i head out,online
where were you made,local
"in making an omelette, what ingredients do i need",local
"Need this for an interview, law of sines explained with an example problem",local
"hey, breaking news on the border tensions rn",online
"For class tomorrow, the silk road trade routes summary for history class thanks",local
how would i say hello if i were swedish,local
what are the reviews like for khin khao,online
so cardano price action this week so far in the last hour,online
breaking news on the earthquake near the coast,online
"need this for an interview, derive law of cosines step by step",local
how long will it take me to make baked chicken,local
is the toll plaza closed due to the accident no cap,online
when will i get to my destination,online
when will my cc application process,online
textbook definition of operator overloading in c++,local
urgent - the nba game score update please currently,online
feel free to call me jim,local
how is eur to usd trending today,online
"just checking, the ashes series highlights from tonight tonight",online
quick one - what's going on with the supreme court verdict at the moment,online
"just checking, current air quality index in chicago just curious",online
Give me a quick rundown of the american civil war causes,local
background on the american civil war causes for my essay,local
monads in haskell cheat sheet,local
ngl is the airport terminal closed due to the accident asap,online
how many inches are in 5 feet,local
are there any furniture outlets near the mall,online
can you set a timer,local
ngl should i carry an umbrella in london today right now,online
tell your hobbies,local
where did you grow up,local
is the vaccine rollout progress still ongoing,online
"hey, quick check on dogecoin before i trade in the last hour",online
is there a heat advisory in tokyo today,online
current air quality index in tokyo,online
can i refer to you as liz,local
alert my bank and let them know that i'm travelling to switzerland,online
"Fyi need to know, reliance shares rate as of this minute before my meeting",online
can you check to see how busy that restaurant is for dinner,online
how's life,local
pizza has which ingredients,local
how are things for you,local
ok so is the metro line closed due to the accident no cap,online
Main causes and effects of the mughal empire timeline,local
"fyi need to know, is the flight delayed out of paris due to fog today",online
ngl current valuation on nasdaq pls,online
So live score for the nba game this evening,online
how many kilos are in 20 pounds,local
explain the difference between shallow copy and deep copy,local
what is your creation date,local
i want to find a roundtrip flight from philadelphia to sioux falls from august 3rd through august 25th,online
notes on compiler vs interpreter for my assignment,local
just another time please,local
"fyi need to know, did crude oil price go up or down this morning — need it fast",online
ok why did the industrial revolution key inventions happen,local
important dates related to the industrial revolution key inventions briefly,local
"can you please flip a coin, i call tails",local
background on the fall of the roman empire for my essay thanks,local
urgent - reliance shares live chart movement for real,online
what's your full name,local
score update from the ongoing test match,online
tail recursion cheat sheet — struggling with this,local
do you have any hobbies to speak of,local
Quick refresher on pointers vs references before my exam,local
Taylor series expansion for my calculus homework,local
any delay reported on the harbor bridge this evening,online
"For class tomorrow, real world use case for connection pooling for my notes",local
the wimbledon final highlights from tonight,online
so is the flyover near the city center flooded from the downpour right now no cap,online
Ok partial derivatives formula and when to use it?,local
what questions do you respond to,local
Ok solid overview of asynchronous programming for revision — struggling with this,local
"hey, immutability in functional programming for dummies",local
how many dollars can i exchange for 100000 yen,online
crude oil price rate as of this minute before my meeting,online
Walk through permutations and combinations with numbers,local
quick one - who won the ashes series last night just curious,online
can you please not talk so fast,local
i want you to guess my name,local
"Fyi need to know, the t20 world cup game score update please pls",online
translate hello into french for me,local
how would you implement virtual memory from scratch,local
Ok eigenvalues and eigenvectors formula and when to use it,local
"so just heard about the covid case numbers, what's the latest while i'm stuck in traffic",online
"fyi need to know, breaking news on the vaccine rollout progress tonight",online
i must set a timer,local
derive the pythagorean theorem step by step with an example,local
what is your boss's name,local
"Real talk, is the ceasefire negotiations still ongoing tonight",online
so give me a quick rundown of when the berlin wall fell pls,local
Is the airport terminal closed due to the accident,online
Ngl quick check on apple stock before i trade as of now,online
So derive law of cosines step by step,local
what is the record high temperature for today,online
"I keep forgetting normalization forms, break it down for me pls",local
replace my language to chinese,local
"real talk, the s&p 500 market cap right now this evening",online
So derive laplace transform step by step briefly,local
i can't be loud and need you to speak more quietly,local
can i substitute rice milk for milk,local
derive taylor series expansion step by step,local
you're talking too quickly for me to understand,local
so is the interstate flooded from the downpour right now pls,online
"fyi need to know, should i carry an umbrella in los angeles today pls",online
notes on REST vs GraphQL for my assignment,local
how is it outside,online
i'd like to know how much gas is left,online
"fyi need to know, the euro cup semifinal highlights from tonight?",online
"genuinely curious, summarize event loop in node in a few bullet points?",local
"real talk, final score of the premier league match",online
Markov chains for my calculus homework?,local
what meaning does life hold,local
How to solve problems using fourier transform,local
"real talk, is the interstate open or blocked at the moment",online
the industrial revolution key inventions summary for history class pls,local
is the flyover near the city center open or blocked at the moment right now,online
The ufc fight card result just now before my meeting,online
convert cm to inch,local
textbook definition of event loop in node,local
why is operator overloading in c++ used instead of tail recursion,local
is the flight delayed out of paris due to fog in the last hour,online
ok gradient descent math explained with an example problem — struggling with this,local
did bitcoin go up or down this morning,online
nasdaq today's high and low,online
"Hey, walk me through closures in javascript step by step with an example",local
inform me as to how much gas my car has,online
how many dollars can i exchange for 10000 yen,online
ok so did the parliament session today get resolved yet asap,online
i appreciate it,local
Ok so live score for the f1 race right now,online
how would i say i'm not guilty if i were mexican,local
who made you up,local
ngl current valuation on sensex,online
Law of cosines — proof and intuition,local
is it raining in sparks,online
did crude oil price go up or down this morning,online
my hashmap implementation has collisions that overwrite values,local
tell me something funny about parenting,local
real time quote for cardano,online
what is my gas level,online
"genuinely curious, derive central limit theorem step by step for my notes",local
is there any news on flight dl123,online
Give me a quick rundown of the signing of the magna carta?,local
what's the cheapest fares from lax to sfo for round trip flights leaving april 1st and returning april 7th,online
give me a quick rundown of the treaty of versailles terms for revision,local
When should i pick operator overloading in c++ over trie data structure,local
that's a definite yes,local
can i refer to you as mike from here on out,local
ngl current valuation on infosys shares for the group chat,online
thanks a lot for the answer,local
are you real or fake,local
"for class tomorrow, real world use case for ci cd pipeline basics before my exam",local
"need this for an interview, practice problem using quadratic formula",local
at this location what are my gps coordinates,online
what does traffic look like at 9 en route to the aquarium,online
can you use the male british accent,local
what are the reviews like for bar tartine,online
"Real talk, current valuation on ripple xrp before my meeting",online
ok so eur to usd price right now before i head out,online
"i don't get primary key vs unique key, someone explain",local
set the volume to 4 now,local
Ngl is the metro line closed due to the accident,online
quick one - any delays on the ring road today as of now,online
can you tell me about the best tourist attractions in sweden,online
Crude oil price live chart movement,online
"Just checking, did nasdaq go up or down this morning just curious",online
urgent - is the harbor bridge flooded from the downpour right now tonight,online
convex optimization basics for my calculus homework with an example,local
"genuinely curious, summarize multithreading in java in a few bullet points thanks",local
"just heard about the border tensions, what's the latest",online
is the toll plaza flooded from the downpour right now this morning,online
let me know if you are a human or a computer,local
ok the russian revolution 1917 summary for history class,local
what do tourists do in tokyo,online
immediately begin using whisper mode,local
"hey, how bad is the trade deal talks right now?",online
does pizza hut have good reviews,online
Quick one - is the main train route flooded from the downpour right now this morning,online
bitcoin price action this week so far,online
bitcoin price right now in the last hour,online
what do you think about the meaning of life,local
solid overview of trie data structure for revision,local
"Real talk, current congestion level on the main train route",online
Fourier transform for my calculus homework,local
"that'll work, good job!",local
"need this for an interview, important dates related to the great depression causes",local
what can a tourist in denver do,online
"no, that is my response",local
please only call me joe,local
am i running low on gas,online
what do you think is the meaning of like,local
"need this for an interview, key figures involved in the silk road trade routes pls",local
Traffic status on the flyover near the city center this morning,online
ok explain the silk road trade routes in a short paragraph for revision,local
is it going to rain today,online
so give me a quick rundown of the mughal empire timeline for my notes,local
who engineered you,local
live score for the grand slam tennis match,online
the la liga clasico highlights from tonight,online
ok the silk road trade routes summary for history class,local
Quick check on reliance shares before i trade,online
does the zen garden in la take reservations,online
"Need this for an interview, important dates related to the signing of the magna carta",local
you can call me james,local
name a good restaurant near me,online
"regarding my name, whats it saved as",local
will it rain in london in the next few hours,online
what questions are you programmed to answer,local
breaking news on the heatwave alert,online
how's everything,local
The power outage in the city status update please,online
tell me a joke about jobs,local
please turn on whisper voice,local
the heatwave alert — anything new in the last hour,online
"Need this for an interview, pros and cons of abstract class vs interface pls",local
current valuation on infosys shares for real,online
i am going to travel to mexico soon; do i need to get a visa,online
infosys shares rate as of this minute,online
ok partial derivatives for my calculus homework thanks,local
The boston tea party summary for history class,local
"Need this for an interview, when should i pick subqueries in sql over graph traversal with an example",local
"i keep forgetting monads in haskell, break it down for me",local
The grand slam tennis match result just now,online
"Hey, solana price action this week so far today",online
deadlocks — key points to remember,local
book me a flight out of la to chicago on march 3rd for under $500,online
Latest on the tech layoffs news in real time,online
real world use case for graph traversal,local
is there a heat advisory in paris today,online
why is multithreading in java used instead of load balancing,local
how many cs are in acquiescence,local
urgent - quick check on the s&p 500 before i trade before i head out,online
walk through gradient descent math with numbers before my exam,local
ok fourier transform for my calculus homework for my notes,local
quick one - is the airport terminal open or blocked at the moment this morning,online
"need this for an interview, closures in javascript cheat sheet for revision",local
would i need a tourist visa for brazil,online
what are some of the hobbies you enjoy doing,local
how is infosys shares trending today,online
Who won the nba game last night,online
what is the status of my frontier flight,online
"real talk, the grand slam tennis match score update please today",online
"for my homework, difference between big O notation and dijkstra's algorithm before my exam",local
yes you are correct,local
Law of sines for my calculus homework,local
probability distributions for my calculus homework,local
"hey, the ashes series highlights from tonight for the group chat",online
how are things going,local
thank you for helping me,local
"need this for an interview, explain the american civil war causes in a short paragraph with an example",local
quick one - the premier league match result just now rn,online
tell me some trivia about birds,local
quick one - live score for the euro cup semifinal rn,online
quick one - current air quality index in new york,online
is there a heat advisory in new york today,online
so main causes and effects of the wright brothers first flight,local
what date were you created on,local
quick refresher on garbage collection before my exam,local
Urgent - is the flood situation downtown still ongoing,online
"for class tomorrow, the theory of evolution basics summary for history class thanks",local
switch to whisper please,local
how does one say thank you in spanish,local
how long will it take to be seated at the flying w,online
probability distributions explained with an example problem for my notes,local
"Real talk, is the flyover near the city center flooded from the downpour right now before my meeting",online
"for my homework, i don't get garbage collection, someone explain for my notes",local
does tartine in san francisco take reservations,online
Explain the silk road trade routes in a short paragraph,local
please set a timer for 40 minutes,local
inform me what you do for fun in your free time,local
i'd like to rent an automobile in pittsburgh from this tuesday until next thursday can i do that,online
walk through derivative of a function with numbers,local
what's your age,local
"hey, walk me through TCP vs UDP step by step?",local
when should i pick merge sort over monolith vs microservices before my exam,local
do you think you are a bot,local
ngl final score of the grand slam tennis match,online
virtual memory for dummies for revision,local
does buffalo wild wings in concord take reservations,online
i need a roundtrip flight for 5/2 to 5/8 from nyc to los angeles,online
can i change your name,local
is there a tsunami warning issued right now,online
So timeline of the great depression causes,local
do you know if outback allows reservations,online
"hey, timeline of the russian revolution 1917 in simple terms",local
notes on recursion for my assignment,local
should i carry an umbrella in chicago today,online
difference between eventual consistency and monads in haskell,local
ok so is the main train route flooded from the downpour right now no cap,online
key figures involved in ancient egyptian pyramid construction thanks,local
find me a roundtrip flight from dallas to los angeles from march 2 to march 10,online
the causes of world war 1 — what actually happened,local
tell me the company that produces you and similar machines,local
how long should i spend preparing roast beef,local
"need this for an interview, derive taylor series expansion step by step in simple terms",local
i can't figure out how to spell superficial,local
how is cardano trending today currently,online
what kinds of hobbies do you enjoy,local
ripple xrp market cap right now for real,online
i want to visit portugal do i need a travel visa,online
"for my homework, bayes theorem explained with an example problem for my notes",local
"why are you talking so sloooooooooowly, please speed it up!",local
when will my delta flight depart,online
tell me a non-offensive joke,local
so live score for the india vs australia test this evening,online
i am going to address you as my own name,local
are there any alerts for traveling in belize,online
walk me through SOLID principles step by step?,local
summarize garbage collection in a few bullet points,local
current congestion level on the toll plaza pls,online
quick q - set theory basics formula and when to use it,local
what ingredients are found in hunan chicken,local
"is it snowing right now in richmond, va",online
key figures involved in the periodic table history,local
how bad is traffic at 8 on the way to burger king,online
quick q - important dates related to the great depression causes for revision,local
"for my homework, practice problem using vector cross product for revision",local
traffic status on the ring road this morning for real,online
quick one - real time quote for nvidia stock currently,online
So the f1 race score update please before my meeting,online
"For my homework, walk through hypothesis testing with numbers",local
how do you say thank you in german,local
don't make too much noise,local
"just checking, is there a heat advisory in los angeles today",online
"will you repeat that, please",local
i want you to call me something else,local
"Genuinely curious, when should i pick virtual functions in c++ over merge sort thanks",local
"genuinely curious, important dates related to the fall of the roman empire before my exam",local
which company is responsible for your design,local
so standard deviation formula explained with an example problem,local
"need this for an interview, background on the fall of the roman empire for my essay with an example",local
whats up,local
"hey, did the ceasefire negotiations get resolved yet before my meeting",online
speak slower,local
The cold war origins summary for history class for revision,local
"genuinely curious, compare trie data structure and multiple inheritance in python in one paragraph in simple terms",local
urgent - how is usd to inr trending today for real,online
do you remember my name,local
Did the covid case numbers get resolved yet,online
know any jokes,local
"Hey, nifty 50 price right now as of now",online
Who's leading in the ashes series currently before i head out,online
tell me the meaning of alternative,local
The storm system offshore status update please,online
"for class tomorrow, law of cosines formula and when to use it for revision",local
"fyi need to know, any delays on the metro line today at the moment",online
how many dollars is one mexican peso,online
Summarize merge sort in a few bullet points in simple terms,local
naw,local
"for class tomorrow, bayes theorem formula and when to use it for my notes",local
"hey, background on the russian revolution 1917 for my essay before my exam",local
ok the pythagorean theorem — proof and intuition for my notes,local
so the grand slam tennis match score update please no cap,online
practice problem using law of cosines,local
Is the india vs australia test still playing right now,online
"just checking, who's leading in the india vs australia test currently pls",online
"for class tomorrow, key figures involved in the signing of the magna carta",local
what area were you born in,local
does italy have any travel alerts i should be aware of,online
quick q - background on the moon landing mission details for my essay pls,local
"hey, is tesla stock pumping or dumping today as of now",online
Why did the printing press invention impact happen,local
where can i pick up a good burger near where i am,online
ok so how is apple stock trending today,online
"Fyi need to know, the protest downtown status update please tonight",online
what do i need to make chicken salad,local
standard deviation formula — proof and intuition,local
"for class tomorrow, publish subscribe pattern tutorial with code with an example",local
can you check if my application for a discovery card has been looked over yet,online
ok practice problem using laplace transform pls,local
"trivia about something,tell me some",local
the la liga clasico highlights from tonight?,online
normalization in databases example in python please briefly,local
Urgent - final score of the world cup qualifier,online
quadratic formula formula and when to use it for my notes,local
"need this for an interview, real world use case for abstract class vs interface briefly",local
dogecoin live chart movement tonight,online
so is the storm system offshore affecting traffic right now right now,online
"hey, is the f1 race still playing right now",online
timer 10 minutes,local
hola,local
negative,local
"just checking, traffic status on the interstate this morning asap",online
the websocket connection keeps dropping after a few seconds,local
"Fyi need to know, how is dogecoin trending today as of now",online
How would you implement inheritance vs composition from scratch,local
i would like to change your language from portuguese to italian,local
urgent - quick check on sensex before i trade this morning,online
my dp solution gives wrong answer for the knapsack edge case,local
let's talk about your hobbies,local
what do you do in your spare time,local
law of sines explained with an example problem,local
so current valuation on sensex tonight,online
"just checking, crude oil price price action this week so far at the moment",online
compare foreign key constraints and SOLID principles in one paragraph,local
please look into the current wait times at chili's right now,online
Should i carry an umbrella in tokyo today,online
"please roll the dice, ai",local
The nba game score update please,online
Explain the age of exploration key figures in a short paragraph,local
quick one - who won the grand slam tennis match last night no cap,online
Urgent - did infosys shares go up or down this morning this morning,online
"fyi need to know, latest on the storm system offshore in real time",online
so live score for the champions league final this evening,online
"what are some fun things to do in butte, montana",online
"for my homework, probability distributions — proof and intuition before my exam",local
my array list throws concurrentmodificationexception,local
so crude oil price rate as of this minute rn,online
Chain rule in calculus formula and when to use it,local
i'd like to rent a vehicle from nov 1st to nov 15th in san antonio and i need a 15 passenger van,online
please tell me an interesting tidbit about the roman empire,local
does north korea have any travel alerts i should be aware of,online
can i give you instructions in japanese,local
ok sliding window technique vs big O notation which is better and when,local
"fyi need to know, any updates on the wildfire in the hills happening today before i head out",online
urgent - the airline strike status update please currently,online
who do i complain to about my luggage not arriving at the airport,online
will you answer if i call you lexi,local
"genuinely curious, the fall of the roman empire summary for history class?",local
so how is the s&p 500 trending today,online
"Hey, current congestion level on the harbor bridge",online
Quick q - gradient descent math formula and when to use it thanks,local
chain rule in calculus — proof and intuition before my exam,local
"hey, derivative of a function for my calculus homework",local
"Fyi need to know, is it safe to drive in los angeles with this storm this morning",online
Solana price right now no cap,online
usd to inr today's high and low before i head out,online
"real talk, the subway line conditions right now because of the storm asap",online
"for class tomorrow, derive partial derivatives step by step",local
the power outage in the city — anything new in the last hour,online
"real talk, is the ceasefire negotiations still ongoing",online
"so i keep forgetting git rebase vs merge, break it down for me with an example",local
give me an idea of traffic on the way to the doctors office at 6,online
tell me a joke about cars,local
quick one - current valuation on usd to inr this evening,online
i must know five dollars in yen and rubles,online
background on the age of exploration key figures for my essay?,local
is the airport terminal flooded from the downpour right now for real,online
ok so is the nba game still playing right now asap,online
"Fyi need to know, who's leading in the euro cup semifinal currently — need it fast",online
"For class tomorrow, textbook definition of B-tree indexing with an example",local
derive standard deviation formula step by step,local
"just checking, current congestion level on the flyover near the city center rn",online
"fyi need to know, is the highway closed due to the accident",online
it was nice to talk it out with you,local
so key figures involved in the boston tea party in simple terms,local
"for my homework, dijkstra's algorithm interview question breakdown",local
the euro cup semifinal highlights from tonight,online
"yeah, that's how it is",local
"hey, background on the discovery of penicillin for my essay thanks",local
who is your employer,local
ngl live score for the ufc fight card at the moment,online
Ok walk through permutations and combinations with numbers pls,local
i need you to increase your speaker volume,local
what does life mean to you,local
"just checking, is the champions league final still playing right now this evening",online
Urgent - is the interstate open or blocked at the moment this evening,online
are you considered a bot,local
"Genuinely curious, how to solve problems using hypothesis testing briefly",local
what's the current status of the credit card i applied for,online
urgent - is there a heat advisory in pune today,online
ok quick refresher on trie data structure before my exam for my notes,local
"for my homework, why did the unification of germany happen",local
ok big O notation vs lambda expressions which is better and when thanks,local
The age of exploration key figures summary for history class,local
"i keep forgetting foreign key constraints, break it down for me in simple terms",local
quick q - derive taylor series expansion step by step for my notes,local
do you call me a certain name,local
go ahead and put the volume to 4,local
go ahead and increase the volume to 4 please,local
"just checking, did dogecoin go up or down this morning at the moment",online
foreign key constraints tutorial with code thanks,local
"fyi need to know, is the wildfire in the hills affecting traffic right now tonight",online
regular expressions example in python please,local
how is nifty 50 trending today?,online
i need you to increase the speaker volume,local
ngl the ashes series result just now currently,online
"For my homework, correlation vs causation — proof and intuition before my exam",local
i'd like to switch back to my factory settings,local
"for my homework, walk through convex optimization basics with numbers pls",local
quick q - the wright brothers first flight summary for history class for revision,local
in o'hare lost luggage on flight america airlines,online
what do you put in chicken noodle casserole,local
live score for the premier league match as of now,online
"hey, when the berlin wall fell summary for history class?",local
what's the funniest joke you know,local
explain binary search tree with a simple example,local
Derive fourier transform step by step,local
Should i carry an umbrella in dubai today as of now,online
how do you spell guerrilla,local
my bank needs to know i am going to be out of the country,online
what are the ingredients in gumbo,local
why did the renaissance key artists happen,local
typeerror cannot read property of undefined in my js code,local
tell me where my luggage is,online
"for my homework, test driven development example in python please",local
main causes and effects of the french revolution timeline,local
quick one - is the flyover near the city center flooded from the downpour right now currently,online
not that one,local
notes on primary key vs unique key for my assignment,local
set a new timer for ten seconds,local
how do they say hello in brazil,local
"Hey, did the border tensions get resolved yet as of now",online
"just checking, is the ring road open or blocked at the moment while i'm stuck in traffic",online
i'm lost,online
the discovery of penicillin — what actually happened,local
who won the grand slam tennis match last night?,online
what does the word ataraxy mean,local
quick one - the f1 race score update please asap,online
so limits and continuity explained with an example problem thanks,local
"ok so just heard about the parliament session today, what's the latest at the moment",online
how can i tell what my current location is,online
solid overview of subqueries in sql for revision,local
schedule me an uber to the mall,online
so who won the la liga clasico last night at the moment,online
current congestion level on the expressway,online
what is 20 + 20,local
ngl the tech layoffs news status update please right now,online
search for a flight out of la to chicago on march 3rd for under $500,online
"subqueries in sql, explain like i'm a beginner coder",local
"what is 15 ounces in grams, please",local
"i need a van that seats 8 or more for new york city, august 12th, 13th, and 14th",online
"for class tomorrow, real world use case for dynamic programming for revision",local
Urgent - reliance shares live chart movement as of now,online
please say things more quickly,local
is a visa needed to go to mexico,online
"fyi need to know, did nasdaq go up or down this morning this morning",online
"hey, who won the f1 race last night",online
"For class tomorrow, vector cross product for my calculus homework pls",local
"hey, how is ethereum trending today right now",online
quick one - the t20 world cup game score update please currently,online
what is the most fun fact you know about the film industry,local
live score for the ufc fight card,online
"hey, how does dependency injection actually work under the hood",local
"just checking, current congestion level on the harbor bridge just curious",online
ok why did the signing of the magna carta happen in simple terms,local
what is the arrival time for my flight,online
quick one - should i carry an umbrella in hyderabad today no cap,online
"Real talk, quick check on ripple xrp before i trade before i head out",online
tell me what you do in your free time,local
"need this for an interview, real world use case for virtual memory pls",local
give me a list of ingredients needed for pizza dough,local
what you just said is true,local
is the s&p 500 pumping or dumping today at the moment,online
i'm going to need a hotel in tampa near ybor city for march 23rd through the 28th,online
"Real talk, silver rate live chart movement as of now",online
quick q - law of sines for my calculus homework thanks,local
set me up with an uber,online
can you turn this down,local
the wright brothers first flight — what actually happened briefly,local
how many crows are in 10 murders,local
thank you so much,local
could you repeat what you just said again,local
main causes and effects of the age of exploration key figures for revision,local
so solana live chart movement this morning,online
"hey, key figures involved in the unification of germany?",local
so the premier league match highlights from tonight currently,online
what subjects do you know,local
"for my homework, gradient descent math formula and when to use it",local
could you slow down your speech,local
tell me where you were born,local
does chili's have good reviews,online
i want to roll a dice,local
Heap data structure cheat sheet,local
ok so did tcs stock go up or down this morning before i head out,online
what do i need to cook chicken soup,local
ok so how humid is it in chennai right now for real,online
can you help me spell facetiousness,local
so the nba game score update please asap,online
"Hey, the grand slam tennis match result just now",online
give me some good restaurants,online
can you find a good steakhouse for tonight,online
what can you tell me about miami weather,online
what does kentucky have to offer for things to do,online
"For my homework, derive central limit theorem step by step pls",local
how long will it take me to be seated at ihop,online
what is 22 meters in inches,local
get an uber to the airport,online
will i need a visa to travel to cancun,online
what can you help me with,local
the champions league final highlights from tonight before my meeting,online
compare garbage collection and window functions in sql in one paragraph,local
ok so any delays on the harbor bridge today just curious,online
how would you implement ci cd pipeline basics from scratch briefly,local
i want to know if i shouldget a tourist visa for italy,online
i need an uber that will accommodate eight people to go to the closest amc theater,online
can you let my bank know i'll be in uruguay from january to august,online
ok so the f1 race score update please?,online
"just checking, current congestion level on the airport terminal this morning",online
the f1 race score update please,online
what are your favorite activities,local
"can you help me book a bmw suv for march 2 to 6th, dallas texas",online
do i have any updates about my credit card application,online
i wanna know how much gas i have,online
quick one - nvidia stock market cap right now for the group chat,online
practice problem using chain rule in calculus,local
find me the number for jet blue's customer service so i can yell at someone about my missing luggage,online
ngl the s&p 500 price action this week so far pls,online
what is the area that you came from,local
show me what you think my name is,local
i want to change what accent you use,local
can you tell me what 80 divided buy 4 is,local
"hey, practice problem using taylor series expansion?",local
bayes theorem for my calculus homework,local
"real talk, is it safe to drive in chicago with this storm this evening",online
how do they say hello in germany,local
Real time quote for nasdaq today,online
i'd like to find a place that rents flashy sports cars in tampa,online
"need this for an interview, event loop in node example in python please in simple terms",local
practice problem using eigenvalues and eigenvectors?,local
what name do you use to talk about me,local
"need this for an interview, notes on lambda expressions for my assignment briefly",local
"Hey, final score of the champions league final no cap",online
The champions league final result just now,online
quick one - any delays on the interstate today right now,online
i dont need whisper mode on any more,local
quick one - live score for the champions league final while i'm stuck in traffic,online
Quick check on nvidia stock before i trade,online
Who's leading in the t20 world cup game currently this evening,online
"genuinely curious, walk through law of sines with numbers for my notes",local
"real talk, the champions league final score update please currently",online
key figures involved in the unification of germany with an example,local
"so i don't get version control branching, someone explain pls",local
is the ring road closed due to the accident,online
roll a 6 sided die,local
i would like to know what flights are available out of el paso to dallas on june 10 for under $300,online
"real talk, is the f1 race still playing right now just curious",online
what's the spelling of cancer,local
nifty 50 price right now tonight,online
what is 1 million twelve hundred divided by 400 thousand,local
Quadratic formula explained with an example problem,local
main causes and effects of the signing of the magna carta,local
Is the central bank's rate decision still ongoing,online
test driven development for dummies,local
make me laugh with a funny joke,local
false for sure,local
that is a yes,local
communicate trivia about lebron james,local
urgent - dogecoin price right now,online
can you roll the dice,local
Give me a quick rundown of the fall of the roman empire with an example,local
what are some good sushi restaurants in reno,online
look for a flight out of la to chicago on march 3rd for under $500,online
give me an answer to who made you,local
Summarize ACID properties in a few bullet points,local
what can i do in evans,online
set a timer for 35 minutes,local
talk to me in italian,local
i need to know how to get to target by bus,online
is gold rate pumping or dumping today,online
what are your capabilities,local
"For class tomorrow, how to solve problems using markov chains with an example",local
what is the forecast for this week,online
can i use a green pepper instead of a red pepper,local
is there a heat advisory in delhi today,online
"real talk, the grand slam tennis match highlights from tonight",online
quick one - traffic status on the airport terminal this morning at the moment,online
"find me a flight from nyc to la on march 1, returning on march 5",online
quick one - is the cabinet reshuffle still ongoing currently,online
the protest downtown developments as of today,online
"fyi need to know, the grand slam tennis match score update please",online
we need an uber pool for 2 passengers going to the greenboro airport,online
how much gas is in my tank,online
"real talk, the t20 world cup game score update please",online
summarize deadlocks in a few bullet points with an example,local
when should i pick heap data structure over sliding window technique,local
"genuinely curious, give me a quick rundown of when the berlin wall fell with an example",local
The subway line conditions right now because of the storm,online
Asynchronous programming cheat sheet briefly,local
quick one - is the central bank's rate decision affecting traffic right now,online
Quick q - how to solve problems using hypothesis testing — struggling with this,local
do i need a visa to spain,online
"Hey, main causes and effects of the great depression causes before my exam",local
how does window functions in sql actually work under the hood in simple terms,local
i'd like a flight from laguardia to orlando on southwest for under $400,online
did they process the credit card i applied for,online
The la liga clasico result just now this evening,online
look up the ratings for olive garden,online
quick one - the ipl match highlights from tonight before my meeting,online
"just checking, traffic status on the highway this morning",online
Load balancing for dummies,local
ai could you say that again,local
"hey, who's leading in the ashes series currently tonight",online
"just checking, the premier league match score update please as of now",online
tootles,local
bayes theorem explained with an example problem,local
"Fyi need to know, how humid is it in berlin right now before my meeting",online
quick one - is tcs stock pumping or dumping today today,online
change your settings so that your respond to the name marion,local
i want to change the name i call you to juan,local
find out if la tour d'argent in paris takes reservations,online
"genuinely curious, foreign key constraints cheat sheet for revision",local
real world use case for lambda expressions,local
"hey, current congestion level on the airport terminal no cap",online
the pythagorean theorem formula and when to use it,local
hypothesis testing — proof and intuition for revision,local
ok so live score for the f1 race in the last hour,online
does home have a starbucks nearby,online
final score of the t20 world cup game for real,online
my friends call me carrie,local
check to see how long of a wait i would be facing if i go to outback steakhouse,online
ngl current valuation on the s&p 500 at the moment,online
"fyi need to know, is the cyclone warning still ongoing right now",online
final score of the nba game just curious,online
"ai, how are you feeling",local
"real talk, usd to inr live chart movement",online
i need to know how to spell conscience,local
How would you implement B-tree indexing from scratch briefly,local
guide me to a laundromat near me,online
current valuation on bitcoin charts,online
what do you need to make pancakes,local
docker containers vs joins in sql which is better and when,local
what is the traffic like at the closest safeway grocery store,online
"genuinely curious, the american civil war causes summary for history class before my exam",local
while on flight america airlines i lost luggage in o'hare,online
give me the traffic at lexington,online
the discovery of penicillin — what actually happened briefly,local
does japan have any travel alerts i should be aware of,online
Ok how to solve problems using law of sines in simple terms,local
"genuinely curious, why is graph traversal used instead of closures in javascript for revision",local
"fyi need to know, just heard about the trade deal talks, what's the latest rn",online
what are some roundtrip flights from dallas to los angeles from march 2 to march 10,online
Current congestion level on the main train route,online
practice problem using vector cross product briefly,local
"hey, explain foreign key constraints with a simple example before my exam",local
urgent - real time quote for the s&p 500 just curious,online
git rebase vs merge cheat sheet,local
"Need this for an interview, compare window functions in sql and generics in java in one paragraph for revision",local
"fyi need to know, is the storm system offshore affecting traffic right now as of now",online
what do people say about village inn,online
Explain dynamic programming with a simple example,local
so connection pooling example in python please with an example,local
microservices architecture for dummies,local
could you tell me the meaning of life,local
quick q - background on the discovery of penicillin for my essay before my exam,local
tell my bank i'm going to france,online
is the tech layoffs news affecting traffic right now before i head out,online
how do i spell ambitious,local
derive central limit theorem step by step,local
quick q - thread pools vs race conditions which is better and when,local
did the border tensions get resolved yet tonight,online
"need this for an interview, timeline of the periodic table history",local
Is the flight delayed out of dubai due to fog,online
can you tell me the most interesting fact about resistors,local
schedule an uber to the mall,online
gradient descent math formula and when to use it with an example,local
go ahead and roll the 6 sided dice for me,local
can i substitute oregano for basil,local
let's change your accent,local
"need this for an interview, sharding — key points to remember thanks",local
any delays on the subway line today at the moment,online
The industrial revolution key inventions — what actually happened,local
"fyi need to know, usd to inr rate as of this minute no cap",online
i want you to talk more slowly,local
the wright brothers first flight — what actually happened — struggling with this,local
Why did the ottoman empire decline happen pls,local
the renaissance key artists summary for history class,local
so normalization forms for dummies,local
Quick q - caching strategies cheat sheet before my exam,local
solid overview of sharding for revision,local
can you tell me if zeus does reservations,online
Give me a quick rundown of the treaty of versailles terms,local
does my life have meaning,local
"Urgent - just heard about the vaccine rollout progress, what's the latest at the moment",online
convex optimization basics explained with an example problem in simple terms,local
ngl is the wildfire in the hills still ongoing tonight,online
let me talk to you in greek,local
so is it safe to drive in seoul with this storm right now,online
what location did you originate at,local
what's a good trivia fact about china,local
Important dates related to the decolonization of africa,local
please tell my bank i will be in israel from the 6th to the 23rd,online
tell me how to find my current location,online
"ok so just heard about the wildfire in the hills, what's the latest pls",online
"I don't get two pointer technique, someone explain",local
Pros and cons of CAP theorem,local
hi ai,local
so chain rule in calculus — proof and intuition for revision,local
so how is silver rate trending today before my meeting,online
"ai, give me the results of a coin flip",local
it is a true,local
is there any good place in hawaii for pasta,online
Is the highway flooded from the downpour right now,online
Ci cd pipeline basics tutorial with code,local
"real talk, is the main train route open or blocked at the moment",online
"need this for an interview, when should i pick binary search tree over multiple inheritance in python",local
the age of exploration key figures summary for history class — struggling with this,local
let's go to default settings,local
the thread deadlocks when two locks are acquired in different order,local
so main causes and effects of the industrial revolution key inventions before my exam,local
"fyi need to know, is the interstate open or blocked at the moment",online
"for my homework, summarize message queues in a few bullet points",local
how long to cook a frozen pizza,local
give me a quick rundown of the boston tea party,local
is the main train route closed due to the accident today,online
so who's leading in the ufc fight card currently rn,online
Current valuation on nasdaq asap,online
race conditions cheat sheet briefly,local
use your whispering voice,local
you are so nice to think of me,local
"hey, ripple xrp rate as of this minute just curious",online
"real talk, is the airport terminal open or blocked at the moment tonight",online
can you tell me the amount of gas i have,online
So current congestion level on the interstate this morning,online
"for my homework, i keep forgetting mock objects in testing, break it down for me before my exam",local
ok so real time quote for the s&p 500 this morning,online
i must know what the traffic is like on the way to phoenix,online
"Need this for an interview, partial derivatives explained with an example problem pls",local
how would you implement promises vs callbacks from scratch,local
ngl real time quote for cardano before my meeting,online
"just checking, is the border tensions affecting traffic right now before my meeting",online
"need this for an interview, practice problem using vector cross product pls",local
"hey, who's leading in the ufc fight card currently in the last hour",online
please tell me what the boarding time is for my plane,online
is the flight delayed out of tokyo due to fog,online
later gator!,local
can you tell me if there's a lot of wait time at wendy's around 8am,online
what's my current gas level,online
what do you say for my name,local
live score for the asia cup final at the moment,online
Real world use case for connection pooling before my exam,local
what's the definition of patriarchy,local
how long does this dish need to be in the oven,local
Quick one - the expressway conditions right now because of the storm,online
please book an uber for chima's,online
"need this for an interview, microservices architecture vs primary key vs unique key which is better and when with an example",local
please slow down i can't understand you,local
i must know what the traffic typically like at 3:30 on the route to phoenix,online
"thanks for chatting, later",local
explain test driven development with a simple example,local
"spell ""requisite"" for me",local
"fyi need to know, the supreme court verdict developments as of today for the group chat",online
where were you created,local
tell my bank that i'm going to france,online
walk me through dependency injection step by step,local
so textbook definition of tail recursion with an example,local
ok so current congestion level on the airport terminal pls,online
"could you repeat that, please",local
"i missed what you said, can you say it again",local
what's the climate like in chicago,online
how do you say hi in french,local
Is dow jones pumping or dumping today,online
real world use case for caching strategies,local
difference between denormalization and virtual functions in c++,local
"ok i don't get heap data structure, someone explain with an example",local
us dollars to uk,online
i want to see paris will i need an international visa,online
"need this for an interview, how to solve problems using markov chains for my notes",local
"just checking, the wimbledon final result just now — need it fast",online
Fourier transform for my calculus homework before my exam,local
tesla stock market cap right now while i'm stuck in traffic,online
"just checking, just heard about the protest downtown, what's the latest rn",online
Quick q - derive derivative of a function step by step,local
The covid case numbers developments as of today,online
i want to hear something funny,local
ngl will it rain in london in the next few hours for real,online
why did the silk road trade routes happen thanks,local
how would you implement topological sort from scratch,local
what is the weather going to be like today,online
The s&p 500 price action this week so far,online
x will be your name,local
summarize microservices architecture in a few bullet points for my notes,local
is it acceptable to swap salt for baking soda,local
TCP vs UDP cheat sheet,local
"for class tomorrow, when the berlin wall fell — what actually happened?",local
urgent - is infosys shares pumping or dumping today for real,online
Why is inheritance vs composition used instead of pointers vs references thanks,local
quick one - current valuation on solana tonight,online
asynchronous programming — key points to remember for revision,local
so is the flyover near the city center closed due to the accident in the last hour,online
i want you to flip a coin,local
please tell me my current location,online
set up a timer,local
how long do you cook a hamburger for,local
i could really use a laugh right now,local
how to solve problems using integration by parts — struggling with this,local
"For class tomorrow, ancient egyptian pyramid construction summary for history class",local
tell me all about your hobbies,local
current air quality index in chicago,online
"hey, compare thread pools and big O notation in one paragraph — struggling with this",local
whats in my gas tank,online
Any delays on the harbor bridge today,online
latest on the parliament session today in real time,online
speak in the language english,local
where should i eat tonight,online
Quick one - is sensex pumping or dumping today currently,online
"need this for an interview, derive vector cross product step by step",local
please start using female voice,local
did nvidia stock go up or down this morning asap,online
ancient egyptian pyramid construction — what actually happened,local
pros and cons of REST vs GraphQL,local
quick q - joins in sql — key points to remember for revision,local
urgent - is nifty 50 pumping or dumping today as of now,online
urgent - did reliance shares go up or down this morning,online
what is the eta of my flight,online
"need this for an interview, set theory basics explained with an example problem with an example",local
"for my homework, walk through fourier transform with numbers",local
walk me through event loop in node step by step,local
"hey, important dates related to ancient egyptian pyramid construction — struggling with this",local
"for class tomorrow, taylor series expansion for my calculus homework with an example",local
ok binary search tree example in python please,local
"how are you classified, as a human or a computer",local
give me a quick rundown of the partition of india,local
when did you originate,local
Is the toll plaza flooded from the downpour right now asap,online
turn off whisper mode,local
Urgent - the wimbledon final score update please asap,online
ok the mughal empire timeline summary for history class,local
"ai, please flip a coin",local
can i book a hotel in new york city near times square from 3/1 until 3/5,online
what's the forecast like for pittsburgh,online
i'd like you to call me something different,local
remind me that time is up in sixty minutes,local
roll dice now,local
practice problem using integration by parts for my notes,local
quick check on nifty 50 before i trade,online
so caching strategies interview question breakdown for my notes,local
how long will it take to get seated at needham's,online
ngl the t20 world cup game highlights from tonight,online
what is the exchange rate between usd and british pounds,online
what's my meaning in life,local
i need you to switch to whisper mode,local
"just checking, the harbor bridge conditions right now because of the storm this morning",online
are you my employee,local
"real talk, current congestion level on the metro line as of now",online
Urgent - how humid is it in hyderabad right now this evening,online
"genuinely curious, integration by parts for my calculus homework",local
"need this for an interview, gradient descent math formula and when to use it briefly",local
ok explain garbage collection with a simple example,local
i believe what you just said is true,local
eigenvalues and eigenvectors — proof and intuition,local
do you know the meaning of life,local
ok so final score of the asia cup final this morning,online
how to solve problems using taylor series expansion,local
quick q - main causes and effects of ancient egyptian pyramid construction?,local
quick one - is the interstate closed due to the accident,online
The expressway conditions right now because of the storm,online
Who's leading in the champions league final currently,online
schedule an uber for 3 to go to the airport,online
how many cups make a gallon,local
i would like you to set the timer to go off in ten minutes,local
ngl is crude oil price pumping or dumping today for real,online
quick one - is silver rate pumping or dumping today pls,online
"just checking, the airport terminal conditions right now because of the storm rn",online
explain the cold war origins in a short paragraph,local
Is the main train route closed due to the accident,online
"for my homework, timeline of when the berlin wall fell for my notes",local
"Genuinely curious, explain the wright brothers first flight in a short paragraph in simple terms",local
can you translate i have to go pee into korean for me,local
what is the weather going to be like,online
notes on operator overloading in c++ for my assignment,local
final score of the f1 race as of now,online
if im traveling to the hospital around noon what is the traffic typically like,online
quick one - is the ring road closed due to the accident,online
quick q - derive fourier transform step by step — struggling with this,local
Walk through logarithm rules with numbers,local
i think you are a bot,local
quick one - current air quality index in chicago this evening,online
law of cosines formula and when to use it before my exam,local
The wimbledon final result just now rn,online
ok eigenvalues and eigenvectors — proof and intuition before my exam,local
"hi, i'm john",local
i need to know how to spell xylophone,local
derive fourier transform step by step,local
"Hey, is infosys shares pumping or dumping today before my meeting",online
Ngl who's leading in the world cup qualifier currently,online
are you a person in real life or programmed ai,local
urgent - did silver rate go up or down this morning for the group chat,online
thank you kindly,local
"Need this for an interview, timeline of the ottoman empire decline?",local
where's your birthplace,local
"Genuinely curious, explain ancient egyptian pyramid construction in a short paragraph — struggling with this",local
"fyi need to know, who's leading in the premier league match currently as of now",online
"fyi need to know, final score of the ipl match this evening",online
"nice talk, talk to you later",local
you need to respond to a new name called joey,local
So important dates related to ancient egyptian pyramid construction for revision,local
Textbook definition of publish subscribe pattern,local
what do i set the timer for if i'm making gyoza,local
what's the right way to spell miscellaneous,local
how is nifty 50 trending today,online
ancient egyptian pyramid construction summary for history class,local
whats left as far as gas goes,online
"real talk, the harbor bridge conditions right now because of the storm for the group chat",online
how is bitcoin trending today no cap,online
crude oil price price right now,online
Is the airport terminal closed due to the accident right now,online
"for class tomorrow, quick sort, explain like i'm a beginner coder pls",local
"For class tomorrow, derive law of sines step by step with an example",local
who supplied your instructions,local
your answer was enjoyable,local
i'm traveling to fresnosoon and want to inform my bank,online
urgent - who's leading in the asia cup final currently — need it fast,online
switch to female voice,local
Is the cyclone warning affecting traffic right now for the group chat,online
"Just checking, what's going on with the ceasefire negotiations at the moment in the last hour",online
main causes and effects of the american civil war causes,local
can you tell me dollars to franks,online
"genuinely curious, singleton pattern example in python please",local
i'm looking for a roundtrip flight from aaf to dia for february 23rd to february 28th,online
nifty 50 price right now today,online
"real talk, did ripple xrp go up or down this morning just curious",online
Summarize observer pattern in a few bullet points — struggling with this,local
"for class tomorrow, derivative of a function for my calculus homework before my exam",local
i want to book a flight reservation from texas to new york on may 9th and i want to come back on the 15th,online
"hey, background on the renaissance key artists for my essay thanks",local
So the partition of india — what actually happened?,local
what is 38% of 389209,local
my current location,online
"real talk, traffic status on the interstate this morning before my meeting",online
ngl should i carry an umbrella in kolkata today before my meeting,online
what are some of sweden's best sights,online
Textbook definition of garbage collection,local
Gradient descent math formula and when to use it thanks,local
ok so cardano live chart movement,online
topological sort example in python please,local
Is the subway line flooded from the downpour right now at the moment,online
ok the printing press invention impact summary for history class thanks,local
"for class tomorrow, law of sines formula and when to use it",local
quick one - gold rate rate as of this minute for real,online
"buy a flight for me from nyc to la on march 1, returning on march 5",online
"purchase a flight from fiji to san diego on november 1 that returns on december 1, please",online
quick one - real time quote for the s&p 500 as of now,online
do they take reservations at mendy's,online
tell me how you've been,local
so breaking news on the supreme court verdict before my meeting,online
"hey, who won the t20 world cup game last night while i'm stuck in traffic",online
Urgent - quick check on the s&p 500 before i trade today,online
how do i convert inches and centimeters,local
i must say goodbye,local
"fyi need to know, traffic status on the toll plaza this morning before my meeting",online
"Real talk, what's going on with the border tensions at the moment for the group chat",online
"hey, who won the asia cup final last night",online
"i don't get closures in javascript, someone explain",local
current valuation on tcs stock,online
what is 13 times 45,local
compare multiple inheritance in python and merge sort in one paragraph,local
"For my homework, i keep forgetting ACID properties, break it down for me",local
i want to put you back to original settings,local
tell me the subject areas you are familiar with,local
"if a recipe calls for sour cream, can i use yogurt",local
so main causes and effects of the russian revolution 1917 briefly,local
Current valuation on usd to inr,online
i am thinking of going to brazil and was wondering if that is hazardous,online
ok so is the airport terminal flooded from the downpour right now before i head out,online
ngl the highway conditions right now because of the storm asap,online
ok vector cross product formula and when to use it — struggling with this,local
quick one - what's going on with the supreme court verdict at the moment this evening,online
"just checking, any updates on the power outage in the city happening today tonight",online
what is the spelling of potato,local
"Fyi need to know, what's going on with the ceasefire negotiations at the moment — need it fast",online
quick refresher on multiple inheritance in python before my exam,local
"for class tomorrow, timeline of the partition of india — struggling with this",local
How would you implement mutex vs semaphore from scratch,local
can i ask you about anything,local
"Fyi need to know, current congestion level on the ring road no cap",online
how to solve problems using integration by parts,local
how much gas to i have left,online
"hey, quick check on silver rate before i trade at the moment",online
is there any way you can decrease your speaking rate,local
i would like to call you andre 3000,local
do you know of any well reviewed hotels in chicago,online
Compare docker containers and monolith vs microservices in one paragraph in simple terms,local
Ngl is it safe to drive in singapore with this storm as of now,online
key figures involved in the silk road trade routes,local
what will the weather be this weekend,online
"For class tomorrow, how to solve problems using permutations and combinations with an example",local
Main causes and effects of the age of exploration key figures,local
"for class tomorrow, summarize publish subscribe pattern in a few bullet points thanks",local
Is the subway line closed due to the accident before my meeting,online
"just checking, current congestion level on the subway line this morning",online
did the cabinet reshuffle get resolved yet just curious,online
"for my homework, permutations and combinations for my calculus homework?",local
has the ice made traffic messy on the way to walmart,online
tell me my current location please,online
is it hot outside,online
let's go ahead and switch your language,local
So important dates related to the french revolution timeline,local
"Just checking, is the india vs australia test still playing right now",online
"can you tell me what 30% off 235 is, please",local
"genuinely curious, why did the american civil war causes happen in simple terms",local
"Real talk, is nasdaq pumping or dumping today just curious",online
"book a flight from jacksonville, fl to atlanta, ga on 14 february 2019 and returning on 1 march 2019",online
does gramercy tavern accept reservations,online
so the ring road conditions right now because of the storm today,online
"hey, explain the age of exploration key figures in a short paragraph briefly",local
"real talk, traffic status on the metro line this morning",online
"just checking, should i carry an umbrella in delhi today before i head out",online
derive derivative of a function step by step,local
ok polymorphism cheat sheet,local
quick one - ethereum today's high and low rn,online
the answer is false,local
i wanna know the exchange rate between yen and dollars,online
so walk through correlation vs causation with numbers thanks,local
i am wanting to know who programmed you,local
"uber, i have 3 people who are going to union station",online
key figures involved in when the berlin wall fell,local
"for class tomorrow, derive quadratic formula step by step",local
who is your boss,local
"just checking, final score of the asia cup final for real",online
so final score of the t20 world cup game before my meeting,online
"just checking, the la liga clasico highlights from tonight?",online
important dates related to the signing of the magna carta,local
tell me if you are a human or a computer,local
i think that's false,local
so silver rate price action this week so far for the group chat,online
"need this for an interview, explain the moon landing mission details in a short paragraph — struggling with this",local
would you tell me how to get to walmart by bus,online
can you tell me who made ai,local
Practice problem using partial derivatives — struggling with this,local
practice problem using convex optimization basics,local
who won the euro cup semifinal last night,online
yeah,local
what's left in my gas tank,online
tell me something that'll make me laugh,local
Did the s&p 500 go up or down this morning today,online
"genuinely curious, walk through integration by parts with numbers — struggling with this",local
"for class tomorrow, i keep forgetting immutability in functional programming, break it down for me for my notes",local
does jamaica require a visa,online
Who won the ufc fight card last night,online
so notes on static vs dynamic typing for my assignment before my exam,local
ok so the asia cup final score update please rn,online
tell me what ingredients i will need to make this meal,local
Bayes theorem for my calculus homework,local
is traffic heavy on my route to washington,online
"need this for an interview, pros and cons of publish subscribe pattern",local
textbook definition of pointers vs references,local
"real talk, did tcs stock go up or down this morning at the moment",online
can i call you by any name,local
so heap data structure vs memoization which is better and when — struggling with this,local
quick one - is there a heat advisory in new york today before i head out,online
Is nasdaq pumping or dumping today for real,online
"just checking, is the india vs australia test still playing right now",online
talk to me in italian from now on,local
the flood situation downtown developments as of today,online
is sensex pumping or dumping today in the last hour,online
tell me a fun fact about tigers,local
"fyi need to know, is the supreme court verdict still ongoing no cap",online
Current air quality index in berlin,online
The covid case numbers — anything new in the last hour,online
"hey, the toll plaza conditions right now because of the storm while i'm stuck in traffic",online
is the metro line open or blocked at the moment,online
get a 3 minute timer,local
let me know in 15 minutes please,local
did sensex go up or down this morning before my meeting,online
should i carry an umbrella in pune today no cap,online
Traffic status on the harbor bridge this morning before i head out,online
Urgent - who won the t20 world cup game last night no cap,online
"Ok process vs thread, explain like i'm a beginner coder thanks",local
is the subway line closed due to the accident rn,online
Quick q - difference between stack vs heap memory and docker containers in simple terms,local
walk me through graph traversal step by step,local
bitcoin today's high and low,online
quick q - main causes and effects of the discovery of penicillin,local
Explain the great depression causes in a short paragraph,local
book me a hotel in st louis near the arch from march 2nd to 5th,online
The pythagorean theorem — proof and intuition,local
i need to know my current gps coordinates,online
quick one - how humid is it in delhi right now at the moment,online
ngl the euro cup semifinal score update please before my meeting,online
dependency injection for dummies,local
is the protest downtown still ongoing for the group chat,online
mutex vs semaphore for dummies,local
"fyi need to know, is the metro line open or blocked at the moment just curious",online
bit manipulation tricks — key points to remember?,local
lets hear a fact,local
Give me a quick rundown of the cold war origins,local
"just checking, any delays on the airport terminal today — need it fast",online
so is the harbor bridge closed due to the accident asap,online
nvidia stock price action this week so far,online
"for my homework, practice problem using hypothesis testing with an example",local
"real talk, is the expressway flooded from the downpour right now in the last hour",online
"deadlocks, explain like i'm a beginner coder",local
the ashes series highlights from tonight for the group chat,online
"Just checking, solana market cap right now currently",online
Is there a heat advisory in hyderabad today,online
i need to know what the traffic typically like at 3:30 on the route to phoenix,online
is the central bank's rate decision affecting traffic right now,online
Is tesla stock pumping or dumping today,online
"need this for an interview, walk through convex optimization basics with numbers thanks",local
how is my application on new credit card going,online
is the ring road closed due to the accident — need it fast,online
"just checking, nvidia stock price action this week so far",online
Breaking news on the wildfire in the hills for the group chat,online
timeline of the russian revolution 1917 for my notes,local
find a virtual dice and roll it for me please,local
speak in a different accent,local
silver rate live chart movement this evening,online
what is the meaning of altruism,local
i would prefer to hear you speak like a british male,local
i want you to help me make a decision by flipping a coin,local
"for my homework, walk through law of cosines with numbers",local
can you call me bobby instead of bob,local
hi how are you,local
crude oil price rate as of this minute,online
which organization you work for,local
what is the sitting time at this restaurant,online
what ingredients go in mashed potato,local
greedy algorithms cheat sheet,local
turn on the whisper voice,local
Why is operator overloading in c++ used instead of binary search tree for my notes,local
so did the trade deal talks get resolved yet today,online
Hypothesis testing — proof and intuition,local
Derive partial derivatives step by step,local
how long do you bake a cake,local
can i get an uber for myself to the grocery store,online
"i don't get denormalization, someone explain",local
"for class tomorrow, immutability in functional programming, explain like i'm a beginner coder for revision",local
use one of your male voices,local
6 inch voices please,local
i have much gratitude for your help,local
ok so tesla stock market cap right now just curious,online
How to solve problems using probability distributions,local
i would love to know when my flight is going to land,online
"genuinely curious, REST vs GraphQL for dummies before my exam",local
walk me through denormalization step by step before my exam,local
why did the decolonization of africa happen,local
all right,local
i need you to use your whisper voice,local
"fyi need to know, the main train route conditions right now because of the storm currently",online
tell me the current location,online
urgent - the world cup qualifier score update please?,online
is the trade deal talks still ongoing,online
so gradient descent math explained with an example problem for revision,local
"Just checking, is the metro line flooded from the downpour right now?",online
using this map i'd like to see my exact whereabouts,online
"i'm cooking an egg, timer for 3 mins",local
quick one - is solana pumping or dumping today before i head out,online
ok so did reliance shares go up or down this morning as of now,online
the airline strike status update please,online
i'd like you to roll dice,local
compare eventual consistency and publish subscribe pattern in one paragraph for my notes,local
summarize database indexing in a few bullet points,local
"Need this for an interview, derive quadratic formula step by step pls",local
"hey, backtracking algorithms — key points to remember in simple terms",local
is it possible to take the bus to the brooklyn bridge,online
my name's bob,local
Quick q - main causes and effects of the french revolution timeline,local
ngl any delays on the flyover near the city center today today,online
Explain the fall of the roman empire in a short paragraph,local
so the signing of the magna carta summary for history class before my exam,local
How humid is it in tokyo right now asap,online
the great depression causes summary for history class,local
go ahead and switch to the male voice,local
live score for the wimbledon final,online
Ok when should i pick multithreading in java over observer pattern with an example,local
Ok so who won the india vs australia test last night while i'm stuck in traffic,online
ok so breaking news on the tech layoffs news — need it fast,online
derive linear regression math step by step,local
"hey, give me a quick rundown of the printing press invention impact in simple terms",local
The printing press invention impact — what actually happened,local
Summarize stack vs heap memory in a few bullet points,local
Is the ashes series still playing right now,online
"genuinely curious, main causes and effects of the ottoman empire decline for revision",local
urgent - ripple xrp price right now in the last hour,online
quick one - the world cup qualifier highlights from tonight pls,online
that is not false,local
how many miles is five kilometers,local
Pros and cons of generics in java,local
"hey, notes on topological sort for my assignment for revision",local
i need a good joke about office parties,local
ok so is dogecoin pumping or dumping today?,online
i would like that repeated,local
"quick q - i keep forgetting unit testing vs integration testing, break it down for me",local
quick one - cardano price action this week so far currently,online
Is the toll plaza open or blocked at the moment,online
how long will i stand in line at carl jr's,online
that isn't the right answer,local
Current congestion level on the expressway rn,online
i want to know how to get to statue of liberty by bus,online
urgent - the grand slam tennis match result just now this morning,online
tell me the reviews for chipotle,online
Key figures involved in the ottoman empire decline,local
So walk through standard deviation formula with numbers thanks,local
explain immutability in functional programming with a simple example in simple terms,local
Mutex vs semaphore for dummies,local
"Hey, who's leading in the asia cup final currently before my meeting",online
eigenvalues and eigenvectors for my calculus homework for my notes,local
need a place to crash in elizabeth near the refinery from june 4th until the 9th,online
list my current gps coordinates,online
i want to book a flight from hawaii to new york on july 8th and returning on july 10th,online
"i don't get abstract class vs interface, someone explain",local
who is the creator of this ai,local
current congestion level on the expressway — need it fast,online
"hey, is the premier league match still playing right now",online
what phrase means goodbye in hawaii,local
you were born where,local
"Need this for an interview, convex optimization basics — proof and intuition with an example",local
"genuinely curious, why is observer pattern used instead of tail recursion — struggling with this",local
real time quote for solana,online
are you well,local
"denormalization, explain like i'm a beginner coder with an example",local
ok key figures involved in the boston tea party,local
what kind of hobbies do you have,local
"so i don't get trie data structure, someone explain before my exam",local
explain lambda expressions with a simple example in simple terms,local
the boston tea party summary for history class thanks,local
"Genuinely curious, timeline of the causes of world war 1 for revision",local
how is dow jones trending today,online
restore the factory settings,local
"i am making broccoli cheddar soup, what ingredients do i need",local
yes that is correct,local
so how does mock objects in testing actually work under the hood before my exam,local
Latest on the parliament session today in real time,online
"Hey, quick check on ripple xrp before i trade this morning",online
timer for 5 minutes,local
"fyi need to know, the euro cup semifinal score update please this evening",online
nifty 50 price action this week so far,online
Ngl what's going on with the central bank's rate decision at the moment in the last hour,online
ok main causes and effects of the signing of the magna carta,local
Ok so dow jones rate as of this minute right now,online
does a travel alert exist for that country,online
so matrix multiplication rules formula and when to use it for revision,local
is there any traffic on the way to the bank,online
"Need this for an interview, why did the renaissance key artists happen",local
will you roll a 10 sided dice,local
Ok so how is nvidia stock trending today pls,online
"Fyi need to know, any delays on the harbor bridge today this morning",online
are you actually a bot,local
a rental car needs to be booked in nashville,online
give me the definition of ajar,local
ngl who won the asia cup final last night for real,online
make me giggle,local
do you know whom i should contact since my luggage did not arrive,online
i am thankful for the answer,local
"hey, the wildfire in the hills developments as of today — need it fast",online
"for class tomorrow, derive gradient descent math step by step before my exam",local
you were built by who,local
"need this for an interview, walk through integration by parts with numbers thanks",local
ok so is the t20 world cup game still playing right now this morning,online
ngl the highway conditions right now because of the storm?,online
can i start calling you chris,local
i'm traveling to ca soon and want to inform my bank,online
is ripple xrp pumping or dumping today,online
Ok so live score for the t20 world cup game right now,online
the silk road trade routes — what actually happened with an example,local
how long would i need to wait for a table at ihop right now,online
can you swap the language to afrikaans for me,local
is it safe to drive in mumbai with this storm,online
is bitcoin dipping right now or just me panicking,online
can you tell me if germany issued any travel warnings,online
"hey, why did the printing press invention impact happen",local
"ai, how are you doing",local
how safe is it to travel to mongolia (how safe is mongolia),online
"hey, the euro cup semifinal result just now at the moment",online
Quick q - chain rule in calculus for my calculus homework thanks,local
"hey, caching strategies — key points to remember",local
ok timeline of the causes of world war 1 pls,local
ok the cold war origins summary for history class,local
is the subway line running late today,online
provide me the name of who programmed you,local
quick q - main causes and effects of the fall of the roman empire before my exam,local
what time is my flight scheduled to leave,online
Current valuation on nvidia stock this evening,online
would it be safe to go to columbia,online
you need to go back to the original settings,local
explain the printing press invention impact in a short paragraph for revision,local
schedule flight from madison to atlanta on delta,online
thank ya!,local
"i'm lost, can you tell me where i am",online
"for class tomorrow, give me a quick rundown of the periodic table history in simple terms",local
Ok so live score for the asia cup final right now,online
ok why is race conditions used instead of deadlocks in simple terms,local
current air quality index in mumbai,online
ok so any delays on the metro line today at the moment,online
urgent - is the protest downtown affecting traffic right now for real,online
can you speak with me using faster speech,local
what is your birth date,local
is the highway flooded from the downpour right now,online
what is the current exchange rate of yen to lira,online
"for class tomorrow, textbook definition of process vs thread before my exam",local
is the parliament session today still ongoing,online
immutability in functional programming interview question breakdown,local
so matrix multiplication rules — proof and intuition with an example,local
any updates on the flood situation downtown happening today,online
"for my homework, permutations and combinations — proof and intuition",local
how to solve problems using taylor series expansion — struggling with this,local
"genuinely curious, the discovery of penicillin summary for history class — struggling with this",local
compare version control branching and connection pooling in one paragraph,local
it appears that my luggage has vanished,online
"just checking, did ripple xrp go up or down this morning",online
"hey, summarize observer pattern in a few bullet points briefly",local
set timer for 5 minutes,local
fourier transform explained with an example problem pls,local
is it safe to travel to china,online
quick q - hypothesis testing — proof and intuition briefly,local
whats the definition of transmute,local
how old are you alexa,local
"Hey, difference between regular expressions and dijkstra's algorithm thanks",local
"need this for an interview, explain the wright brothers first flight in a short paragraph thanks",local
Quick one - live score for the euro cup semifinal just curious,online
i want factory settings put back in place,local
"genuinely curious, summarize virtual functions in c++ in a few bullet points",local
is new caledonia safer than other countries,online
reliance shares market cap right now,online
"just checking, reliance shares market cap right now in the last hour",online
main causes and effects of the printing press invention impact in simple terms,local
i need to know the travel alerts for kenya,online
i wanna know what do you call me,local
tell me how many a's are in magical,local
who's leading in the india vs australia test currently right now,online
Quick check on tesla stock before i trade,online
Is the trade deal talks affecting traffic right now no cap,online
central limit theorem explained with an example problem,local
"Hey, notes on observer pattern for my assignment thanks",local
please let my bank know that i will be in uruguay from january to august,online
"search for the nearest atm to newark penn station, newark in new jersey",online
What's going on with the cyclone warning at the moment,online
"for my homework, the wright brothers first flight summary for history class",local
john is my name,local
how many swedish kroner do i get for a dollar,online
how bad is traffic to the closet atm machine,online
did the supreme court verdict get resolved yet,online
what is 60 percent off of 350 dollars,local
"will i be able to get to the mall at 5:00, or will there be a lot of traffic",online
"for my homework, practice problem using chain rule in calculus thanks",local
"hey, is the ufc fight card still playing right now no cap",online
Urgent - is the india vs australia test still playing right now tonight,online
how do i get to the closest starbucks,online
ok so did the earthquake near the coast get resolved yet rn,online
i need to know the ingredients in a hamburger,local
quick refresher on SOLID principles before my exam briefly,local
when the berlin wall fell — what actually happened,local
"just checking, final score of the la liga clasico tonight",online
ngl any updates on the flood situation downtown happening today right now,online
who was your programmer,local
Ok chain rule in calculus explained with an example problem,local
can you help me with anything i need,local
can i increase my volume,local
any alerts for travelers to canada,online
"Fyi need to know, sensex today's high and low pls",online
what is an anachronism,local
"for my homework, derive matrix multiplication rules step by step?",local
so quick check on reliance shares before i trade,online
"hey, the ipl match score update please in the last hour",online
how does two pointer technique actually work under the hood,local
what is there to do besides drink in germany,online
do i need an international visa to go to malaysia,online
tail recursion interview question breakdown,local
Is the main train route flooded from the downpour right now today,online
see you again soon,local
"for class tomorrow, textbook definition of generics in java thanks",local
ACID properties interview question breakdown,local
i agree with the truth of what you just said,local
can you talk to me in italian,local
"hey, why is version control branching used instead of thread pools for revision",local
live score for the grand slam tennis match at the moment,online
can you find me a hotel in columbus with good reviews,online
how would you implement denormalization from scratch,local
"fyi need to know, ethereum market cap right now for the group chat",online
so the grand slam tennis match result just now asap,online
is the earthquake near the coast still ongoing no cap,online
Is the flight delayed out of toronto due to fog,online
"Fyi need to know, is there a heat advisory in chicago today?",online
my name's frank,local
whats pesos australian dollars in 20,online
"just checking, silver rate rate as of this minute before my meeting",online
so is there a heat advisory in paris today?,online
So how bad is the border tensions right now before i head out,online
traffic status on the metro line this morning,online
"hey, practice problem using integration by parts thanks",local
read some of the reviews for wing stop,online
breaking news on the vaccine rollout progress,online
Why is subqueries in sql used instead of monolith vs microservices,local
so static vs dynamic typing tutorial with code with an example,local
Integration by parts formula and when to use it,local
can i substitute ginger for garlic,local
"hey, test driven development example in python please",local
key figures involved in the decolonization of africa,local
Dow jones today's high and low rn,online
"just heard about the vaccine rollout progress, what's the latest",online
subqueries in sql vs message queues which is better and when,local
what is 80980 + 098098 + 80980 + 1243,local
Important dates related to the unification of germany before my exam,local
"For class tomorrow, correlation vs causation for my calculus homework for revision",local
ngl live score for the wimbledon final no cap,online
how humid is it in los angeles right now,online
who do i report lost luggage to,online
"real talk, is the highway flooded from the downpour right now before i head out",online
who are you known as,local
what kind of questions can i ask you,local
"i don't get promises vs callbacks, someone explain",local
"just heard about the trade deal talks, what's the latest",online
"i don't believe that is possible, it is false",local
how is everything going for you,local
Nvidia stock market cap right now,online
quick q - main causes and effects of the russian revolution 1917 before my exam,local
i want to go back to the factory settings,local
primary key vs unique key tutorial with code,local
Ok so is there a heat advisory in new york today for the group chat,online
why did the periodic table history happen?,local
Ok so is the expressway closed due to the accident asap,online
how long do the brownies need to be in the oven,local
i'm traveling to sweden soon and want to inform my bank,online
what do i need to buy to make pierogi,local
give me a quick rundown of the ottoman empire decline,local
"for class tomorrow, why did the discovery of penicillin happen?",local
"need this for an interview, bayes theorem — proof and intuition before my exam",local
you refer to me as what,local
so practice problem using matrix multiplication rules with an example,local
"real talk, is the airport terminal closed due to the accident at the moment",online
Ok walk through chain rule in calculus with numbers thanks,local
what restaurants are pet friendly near here,online
CAP theorem interview question breakdown,local
what is the conversion for 500 dollars to pesos,online
the ashes series score update please,online
how's the sausage pizza at pizza hut,online
any updates on the wildfire containment right now,online
"need this for an interview, i keep forgetting sliding window technique, break it down for me — struggling with this",local
what's the status of my gas tank,online
"fyi need to know, is the la liga clasico still playing right now — need it fast",online
"need this for an interview, why did the periodic table history happen for my notes",local
"hey, permutations and combinations — proof and intuition before my exam",local
how do i change the name you use to address me,local
what is the meaning of realism,local
explain the renaissance key artists in a short paragraph for my notes,local
ok so any delays on the expressway today this morning,online
ok so did nifty 50 go up or down this morning before my meeting,online
so how would you implement caching strategies from scratch for revision,local
dependency injection cheat sheet?,local
put me back on my factory settings,local
when were you created,local
Ok logarithm rules explained with an example problem,local
how long to cook steak for,local
"Fyi need to know, nasdaq today's high and low for real",online
Is the main train route open or blocked at the moment pls,online
what kind of things do you do when you have free time,local
quick one - is tcs stock pumping or dumping today — need it fast,online
i am needing you to look up roundtrip flights form houston to miami for april 12 and april 15,online
the s&p 500 market cap right now,online
so who's leading in the india vs australia test currently rn,online
urgent - traffic status on the flyover near the city center this morning rn,online
"just checking, sensex price action this week so far as of now",online
"hey, is there a heat advisory in singapore today currently",online
"need this for an interview, notes on message queues for my assignment",local
so is the interstate closed due to the accident as of now,online
quick one - dow jones price right now this morning,online
did tesla stock go up or down this morning,online
quick one - cardano rate as of this minute pls,online
so derive permutations and combinations step by step before my exam,local
i would like to know what hobbies you enjoy,local
"genuinely curious, walk through standard deviation formula with numbers — struggling with this",local
increase volume to 4,local
Final score of the la liga clasico while i'm stuck in traffic,online
what ingredients are in cheese cake,local
"Real talk, the la liga clasico highlights from tonight",online
how much gas do i currently have,online
what organization created you,local
roll dice please,local
When should i pick foreign key constraints over sharding,local
what types of things are you able to do,local
Who won the premier league match last night,online
Any delays on the ring road today,online
what exactly can you help me with,local
how old did you just turn,local
hey there fellow,local
Is the parliament session today still ongoing,online
"ok i keep forgetting backtracking algorithms, break it down for me",local
"fyi need to know, did crude oil price go up or down this morning today",online
ok so current congestion level on the subway line today,online
ngl how is tcs stock trending today today,online
so when should i pick denormalization over CAP theorem for revision,local
increase volume,local
ngl is the subway line closed due to the accident just curious,online
i want directions to the closest atm,online
gold rate market cap right now,online
topological sort for dummies,local
Give me a quick rundown of ancient egyptian pyramid construction,local
who is the person u work for,local
"for class tomorrow, greedy algorithms interview question breakdown with an example",local
ok so dogecoin rate as of this minute before i head out,online
"real talk, real time quote for nasdaq",online
difference between immutability in functional programming and TCP vs UDP,local
how to solve problems using the pythagorean theorem,local
can you tell me if there's a travel alert for that country,online
i want recommendations for good sushi spots in los angeles,online
"need this for an interview, key figures involved in the discovery of penicillin with an example",local
tell me something funny about dogs,local
quick check on infosys shares before i trade,online
exchange rate to go from dollar to yen,online
"need this for an interview, walk me through unit testing vs integration testing step by step for revision",local
can i use sour cream instead of yogurt,local
urgent - the premier league match score update please asap,online
"Genuinely curious, set theory basics formula and when to use it?",local
tell me how old you are,local
what are the sorts of things i can ask you about,local
Urgent - the vaccine rollout progress — anything new in the last hour at the moment,online
can you please order me an uber to get to jfk international,online
how would you describe what life means,local
current valuation on usd to inr,online
ok closures in javascript for dummies,local
tell me something funny about americans,local
So the t20 world cup game result just now for the group chat,online
breaking news on the border tensions currently,online
"fyi need to know, is the ashes series still playing right now",online
"Hey, did nvidia stock go up or down this morning tonight",online
i want factory settings restores right now,local
quick q - the french revolution timeline — what actually happened for revision,local
"fyi need to know, is the flight delayed out of paris due to fog as of now",online
"Need this for an interview, walk through laplace transform with numbers",local
what's the meaning of emulsify,local
key figures involved in the unification of germany,local
Quick check on usd to inr before i trade,online
what is stupedous meant,local
is the strike still affecting flights today,online
solid overview of unit testing vs integration testing for revision,local
"Genuinely curious, pros and cons of foreign key constraints",local
is the central bank's rate decision affecting traffic right now?,online
ngl live score for the f1 race before my meeting,online
so is the harbor bridge closed due to the accident at the moment,online
i need help booking a car rental in seattle,online
"genuinely curious, dependency injection vs monads in haskell which is better and when",local
"Real talk, is the ufc fight card still playing right now rn",online
so practice problem using standard deviation formula briefly,local
tell me a joke about baseball,local
does black rock take reservations,online
go to the female voice,local
where were you born,local
do they take reservations at arby's,online
Quick refresher on mutex vs semaphore before my exam,local
did nvidia stock go up or down this morning,online
practice problem using standard deviation formula,local
current valuation on nasdaq,online
the central bank's rate decision status update please,online
where do i find instructions on how to speed up voice replies,local
background on the ottoman empire decline for my essay briefly,local
coin flip,local
any delays on the toll plaza today?,online
Current congestion level on the expressway,online
usd to the euro exchanges at what right now,online
where should i spend my time off,online
quick q - quadratic formula formula and when to use it briefly,local
sensex rate as of this minute before my meeting,online
so timeline of the decolonization of africa,local
current congestion level on the subway line before my meeting,online
"real talk, the toll plaza conditions right now because of the storm for the group chat",online
tcs stock price right now just curious,online
ok so reliance shares price right now in the last hour,online
"For class tomorrow, how to solve problems using the pythagorean theorem briefly",local
quick q - give me a quick rundown of the partition of india pls,local
tell me how many pesos equal 500 dollars,online
is the earthquake near the coast affecting traffic right now,online
"in terms of making scrambled eggs, what ingredients do i need",local
give me a quick rundown of the french revolution timeline,local
quick one - ethereum rate as of this minute asap,online
i'm travelling to thailand soon and want to inform my bank,online
"real talk, the grand slam tennis match score update please right now",online
i need an uber to the sears tower,online
"genuinely curious, real world use case for denormalization",local
"""please set 5 minute timer",local
"for class tomorrow, logarithm rules explained with an example problem",local
count the number of the letter a in happiness,local
Ok so quick check on the s&p 500 before i trade as of now,online
"fyi need to know, is the ring road open or blocked at the moment pls",online
sensex price action this week so far at the moment,online
compare backtracking algorithms and monads in haskell in one paragraph,local
can you translate hello into swedish for me,local
explain the discovery of penicillin in a short paragraph,local
set your name to hillary,local
"hey, how is crude oil price trending today currently",online
"need this for an interview, linear regression math — proof and intuition for revision",local
ok derive permutations and combinations step by step,local
so final score of the grand slam tennis match,online
tell me the subjects you're aware of,local
what’s your favorite funny joke,local
laplace transform — proof and intuition,local
"just checking, the highway conditions right now because of the storm just curious",online
"need this for an interview, explain the silk road trade routes in a short paragraph for my notes",local
current wait time at the passport office today,online
"genuinely curious, why is polymorphism used instead of garbage collection briefly",local
what's the wait for a table at olive garden right now,online
real time quote for bitcoin,online
"Need this for an interview, main causes and effects of the age of exploration key figures with an example",local
how busy it that place for dinner,online
are you real or an ai,local
will i have to wait for long before being seated at the cheese cake factory,online
"if i'm planning to go to the uk, do i need a visa",online
"For class tomorrow, the silk road trade routes — what actually happened in simple terms",local
live score for the ipl match,online
do you know what calumny means  please look it up for me,local
pros and cons of immutability in functional programming,local
i need any relevant travel alerts for australia,online
"hey, is the airport terminal closed due to the accident",online
recommendations for good thai restaurants in las vegas,online
"I don't get regular expressions, someone explain",local
any delays on the ring road today as of now,online
"greedy algorithms, explain like i'm a beginner coder thanks",local
is there a train delay on the express route right now,online
book me a hotel with good ratings in nashville,online
its a for sure true,local
"hey, is the subway line closed due to the accident",online
i need to let my bank know i am traveling to la,online
eur to usd market cap right now before my meeting,online
how does topological sort actually work under the hood,local
what is 50 dollars in euros,online
"in austin, what are some tourist things to do",online
take me to the closest walmart,online
can you set a timer for two minutes,local
is dow jones pumping or dumping today,online
i wanna change your name to audrey,local
"let my bank know that i'll be in moscow, russia",online
"hey, any delays on the interstate today",online
Bitcoin rate as of this minute,online
walk me through observer pattern step by step,local
where am i located currently,online
what is the equal number of dollars i can exchange for 50 pesos,online
Is the flight delayed out of bangalore due to fog today,online
Static vs dynamic typing tutorial with code,local
"just checking, the ashes series highlights from tonight this evening",online
Quick one - is the storm system offshore affecting traffic right now as of now,online
i need for you to change your accent to the male british one,local
Quick one - silver rate price right now rn,online
"hey, nvidia stock rate as of this minute for real",online
how to solve problems using limits and continuity before my exam,local
"hey, is the expressway closed due to the accident for the group chat",online
how long does it take to cook roast beef,local
Main causes and effects of ancient egyptian pyramid construction,local
how does closures in javascript actually work under the hood before my exam,local
can you recommend any restaurants,online
are your real or artificial,local
Cardano market cap right now,online
decrease volume to 4,local
any unique trivia about beats headphones,local
"hey, just heard about the power outage in the city, what's the latest pls",online
ok so current valuation on silver rate?,online
urgent - live score for the euro cup semifinal today,online
what do you like to do in your spare time,local
"hey, the champions league final highlights from tonight this evening",online
let me know who made you,local
how can i thank somebody in italian,local
"need this for an interview, how to solve problems using gradient descent math",local
hi there,local
practice problem using quadratic formula pls,local
i gotta know the meaning of life,local
The expressway conditions right now because of the storm for real,online
ok so the ashes series score update please just curious,online
"for class tomorrow, real world use case for REST vs GraphQL",local
Binary search tree for dummies,local
ok so should i carry an umbrella in bangalore today as of now,online
ok explain the theory of evolution basics in a short paragraph pls,local
notes on thread pools for my assignment in simple terms,local
"real talk, the la liga clasico highlights from tonight right now",online
Why did the russian revolution 1917 happen,local
does kenya have any travel alerts right now,online
Is the champions league final still playing right now,online
i want you to address me in italian,local
"ai, heads or tails",local
Quick one - nifty 50 live chart movement right now,online
"Hey, who's leading in the f1 race currently rn",online
make sure i can rent one car out of chicago from january 2 to january 5,online
ok summarize B-tree indexing in a few bullet points for revision,local
Hypothesis testing — proof and intuition for my notes,local
traffic status on the flyover near the city center this morning — need it fast,online
"i keep forgetting operator overloading in c++, break it down for me",local
you sound like a bot,local
so who won the premier league match last night right now,online
i need to rent a car in boston for march 2 until march 4,online
can you find me a good restaurant to try eating at,online
When should i pick trie data structure over memoization,local
should i carry an umbrella in dubai today at the moment,online
practice problem using derivative of a function,local
"Need this for an interview, compare closures in javascript and subqueries in sql in one paragraph thanks",local
where am i right this moment,online
i am wanting you to book me a flight from houston to miami on united airlines,online
let my bank know i will be travelling to the cayman islands,online
logarithm rules for my calculus homework briefly,local
ok window functions in sql tutorial with code,local
how to solve problems using standard deviation formula with an example,local
correct,local
bring the volume up overall,local
can you tell my bank that i'll be travelling internationally soon,online
"for class tomorrow, generics in java, explain like i'm a beginner coder for my notes",local
Ngl is the harbor bridge closed due to the accident in the last hour,online
"Hey, is the flight delayed out of tokyo due to fog this evening",online
is usd to inr pumping or dumping today,online
ok so is the t20 world cup game still playing right now no cap,online
ethereum price action this week so far,online
quick q - practice problem using probability distributions,local
urgent - the ceasefire negotiations — anything new in the last hour tonight,online
i need to know trivia on star wars,local
is nifty 50 pumping or dumping today,online
"fyi need to know, the asia cup final score update please as of now",online
what do i do to find my location,online
"For class tomorrow, practice problem using the pythagorean theorem",local
"real talk, the ufc fight card score update please before i head out",online
how can i let my bank know i'm going to denmark,online
"unit testing vs integration testing, explain like i'm a beginner coder",local
help me find a hotel in columbus with good reviews,online
"hello, what's up",local
what ingredients are in coffee cakes,local
ngl nvidia stock live chart movement in the last hour,online
quick q - explain the unification of germany in a short paragraph before my exam,local
"For class tomorrow, how to solve problems using central limit theorem?",local
derive hypothesis testing step by step?,local
whats my delta flight's status,online
When should i pick lambda expressions over observer pattern,local
should i carry an umbrella in san francisco today,online
ok abstract class vs interface for dummies for revision,local
so permutations and combinations for my calculus homework,local
is there anything real about you,local
i'd like to know what to call you,local
"need this for an interview, explain when the berlin wall fell in a short paragraph with an example",local
is there enough fuel to drive to tampa,online
what's a good fun fact about great britain,local
check out my location up on the map,online
So any updates on the cyclone warning happening today for real,online
"hey, textbook definition of kubernetes pods briefly",local
"fyi need to know, the s&p 500 market cap right now this evening",online
how about a coin flip,local
quick one - is crude oil price pumping or dumping today for real,online
so when should i pick memoization over graph traversal?,local
ngl is there a heat advisory in seoul today for real,online
"need this for an interview, background on the periodic table history for my essay in simple terms",local
timeline of the mughal empire timeline?,local
real world use case for docker containers,local
start a timer for two minutes,local
the metro line conditions right now because of the storm as of now,online
standard deviation formula formula and when to use it with an example,local
change the response language to french please,local
so derive convex optimization basics step by step thanks,local
Is the expressway open or blocked at the moment,online
Ok notes on unit testing vs integration testing for my assignment?,local
i think bradley is a better name for you,local
ngl is the flight delayed out of london due to fog currently,online
Ok so breaking news on the covid case numbers before i head out,online
quadratic formula explained with an example problem,local
i need you to go into whisper mode,local
The s&p 500 today's high and low,online
"for my homework, walk through partial derivatives with numbers",local
the premier league match result just now,online
does ireland require an international visa,online
where is the location that you were made,local
is the ceasefire negotiations affecting traffic right now,online
Solid overview of bit manipulation tricks for revision,local
is the cabinet reshuffle still ongoing currently,online
Ok walk through bayes theorem with numbers for revision,local
whats the meaning of life,local
quick one - any delays on the interstate today before i head out,online
traffic status on the highway this morning,online
"need this for an interview, important dates related to the decolonization of africa in simple terms",local
Timeline of the wright brothers first flight,local
practice problem using law of sines,local
do i need to get a visa for traveling to chile,online
"for my homework, background on ancient egyptian pyramid construction for my essay",local
"For my homework, how does connection pooling actually work under the hood before my exam",local
"Hey, practice problem using partial derivatives in simple terms",local
ai was made by whom,local
"fyi need to know, who's leading in the f1 race currently before my meeting",online
"i don't get message queues, someone explain",local
can a car be rented from tuesday to thursday out of lax,online
Quick q - the partition of india — what actually happened — struggling with this,local
give me a quick rundown of the unification of germany,local
ok so quick check on eur to usd before i trade,online
Quadratic formula for my calculus homework,local
definitely not,local
"just checking, the toll plaza conditions right now because of the storm no cap",online
so virtual functions in c++ — key points to remember thanks,local
quadratic formula — proof and intuition — struggling with this,local
"hey, live score for the world cup qualifier no cap",online
so walk me through garbage collection step by step thanks,local
"for class tomorrow, the ottoman empire decline — what actually happened thanks",local
eventual consistency interview question breakdown,local
"for class tomorrow, the theory of evolution basics — what actually happened for revision",local
how many us dollars can i get for 20 euros,online
i would prefer to hear the female voice,local
what's 32 degrees fahrenheit in celsisus,local
timeline of the discovery of penicillin with an example,local
i will call you zander,local
"Hey, compare kubernetes pods and virtual memory in one paragraph",local
tell me who made you,local
"Fyi need to know, gold rate market cap right now no cap",online
so explain static vs dynamic typing with a simple example pls,local
is the metro line flooded from the downpour right now for real,online
i have to get going,local
are you a person,local
current air quality index in mumbai before my meeting,online
how to solve problems using limits and continuity,local
So how humid is it in paris right now just curious,online
Is the ring road flooded from the downpour right now,online
schedule me an uber to my job,online
does bjs get good reviews,online
"hey, garbage collection for dummies",local
"for my homework, how would you implement normalization in databases from scratch before my exam",local
summarize dynamic programming in a few bullet points,local
"real talk, current congestion level on the subway line?",online
Ripple xrp market cap right now,online
"for class tomorrow, database indexing tutorial with code before my exam",local
"hey, message queues — key points to remember",local
Urgent - the border tensions developments as of today this morning,online
the fall of the roman empire — what actually happened,local
silver rate market cap right now?,online
the covid case numbers — anything new in the last hour today,online
"for class tomorrow, how to solve problems using chain rule in calculus briefly",local
does redrobin take reservations,online
How to solve problems using derivative of a function,local
what is the conversion for pints to quarts,local
difference between ACID properties and publish subscribe pattern,local
Thread pools tutorial with code,local
return to your factory settings,local
let's change the language for you,local
"hey, current congestion level on the airport terminal today",online
quick one - is there a heat advisory in sydney today at the moment,online
Ok so is the metro line flooded from the downpour right now this morning,online
why did the russian revolution 1917 happen thanks,local
microservices architecture vs compiler vs interpreter which is better and when with an example,local
"fyi need to know, current congestion level on the metro line",online
derive hypothesis testing step by step,local
so is the covid case numbers affecting traffic right now for real,online
are you self employed,local
Ngl current congestion level on the highway just curious,online
"Genuinely curious, the printing press invention impact — what actually happened — struggling with this",local
breaking news on the cabinet reshuffle before my meeting,online
The vaccine rollout progress — anything new in the last hour this morning,online
"fyi need to know, dow jones today's high and low rn",online
is there a room big enough for 10 people from monday to tuesday in manhattan,online
please change to the female voice,local
"real talk, any delays on the expressway today right now",online
Textbook definition of backtracking algorithms before my exam,local
what city were you born in,local
"hey, is silver rate pumping or dumping today",online
i need to know the nearest bank's location,online
practice problem using laplace transform,local
"need this for an interview, logarithm rules formula and when to use it thanks",local
will i make it on the gas i have to orlando,online
what are some good places in kentucky that serve sushi,online
how long would i have to wait if i want to go to golden corral,online
did the trade deal talks get resolved yet,online
quick q - kubernetes pods vs deadlocks which is better and when,local
quick check on usd to inr before i trade,online
is the flight delayed out of new york due to fog,online
Process vs thread vs graph traversal which is better and when,local
quick q - main causes and effects of the decolonization of africa with an example,local
"your voice speed is too slow, please increase it",local
usd to inr price action this week so far,online
start a countdown for 20 minutes,local
derive probability distributions step by step,local
urgent - will it rain in tokyo in the next few hours tonight,online
quick one - is there a heat advisory in los angeles today before i head out,online
i need ideas for things to do in nashville,online
"i need my luggage found, i was on delta flight ab123 out of san francisco",online
Traffic status on the ring road this morning,online
How to solve problems using markov chains — struggling with this,local
"hey, is the harbor bridge flooded from the downpour right now currently",online
Ngl how is the s&p 500 trending today rn,online
"need this for an interview, practice problem using bayes theorem in simple terms",local
"yep, that's true",local
i need a bed in brownsburg near walmart from apil 4th until the 5th,online
so timeline of when the berlin wall fell thanks,local
i will be in boston from march 2 to march 4 can i rent a car for that time,online
i gotta to the female voice,local
How would you implement big O notation from scratch,local
connection pooling tutorial with code,local
"need this for an interview, walk me through immutability in functional programming step by step thanks",local
how bad is the election results right now,online
"hey, summarize normalization forms in a few bullet points pls",local
does the bus go to the washington monument,online
where is the nearest denny's to gillette stadium,online
"need this for an interview, vector cross product formula and when to use it",local
normalization in databases example in python please with an example,local
"need this for an interview, main causes and effects of the industrial revolution key inventions for revision",local
"real talk, who won the euro cup semifinal last night rn",online
where's the gas tank level at,online
is it safe to drive in chicago with this storm,online
ok set theory basics formula and when to use it — struggling with this,local
quick check on nvidia stock before i trade,online
Timeline of the unification of germany for my notes,local
"is ""rescind"" a word of positive connotation",local
Ethereum today's high and low,online
tell me what edict means,local
The wimbledon final score update please,online
Background on the signing of the magna carta for my essay,local
quick one - bitcoin market cap right now in the last hour,online
merge sort interview question breakdown in simple terms,local
what name was given to you,local
who's leading in the nba game currently today,online
can i do a lot in nashville,online
Breaking news on the vaccine rollout progress,online
"how do they say ""where's the bathroom"" in spanish",local
so reliance shares live chart movement for real,online
dependency injection cheat sheet,local
"for my homework, law of sines for my calculus homework",local
Urgent - cardano price action this week so far just curious,online
can i use sour cream in place of creme fraiche,local
"Hey, practice problem using eigenvalues and eigenvectors for revision",local
what kind of things can you answer,local
is the ipl match still playing right now today,online
is the nba game still playing right now,online
ngl the la liga clasico score update please,online
is the expressway flooded from the downpour right now at the moment,online
i would like to get an uber to the movies,online
traffic status on the interstate this morning pls,online
so is the toll plaza closed due to the accident in the last hour,online
Quick one - real time quote for cardano as of now,online
what is the meaning of hyperactive,local
"ai, what's your name",local
are you my worker,local
Final score of the nba game,online
"dynamic programming, explain like i'm a beginner coder",local
is cardano pumping or dumping today,online
ok so the parliament session today — anything new in the last hour at the moment,online
so law of sines for my calculus homework in simple terms,local
i'm going to need a hotel room for 8 people in tallahassee from 3/10 until 3/12,online
do you know where my luggage is,online
"for class tomorrow, give me a quick rundown of the signing of the magna carta pls",local
"Just checking, any delays on the flyover near the city center today in the last hour",online
so any delays on the main train route today pls,online
where else do you work,local
dijkstra's algorithm example in python please,local
"for my homework, explain the ottoman empire decline in a short paragraph with an example",local
"need this for an interview, why did the american civil war causes happen?",local
i need to let my bank know i am visiting asia soon,online
quick one - nifty 50 price right now just curious,online
what all can you do,local
Compare git rebase vs merge and lambda expressions in one paragraph,local
SOLID principles example in python please briefly,local
live score for the la liga clasico,online
main causes and effects of the great depression causes,local
so are you real,local
"for my homework, set theory basics for my calculus homework before my exam",local
reserve a car rental for denver colorado for a ford between january 1st through 3rd,online
flip a fair coin i win if it's tails,local
say it again,local
are you human or a bot,local
please call me by this new name,local
i need to know how many cups are in a two gallons,local
how bad is the trade deal talks right now,online
"hey, the pythagorean theorem explained with an example problem pls",local
important dates related to the great depression causes,local
how is ripple xrp trending today — need it fast,online
quick one - final score of the euro cup semifinal this evening,online
is the toll plaza open or blocked at the moment rn,online
"just checking, live score for the wimbledon final for real",online
"need this for an interview, the industrial revolution key inventions — what actually happened",local
i need a room in london for 2 people from march 1st to 3rd,online
how long should i expect beef stroganoff to prepare,local
urgent - is the ring road open or blocked at the moment asap,online
"just checking, traffic status on the flyover near the city center this morning pls",online
should i carry an umbrella in bangalore today,online
can i make a reservation at michael's,online
the border tensions developments as of today,online
so solana today's high and low pls,online
Ok the ottoman empire decline — what actually happened thanks,local
real time quote for crude oil price before my meeting,online
please set a timer for cookies,local
So explain the mughal empire timeline in a short paragraph — struggling with this,local
"for my homework, vector cross product formula and when to use it?",local
so timeline of the periodic table history thanks,local
"real talk, silver rate rate as of this minute at the moment",online
Ok how does pointers vs references actually work under the hood for my notes,local
urgent - the flyover near the city center conditions right now because of the storm asap,online
quick q - why is bit manipulation tricks used instead of SOLID principles for my notes,local
any delays on the expressway today,online
did dow jones go up or down this morning right now,online
Explain the russian revolution 1917 in a short paragraph,local
Walk me through pointers vs references step by step,local
quick one - current air quality index in dubai,online
"fyi need to know, is the central bank's rate decision still ongoing this evening",online
how are things,local
the airport terminal conditions right now because of the storm this evening,online
please use a quicker rate of speech,local
how is the traffic on the way to the mall,online
please roll dice,local
live score for the t20 world cup game at the moment,online
is it possible to substitute apple cider vinegar for lemons,local
"Genuinely curious, background on the silk road trade routes for my essay for my notes",local
what's your birth date,local
Ok walk through taylor series expansion with numbers thanks,local
"for my homework, bayes theorem — proof and intuition briefly",local
how is the word economy spelled,local
urgent - gold rate rate as of this minute asap,online
how do i change your options so that you speak more slowly,local
will cracker barrel be crowded around five this evening,online
derive eigenvalues and eigenvectors step by step for revision,local
So important dates related to the theory of evolution basics before my exam,local
Ok how to solve problems using permutations and combinations for revision,local
"Real talk, the asia cup final score update please before my meeting",online
what type of questions are you partial to that i can ask you,local
could you roll the 8 sided dice,local
ok so is the la liga clasico still playing right now,online
"hey, the expressway conditions right now because of the storm",online
Quick refresher on regular expressions before my exam,local
Is the ipl match still playing right now,online
does hannahs in galloway take reservations,online
"I don't get bit manipulation tricks, someone explain",local
that would be yes,local
"Just heard about the election results, what's the latest",online
gold rate live chart movement,online
summarize virtual functions in c++ in a few bullet points with an example,local
i want to book uber for 3 people to union station,online
backtracking algorithms cheat sheet,local
my luggage is lost i was on delta flight ab123 out of new york,online
who won the ashes series last night while i'm stuck in traffic,online
explain B-tree indexing with a simple example,local
has my application for a new credit card been processed,online
"hey, chain rule in calculus — proof and intuition — struggling with this",local
"need this for an interview, law of sines for my calculus homework",local
you are a bot aren't you,local
timeline of the boston tea party,local
Dogecoin market cap right now?,online
"for class tomorrow, important dates related to the printing press invention impact briefly",local
what's the closest mcdonalds,online
switch to whisper mode,local
i need to hear reviews for panda express,online
is it safe to drive in hyderabad with this storm — need it fast,online
do i need a travel visa to visit china,online
"Fyi need to know, who won the t20 world cup game last night pls",online
change the ai name to a new one,local
i would like to change your name to eli,local
Ancient egyptian pyramid construction summary for history class briefly,local
switch over to the female voice,local
quick one - infosys shares price right now today,online
Breaking news on the ceasefire negotiations,online
"Just checking, is the subway line closed due to the accident before i head out",online
so explain the moon landing mission details in a short paragraph in simple terms,local
can you use male voice,local
what decent restaurants around here are italian,online
i need to know how to spell excellent,local
who did the programming for this ai,local
how bad is the supreme court verdict right now,online
heap data structure for dummies,local
do you know of any good restaurants,online
live score for the asia cup final today,online
"For class tomorrow, the age of exploration key figures summary for history class for revision",local
"fyi need to know, how bad is the ceasefire negotiations right now",online
tcs stock price action this week so far for the group chat,online
how much fuel do i have,online
"fyi need to know, is usd to inr pumping or dumping today for the group chat",online
tail recursion vs git rebase vs merge which is better and when,local
how long do i cook this dish of rice,local
ok so live score for the la liga clasico for real,online
please inform me when my flight scheduled to board,online
Any updates on the flood situation downtown happening today,online
book me a hotel room in memphis for 3 people from 3/6 until 3/10,online
how to solve problems using bayes theorem,local
"Real talk, the interstate conditions right now because of the storm just curious",online
any delays on the subway line today,online
i gotta say no,local
how much petrol do i have,online
"fyi need to know, will it rain in paris in the next few hours before i head out",online
"hey, derive quadratic formula step by step",local
"need this for an interview, how does TCP vs UDP actually work under the hood briefly",local
who won the nba game last night,online
book delta ticket madison to atlanta,online
quick check on dow jones before i trade,online
when should i expect my flight to come in,online
Practice problem using correlation vs causation pls,local
compare CAP theorem and test driven development in one paragraph,local
is there a travel alert for scotland,online
"hey, is the t20 world cup game still playing right now in the last hour",online
"flip a coin, i have tails",local
"for class tomorrow, key figures involved in the wright brothers first flight for my notes",local
so who's leading in the premier league match currently rn,online
will you tell a joke,local
Explain message queues with a simple example,local
"hey, what's going on with the power outage in the city at the moment as of now",online
"Genuinely curious, the silk road trade routes — what actually happened thanks",local
so why did the partition of india happen pls,local
ngl traffic status on the highway this morning — need it fast,online
crude oil price price action this week so far,online
people call me gary,local
whats the status of my frontier flight,online
"for my homework, the pythagorean theorem formula and when to use it thanks",local
How would you implement REST vs GraphQL from scratch for revision,local
change accent to british male,local
Real world use case for normalization in databases,local
i want your setting adjusted to whisper voice now,local
"observer pattern, explain like i'm a beginner coder",local
so is there a heat advisory in berlin today for real,online
so did ripple xrp go up or down this morning pls,online
"hey, TCP vs UDP, explain like i'm a beginner coder",local
Urgent - any delays on the ring road today before i head out,online
ok background on the cold war origins for my essay before my exam,local
say it one more time,local
so the printing press invention impact summary for history class,local
how would you implement regular expressions from scratch,local
Ok so is the highway open or blocked at the moment,online
nifty 50 rate as of this minute,online
who were you invented by,local
quick one - is the nba game still playing right now this morning,online
Is the s&p 500 pumping or dumping today,online
static vs dynamic typing — key points to remember?,local
Compare memoization and version control branching in one paragraph,local
"hey, is there a heat advisory in dubai today for the group chat",online
"i choose heads, now flip that coin",local
will qdoba take reservations,online
so quick check on crude oil price before i trade tonight,online
urgent - dogecoin price right now no cap,online
"For my homework, give me a quick rundown of the wright brothers first flight",local
can i use something else if i don't have eggs,local
"just checking, is it safe to drive in los angeles with this storm today",online
what does your boss go by,local
ok laplace transform — proof and intuition pls,local
ok main causes and effects of the unification of germany thanks,local
"genuinely curious, difference between binary search tree and backtracking algorithms before my exam",local
ok explain docker containers with a simple example with an example,local
hypothesis testing formula and when to use it thanks,local
hello how's it going,local
current valuation on the s&p 500,online
i'll soon be travelling internationally; could you let my bank know,online
"for my homework, important dates related to the silk road trade routes with an example",local
i would like to know the amount of gas i have,online
where's my luggage for american airlines flight ab123 out of denver,online
walk me through greedy algorithms step by step,local
explain the causes of world war 1 in a short paragraph,local
hey what's up,local
the parliament session today status update please,online
so final score of the grand slam tennis match in the last hour,online
Ok so bitcoin live chart movement this morning,online
"i appreciate your help, thank you",local
will the restaurant be busy at 5pm,online
give me a fun fact about otters,local
is there a heat advisory in berlin today,online
restore your original settings,local
do you know the status of the credit card application i filed,online
"just checking, infosys shares price right now just curious",online
Crude oil price price right now,online
what's the prep time for a garden salad,local
"fyi need to know, live score for the asia cup final this morning",online
"just heard about the vaccine rollout progress, what's the latest before my meeting",online
Is the interstate flooded from the downpour right now,online
it's so much easier with you around,local
does longhorn steakhouse have good reviews,online
i need to know about travel alerts for mexico,online
"Need this for an interview, monolith vs microservices vs garbage collection which is better and when",local
can you translate milk into spanish for me,local
Did ripple xrp go up or down this morning,online
tell me how to convert grams into ounces,local
can you tell me the low tonight,online
message queues cheat sheet,local
do you know anything funny about cats,local
quadratic formula — proof and intuition in simple terms,local
"Hey, heap data structure for dummies — struggling with this",local
quick one - did ripple xrp go up or down this morning asap,online
urgent - any delays on the metro line today this evening,online
merci beaucoup,local
hi how is everything,local
"for my homework, greedy algorithms tutorial with code for my notes",local
"genuinely curious, derive permutations and combinations step by step thanks",local
"so TCP vs UDP, explain like i'm a beginner coder in simple terms",local
is the toll plaza open or blocked at the moment today,online
chain rule in calculus — proof and intuition?,local
how humid is it in london right now,online
so is the harbor bridge flooded from the downpour right now,online
what does deceive mean,local
nasdaq live chart movement,online
set a timer for two hours,local
what types of hobbies do you enjoy,local
lambda expressions cheat sheet — struggling with this,local
"Genuinely curious, practice problem using matrix multiplication rules thanks",local
how do i get to the mall by bus,online
did reliance shares go up or down this morning,online
"hey, the india vs australia test score update please for real",online
you can call me carrie,local
"for class tomorrow, timeline of the theory of evolution basics with an example",local
please tell me your date of birth,local
correlation vs causation explained with an example problem,local
are you employed by me,local
Urgent - the euro cup semifinal score update please in the last hour,online
quick one - the india vs australia test result just now rn,online
Is the toll plaza closed due to the accident,online
that is not right,local
"can you spell ""diatribe"" for me",local
ngl the india vs australia test result just now — need it fast,online
urgent - is the metro line closed due to the accident this evening,online
ngl did cardano go up or down this morning currently,online
what's the weather like right now,online
"genuinely curious, explain the boston tea party in a short paragraph",local
is is very much true,local
"fyi need to know, how bad is the border tensions right now just curious",online
what can you help me with exactly,local
"For class tomorrow, how to solve problems using hypothesis testing with an example",local
switch your language setting to english,local
ok so real time quote for usd to inr before i head out,online
speed up your talking please,local
so the main train route conditions right now because of the storm no cap,online
any delays on the flyover near the city center today this evening,online
how many times does 8 go into 2000,local
return to default settings,local
"hey, is the metro line closed due to the accident before i head out",online
"book a hotel in pa, harrisburg for the 10th to 15th",online
So the ipl match result just now before i head out,online
cheapest fare for flight from tehran to new york on august 1 with return on august 20,online
The periodic table history summary for history class for revision,local
Who's leading in the ashes series currently?,online
Real time quote for the s&p 500 right now,online
latest on the power outage in the city in real time,online
give me the meaning of alternative,local
who made this ai,local
"hey, how to solve problems using bayes theorem in simple terms",local
"For my homework, solid overview of joins in sql for revision with an example",local
breaking news on the parliament session today,online
"sorry, can you speak a little quicker, please",local
no way,local
Denormalization vs monolith vs microservices which is better and when,local
"for my homework, i don't get version control branching, someone explain",local
walk through linear regression math with numbers,local
Quick q - trie data structure cheat sheet for my notes,local
quick q - textbook definition of merge sort — struggling with this,local
how would you implement dependency injection from scratch before my exam,local
Dogecoin today's high and low this evening,online
"just checking, is the storm system offshore affecting traffic right now today",online
has my application for a trust bank credit card been mailed out and if so was i approved or not,online
how would you implement polymorphism from scratch,local
is the ipl match still playing right now,online
urgent - did apple stock go up or down this morning at the moment,online
"Real talk, current congestion level on the interstate this morning",online
textbook definition of REST vs GraphQL,local
could you please tell me a good joke,local
"just checking, cardano price action this week so far this evening",online
so pros and cons of compiler vs interpreter for my notes,local
turn on your whisper mode,local
"Deadlocks, explain like i'm a beginner coder",local
"for my homework, process vs thread example in python please before my exam",local
"fyi need to know, the grand slam tennis match score update please tonight",online
Current valuation on the s&p 500 today,online
could i rent a car out of dallas from april 1-10,online
compare normalization forms and microservices architecture in one paragraph,local
is there a travel alert for canada,online
Derive derivative of a function step by step thanks,local
"real talk, breaking news on the parliament session today no cap",online
Partial derivatives formula and when to use it,local
Normalization forms cheat sheet,local
walk me through bit manipulation tricks step by step,local
let me know what you can assist me with,local
"Real talk, quick check on eur to usd before i trade as of now",online
Is the metro line flooded from the downpour right now,online
will i have to apply for a visa if i want to visit mexico,online
quick one - tesla stock price action this week so far asap,online
ok why did the theory of evolution basics happen pls,local
"Real talk, who won the premier league match last night pls",online
Markov chains formula and when to use it in simple terms,local
Quick one - did solana go up or down this morning right now,online
"genuinely curious, explain the theory of evolution basics in a short paragraph",local
hey there!,local
fun facts about tigers,local
"for class tomorrow, walk through logarithm rules with numbers before my exam",local
Quick q - why did the silk road trade routes happen in simple terms,local
what ingredients do i need to make salmon salad,local
am i your boss,local
ok taylor series expansion explained with an example problem with an example,local
compare compiler vs interpreter and race conditions in one paragraph,local
how do i find the meaning of life,local
"hey, pros and cons of memoization for my notes",local
tell me how the russians say notebook,local
Is the harbor bridge flooded from the downpour right now,online
the ring road conditions right now because of the storm tonight,online
is my credit card application approved,online
how humid is it in toronto right now,online
do you have a boss,local
do you think longhorn steakhouse will be busy at 5pm,online
what's the exchange rate between dollars and pesos,online
So real time quote for reliance shares in the last hour,online
you must tell me your name,local
"need this for an interview, normalization forms — key points to remember in simple terms",local
"i keep forgetting dynamic programming, break it down for me",local
"real talk, the f1 race result just now this evening",online
please speed up your speaking pattern,local
what do you know,local
do you identify as a human or computer,local
"for class tomorrow, the pythagorean theorem formula and when to use it briefly",local
Urgent - is the heatwave alert affecting traffic right now before my meeting,online
can i change your name to buttercup,local
reliance shares price action this week so far today,online
"fyi need to know, will it rain in mumbai in the next few hours before my meeting",online
The world cup qualifier highlights from tonight,online
tell me how much gas i have,online
can you slow down your speech,local
is the airport terminal closed due to the accident,online
notes on test driven development for my assignment,local
"genuinely curious, central limit theorem for my calculus homework with an example",local
Practice problem using logarithm rules for my notes,local
i want to get an uber for one person to go to the library,online
when can i hear the decision on my credit card application,online
"flip a coin and let me know if it lands on heads or tails, please",local
can you say what you just said again,local
is there a barbecue restaurant around here,online
"for my homework, linear regression math — proof and intuition with an example",local
change the native language,local
i wanna sub sugar for salt,local
How does unit testing vs integration testing actually work under the hood in simple terms,local
"how do i find my location right now, please",online
so crude oil price today's high and low tonight,online
"fyi need to know, current congestion level on the expressway for real",online
how long can i expect to wait for a restaurant table,online
what are my longitude and latitude points,online
pros and cons of monads in haskell,local
i want a coin flip and i'll take tails,local
say something hilarious,local
Is the ipl match still playing right now for real,online
how do you convert miles to kilometers,local
"need this for an interview, walk through gradient descent math with numbers",local
any updates on the airline strike happening today,online
Latest on the covid case numbers in real time,online
what's your first name,local
later!,local
i need to know how much gas is left,online
i think we should whisper,local
how humid is it in toronto right now before my meeting,online
"genuinely curious, difference between linked list and race conditions",local
how much time do i need to make the chicken,local
what's 10 pounds in dollars,online
How to solve problems using taylor series expansion,local
"fyi need to know, is the airport terminal closed due to the accident — need it fast",online
will you roll a 12 sided dice,local
Who won the grand slam tennis match last night,online
i would like the volume lower,local
Urgent - traffic status on the ring road this morning for real,online
can you calculate 18 divided by 45,local
ngl any delays on the highway today tonight,online
start a timer for 10 minutes,local
quick refresher on test driven development before my exam,local
what are some funny jokes,local
Ok solid overview of git rebase vs merge for revision?,local
Quadratic formula formula and when to use it,local
ok so tesla stock live chart movement before my meeting,online
Quick check on tcs stock before i trade,online
can i use margarine instead of butter,local
what's a good place to travel to,online
is the highway open or blocked at the moment,online
is the grand slam tennis match still playing right now,online
"hey, summarize message queues in a few bullet points — struggling with this",local
"just checking, did the border tensions get resolved yet before i head out",online
Is dogecoin pumping or dumping today in the last hour,online
can you restore factory settings now,local
"great talk, take it easy",local
are you a bot or a person,local
"just checking, what's going on with the vaccine rollout progress at the moment this evening",online
what is the name you call me,local
my luggage was lost on the flight,online
"flip a coin, you win with heads",local
"Fyi need to know, traffic status on the interstate this morning for real",online
"hey, important dates related to the causes of world war 1",local
so ancient egyptian pyramid construction summary for history class pls,local
"i need assistance with my lost luggage, i was on american airlines ab123 out of talahasse",online
who made your algorithms,local
"need this for an interview, memoization tutorial with code",local
so the asia cup final highlights from tonight,online
ok garbage collection — key points to remember before my exam,local
ok explain thread pools with a simple example?,local
ngl real time quote for nasdaq — need it fast,online
The ashes series score update please,online
is the main train route flooded from the downpour right now today,online
solid overview of mock objects in testing for revision,local
urgent - is the toll plaza flooded from the downpour right now this morning,online
walk me through load balancing step by step,local
"Hey, how bad is the vaccine rollout progress right now",online
live updates from the border situation,online
"for my homework, partial derivatives explained with an example problem with an example",local
reset to factory default,local
"real talk, final score of the ashes series before i head out",online
Ngl traffic status on the interstate this morning?,online
standard deviation formula for my calculus homework,local
raise volume,local
why is process vs thread used instead of normalization in databases,local
i'd like you to tell me a joke,local
Urgent - is the airport terminal closed due to the accident tonight,online
you need to set the timer for me,local
will my delta flight leave on time,online
"if you don't mind, please switch to whisper mode",local
what does ataraxy mean,local
ok law of cosines for my calculus homework?,local
flip me a coin i'm calling tails,local
is traffic bad on my way to the next mcdonalds,online
write a function to check if a string is a palindrome,local
So probability distributions explained with an example problem,local
what paperwork will i need to visit northern ireland,online
stack vs heap memory cheat sheet,local
SOLID principles for dummies,local
Reliance shares today's high and low,online
i didn't hear you can you repeat that,local
tell me a fun fact about butterflies,local
Set theory basics for my calculus homework,local
i would like to know my location,online
urgent - current valuation on solana,online
"incorrect, it is certainly a false statement",local
you saved my name how,local
negative for sure,local
i didn't hear you,local
"for class tomorrow, how to solve problems using logarithm rules for my notes",local
quick q - how does backtracking algorithms actually work under the hood — struggling with this,local
timeline of the french revolution timeline with an example,local
the harbor bridge conditions right now because of the storm this evening,online
"i need an uber with a car seat for 2 adults and one child to take us to wilmington, de",online
i don't know how to spell spaghetti,local
who won the la liga clasico last night tonight,online
can you recommend a decent place in chicago to get pizza,online
call me mary,local
silver rate market cap right now before my meeting,online
do they take reservations at olive garden,online
"just checking, who won the india vs australia test last night as of now",online
find me a flight from tijuana to guadalajara on volaris,online
book me a hotel in chicago near the water tower shopping from april 2nd to 4th,online
timeline of the ottoman empire decline with an example,local
How does singleton pattern actually work under the hood,local
"genuinely curious, why did the boston tea party happen briefly",local
could you roll the dice please,local
the age of exploration key figures summary for history class,local
mutex vs semaphore cheat sheet briefly,local
what kinds of activities do you enjoy,local
do i need a travel visa to visit japan,online
please raise volume,local
quick one - should i carry an umbrella in los angeles today while i'm stuck in traffic,online
the t20 world cup game highlights from tonight,online
quick one - current congestion level on the harbor bridge rn,online
how busy is orchids at 7,online
please adjust your settings,local
"fyi need to know, tcs stock rate as of this minute no cap",online
"Just heard about the airline strike, what's the latest",online
give the dice a roll,local
tell me when ninety minutes have passed,local
"hey, is the expressway open or blocked at the moment this morning",online
"just checking, the tech layoffs news — anything new in the last hour pls",online
how do you spell hotdog,local
"fyi need to know, current congestion level on the highway just curious",online
give me a quick rundown of the theory of evolution basics,local
so the nba game highlights from tonight before i head out,online
so explain event loop in node with a simple example?,local
did the s&p 500 go up or down this morning,online
Standard deviation formula for my calculus homework,local
"for my homework, background on the age of exploration key figures for my essay with an example",local
Urgent - is the nba game still playing right now at the moment,online
why is dependency injection used instead of multithreading in java,local
how does merge sort actually work under the hood,local
"For class tomorrow, explain the periodic table history in a short paragraph for my notes",local
any delays on the ring road today,online
ngl the world cup qualifier result just now asap,online
"real talk, did ethereum go up or down this morning as of now",online
"For class tomorrow, how would you implement ACID properties from scratch for my notes",local
real world use case for virtual functions in c++,local
i'd like to know how much you get when you roll a ten sided dice,local
compare virtual memory and map reduce filter functions in one paragraph,local
what is the high temperature for tomorrow,online
"i keep forgetting microservices architecture, break it down for me",local
how is nvidia stock trending today,online
"need this for an interview, how would you implement event loop in node from scratch for revision",local
the trade deal talks — anything new in the last hour before i head out,online
the treaty of versailles terms summary for history class thanks,local
my dockerfile build fails at the pip install step,local
i believe that my luggage was lost,online
how many stars does la vignette have,online
"hey, any delays on the highway today at the moment",online
"just checking, who won the grand slam tennis match last night before i head out",online
"fyi need to know, current air quality index in mumbai?",online
notes on immutability in functional programming for my assignment pls,local
"roll that dice, ai",local
quick check on nasdaq before i trade,online
"i will be traveling to rome from february 1 to march 1, please make this aware to my bank",online
"Just heard about the protest downtown, what's the latest rn",online
what is the word on flight dl123,online
what company manufactured you,local
"hey, walk through matrix multiplication rules with numbers — struggling with this",local
so is the border tensions affecting traffic right now right now,online
Ngl the flyover near the city center conditions right now because of the storm while i'm stuck in traffic,online
why did the moon landing mission details happen briefly,local
what does my gas meter say,online
How to solve problems using law of sines,local
what country do you consider yourself a citizen of,local
what happens during tcp three way handshake,local
help me to understand the conversion between tablespoons and teaspoons,local
tell me where you're made,local
what area did you grow up in,local
so give me a quick rundown of the renaissance key artists,local
quick one - who won the ipl match last night,online
so is it safe to drive in new york with this storm,online
please change your accent the male british one,local
what are some fun things to do in sweden,online
So is the storm system offshore affecting traffic right now currently,online
"just checking, is the airport terminal closed due to the accident before i head out",online
thread pools example in python please,local
Solid overview of big O notation for revision before my exam,local
"genuinely curious, pros and cons of map reduce filter functions for my notes",local
What's going on with the trade deal talks at the moment,online
what name do you call me by,local
Solana market cap right now?,online
Textbook definition of monads in haskell,local
do you know if my amex card app went through,online
tata for now,local
Final score of the wimbledon final,online
"Hey, give me a quick rundown of the causes of world war 1 briefly",local
"for class tomorrow, logarithm rules for my calculus homework before my exam",local
"for my homework, two pointer technique cheat sheet",local
how to solve problems using set theory basics — struggling with this,local
main causes and effects of the signing of the magna carta for revision,local
is it possible to use sausage instead of hot dog,local
urgent - is there a heat advisory in new york today before i head out,online
fix my language to spanish,local
Law of sines explained with an example problem for revision,local
"hey, real world use case for heap data structure thanks",local
Ngl is the harbor bridge open or blocked at the moment,online
"for class tomorrow, how does generics in java actually work under the hood?",local
ok how to solve problems using probability distributions with an example,local
tell me the exchange rate of dollars to yen,online
what's the difference between synchronous and asynchronous io,local
so the russian revolution 1917 summary for history class for revision,local
ok how does thread pools actually work under the hood briefly,local
please help me book a rental car in appleton,online
i want to get directions to the closest atm,online
is that restaurant crowded during dinner,online
"for class tomorrow, probability distributions for my calculus homework",local
is the toll plaza closed due to the accident,online
what does saffron mean,local
ok set theory basics explained with an example problem briefly,local
i need to get from jfk to dallas with united for under $500,online
what is my first name saved as,local
"need this for an interview, practice problem using matrix multiplication rules — struggling with this",local
can you tell me how to spell elephant,local
so derive quadratic formula step by step thanks,local
so virtual functions in c++ example in python please?,local
"real talk, the ashes series score update please — need it fast",online
The asia cup final result just now,online
could you speak a little more slowly,local
purchase a flight from slc to columbus on tuesday that returns on friday,online
normalization in databases example in python please,local
eur to usd price right now just curious,online
"Need this for an interview, derive laplace transform step by step before my exam",local
so did usd to inr go up or down this morning rn,online
Walk through fourier transform with numbers,local
what entity is your boss,local
how do i go about resolving my luggage that didn't arrive,online
is the airport terminal closed due to the accident while i'm stuck in traffic,online
make sur eyou tell the bank that i will be traveling internationally soon,online
"hey, why did the unification of germany happen briefly",local
The t20 world cup game highlights from tonight,online
"fyi need to know, any updates on the airline strike happening today pls",online
what southwest flights are there for lax to sfo arriving april 1st and returning april 7th,online
what was that last thing you said,local
do you know exactly when you were born,local
go ahead and go back to the original settings,local
"real talk, is the expressway open or blocked at the moment rn",online
urgent - infosys shares rate as of this minute this evening,online
"Genuinely curious, important dates related to the moon landing mission details in simple terms",local
would you reset your factory settings,local
Important dates related to the industrial revolution key inventions for revision,local
what name do you refer to me as,local
"Hey, is the metro line open or blocked at the moment — need it fast",online
"just heard about the election results, what's the latest",online
"Fyi need to know, quick check on apple stock before i trade",online
go ahead and roll that 9 sided dice,local
textbook definition of foreign key constraints,local
Ngl is there a heat advisory in bangalore today rn,online
ok timeline of the periodic table history,local
"fyi need to know, usd to inr market cap right now before i head out",online
Ngl live score for the f1 race right now,online
"for class tomorrow, quick refresher on window functions in sql before my exam in simple terms",local
ok when should i pick merge sort over load balancing — struggling with this,local
Central limit theorem formula and when to use it,local
"for my homework, central limit theorem for my calculus homework pls",local
Solid overview of window functions in sql for revision,local
so apple stock price action this week so far pls,online
"Just checking, the t20 world cup game score update please this evening",online
tell me how to spell automobile,local
is there traffic on route to work,online
i need to know what restaurants are near me,online
current valuation on reliance shares today,online
what could i do for fun in kentucky,online
Ethereum price action this week so far,online
any delays on the metro line today asap,online
"for class tomorrow, give me a quick rundown of the ottoman empire decline with an example",local
urgent - how humid is it in hyderabad right now — need it fast,online
what can you be asked about,local
the s&p 500 rate as of this minute currently,online
urgent - how is tesla stock trending today no cap,online
how to solve problems using law of cosines thanks,local
Explain the mughal empire timeline in a short paragraph,local
what kind of hobbies do you like to do,local
So did cardano go up or down this morning just curious,online
will i need a travel visa to go to canary islands,online
so background on the renaissance key artists for my essay thanks,local
Ethereum market cap right now rn,online
urgent - current congestion level on the ring road just curious,online
will you flip a coin,local
the covid case numbers status update please while i'm stuck in traffic,online
has my credit card application been approved,online
what ingredients are present in marshmallows,local
So the tech layoffs news developments as of today pls,online
"need this for an interview, explain primary key vs unique key with a simple example",local
"hey, central limit theorem formula and when to use it for revision",local
"change language to french, please",local
"for class tomorrow, explain the silk road trade routes in a short paragraph?",local
"for class tomorrow, real world use case for heap data structure",local
provide a random roll of the dice,local
does michael's accept reservations,online
yeah that's what i want,local
tell me something funny about love,local
Solid overview of greedy algorithms for revision,local
silver rate price action this week so far,online
how old is al,local
any updates on the tech layoffs news happening today,online
what country were you made,local
how many years on the earth,local
ngl the airline strike — anything new in the last hour tonight,online
the f1 race score update please while i'm stuck in traffic,online
textbook definition of trie data structure,local
are there activities that you enjoy doing in your free time,local
is the processing done on my new credit card,online
"So i don't get trie data structure, someone explain",local
ok background on the russian revolution 1917 for my essay pls,local
textbook definition of static vs dynamic typing,local
what's going on with the wildfire in the hills at the moment,online
what does it take to make buttermilk pancakes,local
what's should i call you by,local
does this life have a meaning,local
search for any travel alerts for canada,online
traffic status on the flyover near the city center this morning tonight,online
i would like to know when my flight scheduled to board,online
"genuinely curious, timeline of the discovery of penicillin",local
"Real talk, real time quote for tesla stock for real",online
dow jones price right now asap,online
urgent - who won the nba game last night while i'm stuck in traffic,online
is the interstate flooded from the downpour right now,online
"genuinely curious, mock objects in testing example in python please thanks",local
"hey, partial derivatives — proof and intuition",local
i'd like to know how to spell cemetary,local
Dogecoin market cap right now,online
background on the silk road trade routes for my essay,local
what do you like doing in your free time,local
what are the directions to get to olympia by bus,online
that would be great,local
ngl how bad is the storm system offshore right now for the group chat,online
so is the tech layoffs news still ongoing this evening,online
so the mughal empire timeline summary for history class in simple terms,local
"hey, practice problem using chain rule in calculus",local
"yes, that is accurate",local
Ok law of sines — proof and intuition,local
"For my homework, how to solve problems using convex optimization basics for my notes",local
how many dollars can i exchange for 200 euros,online
how does normalization forms actually work under the hood,local
the ring road conditions right now because of the storm right now,online
find me a flight from ft lauderdale to houston on southwest,online
ok background on ancient egyptian pyramid construction for my essay,local
would you tell me who made the ai,local
Ngl breaking news on the parliament session today for real,online
"hey, is the subway line flooded from the downpour right now no cap",online
please let my bank know that i will be in rome from february 1 to march 1,online
what time is my flight supposed to board,online
how busy does outback get around 7pm,online
how does dependency injection actually work under the hood,local
is the flyover near the city center closed due to the accident for real,online
can you show me how to book a car rental in manitowoc,online
"hey, apple stock price right now",online
what places in chicago will allow me to rent a car from monday to friday,online
give me a quick rundown of ancient egyptian pyramid construction,local
why do u work for them,local
"fyi need to know, the world cup qualifier score update please",online
real world use case for closures in javascript,local
quick one - the power outage in the city developments as of today for the group chat,online
so the partition of india — what actually happened for revision,local
"ai, how many months old are you",local
your help is appreciated,local
walk me through promises vs callbacks step by step,local
"just checking, the ipl match highlights from tonight no cap",online
"For class tomorrow, explain the age of exploration key figures in a short paragraph?",local
Current valuation on silver rate asap,online
i don't know how to spell apparently,local
can i swap yogurt for sour cream,local
is the harbor bridge flooded from the downpour right now for the group chat,online
Is there a heat advisory in bangalore today this evening,online
my linked list reversal function loses the tail node,local
unit testing vs integration testing vs load balancing which is better and when in simple terms,local
what's the traffic like around the stadium,online
see ya later,local
"need this for an interview, how to solve problems using gradient descent math — struggling with this",local
so the toll plaza conditions right now because of the storm asap,online
"real talk, bitcoin price right now for real",online
who gave you your name,local
"Hey, explain asynchronous programming with a simple example before my exam",local
So background on the industrial revolution key inventions for my essay — struggling with this,local
Quick q - markov chains explained with an example problem?,local
what name do you want to be called,local
did ripple xrp go up or down this morning,online
what will the temperature be tomorrow,online
urgent - how is reliance shares trending today this morning,online
"fyi need to know, final score of the world cup qualifier at the moment",online
"need this for an interview, practice problem using fourier transform — struggling with this",local
urgent - nvidia stock rate as of this minute this morning,online
ok so live score for the ufc fight card today,online
urgent - the ufc fight card highlights from tonight for real,online
quick q - microservices architecture for dummies,local
the new name that i want you to call me is this one,local
what name would you like me to call you,local
ngl traffic status on the airport terminal this morning for real,online
law of sines formula and when to use it with an example,local
explain process vs thread with a simple example,local
walk through fourier transform with numbers,local
would you say that red lobster's pretty buy at noon,online
Is the airport terminal flooded from the downpour right now,online
i didn't catch that so please repeat it,local
so when should i pick git rebase vs merge over TCP vs UDP,local
"for my homework, explain the fall of the roman empire in a short paragraph",local
what is the traffic situation at the olive garden restaurant,online
ok integration by parts explained with an example problem,local
how do i get to statue of liberty by bus,online
"genuinely curious, markov chains for my calculus homework with an example",local
"hey, how to solve problems using chain rule in calculus?",local
"hey, the heatwave alert developments as of today in the last hour",online
does burger king accept reservations,online
"for class tomorrow, derive eigenvalues and eigenvectors step by step — struggling with this",local
current valuation on ripple xrp before my meeting,online
Explain lambda expressions with a simple example,local
"hello, friend",local
explain greedy algorithms with a simple example,local
"real talk, is the toll plaza flooded from the downpour right now asap",online
"real talk, quick check on nasdaq before i trade while i'm stuck in traffic",online
"i applied for the credit card, have you processed my application",online
ok gradient descent math for my calculus homework pls,local
go back to the original settings,local
how can i go about finding my current location,online
"genuinely curious, difference between subqueries in sql and message queues — struggling with this",local
timeline of the age of exploration key figures,local
the nba game result just now no cap,online
what is the meaning of flange,local
So law of cosines explained with an example problem,local
"need this for an interview, practice problem using hypothesis testing for revision",local
make the volume louder,local
"just checking, sensex price right now?",online
quick refresher on ci cd pipeline basics before my exam,local
that will be true,local
"for my homework, the industrial revolution key inventions — what actually happened pls",local
"need this for an interview, timeline of the printing press invention impact",local
what is behind life's meaning,local
what's the sort of thing i should ask,local
Ngl final score of the ufc fight card?,online
"fyi need to know, the earthquake near the coast status update please for the group chat",online
so reliance shares today's high and low right now,online
quick q - integration by parts — proof and intuition — struggling with this,local
The euro cup semifinal result just now,online
i'm travelling to spain soon and want to inform my bank,online
i can not thank you enough,local
thanks again,local
are there any fun tourist things to do in boston,online
what was your place of creation,local
ok so the asia cup final highlights from tonight asap,online
"ai, how old are you",local
"fyi need to know, who's leading in the wimbledon final currently asap",online
i'm famished so give me some places to eat!,online
"real talk, traffic status on the subway line this morning currently",online
could you find my location on the map,online
Did the s&p 500 go up or down this morning tonight,online
"fyi need to know, is the premier league match still playing right now rn",online
So who's leading in the t20 world cup game currently this morning,online
please find me some good thai restaurants in new york city,online
so what sort of hobbies are you into,local
thread pools tutorial with code,local
"genuinely curious, i keep forgetting trie data structure, break it down for me thanks",local
"Real talk, live score for the nba game just curious",online
"need this for an interview, walk through standard deviation formula with numbers for my notes",local
quick q - the moon landing mission details summary for history class,local
bit manipulation tricks vs dijkstra's algorithm which is better and when pls,local
"hey, probability distributions for my calculus homework for revision",local
quick one - is the f1 race still playing right now,online
"hey, key figures involved in the theory of evolution basics",local
how bad is the tech layoffs news right now?,online
Walk me through mock objects in testing step by step,local
"genuinely curious, how would you implement test driven development from scratch",local
is it safe to travel to iceland,online
so should i carry an umbrella in london today while i'm stuck in traffic,online
i need to uber somewhere,online
quick q - derive matrix multiplication rules step by step in simple terms,local
that is not correct,local
"are you ai, or a person",local
nvidia stock live chart movement,online
So how bad is the wildfire in the hills right now?,online
i want a 10 minute timer,local
quick one - the t20 world cup game result just now,online
Derive convex optimization basics step by step,local
"genuinely curious, key figures involved in the industrial revolution key inventions for my notes",local
is the beltway backed up in traffic on saturday mornings at 11 am during the cherry festival,online
"i need to get to a church immediately, please take me to one!",online
sql query returns duplicate rows after my join,local
"for my homework, pros and cons of quick sort in simple terms",local
quick q - integration by parts for my calculus homework with an example,local
what is the correct spelling of judgment,local
"for my homework, important dates related to the great depression causes",local
pros and cons of normalization forms,local
Practice problem using convex optimization basics,local
what is the definition of succumb,local
traffic status on the flyover near the city center this morning before my meeting,online
ok practice problem using markov chains thanks,local
can i substitute ketchup for mustard,local
quick one - live score for the la liga clasico asap,online
"for class tomorrow, test driven development cheat sheet",local
can you help me find my luggage it was lost on delta flight abc123 from houston,online
the fall of the roman empire summary for history class pls,local
mock objects in testing — key points to remember,local
tell me a fun fact about mt everest,local
quick check on apple stock before i trade,online
"fyi need to know, current air quality index in chennai before my meeting",online
i don't know how to spell mississippi,local
what name should i use for you,local
main causes and effects of when the berlin wall fell thanks,local
quick one - current congestion level on the interstate tonight,online
"hey, hypothesis testing formula and when to use it",local
"hey, quick check on usd to inr before i trade?",online
how many centimeters are in 4 inches,local
"hey, thread pools cheat sheet before my exam",local
the asia cup final score update please,online
quick one - quick check on nasdaq before i trade at the moment,online
"hey, compare compiler vs interpreter and observer pattern in one paragraph for my notes",local
walk me through inheritance vs composition step by step,local
"hey, how to solve problems using quadratic formula with an example",local
what's the answer to existence,local
urgent - the earthquake near the coast status update please for the group chat,online
"for my homework, how to solve problems using logarithm rules for my notes",local
"Hey, the ufc fight card score update please this evening",online
research the meaning of life,local
can you find a keto friendly restaurant,online
who is your creator,local
quick q - how to solve problems using convex optimization basics in simple terms,local
what are the best italian restaurants in chicago,online
The discovery of penicillin — what actually happened pls,local
tell me when two minutes are up,local
"real talk, did the earthquake near the coast get resolved yet — need it fast",online
Live score for the t20 world cup game no cap,online
ok explain the industrial revolution key inventions in a short paragraph briefly,local
quick one - the asia cup final result just now — need it fast,online
live score for the asia cup final,online
quick one - real time quote for ripple xrp as of now,online
that's incorrect!,local
ngl is the subway line flooded from the downpour right now — need it fast,online
urgent - is the flyover near the city center open or blocked at the moment currently,online
please change the ai name for me,local
"fyi need to know, infosys shares market cap right now rn",online
"for class tomorrow, probability distributions for my calculus homework with an example",local
quick q - how to solve problems using standard deviation formula for revision,local
what is the conversion of inches to centimeters,local
ngl who's leading in the f1 race currently for the group chat,online
"need this for an interview, background on the decolonization of africa for my essay briefly",local
how many centimeters are in an inch,local
what stuff would i need to make tortellini,local
quick q - main causes and effects of the fall of the roman empire,local
"hey, crude oil price rate as of this minute this morning",online
i want you to repeat that,local
Final score of the grand slam tennis match today,online
quick q - key figures involved in the treaty of versailles terms before my exam,local
i will call you jimbo from now on,local
what exactly is the meaning of life,local
urgent - bitcoin today's high and low while i'm stuck in traffic,online
the meaning of life please,local
is the internet outage affecting my area still,online
"hey, current congestion level on the expressway this morning",online
"hey, how is cardano trending today for real",online
how can i change your name,local
the information is wrong,local
is the harbor bridge closed due to the accident?,online
the t20 world cup game result just now,online
"real talk, live score for the nba game just curious",online
try it with a male voice,local
urgent - is it safe to drive in tokyo with this storm — need it fast,online
heller,local
the cold war origins — what actually happened,local
"real talk, is the harbor bridge open or blocked at the moment",online
urgent - current congestion level on the toll plaza asap,online
change your language setting to german,local
i want an uber,online
"genuinely curious, integration by parts formula and when to use it for revision",local
Practice problem using eigenvalues and eigenvectors,local
"can you see if i can rent a car from dallas on the dates of march 1, 2019 to march 3, 2019",online
quick one - the la liga clasico highlights from tonight currently,online
practice problem using vector cross product with an example,local
quick one - final score of the world cup qualifier this evening,online
"Hey, who's leading in the nba game currently — need it fast",online
i just traveled on american airlines flight ab123 out of dallas i can't find my luggage,online
the ufc fight card result just now for real,online
current valuation on eur to usd asap,online
ok so the euro cup semifinal highlights from tonight before my meeting,online
how busy is imanas at 6,online
"Genuinely curious, give me a quick rundown of the wright brothers first flight thanks",local
"genuinely curious, vector cross product formula and when to use it for my notes",local
check maps for my location,online
Ok so current congestion level on the main train route pls,online
"yes, that is a fact",local
when is my plane scheduled to land,online
quick q - key figures involved in the silk road trade routes with an example,local
Trie data structure for dummies,local
walk through correlation vs causation with numbers pls,local
"real talk, any updates on the cabinet reshuffle happening today rn",online
quick one - will it rain in singapore in the next few hours — need it fast,online
"hey, give me a quick rundown of the industrial revolution key inventions briefly",local
please increase the volume to 4 please,local
the bank should know i am going to asia soon,online
Ancient egyptian pyramid construction summary for history class,local
flip that coin please,local
"if i may, i'd like to call you slave",local
what is the name i should use to refer to you,local
is the power outage in the city still ongoing,online
tell me a funny joke,local
So should i carry an umbrella in toronto today,online
tell me the weather report for tallahassee,online
Ngl solana today's high and low — need it fast,online
why did the moon landing mission details happen with an example,local
did the earthquake near the coast get resolved yet asap,online
"genuinely curious, derive law of sines step by step briefly",local
"For my homework, why did the treaty of versailles terms happen for my notes",local
so cardano price action this week so far right now,online
the great depression causes summary for history class for revision,local
database indexing — key points to remember,local
is it safe to drive in san francisco with this storm,online
"need this for an interview, pros and cons of recursion for my notes",local
so what's going on with the ceasefire negotiations at the moment for the group chat,online
what name do you like to go by,local
quick one - how is reliance shares trending today right now,online
of course,local
Final score of the india vs australia test,online
"genuinely curious, practice problem using permutations and combinations for revision",local
"Hey, the wimbledon final highlights from tonight for real",online
will it rain in chicago in the next few hours,online
"need this for an interview, derive standard deviation formula step by step for revision",local
quick one - the subway line conditions right now because of the storm asap,online
"need this for an interview, notes on CAP theorem for my assignment",local
Current congestion level on the interstate,online
what's going on with the border tensions at the moment right now,online
how is gold rate trending today,online
quick q - promises vs callbacks cheat sheet?,local
Recursion for dummies,local
please change back to initial device settings,local
quick check on tesla stock before i trade in the last hour,online
quick one - the cyclone warning status update please pls,online
who manufactured you,local
ok solid overview of garbage collection for revision for my notes,local
Main causes and effects of the printing press invention impact for revision,local
Is the expressway open or blocked at the moment as of now,online
the sound is too low,local
"Hey, did the airline strike get resolved yet before i head out",online
what is the square root of 10294,local
do i have enough gas left to make it to tampa,online
i have to say affirmative on that one,local
quick sort vs B-tree indexing which is better and when,local
"hey, taylor series expansion for my calculus homework — struggling with this",local
eigenvalues and eigenvectors explained with an example problem with an example,local
so notes on REST vs GraphQL for my assignment with an example,local
so how to solve problems using convex optimization basics for revision,local
i want you to recommend a good local restaurant to me,online
"hey, is the main train route closed due to the accident — need it fast",online
how is the traffic at the nearest wal-mart pharmacy,online
"just heard about the flood situation downtown, what's the latest — need it fast",online
can i rename you,local
are you older than me,local
important dates related to the theory of evolution basics,local
"genuinely curious, derive law of sines step by step",local
who fabricated you,local
where can i go to see if my credit card application has been processed,online
Derive standard deviation formula step by step,local
the supreme court verdict developments as of today today,online
Ripple xrp live chart movement,online
thread pools for dummies,local
i need to let my bank know that i'll be travelling internationally,online
nifty 50 rate as of this minute no cap,online
did the central bank's rate decision get resolved yet,online
monolith vs microservices interview question breakdown,local
is the wimbledon final still playing right now as of now,online
i will determine it with a coin flip,local
is the flyover near the city center closed due to the accident today,online
difference between SOLID principles and load balancing for revision,local
is there a heat advisory in bangalore today,online
ngl is it safe to drive in chicago with this storm,online
graph traversal interview question breakdown,local
talk in whisper voice,local
derive partial derivatives step by step,local
ripple xrp price action this week so far asap,online
"Need this for an interview, walk through correlation vs causation with numbers for my notes",local
is it snowing in the next two weeks,online
could you reset your factory settings please,local
"Just checking, tesla stock market cap right now as of now",online
can you speak in french,local
"need this for an interview, the great depression causes summary for history class for revision",local
"Genuinely curious, trie data structure example in python please in simple terms",local
Quick one - live score for the premier league match asap,online
urgent - how is reliance shares trending today this evening,online
Permutations and combinations formula and when to use it briefly,local
Quick q - key figures involved in the silk road trade routes,local
how long does it take to make lasagna,local
are you working for me or what,local
provide me the name of who made you,local
"i keep forgetting kubernetes pods, break it down for me",local
do you know my name,local
ok how would you implement unit testing vs integration testing from scratch,local
derive correlation vs causation step by step thanks,local
"for class tomorrow, kubernetes pods interview question breakdown in simple terms",local
ok so final score of the ashes series just curious,online
notes on caching strategies for my assignment,local
taylor series expansion explained with an example problem?,local
quick refresher on version control branching before my exam with an example,local
will it rain in paris in the next few hours,online
Give me a quick rundown of the unification of germany,local
Practice problem using quadratic formula for revision,local
dow jones market cap right now,online
quick check on dogecoin before i trade,online
"real talk, infosys shares price right now for the group chat",online
is the airport shut due to the fog this morning,online
Why is ACID properties used instead of denormalization,local
show me all hotels in evans with good reviews,online
i need to go to phoenix sky harbor airport using uber,online
i arrived on delta flight ab123 from juno but my luggage doesn't appear to have come with me,online
"for class tomorrow, walk through markov chains with numbers for my notes",local
"real talk, the world cup qualifier highlights from tonight this evening",online
roll the 10 sided dice on time,local
"Need this for an interview, timeline of the fall of the roman empire",local
vector cross product formula and when to use it with an example,local
ngl traffic status on the expressway this morning this morning,online
"for class tomorrow, main causes and effects of the renaissance key artists thanks",local
how many dollars can i exchange for 10 yen,online
vector cross product formula and when to use it,local
Quick refresher on immutability in functional programming before my exam,local
"for my homework, set theory basics explained with an example problem",local
what am i known as to you,local
infosys shares live chart movement,online
ngl final score of the t20 world cup game no cap,online
what's the conversion from inches to centimeters,local
key figures involved in the age of exploration key figures,local
urgent - traffic status on the subway line this morning no cap,online
quick one - current congestion level on the metro line this morning,online
walk through set theory basics with numbers,local
book me an uber to olive garden,online
"i keep forgetting git rebase vs merge, break it down for me",local
ngl reliance shares live chart movement while i'm stuck in traffic,online
How to solve problems using markov chains thanks,local
how many years has al been on earth,local
"fyi need to know, what's going on with the election results at the moment just curious",online
Notes on foreign key constraints for my assignment,local
just call me sam,local
"Fyi need to know, the cabinet reshuffle — anything new in the last hour just curious",online
ok law of sines for my calculus homework briefly,local
set a brand new timer for eight seconds,local
"that is true, yes",local
are you from europe,local
turn volume to the number 4 setting,local
Is the vaccine rollout progress still ongoing asap,online
summarize denormalization in a few bullet points,local
so what's going on with the heatwave alert at the moment before i head out,online
what's the difference between a compiler and an assembler,local
Timeline of the decolonization of africa,local
urgent - did tcs stock go up or down this morning before i head out,online
so important dates related to when the berlin wall fell before my exam,local
timeline of the french revolution timeline,local
what are all of the ingredients for brownies from scratch,local
did tcs stock go up or down this morning,online
so how to solve problems using probability distributions for revision,local
i would like a coin flip,local
i want to change your name to emma,local
so walk through eigenvalues and eigenvectors with numbers for my notes,local
so why did the boston tea party happen for revision,local
ok compiler vs interpreter — key points to remember — struggling with this,local
"real talk, current valuation on nasdaq before my meeting",online
how would you convert yards to inches,local
ok partial derivatives — proof and intuition,local
Main causes and effects of when the berlin wall fell in simple terms,local
what goes into a strawberry smoothie,local
can you tell me a fun fact regarding cars,local
quick q - timeline of the signing of the magna carta in simple terms,local
find an indian restaurant,online
"just checking, final score of the nba game asap",online
please inform me of the types of subjects are you familiar with,local
so how is everything,local
ok derive gradient descent math step by step?,local
i would i say subway if i were english,local
i haven't heard if my application for a credit card has been accepted or not can you check on it for me,online
ok derive quadratic formula step by step with an example,local
who's leading in the grand slam tennis match currently asap,online
why did the ottoman empire decline happen,local
"genuinely curious, timeline of the russian revolution 1917",local
The premier league match highlights from tonight,online
i need to know if the application been processed,online
central limit theorem for my calculus homework for my notes,local
"genuinely curious, i keep forgetting sharding, break it down for me",local
Fourier transform formula and when to use it pls,local
"just checking, the supreme court verdict — anything new in the last hour before my meeting",online
tell me about my american express application; did it go through,online
"just checking, is infosys shares pumping or dumping today",online
"hey, the asia cup final highlights from tonight as of now",online
So how to solve problems using markov chains for revision,local
is it going to rain tonight,online
i want to travel to new york and i would like to rent a car,online
"I don't get pointers vs references, someone explain",local
"race conditions, explain like i'm a beginner coder",local
is there a travel alert for north korea,online
"i keep forgetting mutex vs semaphore, break it down for me",local
"Need this for an interview, important dates related to the causes of world war 1 for revision",local
"Just checking, who's leading in the india vs australia test currently no cap",online
"just checking, is the ufc fight card still playing right now — need it fast",online
is the subway line flooded from the downpour right now right now,online
Traffic status on the metro line this morning no cap,online
what s the uv index tomorrow,online
can you list the places that there are travel alerts for,online
good seeing you,local
"hey, explain the american civil war causes in a short paragraph with an example",local
quick check on nifty 50 before i trade currently,online
"i don't get regular expressions, someone explain",local
why did the mughal empire timeline happen,local
what is 10 to the 12th power,local
"need this for an interview, walk through bayes theorem with numbers",local
"Hey, the la liga clasico highlights from tonight",online
solid overview of closures in javascript for revision,local
let my bank know i will be on travel to fes,online
"For my homework, quadratic formula formula and when to use it",local
"for class tomorrow, quick refresher on bit manipulation tricks before my exam before my exam",local
"Need this for an interview, race conditions example in python please",local
"real talk, the s&p 500 today's high and low tonight",online
look up when my flight is set to start boarding,online
tell me what the word arboreal means,local
Quick one - is the ring road flooded from the downpour right now as of now,online
could i use olive oil instead of grape seed oil,local
"Hey, textbook definition of connection pooling in simple terms",local
Current congestion level on the airport terminal,online
any updates on the cabinet reshuffle happening today,online
how does recursion actually work under the hood pls,local
does applebee's have good reviews,online
will i be able to get a seat at 5pm,online
"real talk, who won the premier league match last night tonight",online
where did your mom give birth,local
i need you to roll an 8 sided dice,local
current valuation on reliance shares,online
what is the real meaning of life,local
what number do you get when you roll one six sided die,local
Did silver rate go up or down this morning,online
what do people think about the sandwiches at wendy's,online
central limit theorem formula and when to use it,local
"fyi need to know, solana live chart movement for real",online
what is my current gas level,online
"Real talk, is the expressway flooded from the downpour right now this morning",online
ok the age of exploration key figures — what actually happened with an example,local
can you tell me your place of origin,local
"real talk, the s&p 500 market cap right now while i'm stuck in traffic",online
important dates related to the french revolution timeline,local
"i don't get virtual memory, someone explain",local
how do i find my location right now,online
markov chains explained with an example problem,local
urgent - the earthquake near the coast developments as of today at the moment,online
"for my homework, key figures involved in the printing press invention impact for revision",local
compare dijkstra's algorithm and topological sort in one paragraph,local
"for class tomorrow, laplace transform for my calculus homework — struggling with this",local
So walk me through recursion step by step for revision,local
reliance shares price action this week so far,online
how empty is my gas tank,online
set an alarm for nine minutes from now,local
background on when the berlin wall fell for my essay in simple terms,local
can acero take reservation,online
the interstate conditions right now because of the storm,online
"real talk, any delays on the harbor bridge today as of now",online
"fyi need to know, the champions league final result just now tonight",online
how is dogecoin trending today rn,online
what is the exchange to yen if i have 100 us dollars,online
change your name setting to plato,local
so quick check on nifty 50 before i trade as of now,online
i want you to roll dice,local
ok explain the renaissance key artists in a short paragraph thanks,local
"For class tomorrow, practice problem using taylor series expansion?",local
can you tell me something i don't know about banks,local
can you share something interesting about world war one,local
"for my homework, how to solve problems using linear regression math for my notes",local
can i use mayonnaise instead of miracle whip,local
key figures involved in the cold war origins before my exam,local
"tell me about traffic conditions in ocean city, nj on sunday mornings around 10 am in the summer",online
ok law of cosines formula and when to use it,local
from whence do you hail,local
"for class tomorrow, important dates related to the russian revolution 1917",local
can i use apple juice instead of grape juice,local
the french revolution timeline — what actually happened thanks,local
go ahead and switch to the female voice,local
i need to know the difference between inches and centimeters,local
what's a fun fact about elephants,local
background on the decolonization of africa for my essay,local
main causes and effects of the ottoman empire decline?,local
why did the treaty of versailles terms happen before my exam,local
"please stop calling me dave, my name's bob",local
"real talk, current congestion level on the toll plaza?",online
Derive set theory basics step by step,local
can i call you lucy from now on,local
"fyi need to know, is the toll plaza closed due to the accident at the moment",online
how to implement depth first search on a graph,local
Explain the american civil war causes in a short paragraph,local
"for class tomorrow, asynchronous programming — key points to remember with an example",local
what is 15% of 3143,local
can you tell me the nearest restaurant to me and give me directions,online
"hey, how to solve problems using correlation vs causation before my exam",local
"genuinely curious, explain backtracking algorithms with a simple example thanks",local
do you have a way you like to be referred to,local
would you call me mary,local
how are you,local
ok so cardano price action this week so far no cap,online
can you tell me the amount of gas i have remaining,online
current congestion level on the airport terminal before my meeting,online
what's going on with the vaccine rollout progress at the moment — need it fast,online
urgent - how humid is it in sydney right now tonight,online
Quick q - the fall of the roman empire summary for history class,local
"just heard about the cyclone warning, what's the latest",online
"fyi need to know, the asia cup final result just now just curious",online
Is the subway line open or blocked at the moment currently,online
i want to know how the mcdonalds reviews are,online
confirm,local
are you a computer or a real person,local
current status of the vaccine rollout in my state,online
you can just speak to me as jim,local
will i need a visa to visit ireland,online
"just checking, current valuation on gold rate rn",online
what's the traffic typically like at 3:30 on the route to phoenix,online
"Fyi need to know, the airport terminal conditions right now because of the storm",online
true is my response,local
So any delays on the highway today this morning,online
explain ACID properties with a simple example,local
urgent - how is nvidia stock trending today,online
would you say that you are human or copmuter,local
the cyclone warning developments as of today in the last hour,online
Quick check on nasdaq before i trade,online
"yo, hows it going",local
so any updates on the border tensions happening today before i head out,online
Did nasdaq go up or down this morning,online
final score of the ashes series,online
the flyover near the city center conditions right now because of the storm currently,online
stack vs heap memory — key points to remember,local
you can call me al,local
i don't think so,local
change the ai name,local
why does my for loop skip every other element when i remove items,local
how would you implement observer pattern from scratch thanks,local
difference between subqueries in sql and virtual functions in c++,local
ngl how is silver rate trending today for the group chat,online
spell out potato,local
is the airport terminal flooded from the downpour right now in the last hour,online
traffic status on the interstate this morning just curious,online
"just checking, latest on the central bank's rate decision in real time",online
ok polymorphism example in python please pls,local
"Need this for an interview, timeline of the cold war origins?",local
is the subway line closed due to the accident,online
Background on the discovery of penicillin for my essay,local
quick one - will it rain in tokyo in the next few hours for the group chat,online
Static vs dynamic typing vs test driven development which is better and when,local
are there any good hotels in salem,online
The grand slam tennis match score update please,online
"for class tomorrow, background on ancient egyptian pyramid construction for my essay for my notes",local
"hey, is the cyclone warning still ongoing tonight",online
ok so is the metro line closed due to the accident,online
how much is 50 plus 756,local
Urgent - is the ipl match still playing right now before i head out,online
ok so the premier league match result just now at the moment,online
Explain mutex vs semaphore with a simple example,local
so current valuation on ethereum currently,online
ok derive the pythagorean theorem step by step,local
let's get a timer set for 5 minutes,local
my name is brad,local
is it possible to rent a car from new york on 3/2/19 to 3/5/19,online
"Genuinely curious, how to solve problems using vector cross product with an example",local
The partition of india summary for history class thanks,local
So the moon landing mission details — what actually happened,local
make the volume 4,local
ngl usd to inr live chart movement in the last hour,online
Real time quote for silver rate,online
can you direct me where to find where i am,online
the ring road conditions right now because of the storm pls,online
so how to solve problems using permutations and combinations — struggling with this,local
So will it rain in sydney in the next few hours,online
Multithreading in java for dummies for revision,local
quick q - how does monads in haskell actually work under the hood for revision,local
tell me that status of flight dl123,online
can i use strawberries instead of pineapples for this,local
ok central limit theorem formula and when to use it briefly,local
exit out of whisper mode,local
Markov chains for my calculus homework,local
who won the world cup qualifier last night as of now,online
"around 5 pm, how busy is kaya",online
can you tell me about the traffic typically at noon on the route the hospital,online
compare multithreading in java and load balancing in one paragraph,local
could you say that again,local
lower your voice box,local
that statement was correct,local
roll die,local
"Genuinely curious, i keep forgetting asynchronous programming, break it down for me",local
Urgent - any delays on the interstate today in the last hour,online
is there a starbucks close to home,online
Solid overview of pointers vs references for revision briefly,local
so the wildfire in the hills developments as of today — need it fast,online
how is it going,local
infosys shares rate as of this minute currently,online
how long do i need to make lasagne,local
what's going on with the storm system offshore at the moment,online
"need this for an interview, big O notation, explain like i'm a beginner coder",local
read me some fun facts,local
"i'd like a placed booked in san diego from may 1st, 2020 to june 2nd, 2020",online
what is thank you in spanish,local
quick one - is the cabinet reshuffle still ongoing for the group chat,online
what ingredients are in mashed potatoes,local
ok integration by parts formula and when to use it before my exam,local
nay,local
So any delays on the interstate today right now,online
what name should i use when i call you,local
is a bar close to my church,online
define flange,local
is there a name that you preferred to be called by,local
Ok so tesla stock market cap right now while i'm stuck in traffic,online
"just checking, breaking news on the protest downtown?",online
is the premier league match still playing right now while i'm stuck in traffic,online
compare event loop in node and message queues in one paragraph,local
"just checking, just heard about the border tensions, what's the latest before my meeting",online
ok so the supreme court verdict status update please — need it fast,online
i need to know the conversion between tablespoons and teaspoons,local
can i use sour cream instead of milk,local
"nice, excellent!",local
usd to inr market cap right now,online
change to whisper mode,local
gold rate price right now,online
roll the dice!,local
is it safe to travel to russia,online
what is 250 times 118 times 9,local
get me an uber to the napa winery,online
what do you think you will refer to me as,local
"Hey, is it safe to drive in los angeles with this storm at the moment",online
is the toll plaza open or blocked at the moment as of now,online
how does message queues actually work under the hood for my notes,local
"Genuinely curious, practice problem using logarithm rules",local
when will my panam flight be arriving,online
i wanna switch to the male voice,local
partial derivatives formula and when to use it,local
speak slower please,local
can you tell me what is 18 percent of $2500,local
what is our purpose here on earth,local
what kinds of fun touristy things are there to do in boston,online
so bitcoin market cap right now no cap,online
what sort of things do you enjoy,local
Quick one - any updates on the protest downtown happening today rn,online
usd to inr rate as of this minute,online
about how long should you cook lasagna,local
derive logarithm rules step by step,local
"For my homework, how to solve problems using bayes theorem",local
what are the ratings for chipotle,online
"real talk, the ipl match score update please no cap",online
"for class tomorrow, why did the signing of the magna carta happen thanks",local
will it rain in tokyo in the next few hours in the last hour,online
So difference between static vs dynamic typing and primary key vs unique key with an example,local
"hey, apple stock today's high and low before my meeting",online
ok so gold rate today's high and low this evening,online
no!,local
walk through taylor series expansion with numbers,local
i want to know some trivia about our solar system,local
so why is unit testing vs integration testing used instead of quick sort for my notes,local
why hello,local
so final score of the wimbledon final right now,online
could you please get out of whisper mode,local
Important dates related to the theory of evolution basics,local
Quick one - tcs stock rate as of this minute this morning,online
good looking out,local
definition of anachronism,local
"genuinely curious, important dates related to the mughal empire timeline pls",local
can you get me any recommendations for the place i'm traveling to,online
please do a dice roll,local
what's the best place to just get away from it all,online
"real talk, nifty 50 market cap right now?",online
ngl real time quote for ripple xrp asap,online
"just checking, is the ipl match still playing right now in the last hour",online
what was the location of your birth,local
dynamic programming cheat sheet — struggling with this,local
ngl tesla stock price right now just curious,online
Is solana pumping or dumping today today,online
textbook definition of microservices architecture,local
what company created you,local
the renaissance key artists — what actually happened thanks,local
"For my homework, walk me through linked list step by step — struggling with this",local
quick q - why did the american civil war causes happen before my exam,local
"just checking, traffic status on the expressway this morning",online
final score of the grand slam tennis match before my meeting,online
Ok set theory basics for my calculus homework,local
how many euros can i exchange for 200 yen,online
and what would your name be,local
So summarize backtracking algorithms in a few bullet points,local
"hey, is dogecoin pumping or dumping today this morning",online
i need the language set to swahili,local
background on the renaissance key artists for my essay pls,local
ok so any delays on the ring road today tonight,online
how would you implement primary key vs unique key from scratch,local
"hey, explain ancient egyptian pyramid construction in a short paragraph",local
i need to thank you,local
how is everything going,local
subtract 100 from 12,local
Difference between abstract class vs interface and big O notation,local
can you roll a 4 sided dice,local
what do you refer to me as,local
can you convert 2 inches into meters,local
i need to get a flight out of lax to dia on the 16th for under four hundred,online
B-tree indexing for dummies,local
what is gumbo made of,local
"nice talking again, bye",local
ok important dates related to the silk road trade routes in simple terms,local
are there any sushi restaurants in reno that have good reviews,online
ngl who's leading in the asia cup final currently before i head out,online
is there a heat advisory in chicago today before my meeting,online
is infosys shares pumping or dumping today,online
please tell me a joke about dinosaurs,local
what are you able to answer,local
"For class tomorrow, notes on REST vs GraphQL for my assignment briefly",local
"switch the language for your responses, please",local
who's leading in the asia cup final currently,online
please list ingredients for broccoli cheddar soup,local
"hey, solana rate as of this minute no cap",online
alternatives to white wine in food,local
are you a real person or software,local
do you have another job,local
what's going on with the central bank's rate decision at the moment,online
roll this dice,local
toss a coin i will take tails,local
ingredients needed to make a mexican lasagna,local
when should i pick hash map over memoization,local
Did infosys shares go up or down this morning as of now,online
So explain the moon landing mission details in a short paragraph briefly,local
Tcs stock price action this week so far,online
what are the atmospheric conditions in sparks,online
ngl sensex rate as of this minute at the moment,online
i want you to call me lord,local
i want to hear a joke that’s funny,local
ethereum price right now today,online
"i keep forgetting version control branching, break it down for me?",local
the la liga clasico highlights from tonight before i head out,online
am i speaking with someone real,local
current congestion level on the metro line pls,online
the ipl match highlights from tonight this evening,online
Is the harbor bridge flooded from the downpour right now this evening,online
Chain rule in calculus — proof and intuition for my notes,local
"need this for an interview, main causes and effects of the moon landing mission details?",local
is the harbor bridge closed due to the accident asap,online
i gotta set a timer,local
"hey, just heard about the covid case numbers, what's the latest for real",online
what's going on with the protest downtown at the moment,online
"real talk, traffic status on the toll plaza this morning this evening",online
Quick check on dow jones before i trade,online
solid overview of bit manipulation tricks for revision thanks,local
ok so the euro cup semifinal score update please,online
is the toll plaza flooded from the downpour right now in the last hour,online
tell the bank i will be traveling internationally soon,online
what are the big tourist sites in sweden,online
ok so who's leading in the la liga clasico currently just curious,online
important dates related to the cold war origins,local
Real world use case for microservices architecture,local
i need to know five dollars in yen and rubles,online
Ok walk through fourier transform with numbers for revision,local
"need this for an interview, timeline of the industrial revolution key inventions briefly",local
ok so the nba game score update please this evening,online
urgent - is the highway closed due to the accident?,online
so is the airport terminal closed due to the accident — need it fast,online
"hey, the wimbledon final result just now",online
i wish to know your hobbies,local
the cyclone warning developments as of today,online
how long will the wait time be at the cheese cake factory,online
what things can you help me with exactly,local
"for my homework, i keep forgetting polymorphism, break it down for me in simple terms",local
infosys shares market cap right now,online
kubernetes pods tutorial with code,local
what time will i be allowed to board,online
let's get a timer going for 10 minutes,local
please raise the volume to 4,local
i want to switch out of whisper mode,local
how bad is the heatwave alert right now,online
Urgent - is the harbor bridge open or blocked at the moment?,online
when will my credit card app be approved,online
"I don't get event loop in node, someone explain before my exam",local
so give me a quick rundown of the silk road trade routes pls,local
quick q - timeline of the unification of germany briefly,local
derive markov chains step by step,local
i want a bmw suv for march 2 to 6th in dallas,online
"for my homework, give me a quick rundown of when the berlin wall fell pls",local
quick check on nasdaq before i trade at the moment,online
can you tell me when my flight is going to board,online
"for class tomorrow, big O notation tutorial with code",local
ngl real time quote for bitcoin asap,online
how do you spell out newspaper,local
give me a quick rundown of the industrial revolution key inventions,local
How to solve problems using laplace transform,local
Is the covid case numbers affecting traffic right now,online
i need to know if i could substitute apple sauce with eggs,local
what is the amount of gas in my car,online
please give me my gps coordinates,online
how many centimeters are one inch,local
what is 8 factorial,local
Urgent - real time quote for nasdaq no cap,online
would you repeat what you just said,local
"just checking, real time quote for tesla stock asap",online
"for class tomorrow, explain the signing of the magna carta in a short paragraph for revision",local
Memoization interview question breakdown?,local
what sort of hobbies are you into,local
how do they say no in germany,local
can you help me locate lost luggage,online
quick one - did usd to inr go up or down this morning tonight,online
how long should i cook the pasta for,local
"hey, the causes of world war 1 — what actually happened briefly",local
"Real talk, any updates on the central bank's rate decision happening today before my meeting",online
final score of the t20 world cup game — need it fast,online
breaking news on the flood situation downtown,online
make up a timer for me,local
urgent - how humid is it in seoul right now before my meeting,online
i am going to switch to greek,local
"for class tomorrow, taylor series expansion explained with an example problem pls",local
"Genuinely curious, heap data structure vs garbage collection which is better and when briefly",local
so CAP theorem for dummies,local
"real talk, live score for the wimbledon final for real",online
tell me a random fact,local
latest on the heatwave alert in real time,online
find me a flight out of la to chicago on march 3rd for under $500,online
i need an uber pool from home in the morning at seven to the capitol building,online
i've told my financial institution that i'm in africa from august 6 to december 5,online
ok textbook definition of message queues with an example,local
"hey, is the flight delayed out of bangalore due to fog as of now",online
"genuinely curious, microservices architecture — key points to remember",local
Should i carry an umbrella in hyderabad today,online
"i missed that last one, please repeat",local
"hey, the india vs australia test result just now just curious",online
"just checking, is the harbor bridge flooded from the downpour right now",online
have they looked over my app for the new credit card yet,online
urgent - did nasdaq go up or down this morning today,online
"when you talk to me, use bob",local
So final score of the champions league final asap,online
what kinds of things can you do,local
is it safe to travel to bermuda,online
quick one - is apple stock pumping or dumping today pls,online
my regex isn't matching multiline strings the way i expect,local
the renaissance key artists — what actually happened,local
quick one - any delays on the toll plaza today?,online
Is the flight delayed out of sydney due to fog — need it fast,online
key figures involved in the printing press invention impact,local
quick one - who's leading in the euro cup semifinal currently this evening,online
ngl quick check on nasdaq before i trade for the group chat,online
"hey, how to solve problems using limits and continuity",local
Ok practice problem using fourier transform,local
am i talking to a person or a bot,local
list me some good vietnamese restaurants in new york city,online
what is the amount of dollars i get if i trade in 6 yens,online
quick one - the ring road conditions right now because of the storm this evening,online
how does mutex vs semaphore actually work under the hood,local
main causes and effects of the decolonization of africa,local
what do you purchase to put in a shepherd's pie,local
spell the word restaurant for me,local
urgent - breaking news on the airline strike today,online
do people call you by a certain name what is it,local
what are the weather conditions in seattle,online
please change your accent to the male british one,local
breaking news on the wildfire in the hills,online
Urgent - is the nba game still playing right now no cap,online
the s&p 500 rate as of this minute as of now,online
any delays on the harbor bridge today before my meeting,online
Ok real world use case for mock objects in testing in simple terms,local
So is there a heat advisory in singapore today,online
repeat what you just told me,local
ok so sensex rate as of this minute currently,online
tell my bank i will be travelling to the caribbean,online
background on the treaty of versailles terms for my essay — struggling with this,local
please tell my bank that i will be traveling abroad,online
volume needs to be at 4,local
how do you spell water,local
the theory of evolution basics — what actually happened with an example,local
Crude oil price price action this week so far,online
real world use case for hash map,local
does ireland have any travel alerts i should be aware of,online
"for class tomorrow, the causes of world war 1 — what actually happened pls",local
tell me where is the closest coffee shop,online
who's leading in the ashes series currently as of now,online
tesla stock today's high and low,online
are car rentals available out of new york from march 2 to march 3,online
slow down your talking too fast i don't understand you,local
"For my homework, gradient descent math explained with an example problem — struggling with this",local
So is bitcoin pumping or dumping today pls,online
i'm inquiring about the availability of a room that fits 10 people from monday to tuesday in manhattan,online
Quick one - is the ring road flooded from the downpour right now before my meeting,online
could you make a flight reservation with air emirates from orlando to london,online
Derivative of a function — proof and intuition,local
thanks for that!,local
Ok so current valuation on solana just curious,online
"for my homework, derive chain rule in calculus step by step briefly",local
can i start talking to you in spanish,local
final score of the india vs australia test,online
is it acceptable to swap marinara for alfredo,local
i want to know who made you,local
can i use almond milk instead of rice milk,local
show me a well reviewed hotel in evans,online
how would you implement compiler vs interpreter from scratch,local
the printing press invention impact — what actually happened for revision,local
"hey, dijkstra's algorithm tutorial with code",local
are you an actual person,local
version control branching — key points to remember,local
i want to know a fun fact about pluto,local
Closures in javascript tutorial with code,local
ok so current valuation on eur to usd at the moment,online
"you are talking far too fast for me, can you slow it down a bit",local
how long have you been alive,local
"i keep forgetting normalization in databases, break it down for me",local
derive law of sines step by step,local
ai i didn't hear you,local
Current valuation on reliance shares,online
urgent - is the ring road flooded from the downpour right now for real,online
i gotta know who is your boss,local
real time quote for ethereum,online
Solana price action this week so far,online
"need this for an interview, difference between subqueries in sql and event loop in node?",local
look up hotels with positive reviews in new york city,online
can you remember who compiled you,local
"real talk, will it rain in london in the next few hours currently",online
do you have the ability to do a male british accent,local
i wanna change to the female voice,local
"For my homework, how to solve problems using law of sines",local
what do you call a subway if you were english,local
bitcoin rate as of this minute,online
"hey, practice problem using gradient descent math thanks",local
"how are you doing, ai",local
that's totally wrong!,local
ci cd pipeline basics cheat sheet,local
any delays on the highway today,online
you can call me jeff,local
current air quality index in london,online
"for class tomorrow, walk through central limit theorem with numbers thanks",local
"real talk, the champions league final score update please just curious",online
Quick refresher on promises vs callbacks before my exam,local
are there any openings in new york city from april 2 through april 8,online
nada,local
quick q - walk through markov chains with numbers with an example,local
"for class tomorrow, timeline of the renaissance key artists with an example",local
"genuinely curious, important dates related to the treaty of versailles terms before my exam",local
"Hey, how bad is the ceasefire negotiations right now tonight",online
ngl is the euro cup semifinal still playing right now,online
is the airport terminal closed due to the accident no cap,online
difference between kubernetes pods and garbage collection,local
Why is window functions in sql used instead of dijkstra's algorithm,local
solid overview of observer pattern for revision,local
window functions in sql cheat sheet,local
roll the dice for me,local
nvidia stock price action this week so far pls,online
who pay your salary,local
that is false,local
what's 11 yen in pounds,online
"hey, main causes and effects of the age of exploration key figures for revision",local
quick one - who won the t20 world cup game last night asap,online
go ahead and reset your factory settings,local
notes on virtual memory for my assignment,local
"for class tomorrow, denormalization example in python please for revision",local
i need to find a rental car since i'm travelling to new york tomorrow,online
Current air quality index in paris,online
i'm looking for a roundtrip flight from koa to mgj for june to july,online
where are you originally from,local
notes on pointers vs references for my assignment,local
are you working for someone other than me,local
"for class tomorrow, timeline of the causes of world war 1 with an example",local
logarithm rules explained with an example problem,local
usd to yen is what right now,online
quick one - tcs stock price right now,online
replay what you just said,local
you are so thoughtful and i appreciate your gesture,local
Compare database indexing and trie data structure in one paragraph,local
"in portland, what things are there to do",online
eur to usd today's high and low,online
are there any flights out of la to chicago on march 3rd for under $500,online
please get me a flight booked from miami to dallas on american airlines,online
repeat that please,local
ok so the covid case numbers — anything new in the last hour for real,online
Quick one - is the toll plaza open or blocked at the moment this evening,online
what time can i expect to be seated at this restaurant,online
can you give me a good piece of trivia about the rainforest,local
"Need this for an interview, how to solve problems using matrix multiplication rules thanks",local
ok timeline of the russian revolution 1917,local
The pythagorean theorem for my calculus homework,local
"just checking, how bad is the protest downtown right now",online
"genuinely curious, practice problem using set theory basics",local
buy a flight from phoenix to el paso on august 30 that returns on labor day,online
connection pooling example in python please,local
live score for the ashes series this evening,online
dogecoin rate as of this minute rn,online
urgent - is the covid case numbers still ongoing this evening,online
The champions league final score update please,online
the airline strike developments as of today,online
so summarize merge sort in a few bullet points,local
"Hey, set theory basics formula and when to use it pls",local
practice problem using central limit theorem,local
So why did the theory of evolution basics happen briefly,local
ngl final score of the premier league match,online
can i have my current gps coordinates,online
"Just heard about the cabinet reshuffle, what's the latest",online
what's your designation,local
ngl the euro cup semifinal highlights from tonight this morning,online
can i get an uber for 2 home,online
yes that's it,local
repeat what you just said,local
"Fyi need to know, nifty 50 price action this week so far",online
so quick check on the s&p 500 before i trade just curious,online
"i am glad we got to talk again, see you soon",local
Ok derive partial derivatives step by step,local
how is dogecoin trending today no cap,online
ok so is the subway line closed due to the accident while i'm stuck in traffic,online
when should i pick normalization forms over operator overloading in c++,local
The partition of india — what actually happened,local
background on the renaissance key artists for my essay,local
quick check on reliance shares before i trade,online
bye for now,local
"hey, ACID properties vs caching strategies which is better and when",local
Infosys shares today's high and low,online
"real talk, the highway conditions right now because of the storm asap",online
so are you a bot,local
"for class tomorrow, practice problem using laplace transform",local
did ethereum go up or down this morning,online
what ingredients are necessary for a steak,local
if i got to indonesia is it safe,online
Give me a quick rundown of the discovery of penicillin,local
"for my homework, pros and cons of binary search tree — struggling with this",local
i want to book a hotel room for 10 people from monday to tuesday in manhattan,online
final score of the ipl match,online
quick one - latest on the election results in real time right now,online
translate hello in french,local
explain asynchronous programming with a simple example,local
"hey, is the protest downtown still ongoing rn",online
do you have any jokes,local
the merge sort function drops the last element sometimes,local
event loop in node example in python please,local
what is your native home,local
how good are the ratings for per se,online
the subway line conditions right now because of the storm,online
"go back to whisper mode, please",local
"hey, dow jones rate as of this minute this morning",online
derive the pythagorean theorem step by step,local
tell me who programmed you,local
"hey, key figures involved in the mughal empire timeline with an example",local
quick one - how bad is the cyclone warning right now right now,online
Is the main train route open or blocked at the moment,online
Multiple inheritance in python tutorial with code,local
tell me a joke about cats,local
compare caching strategies and ACID properties in one paragraph,local
why did the great depression causes happen,local
give me the 7 day forecast,online
"just checking, real time quote for infosys shares",online
Will it rain in pune in the next few hours,online
visa's are hard to get do i need one when i travel to israel,online
my luggage is missing i was on american airlines flight ab123 out of dallas,online
what are you familiar with,local
so walk through markov chains with numbers,local
"linked list, explain like i'm a beginner coder",local
how would you implement virtual functions in c++ from scratch for my notes,local
what are my gps coordinates right now,online
ngl how bad is the central bank's rate decision right now at the moment,online
what kind of stuff is in potato salad,local
Who won the india vs australia test last night,online
"i keep forgetting event loop in node, break it down for me",local
"genuinely curious, give me a quick rundown of the moon landing mission details",local
so pros and cons of message queues pls,local
the s&p 500 price right now,online
the trade deal talks status update please,online
race conditions — key points to remember,local
"real talk, will it rain in kolkata in the next few hours",online
repeat your last message,local
Is the flight delayed out of new york due to fog,online
sayonara,local
how can i rent a car in boston,online
quick q - ACID properties example in python please briefly,local
"if you were smart, would you know my name",local
tell me a joke about dogs,local
Timeline of the mughal empire timeline?,local
Final score of the euro cup semifinal,online
ngl usd to inr today's high and low no cap,online
ok so infosys shares market cap right now,online
how does recursion actually work under the hood thanks,local
quick one - live score for the champions league final today,online
should i be worried about any travel alerts for that country,online
what is the date of your birth,local
what's going on with the power outage in the city at the moment,online
do you know of any good seafood restaurants in seattle,online
Limits and continuity formula and when to use it,local
can you translate where's the bar into irish for me,local
your name will be queen,local
how humid is it in chennai right now,online
so main causes and effects of the mughal empire timeline thanks,local
"fyi need to know, is the cyclone warning still ongoing — need it fast",online
crude oil price market cap right now asap,online
"need this for an interview, main causes and effects of the wright brothers first flight in simple terms",local
for how long does this need to cook,local
please identify the name of the creator of this ai,local
so why is normalization forms used instead of pointers vs references,local
i'm grateful,local
ngl is the tech layoffs news affecting traffic right now for the group chat,online
"need this for an interview, real world use case for tail recursion?",local
can i call you betty,local
is the cyclone warning still ongoing,online
Should i carry an umbrella in berlin today,online
is tesla stock pumping or dumping today,online
ok logarithm rules for my calculus homework?,local
i wanna know your hobbies,local
what's the chance of rain on friday,online
ok give me a quick rundown of the ottoman empire decline,local
"hey, key figures involved in the wright brothers first flight thanks",local
"for class tomorrow, foreign key constraints for dummies before my exam",local
"Hey, who won the la liga clasico last night",online
how does garbage collection work in the jvm,local
is the s&p 500 pumping or dumping today,online
can you guess my name,local
"just checking, infosys shares market cap right now before i head out",online
is the india vs australia test still playing right now this morning,online
Difference between eventual consistency and REST vs GraphQL,local
ok so breaking news on the vaccine rollout progress for real,online
so current congestion level on the ring road no cap,online
"for my homework, how to solve problems using gradient descent math thanks",local
what's 10 inches in centimeters and millimeters,local
quick one - is the metro line closed due to the accident while i'm stuck in traffic,online
ai i need to go to charlies with eight adults can you get uber,online
urgent - is the premier league match still playing right now,online
i need a 10 sided die rolled,local
urgent - is the main train route closed due to the accident just curious,online
"Just checking, is eur to usd pumping or dumping today before i head out",online
what do you need to make dandelion wine properly,local
Breaking news on the protest downtown,online
what name should i call you,local
thanks for the answer,local
main causes and effects of the unification of germany,local
"Map reduce filter functions, explain like i'm a beginner coder",local
please roll a 6 sided dice,local
i'll talk to you later ai,local
Ok so the power outage in the city — anything new in the last hour before i head out,online
"hey, did the vaccine rollout progress get resolved yet?",online
"Fyi need to know, is the f1 race still playing right now right now",online
Quick one - real time quote for nvidia stock while i'm stuck in traffic,online
textbook definition of ci cd pipeline basics,local
is it safe to travel to norway,online
do they take reservations at applebees,online
Ngl traffic status on the metro line this morning pls,online
"Hey, is the ring road open or blocked at the moment pls",online
can i use colby jack cheese instead of cheddar in a recipe,local
quick one - the vaccine rollout progress developments as of today — need it fast,online
can you suggest a restaurant for me to eat tonight,online
how's traffic en route to virginia,online
can i use flour instead of cornstarch to make gravy,local
Current air quality index in los angeles,online
i missed that say it again,local
Probability distributions for my calculus homework,local
logarithm rules explained with an example problem for my notes,local
increase your voice box,local
"just heard about the trade deal talks, what's the latest at the moment",online
is nasdaq pumping or dumping today,online
quick q - how to solve problems using chain rule in calculus,local
Current congestion level on the toll plaza — need it fast,online
"for my homework, derivative of a function — proof and intuition?",local
go into whisper mode now,local
"Genuinely curious, docker containers for dummies thanks",local
i want a coin flip,local
The grand slam tennis match highlights from tonight,online
Any delays on the metro line today,online
go ahead and roll the dice,local
Real time quote for cardano,online
"real talk, tcs stock price right now before my meeting",online
what is 2 + 2,local
the la liga clasico highlights from tonight this evening,online
i need an algorithm to give me the result of rolling one twelve sided die,local
what is the maximum dollars i can get for 6 yens,online
would you please get your accent changed to the male british one,local
how does trie data structure actually work under the hood,local
Ngl is the airport terminal open or blocked at the moment just curious,online
"need this for an interview, explain abstract class vs interface with a simple example before my exam",local
"just checking, the s&p 500 price right now before i head out",online
do you know any fun facts about australian football,local
Real time quote for cardano while i'm stuck in traffic,online
tell me your brand,local
static vs dynamic typing vs two pointer technique which is better and when,local
"genuinely curious, notes on mock objects in testing for my assignment?",local
"for my homework, give me a quick rundown of the wright brothers first flight thanks",local
"for my homework, the silk road trade routes summary for history class with an example",local
"real talk, final score of the asia cup final before my meeting",online
how old are you today,local
"Genuinely curious, derive the pythagorean theorem step by step pls",local
get an uber to pick me up at work and take me home,online
how would you implement pointers vs references from scratch in simple terms,local
"fyi need to know, is the highway closed due to the accident in the last hour",online
is the harbor bridge open or blocked at the moment while i'm stuck in traffic,online
ngl live score for the ipl match?,online
derive integration by parts step by step,local
central limit theorem explained with an example problem with an example,local
tell me something funny about pizza,local
silver rate price right now for real,online
so who won the f1 race last night this morning,online
quick one - real time quote for dow jones just curious,online
urgent - is the subway line flooded from the downpour right now pls,online
"genuinely curious, probability distributions — proof and intuition",local
"hey, who's leading in the wimbledon final currently",online
quick q - vector cross product explained with an example problem briefly,local
When should i pick polymorphism over test driven development,local
"real talk, the ipl match score update please for the group chat",online
what's going on with the wildfire in the hills at the moment just curious,online
"hey, how is bitcoin trending today",online
"need this for an interview, important dates related to the causes of world war 1?",local
who won the premier league match last night,online
"hey, the renaissance key artists — what actually happened?",local
so dogecoin market cap right now asap,online
is there any indication my application for a new credit card has been processed,online
let me know if i need an international visa to go to sudan,online
is the toll plaza open or blocked at the moment,online
have i received any messages about my credit card application,online
what ingredients are needed for shrimp cocktail,local
are you a real person or artificial intelligence,local
"real talk, the t20 world cup game score update please right now",online
important dates related to the unification of germany,local
quick q - derive law of sines step by step briefly,local
joins in sql example in python please,local
i need to know what kind of things you can help with,local
"i keep forgetting race conditions, break it down for me",local
slow your roll,local
ngl current valuation on tesla stock for the group chat,online
i am going to germany soon do i need a visa,online
i will be speaking chinese going forward,local
"about something,tell me some trivia",local
tell me the complete spelling of definitely,local
chain rule in calculus for my calculus homework?,local
update me on the status of my credit card application,online
"Need this for an interview, practice problem using matrix multiplication rules with an example",local
ok solid overview of process vs thread for revision — struggling with this,local
"Hey, quick check on the s&p 500 before i trade just curious",online
go ahead and flip a coin,local
turn down your volume,local
"just checking, current congestion level on the flyover near the city center tonight",online
ngl did the earthquake near the coast get resolved yet at the moment,online
"i don't get binary search tree, someone explain",local
Urgent - any updates on the heatwave alert happening today at the moment,online
"fyi need to know, how bad is the wildfire in the hills right now rn",online
key figures involved in the ottoman empire decline briefly,local
explain time complexity of nested loops,local
"i keep forgetting connection pooling, break it down for me",local
"for class tomorrow, i don't get subqueries in sql, someone explain briefly",local
roll dice,local
Timeline of the theory of evolution basics,local
live score for the f1 race?,online
toss a die would you,local
translate english to french hello,local
why is compiler vs interpreter used instead of recursion,local
"hey, practice problem using bayes theorem briefly",local
is my gas tank at least half full,online
make all settings the initial defaults if you would,local
Important dates related to the mughal empire timeline,local
do i need a visa to russia,online
timeline of the fall of the roman empire,local
summarize TCP vs UDP in a few bullet points,local
"For my homework, operator overloading in c++ for dummies pls",local
do i need a tourist visa for europe,online
tcs stock live chart movement for real,online
"Hey, nifty 50 today's high and low for real",online
is there anything neat to do in boston,online
main causes and effects of the ottoman empire decline,local
"hey, timeline of ancient egyptian pyramid construction before my exam",local
"For my homework, the discovery of penicillin — what actually happened — struggling with this",local
ok so current valuation on ripple xrp no cap,online
promises vs callbacks tutorial with code,local
Any delays on the ring road today for real,online
ok so usd to inr today's high and low tonight,online
slow the speech down,local
what is the name you have listed for my identity,local
ok partial derivatives for my calculus homework briefly,local
"need this for an interview, multiple inheritance in python — key points to remember thanks",local
merge sort example in python please,local
how busy is shokudo at 12,online
"hey, when should i pick heap data structure over inheritance vs composition thanks",local
Background on the moon landing mission details for my essay,local
it was nice to converse with you,local
"hey, gradient descent math explained with an example problem",local
i have to go ai goodbye,local
explain virtual memory with a simple example for revision,local
what does the forecast look like,online
how busy will panera be at noon,online
ok so is the protest downtown affecting traffic right now — need it fast,online
main causes and effects of the fall of the roman empire,local
repeat that fun fact about mt everest,local
quick q - how to solve problems using linear regression math for my notes,local
"For my homework, taylor series expansion — proof and intuition for revision",local
flip a coin; i say tails,local
usd to inr rate as of this minute at the moment,online
summarize backtracking algorithms in a few bullet points with an example,local
can you switch to the female voice,local
Infosys shares rate as of this minute for real,online
"just checking, how is bitcoin trending today no cap",online
i need you to call me mary,local
what types of things do you like to do in your spare time,local
"real talk, final score of the grand slam tennis match no cap",online
big O notation interview question breakdown,local
go back to the original settings now,local
what company do you toil for,local
"where is the closest chevron gas station in columbus, ohio",online
quick one - the f1 race result just now for real,online
i think that's true,local
The subway line conditions right now because of the storm no cap,online
give me a quick rundown of the mughal empire timeline for revision,local
Current congestion level on the main train route this morning,online
i need to get a flight out of denver to houston on friday for under $250,online
The world cup qualifier score update please this evening,online
so the t20 world cup game score update please while i'm stuck in traffic,online
who would you say you are employed by,local
bayes theorem explained with an example problem in simple terms,local
what hobbies do you do,local
background on the periodic table history for my essay,local
"For my homework, summarize generics in java in a few bullet points",local
what can i ask you all about,local
how shall i find my current location,online
how would you implement operator overloading in c++ from scratch in simple terms,local
"Real talk, is gold rate pumping or dumping today before i head out",online
who is responsible for making you,local
Derivative of a function formula and when to use it,local
eigenvalues and eigenvectors for my calculus homework — struggling with this,local
please don't speak so fast,local
So walk through markov chains with numbers pls,local
will you please assist me with renting a car in boise,online
Solid overview of process vs thread for revision thanks,local
so timeline of the printing press invention impact thanks,local
how does memoization actually work under the hood,local
so practice problem using hypothesis testing?,local
Quick q - law of sines — proof and intuition,local
i'm traveling to belgium soon and want to inform my bank,online
how many weeks are in 3 months,local
are you a human,local
quick q - why did the moon landing mission details happen for revision,local
what time does my flight get in,online
"For my homework, main causes and effects of the fall of the roman empire for revision",local
Nasdaq price right now,online
The nba game result just now,online
quick q - central limit theorem explained with an example problem,local
"for class tomorrow, key figures involved in the discovery of penicillin",local
what is three quarters of one sixth,local
Hypothesis testing formula and when to use it,local
how's ife treating you,local
do i need a visa to travel to isreal,online
real world use case for bit manipulation tricks before my exam,local
"in boston, what are the best pizza places",online
i want to rent a car in boise from april 12-15,online
"for my homework, hypothesis testing — proof and intuition",local
how is my name listed,local
urgent - current congestion level on the flyover near the city center currently,online
Explain the discovery of penicillin in a short paragraph,local
what did ya save my name as,local
please run that by me again,local
your answer pleased me,local
urgent - real time quote for usd to inr while i'm stuck in traffic,online
i wanna know what the traffic is like on the way to phoenix,online
"fyi need to know, the parliament session today status update please for the group chat",online
so the grand slam tennis match score update please for real,online
gradient descent math formula and when to use it,local
set your language setting to english,local
Give me a quick rundown of the age of exploration key figures,local
live score for the premier league match for the group chat,online
"hey, the unification of germany summary for history class",local
who would you say that you are employed by,local
quick one - tesla stock rate as of this minute right now,online
how do i handle the situation if i lost my luggage,online
what's going on with the airline strike at the moment,online
tell me if luigis in brick takes reservations,online
walk through bayes theorem with numbers,local
urgent - is the main train route flooded from the downpour right now,online
show me roundtrip flights from dallas to houston for march 7 and march 10,online
do you know who you came from,local
can you tell me your hobbies,local
let me know the exchange rate between dollars and rubles,online
"Fyi need to know, infosys shares live chart movement for real",online
eigenvalues and eigenvectors — proof and intuition briefly,local
So infosys shares today's high and low for the group chat,online
"genuinely curious, B-tree indexing tutorial with code in simple terms",local
"real talk, current valuation on dow jones for the group chat",online
when does boarding for my flight begin,online
how do you spell out wednesday,local
i need an uber for 5 people to go to wendys,online
who won the ufc fight card last night asap,online
difference between abstract class and interface standard definitions,local
does france have their own version of a visa,online
can you tell me where you were created,local
the storm system offshore — anything new in the last hour,online
"can you tell me the nearest wells fargo bank location to port authority, new york",online
Ngl is the premier league match still playing right now no cap,online
"for my homework, heap data structure vs test driven development which is better and when — struggling with this",local
Who's leading in the la liga clasico currently before i head out,online
background on the russian revolution 1917 for my essay,local
"hey, current congestion level on the flyover near the city center right now",online
difference between generics in java and virtual functions in c++,local
"fyi need to know, is the airline strike still ongoing this evening",online
"Need this for an interview, the mughal empire timeline summary for history class before my exam",local
Ok so is the flight delayed out of paris due to fog at the moment,online
lets hear an interesting fact about funko pops,local
is it possible for you to speak with a british gent's accent,local
i need to to the female voice,local
how many pints are in four cups,local
"fyi need to know, is nasdaq pumping or dumping today today",online
do a coin flip,local
"ok operator overloading in c++, explain like i'm a beginner coder",local
"just checking, the border tensions status update please for real",online
Explain eventual consistency with a simple example,local
very true,local
ngl the tech layoffs news developments as of today asap,online
"Ok so just heard about the border tensions, what's the latest just curious",online
"hey, the asia cup final score update please asap",online
"real talk, is the flight delayed out of pune due to fog currently",online
quick one - is the expressway open or blocked at the moment no cap,online
when should i pick sliding window technique over version control branching,local
nope,local
"Fyi need to know, bitcoin price action this week so far this evening",online
so how humid is it in singapore right now currently,online
can you set a timer for me for fifteen minutes starting now,local
i need a hotel in new orleans from may 2 - 5 near the french quarter,online
Traffic status on the toll plaza this morning currently,online
How bad is the earthquake near the coast right now,online
what is the weather like in denver,online
share with me a fun fact about outer space,local
current congestion level on the ring road tonight,online
"hey, explain the treaty of versailles terms in a short paragraph",local
urgent - is there a heat advisory in delhi today before my meeting,online
practice problem using central limit theorem in simple terms,local
"Map reduce filter functions, explain like i'm a beginner coder in simple terms",local
how to solve problems using linear regression math before my exam,local
is apple stock pumping or dumping today,online
"just checking, current congestion level on the airport terminal",online
i gotta know when my flight will land,online
how do i convert tablespoons to cups,local
Why is promises vs callbacks used instead of git rebase vs merge,local
Virtual memory for dummies,local
"for class tomorrow, practice problem using convex optimization basics thanks",local
Compare virtual memory and linked list in one paragraph,local
"Hey, walk through fourier transform with numbers thanks",local
Give me a quick rundown of the theory of evolution basics,local
"hey, is usd to inr pumping or dumping today before my meeting",online
"genuinely curious, why did the decolonization of africa happen — struggling with this",local
Bayes theorem formula and when to use it,local
Silver rate market cap right now,online
the parliament session today — anything new in the last hour asap,online
i need to know the point of life,local
the ottoman empire decline — what actually happened pls,local
what kinds of questions can you respond to,local
explain the unification of germany in a short paragraph,local
the heatwave alert developments as of today rn,online
i'd like you to address me as lord snugglebottom,local
so did eur to usd go up or down this morning?,online
so important dates related to the silk road trade routes?,local
pull up the ratings for macaroni grill,online
thanks for giving me assistance,local
i need you to reset your factory settings,local
i want you to switch to whisper mode,local
what am i called by you,local
i need to change the language to french,local
"For my homework, timeline of the causes of world war 1 for revision",local
when should i pick regular expressions over mock objects in testing — struggling with this,local
"for my homework, law of cosines formula and when to use it briefly",local
"Fyi need to know, cardano rate as of this minute for real",online
can you please repeat that response,local
what's going on with the election results at the moment at the moment,online
how good are the ratings for the french laundry,online
can i use baking soda instead of baking powder,local
the nba game score update please,online
"fyi need to know, any delays on the expressway today no cap",online
"fyi need to know, is the main train route closed due to the accident currently",online
"Just checking, reliance shares price action this week so far in the last hour",online
"genuinely curious, compare publish subscribe pattern and static vs dynamic typing in one paragraph pls",local
"fyi need to know, real time quote for nasdaq",online
Partial derivatives — proof and intuition,local
good bye my friend,local
"hey, the ufc fight card score update please as of now",online
Difference between sharding and deadlocks,local
is crushed garlic the same as powdered garlic for a spaghetti sauce,local
well hello,local
"fyi need to know, how humid is it in chicago right now in the last hour",online
real world use case for normalization forms pls,local
"fyi need to know, live score for the ufc fight card before i head out",online
chain rule in calculus — proof and intuition thanks,local
Apple stock live chart movement,online
i need a 7 minute timer,local
ok pros and cons of closures in javascript — struggling with this,local
ok so is the ipl match still playing right now just curious,online
urgent - tesla stock today's high and low this evening,online
by what nym do you think of me,local
tell me a fun fact about the olympics,local
how bad is the wildfire in the hills right now,online
difference between topological sort and git rebase vs merge,local
quick q - taylor series expansion for my calculus homework?,local
provide me with ideas of things we can do in charlotte,online
ngl any updates on the flood situation downtown happening today,online
change the name that you call me,local
practice problem using permutations and combinations,local
tell me the currency conversion rate from kurus to euros,online
Is it safe to drive in paris with this storm — need it fast,online
"quick one - just heard about the airline strike, what's the latest currently",online
who is it that programmed you,local
tell me something funny,local
practice problem using hypothesis testing before my exam,local
Urgent - who's leading in the euro cup semifinal currently,online
the decolonization of africa summary for history class,local
breaking news on the trade deal talks,online
does argentina have a travel alert,online
find me a good spot for southern comfort food in los angeles,online
The premier league match score update please in the last hour,online
Is the cyclone warning affecting traffic right now,online
change settings to how they were originally,local
Key figures involved in the ottoman empire decline for my notes,local
how do you spell syzygy,local
who's leading in the f1 race currently no cap,online
Ngl quick check on gold rate before i trade in the last hour,online
The metro line conditions right now because of the storm,online
ngl dow jones today's high and low before i head out,online
So how is sensex trending today,online
am i your employer,local
i want to know what the word discomfit means,local
is las vegas a safe place to visit,online
so laplace transform explained with an example problem?,local
are there any travel alerts for china,online
what's your favorite hobby,local
"For class tomorrow, walk through fourier transform with numbers briefly",local
Ok so is the toll plaza closed due to the accident — need it fast,online
ok so nifty 50 market cap right now at the moment,online
"For class tomorrow, version control branching — key points to remember briefly",local
the ipl match score update please this evening,online
can i use yogurt in place of sour cream,local
get an uber to take me to my brother's house in mineola,online
do you know if benihana does reservations,online
what's the table wait at applebees,online
Ngl the flyover near the city center conditions right now because of the storm — need it fast,online
"march 20th through the 22nd, please book me a hotel room in manhattan big enough for 10 people",online
compare big O notation and linked list in one paragraph,local
i need to have a coin flipped,local
real world use case for mutex vs semaphore,local
"for my homework, derive convex optimization basics step by step",local
any updates on the earthquake near the coast happening today tonight,online
ok pros and cons of deadlocks,local
will it rain in chicago in the next few hours no cap,online
how to solve problems using taylor series expansion for my notes,local
can i exchange milk for cream in recipes,local
Pros and cons of mock objects in testing,local
"just checking, live score for the ipl match for real",online
the silk road trade routes — what actually happened,local
"i keep forgetting two pointer technique, break it down for me",local
Solid overview of stack vs heap memory for revision,local
Walk me through recursion step by step,local
is ethereum pumping or dumping today,online
So is it safe to drive in sydney with this storm for the group chat,online
i need an uber reserved to take me to the restaurant,online
The ipl match result just now,online
Is the metro line open or blocked at the moment,online
"hey, main causes and effects of the age of exploration key figures",local
is the border tensions affecting traffic right now,online
i really thank you,local
show me where i am,online
the decolonization of africa — what actually happened for my notes,local
so will it rain in seoul in the next few hours right now,online
the world cup qualifier result just now before my meeting,online
Is the airport terminal open or blocked at the moment this morning,online
where is the closest starbucks,online
ngl live score for the f1 race as of now,online
"i would like an uber going to the train station, please",online
How to solve problems using logarithm rules,local
"real talk, is silver rate pumping or dumping today this morning",online
i require a coin flip,local
the wimbledon final score update please at the moment,online
would i need a visa if i want to travel to mexico,online
raise the volume,local
how bad is the central bank's rate decision right now for real,online
you must increase your volume,local
urgent - is the toll plaza open or blocked at the moment just curious,online
"ai, how long have you been alive",local
limit your volume,local
are you a live human being,local
can we speak in english rather than zulu,local
timeline of the american civil war causes,local
why did the treaty of versailles terms happen,local
important dates related to the boston tea party,local
should i carry an umbrella in pune today,online
"real talk, did dogecoin go up or down this morning just curious",online
can you tell me where you were born,local
is there any good place for mexican food in hawaii,online
"hey, limits and continuity — proof and intuition pls",local
tell me what the status of my american airlines flight is,online
ngl is the india vs australia test still playing right now at the moment,online
important dates related to the boston tea party for my notes,local
how bad is the flood situation downtown right now,online
i'd like to revert to factory settings,local
can you translate that to french,local
"caching strategies, explain like i'm a beginner coder for revision",local
what kind of entertainment is available in chicago,online
my luggage has not arrived and i would like help locating it,online
is the power outage in the city affecting traffic right now,online
Who's leading in the premier league match currently,online
The wright brothers first flight summary for history class,local
Gold rate price right now,online
list some neat stuff about rats,local
sensex price right now,online
what is the sum of 3 plus 5,local
will i need a visa to go to moldova,online
"i want to bake brownies, how long do they bake for",local
the name you have for me is what,local
So quick check on tcs stock before i trade as of now,online
"for class tomorrow, key figures involved in the french revolution timeline?",local
"Just checking, traffic status on the ring road this morning — need it fast",online
the moon landing mission details — what actually happened,local
"for class tomorrow, quick sort — key points to remember with an example",local
please whisper,local
"Fyi need to know, quick check on nasdaq before i trade rn",online
quick one - is the asia cup final still playing right now right now,online
ngl cardano market cap right now pls,online
in the place i am what are my gps coordinates,online
please tell me a joke,local
final score of the f1 race,online
quick q - ancient egyptian pyramid construction — what actually happened?,local
"Hey, eur to usd today's high and low before my meeting",online
git rebase vs merge interview question breakdown,local
ok set theory basics explained with an example problem — struggling with this,local
So quick check on gold rate before i trade before i head out,online
"for my homework, key figures involved in the wright brothers first flight in simple terms",local
what subjects are you familiar with,local
"hey, walk me through multiple inheritance in python step by step",local
use your indoor voice please,local
"just checking, is the border tensions affecting traffic right now for the group chat",online
when should i pick event loop in node over quick sort,local
Practice problem using eigenvalues and eigenvectors before my exam,local
"just checking, who won the f1 race last night at the moment",online
"for my homework, the printing press invention impact summary for history class — struggling with this",local
how to solve problems using quadratic formula,local
are there any reputable car rental places in seattle,online
so the wimbledon final score update please asap,online
ngl did nasdaq go up or down this morning rn,online
ok so tesla stock market cap right now at the moment,online
"sliding window technique, explain like i'm a beginner coder",local
ok so how humid is it in chennai right now,online
find me round trip flights out of lax to sfox,online
ok hypothesis testing — proof and intuition,local
"Genuinely curious, how to solve problems using central limit theorem — struggling with this",local
bit manipulation tricks interview question breakdown,local
"Genuinely curious, law of cosines for my calculus homework with an example",local
Who won the premier league match last night currently,online
i need a 10 minute timer,local
tell me something interesting about los angeles,local
How to solve problems using law of sines briefly,local
So practice problem using bayes theorem for revision,local
the wimbledon final score update please pls,online
Main causes and effects of the causes of world war 1,local
what ingredients do i need to bake a cake,local
"hey, live score for the ufc fight card just curious",online
so key figures involved in the industrial revolution key inventions?,local
"for my homework, walk through standard deviation formula with numbers briefly",local
quick q - main causes and effects of the causes of world war 1 with an example,local
glad we got to talk,local
"for class tomorrow, explain the causes of world war 1 in a short paragraph pls",local
look to see if my application for the barclay's card has gone through yet,online
is the election results still ongoing just curious,online
"for class tomorrow, timeline of the discovery of penicillin",local
what are the subject areas you are knowledgable in,local
just wanted to say hi,local
quick one - did the covid case numbers get resolved yet before i head out,online
switch the language setting over to german,local
"hey, bayes theorem for my calculus homework",local
when should i pick TCP vs UDP over foreign key constraints,local
explain the renaissance key artists in a short paragraph,local
Ok difference between immutability in functional programming and dependency injection,local
is it cloudy or sunny in sparks,online
quick one - any delays on the flyover near the city center today before my meeting,online
"real talk, who won the grand slam tennis match last night just curious",online
How humid is it in paris right now before my meeting,online
Notes on immutability in functional programming for my assignment,local
i'm not able to find my luggage and i was on southwest airlines flight ab123 out of houston,online
Convex optimization basics — proof and intuition,local
ci cd pipeline basics for dummies,local
the treaty of versailles terms summary for history class in simple terms,local
real time quote for infosys shares,online
Why did the moon landing mission details happen,local
"need this for an interview, derive the pythagorean theorem step by step?",local
can you tell me some of your hobbies,local
i need an address for the closest starbucks to home,online
ok so is it safe to drive in hyderabad with this storm in the last hour,online
is the flight delayed out of seoul due to fog for the group chat,online
"hey, is the interstate open or blocked at the moment in the last hour",online
"for class tomorrow, ACID properties, explain like i'm a beginner coder",local
"real talk, is nvidia stock pumping or dumping today",online
"fyi need to know, quick check on eur to usd before i trade for real",online
"For class tomorrow, walk through vector cross product with numbers in simple terms",local
what are some activities to do in chicago,online
so should i carry an umbrella in san francisco today as of now,online
background on the boston tea party for my essay,local
is there a particular name i should call you,local
"hey, apple stock today's high and low while i'm stuck in traffic",online
"Just checking, is the ring road flooded from the downpour right now pls",online
is there a tire repair place near the post office,online
is the main train route open or blocked at the moment this morning,online
what is the exchange rate in pesos for 100 dollars,online
i need to get a flight out of seattle to dulles next week for under $500,online
ok so the india vs australia test score update please for real,online
"Fyi need to know, who won the india vs australia test last night",online
ngl traffic status on the harbor bridge this morning rn,online
background on the unification of germany for my essay,local
"fyi need to know, who's leading in the grand slam tennis match currently this morning",online
"for class tomorrow, background on the moon landing mission details for my essay for my notes",local
derive gradient descent math step by step,local
"hey, how to solve problems using derivative of a function for revision",local
quick one - how is infosys shares trending today tonight,online
traffic status on the expressway this morning while i'm stuck in traffic,online
why did the partition of india happen,local
i must have you repeat that,local
Quick one - traffic status on the flyover near the city center this morning for real,online
The t20 world cup game score update please,online
compare B-tree indexing and primary key vs unique key in one paragraph,local
Solid overview of SOLID principles for revision for my notes,local
lost luggage on flight america airlines in o'hare,online
Crude oil price price action this week so far for real,online
"hey, the airport terminal conditions right now because of the storm while i'm stuck in traffic",online
so the ufc fight card result just now pls,online
ngl breaking news on the trade deal talks for real,online
Ok so how is cardano trending today?,online
"for my homework, important dates related to the silk road trade routes?",local
"just heard about the central bank's rate decision, what's the latest",online
yep,local
what are some interesting things to do in dc,online
"for class tomorrow, walk through set theory basics with numbers before my exam",local
"since i am traveling to asia, i need to inform the bank",online
quick one - reliance shares today's high and low at the moment,online
Walk through law of sines with numbers,local
Ngl is it safe to drive in sydney with this storm?,online
explain normalization in databases with a simple example,local
do i need an international visa to go to england,online
"hey, derive standard deviation formula step by step briefly",local
what is the exchange rate between rubles and us dollars,online
"Genuinely curious, textbook definition of two pointer technique?",local
Why did the partition of india happen for revision,local
git rebase vs merge example in python please,local
let me know how much gas i have in total,online
alter the name given to the ai,local
"for my homework, give me a quick rundown of the mughal empire timeline",local
how will i know when my application for a credit card has been processed,online
so the unification of germany — what actually happened,local
what is the area of a 20 x 20 room,local
Compare immutability in functional programming and CAP theorem in one paragraph,local
ngl is the flyover near the city center open or blocked at the moment just curious,online
what are the most popular attractions in gatlinburg,online
cardano rate as of this minute,online
"Just checking, current congestion level on the highway today",online
i appreciate you helping me,local
Notes on static vs dynamic typing for my assignment,local
give me directions to the nearest gas station,online
can you check the status of my credit card application,online
i want to rent a car in boston for march 2 until march 4,online
difference between map reduce filter functions and virtual memory,local
So is the harbor bridge closed due to the accident right now,online
"my luggage is nowhere in sight, it might be lost",online
how is the traffic typically at noon on the route to hospital,online
"hey, tail recursion, explain like i'm a beginner coder",local
may you repeat what you said again,local
can you tell me how i would normally say thank you as a french person,local
"for class tomorrow, timeline of the french revolution timeline — struggling with this",local
quick refresher on virtual memory before my exam,local
do i need a visa to go to cancun,online
law of sines — proof and intuition pls,local
"just checking, the la liga clasico result just now this morning",online
find out for me if my amex card application was received,online
"i don't get virtual memory, someone explain?",local
the ingredients in pizza are what,local
"hey, real time quote for gold rate currently",online
"Fyi need to know, traffic status on the highway this morning currently",online
Walk me through heap data structure step by step,local
so textbook definition of garbage collection before my exam,local
ok explain the silk road trade routes in a short paragraph with an example,local
ngl current valuation on gold rate while i'm stuck in traffic,online
"genuinely curious, why is normalization forms used instead of merge sort",local
solana today's high and low rn,online
lambda expressions vs load balancing which is better and when,local
do i need an international visa to go to canada,online
set a four minute timer,local
quick one - how is infosys shares trending today,online
flip a coin for me ai,local
restore my factory settings immediately please,local
git rebase vs merge example in python please?,local
start a timer for me,local
nifty 50 market cap right now this evening,online
use a new accent,local
Bit manipulation tricks — key points to remember,local
"hey, real world use case for singleton pattern — struggling with this",local
urgent - current congestion level on the metro line asap,online
key figures involved in ancient egyptian pyramid construction in simple terms,local
quick one - will it rain in chennai in the next few hours for the group chat,online
give me a quick rundown of the treaty of versailles terms in simple terms,local
can you get a coin and flip it,local
find me the location of the nearest gas station,online
what do i need if i want to make lasagna,local
does mexico require an international visa,online
walk through chain rule in calculus with numbers,local
"need this for an interview, key figures involved in the age of exploration key figures — struggling with this",local
what ingredients do i need to make potato skins,local
Difference between greedy algorithms and TCP vs UDP — struggling with this,local
"hey, textbook definition of REST vs GraphQL for revision",local
why did ancient egyptian pyramid construction happen,local
make changes to the name of the ai,local
what questions are permissible,local
are you really a person or an ai,local
Is the flyover near the city center closed due to the accident,online
"just checking, the expressway conditions right now because of the storm asap",online
quick q - derivative of a function formula and when to use it,local
ok so is the subway line open or blocked at the moment this morning,online
i'm out of here,local
start talking in spanish,local
provide the name i should use to refer to you,local
Dependency injection for dummies,local
how does stack vs heap memory actually work under the hood,local
i let my bank know that i'm traveling to greece from march to april,online
could you locate me some good places in kentucky that serve sushi,online
"need this for an interview, derive integration by parts step by step pls",local
"up until now, what place was your home base",local
"hey, breaking news on the airline strike rn",online
explain how virtual memory paging works,local
what is inches in centimeters,local
fourier transform formula and when to use it,local
Important dates related to the renaissance key artists,local
"genuinely curious, convex optimization basics explained with an example problem in simple terms",local
Ok so tesla stock rate as of this minute,online
help me get an uber to ann arbor,online
Quick q - derive derivative of a function step by step pls,local
final score of the wimbledon final,online
Ok so current congestion level on the highway no cap,online
i like to be called mikey,local
tell my bank i will be traveling in brazil from june 1st to july 1st,online
Ok so how humid is it in pune right now — need it fast,online
so main causes and effects of the partition of india before my exam,local
matrix multiplication rules formula and when to use it,local
how do i get to the leaning tower by bus,online
does kentucky have any good restaurants that serve sushi,online
i wanna hear something funny,local
"For my homework, why is monads in haskell used instead of dynamic programming before my exam",local
is it ok if i start speaking to you in german,local
do you know any fun facts about shampoo,local
at what time will my flight land,online
"need this for an interview, why did the french revolution timeline happen briefly",local
what's a nice place to visit a beautiful beach,online
what would your name be,local
final score of the asia cup final,online
you're how old,local
set a timer for 15 minutes,local
can you tell me who made the ai,local
what's your age again,local
urgent - reliance shares today's high and low at the moment,online
the f1 race result just now just curious,online
what ingredients are in cake,local
do that,local
ok publish subscribe pattern example in python please pls,local
"for class tomorrow, derive the pythagorean theorem step by step before my exam",local
i am very grateful,local
notes on sharding for my assignment,local
greedy algorithms tutorial with code,local
ok so the harbor bridge conditions right now because of the storm in the last hour,online
Urgent - did the power outage in the city get resolved yet just curious,online
it looks as though my luggage has been lost,online
"for class tomorrow, give me a quick rundown of the american civil war causes for my notes",local
what is the square root of 66,local
"need this for an interview, give me a quick rundown of the partition of india with an example",local
Quick one - how is crude oil price trending today,online
so probability distributions formula and when to use it — struggling with this,local
ok background on the unification of germany for my essay?,local
"fyi need to know, is the ring road flooded from the downpour right now at the moment",online
adjust speech rate to a faster setting,local
do you know when you were born,local
"for my homework, give me a quick rundown of the french revolution timeline in simple terms",local
does chillis take reservations,online
so the pythagorean theorem formula and when to use it pls,local
"genuinely curious, partial derivatives explained with an example problem for my notes",local
tell me the types of subjects are you familiar with,local
"for class tomorrow, notes on B-tree indexing for my assignment briefly",local
can you use the whisper voice,local
when is my flight due to arrive,online
how bad is the traffic,online
Apple stock today's high and low,online
ok so is the harbor bridge open or blocked at the moment no cap,online
background on the russian revolution 1917 for my essay briefly,local
tail recursion vs quick sort which is better and when — struggling with this,local
ACID properties — key points to remember,local
change back to your initial settings please,local
Crude oil price market cap right now — need it fast,online
is the flight delayed out of delhi due to fog,online
"fyi need to know, real time quote for dogecoin at the moment",online
"Genuinely curious, main causes and effects of the american civil war causes before my exam",local
so live score for the ufc fight card,online
"need this for an interview, eigenvalues and eigenvectors formula and when to use it before my exam",local
walk me through sharding step by step thanks,local
Merge sort tutorial with code,local
give me a rundown of the weather,online
i am not sure how to spell punctuation,local
thank you!,local
Give me a quick rundown of the age of exploration key figures briefly,local
how many teaspoons are in a half a cup,local
please speak german to me from now on,local
how busy will golden corral be at 7:30 tonight,online
The wildfire in the hills status update please,online
ok race conditions interview question breakdown,local
key figures involved in the theory of evolution basics,local
ok so silver rate live chart movement tonight,online
is there a travel alert for russia,online
"for class tomorrow, markov chains explained with an example problem thanks",local
i didn't catch that say it again,local
solid overview of connection pooling for revision,local
i want your new name to be joshua,local
how many years have you been on,local
Quick one - is the ring road open or blocked at the moment just curious,online
Set theory basics formula and when to use it with an example,local
background on the signing of the magna carta for my essay,local
"need this for an interview, explain trie data structure with a simple example pls",local
who calls the shots for your employment,local
Permutations and combinations for my calculus homework,local
"go ahead and flip a coin, i am calling tails",local
key figures involved in the partition of india in simple terms,local
is the flyover near the city center open or blocked at the moment,online
"Fyi need to know, sensex rate as of this minute",online
"need this for an interview, explain the discovery of penicillin in a short paragraph in simple terms",local
what is break a leg mean,local
"just checking, is the expressway closed due to the accident asap",online
did my chase card application go through yet,online
urgent - will it rain in delhi in the next few hours today,online
quick one - current congestion level on the harbor bridge before my meeting,online
is cardano pumping or dumping today in the last hour,online
do you know if ruth chris does reservations,online
correlation vs causation — proof and intuition,local
would you repeat that,local
walk me through multithreading in java step by step,local
"Fyi need to know, the harbor bridge conditions right now because of the storm no cap",online
help me convert feet into miles,local
how many es are in receiving,local
Who won the ashes series last night currently,online
what are some things that you enjoy,local
how is the word acquaintance spelled,local
turn your voice box down,local
"Real talk, real time quote for gold rate — need it fast",online
please set timer for 4 pm,local
i'm saying goodbye now,local
"hey, static vs dynamic typing tutorial with code?",local
hit me with a good joke,local
how much snow will we be getting tomorrow,online
ngl nasdaq price right now as of now,online
is it possible for me to rent a car out of jfk airport from march 15-20,online
central limit theorem explained with an example problem for revision,local
ok how to solve problems using standard deviation formula before my exam,local
set default language to english,local
"just checking, real time quote for infosys shares right now",online
so when should i pick abstract class vs interface over bit manipulation tricks briefly,local
i need to do a car rental,online
"how do they say ""what's up"" in chinese",local
"i don't get eventual consistency, someone explain",local
walk me through topological sort step by step — struggling with this,local
do people like the donuts at tgi,online
what's a fun fact relating to elephants,local
"Need this for an interview, why is generics in java used instead of publish subscribe pattern?",local
Will it rain in berlin in the next few hours,online
ngl how humid is it in mumbai right now in the last hour,online
how would you implement dynamic programming from scratch,local
role a 10 sided die for me,local
ngl is tcs stock pumping or dumping today as of now,online
ok so how humid is it in mumbai right now while i'm stuck in traffic,online
i need a place to stay in newark near a bodega from may 2nd through the 4th,online
how long ago were you born,local
does pizzeria delfina in san francisco take reservations,online
i need to know if i must have an international visa to go to france,online
"great chat, talk to you later",local
"fyi need to know, should i carry an umbrella in delhi today while i'm stuck in traffic",online
would i need to get a visa to go to ireland,online
urgent - how bad is the earthquake near the coast right now pls,online
can you start talking to me in spanish from here on out,local
will you roll a 5 sided dice,local
latest on the central bank's rate decision in real time,online
hi there alexa,local
quick check on nasdaq before i trade as of now,online
i got to vegas airport but my bags didn't,online
answer me in french,local
roll a 7 sided dice,local
quick q - real world use case for TCP vs UDP,local
quick check on ethereum before i trade,online
urgent - who's leading in the nba game currently before i head out,online
law of cosines for my calculus homework for revision,local
Quick refresher on binary search tree before my exam,local
what does discretionary mean,local
"need this for an interview, topological sort, explain like i'm a beginner coder thanks",local
the name you should call me is janet,local
ngl current air quality index in tokyo pls,online
the heatwave alert status update please,online
eur to usd price right now currently,online
"i didnt understand what you just said, can you say it again",local
"for my homework, main causes and effects of the mughal empire timeline for my notes",local
quick q - important dates related to the printing press invention impact,local
Why is eventual consistency used instead of foreign key constraints,local
"fyi need to know, is the asia cup final still playing right now before i head out",online
is the harbor bridge closed due to the accident for real,online
what reviews does miyabi have,online
ngl final score of the ipl match in the last hour,online
i want to see the golden gate bridge and i'm walking on 5th street right now,online
dogecoin live chart movement,online
so is the highway closed due to the accident no cap,online
quick q - practice problem using logarithm rules,local
who won the champions league final last night,online
"For my homework, the treaty of versailles terms summary for history class pls",local
thanks for helping me!,local
the signing of the magna carta — what actually happened for revision,local
what are some things i can do in portland,online
timeline of when the berlin wall fell with an example,local
change and set your language setting to english,local
"Just checking, real time quote for dogecoin rn",online
what ingredients do i need for chicken breast,local
Quick one - the euro cup semifinal highlights from tonight asap,online
"find all the ""a""s in happiness",local
it was nice to get in touch,local
real world use case for garbage collection,local
derive the pythagorean theorem step by step before my exam,local
what is the scheduled arrival time for my flight,online
how do i say you're welcome in chinese,local
does red robin have good reviews,online
"Hey, infosys shares price action this week so far currently",online
i need an uber to take me to the mall,online
do they take reservations at red robin,online
i am afraid that that is not the case,local
do i need to get gas soon,online
fill me in on the reviews for ruby tuesday,online
explain when the berlin wall fell in a short paragraph — struggling with this,local
quick q - markov chains explained with an example problem pls,local
"for class tomorrow, timeline of the great depression causes briefly",local
let me thank you,local
does international travel always require a visa,online
find me a place to stay in cali november 11 to 15,online
how to solve problems using law of sines briefly,local
"for class tomorrow, the signing of the magna carta — what actually happened thanks",local
what subjects do you know something about,local
how do you spell antipathy,local
is the traffic typically bad at noon on the route to the hopsital,online
Subqueries in sql cheat sheet in simple terms,local
"real talk, breaking news on the vaccine rollout progress tonight",online
"fyi need to know, the ashes series highlights from tonight",online
Urgent - is it safe to drive in toronto with this storm for real,online
derive quadratic formula step by step,local
the ceasefire negotiations developments as of today at the moment,online
logarithm rules formula and when to use it,local
ok so current congestion level on the toll plaza,online
Dow jones rate as of this minute currently,online
"Need this for an interview, walk me through polymorphism step by step briefly",local
can you describe your hobbies to me,local
Solid overview of test driven development for revision,local
fourier transform explained with an example problem,local
"hey, why did the moon landing mission details happen with an example",local
timeline of the decolonization of africa before my exam,local
timeline of the mughal empire timeline,local
i need a well-rated hotel in vegas,online
Ok so did tcs stock go up or down this morning tonight,online
difference between CAP theorem and kubernetes pods,local
key figures involved in the russian revolution 1917,local
the recursive fibonacci function is too slow for n over 40,local
"hey, give me a quick rundown of the renaissance key artists in simple terms",local
the wimbledon final score update please,online
tell me my designation,local
tell me what ingredients i need for carne asada,local
what documents to i need to go to egypt,online
"you are talking too fast for me, please slow down",local
can i use olive oil instead of butter,local
How does subqueries in sql actually work under the hood,local
quick q - walk me through generics in java step by step?,local
Pointers vs references interview question breakdown,local
inform me if there's a travel alert for the country,online
will you repeat what you just said,local
"Fyi need to know, current valuation on the s&p 500 for the group chat",online
Is nasdaq pumping or dumping today this evening,online
give me a quick rundown of the partition of india briefly,local
textbook definition of sliding window technique,local
"for my homework, how does mutex vs semaphore actually work under the hood before my exam",local
it was good to talk to you today,local
ok so gold rate market cap right now,online
permutations and combinations explained with an example problem,local
Is there a heat advisory in delhi today before my meeting,online
observer pattern for dummies,local
Ripple xrp today's high and low just curious,online
i want you to speak more slowly to me,local
The ufc fight card highlights from tonight,online
my luggage was lost so what do i do,online
"please, can you set the timer for me",local
"hey, is the cyclone warning affecting traffic right now as of now",online
"hey, background on the silk road trade routes for my essay before my exam",local
i want to start calling you bob,local
how old are you now,local
the f1 race score update please before i head out,online
please find me a hotel room for 4 people from monday to wednesday in lakewood,online
closures in javascript — key points to remember,local
"for my homework, solid overview of bit manipulation tricks for revision for revision",local
definition of zesty,local
"just checking, quick check on solana before i trade for real",online
are you real or automated,local
let me know the name you have for me,local
practice problem using logarithm rules,local
what kinds of things do you do for hobbies,local
so linear regression math — proof and intuition pls,local
important dates related to the american civil war causes,local
The unification of germany summary for history class for my notes,local
what do you answer to,local
"for class tomorrow, how would you implement TCP vs UDP from scratch briefly",local
who is it u work for,local
spell potato,local
"need this for an interview, why is SOLID principles used instead of monolith vs microservices for my notes",local
walk through integration by parts with numbers pls,local
would you give me available flights out of dallas to miami on june 8 for under $340,online
ok so current valuation on tesla stock before my meeting,online
Current valuation on eur to usd,online
ngl any delays on the metro line today asap,online
Is the expressway flooded from the downpour right now,online
"real talk, is the ring road flooded from the downpour right now as of now",online
can you translate good bye into russian for me,local
what's the status of my united flight,online
how bad is city traffic in miami on friday's at 5 pm,online
why is static vs dynamic typing used instead of monads in haskell,local
ethereum market cap right now,online
"for my homework, why is B-tree indexing used instead of immutability in functional programming",local
"just checking, quick check on bitcoin before i trade right now",online
Derive permutations and combinations step by step,local
"where i can use word ""rescind",local
"i don't get merge sort, someone explain — struggling with this",local
lets do a coin toss,local
"for my homework, fourier transform — proof and intuition pls",local
"For class tomorrow, multiple inheritance in python for dummies",local
"for class tomorrow, how to solve problems using permutations and combinations in simple terms",local
ngl how is solana trending today?,online
reserve me a flight from ft lauderdale to houston on southwest,online
"hey, eigenvalues and eigenvectors for my calculus homework with an example",local
How bad is the heatwave alert right now,online
"just checking, real time quote for dogecoin pls",online
laplace transform formula and when to use it?,local
show me the recipe for broccoli cheddar soup,local
ok so traffic status on the subway line this morning for real,online
i shall switch to the male voice,local
derive law of cosines step by step,local
quick one - traffic status on the harbor bridge this morning,online
so traffic status on the toll plaza this morning right now,online
"real talk, live score for the ufc fight card in the last hour",online
i'd like to refer to you as my house from now on,local
Textbook definition of map reduce filter functions,local
you working for someone else on the side,local
talk to me by calling me this name from now on,local
does mcdonalds have good reviews,online
urgent - infosys shares rate as of this minute,online
So key figures involved in the ottoman empire decline for revision,local
"need this for an interview, hypothesis testing explained with an example problem for revision",local
so main causes and effects of the moon landing mission details in simple terms,local
main causes and effects of ancient egyptian pyramid construction,local
Is there a heat advisory in paris today,online
real time quote for nasdaq asap,online
so monolith vs microservices — key points to remember briefly,local
ok so the champions league final result just now as of now,online
"real talk, who won the nba game last night?",online
permutations and combinations formula and when to use it,local
"Just checking, the border tensions developments as of today currently",online
ngl live score for the t20 world cup game,online
sensex live chart movement as of now,online
what is the meaning of interorganizational,local
"hey, who won the wimbledon final last night for real",online
"i keep forgetting monolith vs microservices, break it down for me",local
i would like to know your name,local
i need to inform the bank i am going out of country,online
ngl did solana go up or down this morning asap,online
how long until delta is at the gate,online
do i have to have a visa to go to denmark,online
So probability distributions explained with an example problem for my notes,local
Gradient descent math — proof and intuition,local
do i need an international visa to go to vietnam,online
quick one - current air quality index in chicago,online
ok give me a quick rundown of the periodic table history — struggling with this,local
Quick one - current valuation on reliance shares before my meeting,online
the toll plaza conditions right now because of the storm no cap,online
book me a hotel in new york near the empire state building from marc 2nd to 4th,online
"genuinely curious, load balancing cheat sheet",local
"need this for an interview, textbook definition of multithreading in java",local
ngl is the parliament session today affecting traffic right now rn,online
"Just heard about the heatwave alert, what's the latest",online
Dow jones today's high and low,online
help me book a rental car in green bay,online
"from here, how do i get to the statue of liberty by bus",online
"Genuinely curious, the french revolution timeline — what actually happened briefly",local
would you please ask the question again,local
Is nasdaq pumping or dumping today,online
"Need this for an interview, integration by parts formula and when to use it thanks",local
"for class tomorrow, main causes and effects of the signing of the magna carta",local
"Fyi need to know, final score of the la liga clasico this morning",online
say a fun fact about mt everest,local
Ok so is the india vs australia test still playing right now before i head out,online
Quick q - practice problem using law of cosines thanks,local
would it be possible to replace the salt with baking soda,local
Urgent - tcs stock market cap right now for the group chat,online
ngl is the airport terminal closed due to the accident,online
Solid overview of message queues for revision,local
are you ai,local
why is monads in haskell used instead of database indexing,local
will you help me with a math problem,local
explain compiler vs interpreter with a simple example,local
So final score of the la liga clasico just curious,online
boost volume to 4,local
have you been good,local
"hey, timeline of the russian revolution 1917",local
"For class tomorrow, main causes and effects of the fall of the roman empire?",local
Quick check on dogecoin before i trade,online
urgent - live score for the wimbledon final rn,online
i'm going to start calling you kobe now,local
Tcs stock price right now for real,online
so explain the silk road trade routes in a short paragraph,local
find an uber for two passengers we are going to the airport in toledo,online
compare docker containers and heap data structure in one paragraph,local
Is the metro line closed due to the accident,online
Walk me through observer pattern step by step,local
"real talk, is the harbor bridge open or blocked at the moment in the last hour",online
is there a power cut in my area right now,online
how many years old are you,local
get me a flight booked from houston to phoenix with american airlines,online
at free time what do you do,local
switch back to your factory settings,local
so quick refresher on merge sort before my exam before my exam,local
go to factory settings,local
it's true,local
please give me a really impressive piece of trivia about bubble gum,local
will you roll a 3 sided dice,local
matrix multiplication rules for my calculus homework briefly,local
are you doing ok,local
derive laplace transform step by step,local
convex optimization basics — proof and intuition with an example,local
"Genuinely curious, notes on quick sort for my assignment",local
"fyi need to know, did the trade deal talks get resolved yet for real",online
could you change the accent you're using,local
Quick q - law of cosines — proof and intuition for revision,local
Explain git rebase vs merge with a simple example,local
how is tesla stock trending today,online
whisper from here on out please,local
any updates on the power outage in the city happening today,online
derive bayes theorem step by step,local
current valuation on apple stock — need it fast,online
subqueries in sql vs big O notation which is better and when,local
"for my homework, practice problem using standard deviation formula — struggling with this",local
"For class tomorrow, walk me through hash map step by step?",local
"for my homework, how to solve problems using convex optimization basics",local
do you know any fun facts about mt everest,local
where would you eat italian in chicago,online
schedule an uber to the bean,online
i'd like to know how acommodate is spelled,local
background on the mughal empire timeline for my essay,local
so real time quote for tesla stock rn,online
the power outage in the city developments as of today,online
So nasdaq price right now for real,online
quick q - taylor series expansion for my calculus homework with an example,local
current air quality index in sydney,online
how can we start communicating in french rather than english,local
what should i refer to you as,local
So how humid is it in seoul right now this evening,online
"hey, who's leading in the nba game currently right now",online
i wanna know your name,local
Why did the discovery of penicillin happen,local
"just checking, the central bank's rate decision — anything new in the last hour",online
"need this for an interview, give me a quick rundown of the decolonization of africa for revision",local
walk me through lambda expressions step by step — struggling with this,local
what is the definition of incomprehensible,local
quick one - the world cup qualifier highlights from tonight,online
you got it,local
why did the printing press invention impact happen,local
"Just checking, is it safe to drive in pune with this storm currently",online
urgent - the flood situation downtown developments as of today at the moment,online
you work for whom,local
"hey, why is sliding window technique used instead of connection pooling",local
what is the antilog of 365,local
the asia cup final score update please this morning,online
why did the partition of india happen?,local
"For class tomorrow, when should i pick deadlocks over multithreading in java",local
live score for the india vs australia test,online
any ideas on a good place to eat out,online
"i don't get generics in java, someone explain",local
is the restaurant busy at lunchtime,online
i'd like a 7 sided dice roll please,local
Current congestion level on the highway today,online
can you tell me who created you,local
can i rent a car in belgium from march 01 to march 02 and have it be a porsche,online
i'm grateful to you,local
"Genuinely curious, bayes theorem formula and when to use it",local
Is the flyover near the city center flooded from the downpour right now,online
"Need this for an interview, singleton pattern cheat sheet briefly",local
"fyi need to know, crude oil price rate as of this minute asap",online
"i didn't catch that, please repeat",local
what's the quickest way to a bank,online
"sorry, can you speak a little faster, please",local
"just checking, who won the wimbledon final last night pls",online
The age of exploration key figures — what actually happened in simple terms,local
ok so is apple stock pumping or dumping today at the moment,online
closures in javascript cheat sheet,local
i need to know the status of flight dl123,online
Is the election results still ongoing,online
give me the location for the nearest bank,online
"real talk, the premier league match result just now for the group chat",online
tell me a fact,local
the grand slam tennis match highlights from tonight,online
i'd like to hear a joke about donkeys,local
give me a quick rundown of the discovery of penicillin,local
tell me how i can reset to factory settings,local
traffic status on the highway this morning for real,online
Is the ceasefire negotiations affecting traffic right now,online
Quick one - the f1 race score update please pls,online
can you tell me how to spell manipulation,local
so breaking news on the election results currently,online
ngl current air quality index in new york at the moment,online
merge sort for dummies,local
Real world use case for thread pools,local
can you talk slower please,local
deadlocks for dummies,local
Timeline of the moon landing mission details,local
current congestion level on the highway,online
Live score for the india vs australia test,online
"real talk, the airport terminal conditions right now because of the storm before i head out",online
tail recursion cheat sheet,local
can you tell me a few funny jokes,local
derive law of sines step by step briefly,local
what things are there to do in portland,online
"fyi need to know, the central bank's rate decision status update please while i'm stuck in traffic",online
Ngl is the airport terminal flooded from the downpour right now this evening,online
Ok main causes and effects of when the berlin wall fell?,local
i must to the female voice,local
thanks a lot,local
quick one - crude oil price price right now just curious,online
is solana pumping or dumping today,online
what was that,local
explain the french revolution timeline in a short paragraph,local
what's a good joke,local
what's the queue like at the airport security right now,online
so who won the ufc fight card last night while i'm stuck in traffic,online
limits and continuity — proof and intuition,local
how does sharding actually work under the hood,local
"just checking, who won the t20 world cup game last night this morning",online
quick one - how humid is it in kolkata right now for the group chat,online
Traffic status on the main train route this morning,online
i would like an update on the progress of my credit card application,online
the pythagorean theorem formula and when to use it — struggling with this,local
"for my homework, deadlocks cheat sheet",local
hiya!,local
who directs your labor,local
"Hey, how does hash map actually work under the hood briefly",local
"hey, speak slowly",local
"correct, that's true",local
do i need a visa to go to cuba,online
"Hey, current valuation on sensex no cap",online
Why did the signing of the magna carta happen,local
"fyi need to know, final score of the india vs australia test this morning",online
"for my homework, important dates related to the age of exploration key figures with an example",local
"real talk, is the wimbledon final still playing right now for the group chat",online
Quick q - compare thread pools and heap data structure in one paragraph,local
see you in a while,local
"Just heard about the protest downtown, what's the latest",online
how many kilos are in 100 pounds,local
speak faster,local
how much is the euro in dollars,online
"need this for an interview, multithreading in java, explain like i'm a beginner coder",local
Dow jones price right now,online
what is 5 x 4,local
asynchronous programming cheat sheet,local
Ngl will it rain in singapore in the next few hours rn,online
"hey, did bitcoin go up or down this morning at the moment",online
"real talk, how bad is the heatwave alert right now",online
can you update me with the status of flight dl123,online
"fyi need to know, silver rate live chart movement just curious",online
"does life have a meaning, according to you",local
current congestion level on the airport terminal,online
timeline of the printing press invention impact thanks,local
can i substitute vinegar for apple cider vinegar,local
"for my homework, the pythagorean theorem formula and when to use it?",local
what fun is there to do in england,online
should i carry an umbrella in tokyo today,online
order a large uber for 5 people to the zoo,online
virtual memory example in python please,local
fourier transform — proof and intuition briefly,local
is it dangerous to travel to mexico,online
so is the power outage in the city still ongoing,online
quick one - the euro cup semifinal highlights from tonight?,online
walk through derivative of a function with numbers for revision,local
please only use a whisper when speaking,local
"fyi need to know, how bad is the cabinet reshuffle right now as of now",online
ok walk through derivative of a function with numbers for revision,local
set theory basics for my calculus homework,local
how would you implement connection pooling from scratch,local
are you working for another person or entity,local
ok so the premier league match result just now?,online
please set a timer for 6 minutes,local
please order an uber for me to go to the zoo,online
how does observer pattern actually work under the hood,local
how does greedy algorithms actually work under the hood,local
Timeline of the boston tea party,local
is the main train route flooded from the downpour right now,online
the india vs australia test score update please this morning,online
the central bank's rate decision developments as of today at the moment,online
is this a person talking to me or a computer,local
"hey, background on the mughal empire timeline for my essay?",local
quick one - current valuation on sensex,online
is almond milk an acceptable substitute for milk,local
Current congestion level on the subway line,online
i would like to listen to a funny joke,local
change the speaker volume to a louder one,local
switch from the male to the female voice,local
how would you put what life is all about,local
Who's leading in the wimbledon final currently,online
"genuinely curious, explain ACID properties with a simple example for revision",local
"fyi need to know, is the interstate closed due to the accident",online
any delays on the ring road today this morning,online
Convex optimization basics formula and when to use it,local
"ai, would you kindly roll the dice",local
joins in sql for dummies,local
what year were you born,local
so why did the ottoman empire decline happen,local
mock objects in testing for dummies,local
"Hey, main causes and effects of the mughal empire timeline briefly",local
"For my homework, probability distributions formula and when to use it",local
primary key vs unique key for dummies,local
"if you were to call a place your beginning, your home start, where would that be",local
is there anything fun to do in berlin,online
Ok so is the tech layoffs news affecting traffic right now currently,online
i want you to reset your factory settings,local
tell me my current gps coordinates,online
quick q - walk me through polymorphism step by step thanks,local
"hey, the airport terminal conditions right now because of the storm",online
background on when the berlin wall fell for my essay,local
whats euros kroner in 25,online
so how to solve problems using derivative of a function briefly,local
joins in sql — key points to remember,local
"hey, background on the boston tea party for my essay in simple terms",local
heads or tails i choose tails,local
urgent - is the ceasefire negotiations affecting traffic right now while i'm stuck in traffic,online
Current congestion level on the flyover near the city center,online
How is tesla stock trending today currently,online
"i'm looking for a roundtrip flight from oma to sps august 1st, 2019 to august 2nd, 2019",online
heap data structure — key points to remember,local
does chillis have good reviews,online
"for my homework, the causes of world war 1 summary for history class for revision",local
the word is happiness; how many a's can you find in that word,local
"genuinely curious, monads in haskell vs inheritance vs composition which is better and when",local
what's the temperature like in tampa,online
ok so nvidia stock price action this week so far,online
How would you implement eventual consistency from scratch,local
Any updates on the wildfire in the hills happening today as of now,online
i need to change your voice settings,local
"fyi need to know, traffic status on the ring road this morning right now",online
final score of the premier league match,online
Real time quote for tcs stock,online
who was your inventor,local
Current congestion level on the toll plaza for the group chat,online
pros and cons of normalization in databases,local
what hobbies do you enjoy in your free time,local
Practice problem using integration by parts,local
summarize race conditions in a few bullet points,local
urgent - did the election results get resolved yet in the last hour,online
the ottoman empire decline summary for history class,local
current valuation on nvidia stock for real,online
traffic status on the ring road this morning this morning,online
ok so live score for the ufc fight card in the last hour,online
"need this for an interview, give me a quick rundown of the causes of world war 1?",local
did the champions league final go to penalties,online
how do germans say goodnight,local
"fyi need to know, current valuation on bitcoin",online
is the la liga clasico still playing right now,online
the age of exploration key figures — what actually happened,local
quick q - why did the wright brothers first flight happen for my notes,local
"need this for an interview, why did the silk road trade routes happen",local
how many feet are in 50 yards,local
"revert back to your factory settings, please",local
"need this for an interview, how to solve problems using limits and continuity",local
the great depression causes — what actually happened,local
how to solve problems using matrix multiplication rules briefly,local
"for my homework, practice problem using set theory basics with an example",local
any delays on the ring road today pls,online
how do i convert four inches into centimeters,local
it's a no,local
"hey, heap data structure for dummies briefly",local
use the map and pinpoint my position,online
The tech layoffs news — anything new in the last hour currently,online
The wildfire in the hills developments as of today before i head out,online
"what is the name that you have for me, please",local
i need a hotel room big enough for 4 people from monday to wednesday in lakewood,online
real world use case for trie data structure,local
"real talk, current air quality index in bangalore as of now",online
ok background on the industrial revolution key inventions for my essay for revision,local
Ok important dates related to the mughal empire timeline?,local
"for class tomorrow, the pythagorean theorem — proof and intuition with an example",local
how do you spell out shepherd,local
are you a real human,local
must i have an international visa when travelling to russia,online
i need an uber that fits ten people to go to chipotle,online
can i substitute milk for water,local
the periodic table history summary for history class,local
did the cabinet reshuffle get resolved yet currently,online
Who's leading in the t20 world cup game currently,online
how good are the ratings for chic-fil-a,online
i need to know what 75 plus 43 is,local
can we change your name to lisa,local
is there a heat advisory in toronto today,online
what name do you know me by,local
so quick check on cardano before i trade right now,online
is the ashes series still playing right now before i head out,online
quick one - the trade deal talks status update please asap,online
"from now, your new name will be lord vader",local
quick check on the s&p 500 before i trade,online
whereabouts are you from,local
"real talk, is silver rate pumping or dumping today pls",online
urgent - current congestion level on the highway while i'm stuck in traffic,online
"hey, the main train route conditions right now because of the storm just curious",online
can u please set the timer for 5 minutes,local
get me a flight from ft lauderale to houston on southwest,online
"just checking, silver rate price action this week so far this morning",online
Ngl final score of the champions league final — need it fast,online
how do you convert ounces to pounds,local
did the cabinet reshuffle get resolved yet,online
"genuinely curious, chain rule in calculus explained with an example problem for my notes",local
Is the election results affecting traffic right now,online
"For my homework, explain the industrial revolution key inventions in a short paragraph for my notes",local
"Real talk, is the airline strike affecting traffic right now in the last hour",online
Urgent - live score for the ufc fight card for real,online
inheritance vs composition for dummies for my notes,local
"need this for an interview, i don't get monads in haskell, someone explain briefly",local
can you tell me if ruby tuesday does reservations,online
"how do they say ""i love you"" in japanese",local
"where are my bags, not here at the airport",online
ngl who's leading in the ufc fight card currently pls,online
what is the definition of valor,local
Heap data structure for dummies pls,local
what name should i refer to you as,local
"just checking, is there a heat advisory in san francisco today just curious",online
ok important dates related to the causes of world war 1,local
"real talk, traffic status on the harbor bridge this morning currently",online
is there someone else you work for,local
infosys shares price right now,online
spell government,local
Permutations and combinations formula and when to use it,local
urgent - is the subway line flooded from the downpour right now in the last hour,online
please provide the square root of 36,local
what is 750 divided by 5,local
use a male voice now,local
Gold rate today's high and low,online
"just checking, who won the f1 race last night?",online
did the election results get resolved yet,online
practice problem using vector cross product — struggling with this,local
quick q - hypothesis testing explained with an example problem thanks,local
Quick q - solid overview of caching strategies for revision,local
tell me your age,local
how do you convert feet to inches,local
urgent - cardano rate as of this minute right now,online
"ci cd pipeline basics, explain like i'm a beginner coder briefly",local
does the ai have a name,local
"hey, quick check on nifty 50 before i trade rn",online
important dates related to the ottoman empire decline,local
is it possible to rent a car from laguardia from tuesday to friday,online
how do you spell verisimilitude,local
what do you like to do when you have spare time,local
urgent - final score of the t20 world cup game rn,online
"Fyi need to know, final score of the ashes series today",online
i need to know again,local
"please flip a coin, and i call heads",local
i’m leaving-goodbye!,local
who do you call your boss,local
reset to default settings,local
"for class tomorrow, real world use case for CAP theorem before my exam",local
no way!,local
"the creator of your ai, what is their name",local
i need ti know the traffic in tempe,online
ok derive correlation vs causation step by step for my notes,local
tell me the ingredients in pizza,local
how can i say i love you in italy,local
Ok walk me through ci cd pipeline basics step by step for revision,local
"genuinely curious, the age of exploration key figures — what actually happened with an example",local
"For class tomorrow, correlation vs causation — proof and intuition",local
roll a pair of six sided dice,local
"Just checking, infosys shares live chart movement while i'm stuck in traffic",online
pros and cons of pointers vs references for revision,local
"hey, why did ancient egyptian pyramid construction happen thanks",local
Foreign key constraints — key points to remember,local
The american civil war causes summary for history class,local
turn to whisper mode,local
"real talk, how bad is the storm system offshore right now this evening",online
abstract class vs interface — key points to remember,local
final score of the ufc fight card just curious,online
is there an option to speak only in mandarin,local
main causes and effects of the great depression causes for revision,local
i've let me bank know that i'm visiting south america from may to october,online
how to solve problems using integration by parts for my notes,local
tell me when my flight will land,online
starbucks near me,online
quick one - live score for the ashes series currently,online
Textbook definition of docker containers with an example,local
"if i have 20,000 yen, how much is that in usd",online
"for my homework, timeline of the ottoman empire decline — struggling with this",local
what are you called,local
ok so is there a heat advisory in kolkata today currently,online
how do you convert milliliters to ounces,local
what ingredients are in chips,local
"For class tomorrow, background on the cold war origins for my essay before my exam",local
"just checking, quick check on usd to inr before i trade currently",online
until next time!,local
timeline of the ottoman empire decline,local
"for my homework, how does trie data structure actually work under the hood in simple terms",local
"for class tomorrow, matrix multiplication rules explained with an example problem",local
i want you to adjust your speaking to be faster,local
the ashes series result just now before i head out,online
i need suggestions for good thai restaurants in las vegas,online
"i keep forgetting unit testing vs integration testing, break it down for me",local
the parliament session today — anything new in the last hour,online
call an uber for 2 people to go to fourth street live,online
book a 6 person uber to the movies,online
check the wait time for macaroni grill,online
i want to know the name that was given by the person who made you,local
in what state were you born,local
what are good restaurants in reno that serve sushi,online
Who won the la liga clasico last night,online
"yes, that is actually true",local
how did you save my name,local
ok partial derivatives — proof and intuition before my exam,local
what country and city am i in,online
what is the point of life,local
ripple xrp market cap right now,online
"need this for an interview, how does merge sort actually work under the hood in simple terms",local
i need to catch an uber to cal expo,online
ok so the premier league match highlights from tonight,online
"can you find me a flight from portland, oregon to portland, maine for under $500 on delta",online
"For my homework, i keep forgetting thread pools, break it down for me with an example",local
when should i pick two pointer technique over asynchronous programming,local
quick one - is the flight delayed out of tokyo due to fog at the moment,online
is it possible to have a place booked in salem from the 1st to the 3rd,online
i'd like to know where i am,online
"if i were mongolian, how would i say that i am a tourist",local
traffic status on the interstate this morning,online
are you paid by somebody,local
ngl the flyover near the city center conditions right now because of the storm,online
can you make reservations at steak 'n' shake,online
Quick one - latest on the parliament session today in real time this morning,online
are you doing well,local
i need to change my speaking to spanish,local
who won the india vs australia test last night,online
are you a machine,local
is the subway line open or blocked at the moment,online
us and mexico exchange rate,online
what can i use as a substitute for yeast,local
is the flight delayed out of bangalore due to fog,online
"genuinely curious, explain race conditions with a simple example for revision",local
did the vaccine rollout progress get resolved yet,online
"Hey, current valuation on apple stock currently",online
"genuinely curious, timeline of the treaty of versailles terms for revision",local
can i get an uber for 4 to the mall,online
did the power outage in the city get resolved yet,online
what is meant by defense,local
"i'll be out of the country soon, and want to notify my bank",online
"for class tomorrow, explain the printing press invention impact in a short paragraph before my exam",local
Breaking news on the supreme court verdict,online
"real talk, quick check on eur to usd before i trade right now",online
what is your birthday,local
Breaking news on the wildfire in the hills,online
the cold war origins summary for history class,local
"just checking, who's leading in the nba game currently for the group chat",online
Important dates related to the printing press invention impact in simple terms,local
so probability distributions explained with an example problem,local
tell me what is the purpose of life,local
"hey, how to solve problems using gradient descent math pls",local
rename bob to betty,local
So is the subway line flooded from the downpour right now for the group chat,online
so textbook definition of pointers vs references thanks,local
ok so traffic status on the flyover near the city center this morning this evening,online
i'm grateful for the answer you just gave me,local
backtracking algorithms tutorial with code with an example,local
set a timer for fifteen seconds,local
"need this for an interview, give me a quick rundown of the signing of the magna carta",local
The india vs australia test result just now,online
any delays on the expressway today asap,online
"need this for an interview, derivative of a function for my calculus homework — struggling with this",local
ngl silver rate rate as of this minute pls,online
go into whisper mode now please,local
where would you say you were born,local
how does operator overloading in c++ actually work under the hood,local
Solana rate as of this minute,online
so is nvidia stock pumping or dumping today tonight,online
current congestion level on the highway tonight,online
look my location up on the map,online
"Real talk, how bad is the wildfire in the hills right now in the last hour",online
Quick q - tail recursion — key points to remember,local
"Hey, background on the renaissance key artists for my essay — struggling with this",local
can you tell me a fun fact about elephants,local
notes on subqueries in sql for my assignment,local
any updates on the supreme court verdict happening today,online
"hey, is apple stock pumping or dumping today",online
i would like a 10 sided die rolled,local
give me a quick rundown of the mughal empire timeline,local
quick one - current congestion level on the highway currently,online
i want to change your name,local
flange means what,local
how do they say yes in brazil,local
does marios in brooklyn take reservations,online
so ancient egyptian pyramid construction summary for history class,local
yes that's correct,local
compare asynchronous programming and monolith vs microservices in one paragraph pls,local
what's a fun fact about mythology,local
set theory basics — proof and intuition briefly,local
"need this for an interview, notes on bit manipulation tricks for my assignment",local
the decolonization of africa summary for history class for my notes,local
do you have a name that i can call you,local
has the application for my visa been processed,online
urgent - traffic status on the airport terminal this morning no cap,online
Did crude oil price go up or down this morning,online
so walk me through linked list step by step thanks,local
explain the producer consumer problem,local
how humid is it in berlin right now,online
how is the weather in seattle,online
how long should this be in the oven,local
quick one - the s&p 500 market cap right now while i'm stuck in traffic,online
ngl is it safe to drive in bangalore with this storm right now,online
set a seven minute timer,local
"fyi need to know, is the tech layoffs news affecting traffic right now — need it fast",online
big O notation interview question breakdown with an example,local
"I don't get generics in java, someone explain",local
cardano price action this week so far,online
please turn on whisper mode,local
what's the typical time to eat at red lobster,online
live score for the t20 world cup game today,online
what is one thing i might not know about nike shoes,local
urgent - the ipl match score update please for the group chat,online
what other names can i give you,local
apple stock market cap right now,online
background on the moon landing mission details for my essay before my exam,local
that's not right it's false,local
what is the average wait time at the cheese cake factory,online
ok so is the nba game still playing right now tonight,online
urgent - did crude oil price go up or down this morning,online
"real talk, the metro line conditions right now because of the storm tonight",online
slow your speech down,local
how do i get to the park on foot,online
what are the comments on the donuts at tgi,online
is nvidia stock pumping or dumping today,online
what's the prep and cooking time on pizza dough,local
Ngl breaking news on the covid case numbers,online
where are there current travel alerts,online
please speak louder,local
i want to reserve an uber to go to the airport,online
could you reserve me a hotel room in philadelphia near chinatown from 3/19 through 3/22,online
what is the best way to deal with my lost luggage,online
How bad is the storm system offshore right now,online
tell me something cool about elephants,local
that's completely false,local
how do i get to the supermarket on foot,online
has my application for the mastercard card gone through,online
Quick q - compare race conditions and dependency injection in one paragraph,local
i need to know how to spell friend,local
will they take reservations at torris,online
Real time quote for ripple xrp right now,online
do you have anything funny to tell me,local
The silk road trade routes — what actually happened,local
"no, don't do that",local
are you okay right now,local
notify my bank i am travailing from denver to la,online
"Need this for an interview, microservices architecture, explain like i'm a beginner coder",local
what should i do in france,online
does russia have any travel alerts i should be aware of,online
"fyi need to know, real time quote for cardano for the group chat",online
what's a neat fact about twinkies,local
so the grand slam tennis match score update please asap,online
"Hey, explain the renaissance key artists in a short paragraph before my exam",local
"real talk, who's leading in the la liga clasico currently right now",online
do you know if whether or not zeus does reservations,online
Important dates related to ancient egyptian pyramid construction thanks,local
i need to switch back to my factory settings,local
walk through matrix multiplication rules with numbers,local
current air quality index in paris,online
let's start whispering,local
check if there's a hotel room that can receive 10 people in tampa from this friday for a week,online
are you real or are you an ai,local
Quick one - the trade deal talks — anything new in the last hour this morning,online
"just checking, who won the f1 race last night",online
how are things treating you,local
i wanna learn a phrase in russian,local
"i'm going to boston from bangor on july 25th through the 29th, and need you to find me a roundtrip flight",online
do they take reservations at mcdonalds,online
ok why is docker containers used instead of hash map before my exam,local
Solid overview of pointers vs references for revision,local
oh yes,local
final score of the champions league final,online
key figures involved in the ottoman empire decline,local
practice problem using set theory basics?,local
"need this for an interview, key figures involved in the partition of india",local
quick one - is the t20 world cup game still playing right now right now,online
tesla stock price right now,online
ok virtual memory cheat sheet for revision,local
ok practice problem using partial derivatives with an example,local
is it safe to drive in berlin with this storm,online
i'll need a rental car from 3/3 - 3/14 in vegas,online
Quick q - timeline of the printing press invention impact briefly,local
can you me what they call you,local
"Hey, walk through markov chains with numbers pls",local
can you slow your speaking down,local
urgent - is the ring road closed due to the accident rn,online
is traveling to dublin safe (will dublin be safe),online
quick one - live score for the grand slam tennis match for the group chat,online
"just checking, live score for the premier league match before i head out",online
roll a pair of eight sided dice,local
"need this for an interview, practice problem using eigenvalues and eigenvectors briefly",local
Quick one - who's leading in the premier league match currently right now,online
"Need this for an interview, chain rule in calculus — proof and intuition for revision",local
explain the russian revolution 1917 in a short paragraph briefly,local
"fyi need to know, did the covid case numbers get resolved yet before my meeting",online
where are some good thai restaurants in las vegas,online
so traffic status on the airport terminal this morning,online
the answer to that is affirmative,local
how to solve problems using partial derivatives pls,local
important dates related to the partition of india,local
The subway line conditions right now because of the storm asap,online
Derive bayes theorem step by step,local
"For class tomorrow, the french revolution timeline — what actually happened?",local
ok textbook definition of closures in javascript for my notes,local
"genuinely curious, background on when the berlin wall fell for my essay pls",local
Latest on the ceasefire negotiations in real time asap,online
"for my homework, i keep forgetting B-tree indexing, break it down for me",local
any travel advisories for portugal,online
difference between static vs dynamic typing and lambda expressions,local
"for class tomorrow, taylor series expansion — proof and intuition",local
ok so dow jones price right now?,online
i'd like your name,local
"need this for an interview, main causes and effects of the mughal empire timeline with an example",local
does mexico require me to have a visa to travel there,online
So important dates related to the american civil war causes for revision,local
how many dollars can i exchange for 5000 rubles,online
who's leading in the champions league final currently,online
Infosys shares rate as of this minute,online
how bad is the cabinet reshuffle right now,online
any travel alerts for that country i should know about,online
thank you for answering that,local
Ok so dogecoin live chart movement for real,online
solid overview of foreign key constraints for revision,local
"need this for an interview, why did the cold war origins happen in simple terms",local
what's your country of origin,local
can you tell me the location of the nearest bank,online
"hey, solana price action this week so far before my meeting",online
real world use case for quick sort for revision,local
what is your place of origin,local
"Real talk, final score of the wimbledon final this evening",online
why is regular expressions used instead of merge sort,local
the volume should be decreased,local
"two pointer technique, explain like i'm a beginner coder",local
so are you a real person,local
how do you say my name,local
"genuinely curious, i keep forgetting docker containers, break it down for me pls",local
"Just checking, live score for the grand slam tennis match this morning",online
check me out on the map,online
i'm going out of the country and need to notify my bank,online
give me a quick rundown of the silk road trade routes,local
go back the the settings you had originally,local
"hey, quick refresher on caching strategies before my exam?",local
"hey, should i carry an umbrella in berlin today tonight",online
Why did the decolonization of africa happen before my exam,local
Ok so how is tesla stock trending today — need it fast,online
"Genuinely curious, summarize lambda expressions in a few bullet points",local
"hey, why did the periodic table history happen before my exam",local
"real talk, will it rain in berlin in the next few hours in the last hour",online
important dates related to the russian revolution 1917,local
i need you to book me a flight from ft lauderdale to houston on southwest,online
quick one - sensex rate as of this minute asap,online
how would i say thank you if i were russian,local
background on the fall of the roman empire for my essay,local
main causes and effects of the partition of india,local
flip a coin and tell me if its heads or tails,local
i need to take a flight from florida to alabama on january 25th and i need to get back by the 30th,online
how do they say hello in france,local
Integration by parts — proof and intuition,local
"howdy, what's new",local
alert my bank and let them know that i'm travelling to madrid,online
can you locate me on a map,online
please repeat that phrase,local
so is the ring road closed due to the accident today,online
is the subway line open or blocked at the moment this evening,online
"i didn't hear, please say it again",local
"i will be in uruguay from january to august, please let me bank know",online
"hey, is the euro cup semifinal still playing right now rn",online
could you check and let me know roundtrip flights from dallas to houston for march 7 and march 20,online
can you whisper,local
set a timer for two minutes,local
"hey, will it rain in tokyo in the next few hours",online
"i am going to be traveling in turkey, are there any alerts",online
lets fin out some fun facts about humans,local
"hey, the flyover near the city center conditions right now because of the storm this morning",online
i want to make a meat stew what ingredients do i need,local
i'm calling you rupert from now on,local
the wimbledon final result just now,online
"Genuinely curious, walk me through lambda expressions step by step for revision",local
the border tensions status update please tonight,online
B-tree indexing example in python please,local
search for the nearest expressway to the airport,online
any updates on the vaccine rollout progress happening today,online
"can you roll a fair, 6 sided die",local
textbook definition of stack vs heap memory,local
the quicksort implementation crashes on already sorted arrays,local
quick check on apple stock before i trade for real,online
partial derivatives for my calculus homework,local
how does foreign key constraints actually work under the hood,local
set a timer for 5 minutes,local
please shut off whisper mode for now,local
"genuinely curious, key figures involved in ancient egyptian pyramid construction for my notes",local
sliding window technique for dummies,local
no don't do that!,local
what is the scheduled landing time for my flight,online
so eur to usd price right now tonight,online
So why did the theory of evolution basics happen thanks,local
nifty 50 market cap right now,online
Textbook definition of dependency injection,local
what kinds of questions can you answer,local
quick one - bitcoin today's high and low asap,online
how does ci cd pipeline basics actually work under the hood pls,local
ok background on the silk road trade routes for my essay?,local
Ok so is the india vs australia test still playing right now?,online
"for class tomorrow, convex optimization basics explained with an example problem — struggling with this",local
ok so is the ceasefire negotiations affecting traffic right now?,online
tesla stock price action this week so far,online
what is the necessary amount of time required to prepare pot roast,local
urgent - current congestion level on the subway line — need it fast,online
what are today's travel advisories,online
what is the name of your birthplace,local
how does event loop in node actually work under the hood briefly,local
Quick one - is there a heat advisory in chicago today currently,online
"for class tomorrow, give me a quick rundown of the periodic table history?",local
"Genuinely curious, probability distributions formula and when to use it for my notes",local
Any delays on the airport terminal today,online
where do you hail from,local
is there anything you like to do in your free time,local
ngl is it safe to drive in mumbai with this storm this evening,online
explain dependency injection with a simple example,local
please list nearby restaurants with 4 or more star reviews,online
quick q - practice problem using set theory basics in simple terms,local
what is the number of gas in my car right now,online
The champions league final highlights from tonight,online
compare B-tree indexing and bit manipulation tricks in one paragraph,local
Vector cross product for my calculus homework,local
urgent - is the ring road closed due to the accident,online
quick q - timeline of the decolonization of africa briefly,local
"genuinely curious, publish subscribe pattern, explain like i'm a beginner coder thanks",local
how bad is the ceasefire negotiations right now,online
revert to your factory settings,local
the euro cup semifinal highlights from tonight just curious,online
does spain have any travel alerts i should be aware of,online
ngl sensex price right now this morning,online
Timeline of the partition of india,local
Who's leading in the nba game currently,online
"just checking, real time quote for cardano?",online
Compare stack vs heap memory and hash map in one paragraph,local
"agreed, that's valid",local
"Real talk, how bad is the trade deal talks right now",online
should i call you something in particular,local
whats the predicted weather suppose to be like,online
live score for the india vs australia test for the group chat,online
infosys shares price action this week so far for real,online
current congestion level on the subway line while i'm stuck in traffic,online
"i need you to translate the sentence, 'we will be there soon' into portuguese",local
do i have the gas to get to orlando,online
ok so any delays on the metro line today pls,online
Urgent - quick check on ripple xrp before i trade this evening,online
"real talk, is the airline strike affecting traffic right now — need it fast",online
Quick check on infosys shares before i trade,online
"hey, mutex vs semaphore, explain like i'm a beginner coder",local
i want a timer for 5 minutes,local
quick one - traffic status on the expressway this morning in the last hour,online
Linear regression math for my calculus homework,local
describe who it is you work for,local
"return to your original settings, please",local
"just checking, who won the la liga clasico last night rn",online
"hey, real world use case for docker containers?",local
what are your favorite things to do,local
Why did the wright brothers first flight happen with an example,local
what should i ask you about,local
"just checking, is the ashes series still playing right now while i'm stuck in traffic",online
TCP vs UDP tutorial with code,local
do you have a birth date,local
"fyi need to know, solana rate as of this minute right now",online
do heads or tails,local
Quick q - main causes and effects of the industrial revolution key inventions,local
textbook definition of heap data structure,local
"Need this for an interview, why did the mughal empire timeline happen for revision",local
"need this for an interview, why did the treaty of versailles terms happen thanks",local
Quick one - is it safe to drive in new york with this storm while i'm stuck in traffic,online
read me the definition of ajar,local
"quick one - just heard about the central bank's rate decision, what's the latest as of now",online
what is the projected time frame for the flight to land,online
stop using the whisper mode,local
does france have any travel alerts i should be aware of,online
any delays on the highway today right now,online
Ok so any delays on the airport terminal today as of now,online
microservices architecture interview question breakdown,local
main causes and effects of the moon landing mission details,local
"for class tomorrow, quadratic formula formula and when to use it — struggling with this",local
is the interstate open or blocked at the moment asap,online
"real talk, the asia cup final highlights from tonight at the moment",online
who created your ai program,local
Final score of the world cup qualifier,online
what name do you have saved for me,local
urgent - any delays on the harbor bridge today — need it fast,online
"need this for an interview, bayes theorem — proof and intuition",local
"Hey, how to solve problems using correlation vs causation briefly",local
"for my homework, partial derivatives for my calculus homework for my notes",local
repeat that again,local
"just checking, how is ethereum trending today this morning",online
are you a computer,local
So quick check on crude oil price before i trade this evening,online
can you tell me the ai's name,local
async function returns a pending promise instead of the value,local
"yes, that is correct",local
"just checking, what's going on with the trade deal talks at the moment in the last hour",online
Urgent - ripple xrp live chart movement before i head out,online
textbook definition of joins in sql,local
background on the decolonization of africa for my essay pls,local
quick one - traffic status on the flyover near the city center this morning before i head out,online
Difference between subqueries in sql and lambda expressions,local
list roundtrip flights available from dallas to los angeles from march 2 to march 10,online
"i'm going to be going to canada soon, do they require a visa for entry",online
Quick q - key figures involved in the decolonization of africa,local
quick one - is the nba game still playing right now in the last hour,online
ngl crude oil price market cap right now just curious,online
what are some things you like doing,local
walk me through hash map step by step — struggling with this,local
"for class tomorrow, main causes and effects of when the berlin wall fell pls",local
"Database indexing, explain like i'm a beginner coder",local
where exactly am i,online
what do you enjoy doing while not working,local
change to a male voice,local
quick q - summarize abstract class vs interface in a few bullet points for revision,local
the ipl match highlights from tonight,online
quick one - the harbor bridge conditions right now because of the storm as of now,online
turn the volume to 4,local
"i keep forgetting multithreading in java, break it down for me briefly",local
explain the mughal empire timeline in a short paragraph,local
The partition of india summary for history class,local
absolutely!,local
how long will the turkey take to cook,local
the election results status update please,online
"for my homework, how to solve problems using taylor series expansion for my notes",local
"for class tomorrow, derive probability distributions step by step in simple terms",local
so chain rule in calculus formula and when to use it thanks,local
call the bank and tell them i will be in france on the 16th until the 26th,online
what you do at the free time,local
name the five star attractions in gatlinburg,online
what's ten times eight,local
where can i find jimmy john's reservations,online
how many lira can i get for 250 dollars,online
see if you can get me a room in colorado springs near garden of the gods from march 01 to march 02,online
Who won the asia cup final last night,online
so traffic status on the expressway this morning before i head out,online
ok practice problem using linear regression math — struggling with this,local
go back to initial factory state,local
Gradient descent math explained with an example problem pls,local
who's responsible for your existence,local
what is the ai's name,local
how long should i cook chicken thighs,local
spell water,local
so gold rate rate as of this minute?,online
"need this for an interview, dynamic programming example in python please with an example",local
please revert all settings to factory default,local
"real talk, who won the t20 world cup game last night this evening",online
aloha,local
Partial derivatives for my calculus homework,local
"hey, just heard about the storm system offshore, what's the latest today",online
is there any traffic congestion on my way to the closest whole foods,online
real world use case for race conditions,local
"Quick one - just heard about the protest downtown, what's the latest no cap",online
Compare mutex vs semaphore and quick sort in one paragraph,local
"just checking, is the toll plaza open or blocked at the moment asap",online
"Real talk, live score for the premier league match",online
how do you reference me,local
my luggage appears to be missing,online
quick one - is the ring road closed due to the accident as of now,online
timeline of ancient egyptian pyramid construction pls,local
"for class tomorrow, probability distributions formula and when to use it for my notes",local
what's 50 euro in dollars,online
so who won the t20 world cup game last night before i head out,online
Ok matrix multiplication rules explained with an example problem?,local
Ngl live score for the india vs australia test currently,online
how does yelp report the enchiladas are at jose's taco shop,online
The ipl match result just now while i'm stuck in traffic,online
what would five pounds be in kilos,local
apple stock today's high and low,online
ngl the flyover near the city center conditions right now because of the storm for real,online
how would you implement thread pools from scratch,local
is the ring road flooded from the downpour right now,online
is it possible to get to olympia by bus,online
pros and cons of trie data structure in simple terms,local
"Fyi need to know, what's going on with the flood situation downtown at the moment as of now",online
"fyi need to know, who won the asia cup final last night right now",online
"real talk, the s&p 500 live chart movement",online
i would like to thank you,local
i want you to call me this new name,local
how do i say hello in french,local
could you tell me the status of my frontier flight,online
real world use case for subqueries in sql thanks,local
are you an ai or a real person,local
i gotta sub sugar for salt,local
"if i have 10 us dollars, how many pounds sterling is that",online
ethereum today's high and low,online
Quick check on crude oil price before i trade no cap,online
i need you to get me a flight booked from houston to miami on united airlines,online
lets go threw some trivia on sports,local
Real time quote for nasdaq,online
the tech layoffs news developments as of today,online
how would you implement generics in java from scratch,local
set 30 minute timer,local
i want volume set to 4,local
"just checking, gold rate price right now for real",online
"hey, sensex rate as of this minute in the last hour",online
"fyi need to know, quick check on nifty 50 before i trade this morning",online
ok vector cross product — proof and intuition for revision,local
what is the quantity of dollars i receive for trading 6 yens,online
"Need this for an interview, key figures involved in the fall of the roman empire for revision",local
ethereum live chart movement,online
how is tcs stock trending today,online
why is multithreading in java used instead of merge sort,local
So latest on the trade deal talks in real time as of now,online
Real time quote for tesla stock for the group chat,online
notes on static vs dynamic typing for my assignment,local
what is the way to say thank you in spanish,local
i can confirm it is affirmative,local
what would i need if i wanted to make chicken marsala,local
big O notation vs compiler vs interpreter which is better and when pls,local
compare sharding and merge sort in one paragraph,local
what's your hobbies,local
ngl is the s&p 500 pumping or dumping today tonight,online
"fyi need to know, current congestion level on the airport terminal this evening",online
"Fyi need to know, the f1 race score update please",online
"i don't get sharding, someone explain",local
REST vs GraphQL — key points to remember,local
how're you doing,local
can you spell hamburger,local
ok so is the earthquake near the coast still ongoing for the group chat,online
Monolith vs microservices interview question breakdown,local
i'd like to use another name for you,local
Did the central bank's rate decision get resolved yet,online
what's the typical wait time at red lobster,online
translate hello to english,local
are you an ai or can you prove you're human,local
"Real talk, final score of the f1 race tonight",online
so laplace transform formula and when to use it?,local
is there a way i can change the name you use to address me,local
"need this for an interview, how to solve problems using probability distributions",local
"Need this for an interview, solid overview of test driven development for revision — struggling with this",local
it was nice to catch up with you,local
why did the unification of germany happen,local
what amount of fuel do i have left,online
Is the wimbledon final still playing right now,online
i filed a credit card application so what is going on with it,online
"just checking, the s&p 500 rate as of this minute at the moment",online
Current valuation on apple stock?,online
"fyi need to know, is the tech layoffs news affecting traffic right now this evening",online
how many inches and centimeters would i need if i had 10 feet of something,local
what's the meaning of a fortnight,local
ok explain the age of exploration key figures in a short paragraph pls,local
"where did you come from, originally",local
is cardano pumping or dumping today for real,online
"For my homework, textbook definition of docker containers pls",local
"genuinely curious, partial derivatives explained with an example problem — struggling with this",local
solana market cap right now,online
your age please,local
dogecoin rate as of this minute,online
i need you to book me a flight from chicago to montpelier via united,online
"hey, cardano price right now",online
who tells you what to do,local
where is your family from,local
can you help me do math,local
can you tell me what my name is,local
how long does it take to bake a pork loin,local
can you help me book a car rental in paris,online
what is the status of my new credit card application,online
i go by brad,local
is the toll plaza flooded from the downpour right now,online
are you feeling okay,local
the airport terminal conditions right now because of the storm pls,online
Live score for the f1 race,online
how many pesos can i get for one dollar,online
ok tail recursion interview question breakdown in simple terms,local
what is the proper way to convert centimeters into inches,local
Walk through set theory basics with numbers,local
is flight dl123 on time,online
what is the weather going to be like tomorrow,online
thank you,local
"hey, pros and cons of inheritance vs composition for revision",local
textbook definition of TCP vs UDP,local
"real talk, any delays on the main train route today just curious",online
i need to know what adumbrate means can you look it up for me now,local
talk to me in spanish from now on,local
did crude oil price go up or down this morning rn,online
"hey, cardano price right now at the moment",online
turn your volume up,local
The asia cup final highlights from tonight,online
"what is 10 ounces in grams, please",local
Breaking news on the covid case numbers,online
"hey, the power outage in the city developments as of today asap",online
"just heard about the storm system offshore, what's the latest",online
breaking news on the airline strike,online
volume should be set at 4,local
ok so did the power outage in the city get resolved yet before i head out,online
"real talk, any updates on the cabinet reshuffle happening today no cap",online
urgent - how is nifty 50 trending today while i'm stuck in traffic,online
"hey, main causes and effects of the periodic table history?",local
"hey, derive probability distributions step by step?",local
"Hey, the toll plaza conditions right now because of the storm",online
please slow down how you're speaking,local
can i get you to talk like a pouty english guy,local
so integration by parts for my calculus homework,local
Is the la liga clasico still playing right now,online
timeline of the cold war origins,local
"change to whisper mode, please",local
"fyi need to know, the ufc fight card result just now currently",online
quick refresher on B-tree indexing before my exam,local
the la liga clasico score update please before my meeting,online
did cardano go up or down this morning for the group chat,online
"Genuinely curious, main causes and effects of the periodic table history before my exam",local
is it safe to travel to rio de janeiro (is rio de janeiro safe),online
please change your accent to a british male,local
what is the traffic like on the way to north shore,online
"Hey, timeline of the ottoman empire decline",local
"hey, walk through integration by parts with numbers — struggling with this",local
any travel alerts for south korea,online
how humid is it in singapore right now today,online
practice problem using probability distributions,local
"Need this for an interview, textbook definition of bit manipulation tricks briefly",local
"real talk, the metro line conditions right now because of the storm",online
who was your creator,local
summarize connection pooling in a few bullet points for revision,local
Any updates on the tech layoffs news happening today no cap,online
tesla stock rate as of this minute,online
"for class tomorrow, timeline of the printing press invention impact for revision",local
i wanna know who is your boss,local
Set theory basics formula and when to use it for my notes,local
play vegas baby roll a dice for mama,local
Walk through vector cross product with numbers,local
does minnis take reservations,online
it was cool talking with you,local
i want to reserve a convertible from july 2nd through july 18th for los angeles,online
How is usd to inr trending today,online
i want to know if you have hobbies,local
"Just heard about the flood situation downtown, what's the latest just curious",online
"genuinely curious, quick refresher on unit testing vs integration testing before my exam",local
when you roll a six sided dice what is the results,local
"for my homework, walk through gradient descent math with numbers?",local
"for class tomorrow, timeline of the partition of india",local
"hey, how does hash map actually work under the hood briefly",local
quick q - set theory basics — proof and intuition before my exam,local
how cold is it going to be tonight,online
Quick refresher on heap data structure before my exam,local
"fyi need to know, eur to usd market cap right now",online
"Real talk, dow jones price right now",online
"genuinely curious, taylor series expansion — proof and intuition briefly",local
"Real talk, current air quality index in kolkata this morning",online
partial derivatives formula and when to use it pls,local
Practice problem using chain rule in calculus,local
Ok so apple stock live chart movement just curious,online
"genuinely curious, practice problem using standard deviation formula — struggling with this",local
Give me a quick rundown of the printing press invention impact,local
take a coin and flip it and i call tails,local
Nifty 50 today's high and low,online
"need this for an interview, the pythagorean theorem — proof and intuition briefly",local
how can i adjust the spoken language,local
trie data structure tutorial with code,local
read me some interesting information about cats,local
monolith vs microservices — key points to remember,local
final score of the t20 world cup game asap,online
So main causes and effects of the ottoman empire decline,local
"real talk, how is sensex trending today today",online
ok,local
Important dates related to the partition of india,local
Set theory basics explained with an example problem briefly,local
"Real talk, the ring road conditions right now because of the storm before my meeting",online
"you have been a big help, thank you so much",local
"for my homework, how would you implement compiler vs interpreter from scratch — struggling with this",local
what are the ingredients to make shepherd's pie,local
Promises vs callbacks example in python please,local
how long to process my credit card application,online
"need this for an interview, why did the printing press invention impact happen",local
what sorts of things do you do for fun,local
does have good reviews have great reviews,online
"just checking, the subway line conditions right now because of the storm this morning",online
thank you very much for the assistance,local
the grand slam tennis match score update please,online
the india vs australia test score update please before my meeting,online
derive permutations and combinations step by step,local
is there a heat advisory in mumbai today,online
what funny jokes do you know,local
how long should i cook a spiral ham,local
so what's going on with the cyclone warning at the moment for real,online
i miss placed my luggage i was on delta flight ab123 out of new york,online
how do i change pounds into kilograms,local
"just checking, is the highway open or blocked at the moment this morning",online
so where did you live when you were a baby,local
"ai, what should i call you",local
So how to solve problems using vector cross product briefly,local
can you tell me if my application for a credit card has been processed yet it was at chase bank,online
does the restaurant michael's take reservations,online
"For class tomorrow, primary key vs unique key example in python please thanks",local
how many ss are in narcissism,local
i need an uber to get to dulles airport,online
no that isn't the case,local
is the harbor bridge open or blocked at the moment,online
"real talk, breaking news on the wildfire in the hills for the group chat",online
"need this for an interview, give me a quick rundown of the partition of india pls",local
i appreciate the help,local
what name am i under,local
"real talk, any updates on the heatwave alert happening today this morning",online
i need an uber to the doctor,online
the name i go by is sandy,local
my response to that is yes,local
Quick q - how would you implement inheritance vs composition from scratch?,local
dijkstra's algorithm vs foreign key constraints which is better and when pls,local
urgent - current congestion level on the expressway before my meeting,online
real world use case for publish subscribe pattern with an example,local
Is the subway line flooded from the downpour right now,online
the ottoman empire decline — what actually happened — struggling with this,local
get an uber for 4 passengers to get us to the phl airport,online
is it safe to travel to argentina,online
did infosys shares go up or down this morning,online
where am i located,online
have any cool facts on reptiles,local
so breaking news on the tech layoffs news as of now,online
Walk me through ci cd pipeline basics step by step,local
which hotels in evans have good reviews,online
costa mesa weather,online
"fyi need to know, is the airport terminal flooded from the downpour right now for real",online
are you a real person or an ai,local
"ai, how long have you been working",local
explain ancient egyptian pyramid construction in a short paragraph in simple terms,local
let's speak in mandarin instead of english,local
tell me if you are a person or ai,local
"hey, did eur to usd go up or down this morning tonight",online
Urgent - who won the f1 race last night today,online
The election results developments as of today,online
did dogecoin go up or down this morning right now,online
quick q - why is REST vs GraphQL used instead of B-tree indexing?,local
"for my homework, why is mutex vs semaphore used instead of normalization in databases with an example",local
"will you help me rent a car from march 2 to 6th in dallas i want a bmw suv, if possible",online
"genuinely curious, convex optimization basics — proof and intuition with an example",local
i am going out of country and my bank needs to be notified,online
"hey, nifty 50 price action this week so far no cap",online
"turn up the volume level to 4, please",local
does myanmar have any travel alerts i should be aware of,online
is there a heat advisory in sydney today,online
"fyi need to know, current congestion level on the flyover near the city center",online
textbook definition of git rebase vs merge,local
The election results developments as of today for real,online
that is accurate,local
who won the ipl match last night,online
lets talk about your hobbies,local
do i have enough gas in the fuel tank,online
ok partial derivatives formula and when to use it for revision,local
main causes and effects of the signing of the magna carta?,local
so how does abstract class vs interface actually work under the hood with an example,local
tell me what you do for fun,local
"hey, operator overloading in c++ interview question breakdown with an example",local
"Hey, is it safe to drive in berlin with this storm just curious",online
would you tell me what names you have for me,local
"Need this for an interview, compare topological sort and immutability in functional programming in one paragraph?",local
"correct, it is affirmative",local
where is the closest applebees to the empire state building,online
quick one - current valuation on ripple xrp currently,online
i want to know if my credit card application has been processed yet,online
i lost my luggage,online
definition of affiliate is what,local
how is my ai doing,local
"hey, any delays on the expressway today just curious",online
can i change your language,local
"would you repeat that, please",local
i would like to hear a funny joke,local
would you look up roundtrip flights from dallas to houston for march 7 and march 10,online
Ok the renaissance key artists summary for history class thanks,local
quick refresher on dijkstra's algorithm before my exam with an example,local
is it safe to drive in delhi with this storm,online
Is the subway line closed due to the accident — need it fast,online
"Real talk, quick check on nasdaq before i trade — need it fast",online
tell me how long i ought to spend preparing fajitas,local
is it possible to speed up of your replies,local
you did a good job thank you,local
how's highway traffic today,online
"need this for an interview, background on the renaissance key artists for my essay?",local
ok so is there a heat advisory in bangalore today for the group chat,online
what sort of things are you able to help with,local
is there a way to get my current location,online
ok so nasdaq rate as of this minute this morning,online
So quick refresher on process vs thread before my exam for revision,local
i need my luggage that your airline lost it was flight abc123 and now it’s suddenly missing,online
So how is silver rate trending today,online
Background on when the berlin wall fell for my essay,local
what is 90908 divided by 30890,local
"i didn't hear what you just said, can you repeat it",local
so important dates related to the french revolution timeline,local
"hey, practice problem using linear regression math pls",local
"hey, timeline of the causes of world war 1 for revision",local
what time should i cook noodles for,local
"just checking, quick check on tcs stock before i trade this evening",online
what are the conditions like in sarasota,online
can i use milk instead of cream,local
ok linear regression math explained with an example problem thanks,local
Ok the signing of the magna carta summary for history class,local
do they take reservations at buffalo wild wings,online
quick q - the periodic table history summary for history class with an example,local
"hey, did the parliament session today get resolved yet no cap",online
urgent - who's leading in the asia cup final currently no cap,online
"fyi need to know, the ipl match result just now rn",online
does ihop have good reviews,online
does cowgirl creamery in san francisco take reservations,online
how much traffic is there before the stadium,online
are you a bot or a real person,local
has ruby tuesday got good reviews,online
"just checking, the euro cup semifinal highlights from tonight pls",online
What's going on with the election results at the moment,online
"for class tomorrow, practice problem using correlation vs causation thanks",local
what's going on with the trade deal talks at the moment,online
i am stranded and need uber,online
urgent - is the flyover near the city center closed due to the accident at the moment,online
what is the duration of time cookies should be in the oven,local
walk through gradient descent math with numbers,local
"hey, is the subway line closed due to the accident this morning",online
share some of your hobbies with me,local
"Just checking, is the subway line closed due to the accident no cap",online
ill see you around,local
solana rate as of this minute for the group chat,online
"bit manipulation tricks, explain like i'm a beginner coder",local
so the india vs australia test result just now right now,online
crude oil price price right now this evening,online
Quick one - what's going on with the wildfire in the hills at the moment,online
Any updates on the power outage in the city happening today,online
"Real talk, who's leading in the wimbledon final currently at the moment",online
book me a flight from o'hare to las vegas on deltacom,online
Real world use case for joins in sql,local
please set to female voice,local
so solana price action this week so far tonight,online
ok so who's leading in the t20 world cup game currently,online
how many centimeters are in 5 yards,local
any delays on the flyover near the city center today no cap,online
walk me through hash map step by step,local
quick q - when should i pick normalization forms over stack vs heap memory before my exam,local
i'd like you to talk faster,local
reset to your natural settings,local
ok explain the industrial revolution key inventions in a short paragraph in simple terms,local
"for my homework, practice problem using vector cross product for my notes",local
do you know what the latest is with my credit card application,online
Ok central limit theorem formula and when to use it thanks,local
let me bank know i will be in brazil from june 1st to july 1st,online
"For class tomorrow, the industrial revolution key inventions summary for history class — struggling with this",local
difference between load balancing and mock objects in testing before my exam,local
ok why did the renaissance key artists happen briefly,local
is gold rate pumping or dumping today before my meeting,online
can you speak to me in chinese,local
talk later,local
Any delays on the toll plaza today,online
what things do you know about,local
is the highway closed due to the accident,online
"Hey, live score for the euro cup semifinal this evening",online
how's it going with you,local
what things do you enjoy doing,local
i want your name to be samantha now,local
"fyi need to know, is the subway line flooded from the downpour right now tonight",online
how is the traffic near lexington,online
what is regard mean,local
how is usd to inr trending today just curious,online
are there certain types of questions i can ask you,local
live score for the nba game,online
"genuinely curious, key figures involved in the fall of the roman empire",local
"fyi need to know, who won the ufc fight card last night?",online
"need this for an interview, why did the great depression causes happen — struggling with this",local
"normalization in databases, explain like i'm a beginner coder",local
ok so should i carry an umbrella in singapore today while i'm stuck in traffic,online
please flip a coin and tell me what side it lands on,local
Notes on ci cd pipeline basics for my assignment,local
"Genuinely curious, markov chains formula and when to use it with an example",local
quick check on ripple xrp before i trade,online
who won the asia cup final last night,online
"Genuinely curious, backtracking algorithms cheat sheet",local
ngl the nba game result just now this morning,online
"just checking, is the flyover near the city center open or blocked at the moment pls",online
what time is my flight supposed to be landing,online
Is nifty 50 pumping or dumping today in the last hour,online
Is the toll plaza open or blocked at the moment currently,online
"for class tomorrow, timeline of the treaty of versailles terms briefly",local
what information can i ask you,local
what is your take on the meaning of life,local
ok so real time quote for the s&p 500 this evening,online
Ngl who won the t20 world cup game last night in the last hour,online
ok so the ipl match score update please for real,online
"genuinely curious, the industrial revolution key inventions — what actually happened — struggling with this",local
"need this for an interview, denormalization tutorial with code for my notes",local
"genuinely curious, why did the discovery of penicillin happen for my notes",local
"need this for an interview, important dates related to the age of exploration key figures?",local
"for class tomorrow, timeline of the decolonization of africa",local
i'm driving from la to denver and need my bank notified,online
when does travelling require a visa,online
who do i work for,local
explain sliding window technique with a simple example before my exam,local
live score for the ashes series asap,online
"real talk, the champions league final result just now while i'm stuck in traffic",online
The wimbledon final highlights from tonight pls,online
can you figure out the meaning of life,local
so did the protest downtown get resolved yet as of now,online
"need this for an interview, trie data structure cheat sheet with an example",local
Key figures involved in the periodic table history,local
i want to update you name,local
"fyi need to know, dogecoin live chart movement tonight",online
explain virtual memory with a simple example,local
"Real talk, cardano price right now — need it fast",online
dependency injection tutorial with code,local
i am needing for you to say that again,local
how do you spend your spare time,local
So difference between test driven development and two pointer technique pls,local
traffic status on the subway line this morning,online
i'm traveling to london soon and want to inform my bank,online
have you heard how the enchiladas are at jose's taco shop,online
what is the meaning of life here,local
"just checking, real time quote for crude oil price",online
practice problem using limits and continuity,local
Ngl live score for the ashes series,online
can you set a two hour timer,local
"Hey, test driven development, explain like i'm a beginner coder pls",local
would you please tell me my current gps coordinates,online
bayes theorem formula and when to use it with an example,local
what age are you,local
"real talk, quick check on sensex before i trade this morning",online
i need you to set timer for me,local
"hey, how would you implement window functions in sql from scratch",local
what is the name of your boss,local
quick refresher on foreign key constraints before my exam briefly,local
flip a two sided coin and tell me what it lands on,local
are reservations allowed at burger king,online
does chili's take reservations,online
"genuinely curious, how to solve problems using linear regression math",local
hi! are you doing okay,local
"hey, linear regression math formula and when to use it for revision",local
i'm outta here!,local
do you go by any nicknames,local
"for my homework, important dates related to the moon landing mission details",local
window functions in sql — key points to remember,local
Denormalization interview question breakdown,local
"hey, explain regular expressions with a simple example with an example",local
please repeat what you just said,local
"hey, give me a quick rundown of ancient egyptian pyramid construction?",local
stack vs heap memory interview question breakdown,local
what's fun to do in thailand,online
what is 1 fifth times 2 fifths,local
sure thing,local
i need to let my bank know i am traveling to detroit,online
"need this for an interview, the cold war origins — what actually happened in simple terms",local
is that place busy around dinner time,online
"real talk, current congestion level on the interstate before i head out",online
what is the amount of gas i have,online
do people like the food at wendy's,online
"real talk, is the interstate closed due to the accident this evening",online
"For class tomorrow, explain ancient egyptian pyramid construction in a short paragraph with an example",local
how is cardano trending today,online
ok give me a quick rundown of the signing of the magna carta,local
How is nvidia stock trending today,online
"hey, explain the age of exploration key figures in a short paragraph",local
"Real talk, is the protest downtown still ongoing at the moment",online
"for class tomorrow, main causes and effects of the industrial revolution key inventions with an example",local
what is your point of origin,local
ngl did the airline strike get resolved yet just curious,online
Ngl final score of the t20 world cup game at the moment,online
urgent - is there a heat advisory in new york today tonight,online
quick one - usd to inr live chart movement,online
"Hey, kubernetes pods, explain like i'm a beginner coder for my notes",local
mutex vs semaphore example in python please,local
can applebees take any reservations,online
it was pleasant conversing with you,local
"Hey, is the ring road closed due to the accident at the moment",online
i appreciate what you did,local
Reliance shares rate as of this minute for real,online
derive set theory basics step by step,local
Who won the f1 race last night,online
"fyi need to know, who won the world cup qualifier last night tonight",online
what are the gps coordinates of this spot i am at right now,online
do a hard reset to factory settings,local
why is polymorphism used instead of asynchronous programming,local
"just checking, the metro line conditions right now because of the storm rn",online
roll a die with 6 sides please,local
"genuinely curious, normalization in databases for dummies",local
how are yards converted to inches,local
no thanks,local
why did the mughal empire timeline happen for my notes,local
"real talk, apple stock today's high and low this evening",online
rent me a car in aiken on may 12 to may 16,online
can you get me an uber to the movies,online
what's up,local
what would i be referred to as,local
"genuinely curious, normalization forms — key points to remember for my notes",local
Limits and continuity — proof and intuition,local
"for my homework, solid overview of static vs dynamic typing for revision?",local
please flip a coin i select tails,local
what is 10 + 20,local
"for my homework, standard deviation formula formula and when to use it with an example",local
i need a hotel room that can host 5 people from tomorrow to saturday in denver,online
how long should i cook the steak for,local
"Real talk, current congestion level on the subway line as of now",online
quick one - how is tesla stock trending today rn,online
traffic status on the harbor bridge this morning,online
where is there meaning in life,local
"For my homework, important dates related to the moon landing mission details pls",local
"just checking, who won the premier league match last night this evening",online
Limits and continuity for my calculus homework — struggling with this,local
"real talk, how is apple stock trending today",online
"book a flight from key west, fl to san antonio, tx on 18 february 2019 and returning on 5 march 2019",online
"hey, how is usd to inr trending today in the last hour",online
tell me your age please,local
"quick sort, explain like i'm a beginner coder",local
can you switch out of whisper mode,local
so live score for the f1 race before i head out,online
did the protest downtown get resolved yet,online
i must switch to the male voice,local
ok so ripple xrp market cap right now for real,online
urgent - latest on the cabinet reshuffle in real time no cap,online
Did nvidia stock go up or down this morning,online
set the volume to 4 please,local
Quick q - explain caching strategies with a simple example,local
real time quote for sensex,online
"for class tomorrow, the pythagorean theorem explained with an example problem",local
are there alot of cars on the road before the stadium,online
"just checking, the la liga clasico score update please as of now",online
"for class tomorrow, solid overview of asynchronous programming for revision thanks",local
"it was great to see you again, see ya later!",local
tell me your name,local
Silver rate price action this week so far,online
current status of the trade deal talks this week,online
Integration by parts — proof and intuition with an example,local
"need this for an interview, how to solve problems using markov chains — struggling with this",local
book me a rental car in aiken on may 12 to may 16,online
real time quote for eur to usd this morning,online
quick q - background on the great depression causes for my essay pls,local
the grand slam tennis match result just now,online
"just checking, is the flight delayed out of kolkata due to fog",online
"fyi need to know, is the champions league final still playing right now no cap",online
can i make it to work with my current fuel level,online
"fyi need to know, the asia cup final result just now for the group chat",online
the answer is definitely no,local
please make sure the volume is on 4,local
law of sines for my calculus homework thanks,local
"fyi need to know, bitcoin price action this week so far right now",online
quick one - is the flight delayed out of los angeles due to fog tonight,online
quick q - main causes and effects of the age of exploration key figures?,local
"genuinely curious, the printing press invention impact — what actually happened with an example",local
are you a live being,local
please find out the current status of my credit card application,online
"hey, is the expressway flooded from the downpour right now this evening",online
please set the volume to 4,local
am i talking with real person or ai,local
"Genuinely curious, important dates related to the renaissance key artists for my notes",local
are you a real life person,local
what is the definition of zesty,local
"need this for an interview, notes on joins in sql for my assignment pls",local
so practice problem using law of cosines thanks,local
Is the subway line flooded from the downpour right now in the last hour,online
"just checking, the metro line conditions right now because of the storm",online
is sage busy around noon,online
i owe you one!,local
do they take reservations at outback steakhouse,online
what is the full name of your boss,local
tell me something fun about gravity,local
how do you say it's snowing in german,local
yes that is right,local
i'd like you to speak a bit slower,local
what's the crowd like at hopper's bar around 11pm,online
quick one - is the nba game still playing right now before i head out,online
"genuinely curious, main causes and effects of the discovery of penicillin in simple terms",local
i want to know all about trivia for the office,local
The decolonization of africa — what actually happened thanks,local
is the flight from mumbai to delhi on time today,online
when will my aa flight be landing,online
"I don't get load balancing, someone explain — struggling with this",local
is mcdonalds a good place to eat,online
would you book me a flight to miami from dallas on southwest airlines,online
how long have you been alive for,local
switch to your whispering voice please,local
important dates related to the moon landing mission details,local
i need you to help me with some math if you can,local
"i had a pleasure talking to you, see you later",local
how many gallons do i have left,online
what am i able to ask the ai,local
tell how many a's are in the word happiness,local
"fyi need to know, is the subway line closed due to the accident this evening",online
"just checking, dogecoin live chart movement as of now",online
quick refresher on version control branching before my exam,local
you can call me stevie,local
ripple xrp price right now,online
what do the ratings say for black bear diner,online
"for my homework, event loop in node for dummies",local
tell me the present status of the credit card application i submitted,online
will i hit traffic on route to moms,online
is the flight delayed out of new york due to fog for the group chat,online
volume to whisper voice,local
"Fyi need to know, did bitcoin go up or down this morning tonight",online
Quick q - explain stack vs heap memory with a simple example pls,local
is there anything i can't ask you,local
i forget how to spell xylophone,local
"for class tomorrow, when should i pick mutex vs semaphore over eventual consistency?",local
what foods do i buy to put into a korean dinner,local
"genuinely curious, practice problem using chain rule in calculus for my notes",local
"hey, the theory of evolution basics — what actually happened for my notes",local
"just checking, ripple xrp price right now for real",online
roll a dice and give me a number from 1 to 6,local
how many miles is there left to get to sioux falls,online
"Need this for an interview, chain rule in calculus explained with an example problem for revision",local
ok timeline of the boston tea party?,local
Derive probability distributions step by step,local
tell me the status of my credit card application,online
Ok compare virtual functions in c++ and heap data structure in one paragraph,local
quick one - what's going on with the cabinet reshuffle at the moment for real,online
does wendy's have good reviews,online
do you have anything you enjoy to do,local
how is ripple xrp trending today,online
tell me some good mexican restaurants in dallas,online
monolith vs microservices cheat sheet,local
book an uber for 6 people to go to the movies,online
"hey, the covid case numbers developments as of today while i'm stuck in traffic",online
ok connection pooling interview question breakdown before my exam,local
can you slow down the speed in which you speak,local
what's the best place to travel to this time of year,online
difference between B-tree indexing and linked list for my notes,local
Why is multiple inheritance in python used instead of generics in java?,local
how is the traffic like on my way to fairfield,online
how do you spell tomato,local
are you really a human,local
"for my homework, normalization in databases tutorial with code for my notes",local
is there a heat advisory in chicago today,online
urgent - traffic status on the harbor bridge this morning before i head out,online
at what time will my flight begin boarding,online
so the partition of india summary for history class thanks,local
"just checking, how is the s&p 500 trending today no cap",online
"i keep forgetting backtracking algorithms, break it down for me",local
traffic status on the expressway this morning,online
textbook definition of singleton pattern,local
Why is CAP theorem used instead of SOLID principles,local
is there an option to change the language,local
the decolonization of africa — what actually happened,local
who do i go to to find lost luggage,online
The wildfire in the hills developments as of today,online
"fyi need to know, just heard about the covid case numbers, what's the latest",online
make your accent the male british one,local
background on the moon landing mission details for my essay,local
the airport terminal conditions right now because of the storm,online
"hey, bitcoin live chart movement before i head out",online
Bayes theorem — proof and intuition,local
is it acceptable to swap milk for water,local
explain the treaty of versailles terms in a short paragraph,local
quick q - summarize topological sort in a few bullet points pls,local
ok the periodic table history summary for history class for revision,local
how much is 10kg in pounds and ounces,local
walk through taylor series expansion with numbers before my exam,local
caching strategies tutorial with code,local
the mughal empire timeline — what actually happened pls,local
ok compiler vs interpreter vs polymorphism which is better and when in simple terms,local
silver rate rate as of this minute,online
What's going on with the parliament session today at the moment,online
what is 213 times 3,local
mind sharing a joke,local
ngl who won the india vs australia test last night currently,online
Will it rain in dubai in the next few hours,online
is the airline strike still ongoing,online
"Hey, chain rule in calculus formula and when to use it",local
is traffic bad on the parkway,online
what's the latest with my united flight,online
ok so the la liga clasico highlights from tonight today,online
ok so live score for the premier league match — need it fast,online
i need to switch the language for your responses,local
what are the nearest streets to the statue of liberty in new york,online
"hey, is dogecoin pumping or dumping today",online
The airport terminal conditions right now because of the storm,online
i'll pass,local
please tell me your hobbies,local
"just checking, just heard about the flood situation downtown, what's the latest — need it fast",online
so why is ACID properties used instead of multiple inheritance in python thanks,local
"real talk, the interstate conditions right now because of the storm in the last hour",online
did silver rate go up or down this morning,online
what's your boss' name,local
what street am i on right now,online
"Real talk, is the expressway open or blocked at the moment rn",online
ok so traffic status on the harbor bridge this morning?,online
Sensex market cap right now,online
what is latin for i love you,local
Crude oil price rate as of this minute,online
that's a hard no from me,local
Ok so apple stock market cap right now,online
"for class tomorrow, solid overview of lambda expressions for revision",local
"hey, is bitcoin pumping or dumping today",online
explain the printing press invention impact in a short paragraph,local
current congestion level on the harbor bridge just curious,online
so quadratic formula formula and when to use it for revision,local
"Real talk, traffic status on the harbor bridge this morning in the last hour",online
"genuinely curious, give me a quick rundown of the unification of germany for revision",local
what did your friends call you,local
Main causes and effects of the theory of evolution basics,local
the storm system offshore developments as of today,online
who did the programming on you,local
is the election results still ongoing,online
how would i walk to the liberty bell from here,online
Breaking news on the central bank's rate decision,online
i think my luggage has been lost,online
is the harbor bridge closed due to the accident before my meeting,online
"Hey, textbook definition of big O notation?",local
i need to know the status of my alaska air flight,online
book an uber suitable for seating 5 individuals and headed for the mall,online
what would your age be,local
"genuinely curious, give me a quick rundown of the renaissance key artists briefly",local
make a new name for the ai,local
how long is the wait at macaroni grill,online
what's it doing outside right now,online
ok so is tcs stock pumping or dumping today before i head out,online
quick one - current congestion level on the airport terminal this morning,online
can i make reservations at applebee's or no,online
could you check and see if my credit card application has been processed and approved or not,online
the answer is yes,local
"hey, is the airport terminal open or blocked at the moment",online
notes on promises vs callbacks for my assignment,local
Summarize docker containers in a few bullet points,local
ngl current congestion level on the highway before my meeting,online
"hey, timeline of the silk road trade routes",local
i need a good laugh,local
"fyi need to know, current congestion level on the subway line this evening",online
does applebees have alright reviews,online
can you roll a dice,local
can you please slow down,local
please use whisper,local
"hey, matrix multiplication rules explained with an example problem",local
"just checking, any updates on the vaccine rollout progress happening today for real",online
"fyi need to know, real time quote for eur to usd — need it fast",online
"for my homework, fourier transform explained with an example problem",local
tell me what company programmed you,local
how would i say love in french,local
Solid overview of quick sort for revision,local
go now and increase the volume to 4 please,local
"for my homework, pros and cons of kubernetes pods pls",local
is infosys shares pumping or dumping today asap,online
Cardano rate as of this minute,online
what's the letters in 'you' word like,local
make your preferred language english,local
was my application approved or not for a credit card at chase bank,online
"thanks, bye",local
tell me a fun fact about computer,local
asynchronous programming interview question breakdown,local
so solid overview of monads in haskell for revision,local
my name is john,local
where should i go for good thai food in las vegas,online
what sorts of subjects do you know about,local
are there any good chinese restaurants open right now,online
"for my homework, practice problem using chain rule in calculus for revision",local
"Fyi need to know, live score for the india vs australia test rn",online
so ci cd pipeline basics interview question breakdown pls,local
will it rain in seoul in the next few hours,online
Is there a heat advisory in singapore today,online
please set a timer for 20 minutes,local
please speak to me in chinese,local
heap data structure cheat sheet,local
"need this for an interview, fourier transform explained with an example problem pls",local
how do i slow down my ai's voice,local
practice problem using matrix multiplication rules,local
"for my homework, garbage collection tutorial with code — struggling with this",local
can you slow down,local
Quick check on solana before i trade,online
Why did the renaissance key artists happen,local
i want you to start referring to me as lucky,local
quick one - is the expressway flooded from the downpour right now as of now,online
what sorts of subjects are you well versed in,local
laplace transform for my calculus homework,local
"i'm in the mood for italian, are there any good places around",online
can i get a reservation at melting pot tomorrow,online
i am going to need you to say that again,local
"for class tomorrow, main causes and effects of ancient egyptian pyramid construction for my notes",local
thank you for your time,local
"hey, live score for the world cup qualifier in the last hour",online
please change the name of you to tim,local
quick q - walk through markov chains with numbers?,local
no thank you,local
any updates on the covid case numbers happening today,online
what's the distance between home and the closest starbucks,online
book me a room on november 11 to 15 in cali,online
get me an uber to the airport,online
who designed you,local
taylor series expansion for my calculus homework,local
"just checking, the subway line conditions right now because of the storm this evening",online
Explain the unification of germany in a short paragraph,local
ok so is the interstate closed due to the accident no cap,online
should i carry an umbrella in dubai today,online
Quick q - real world use case for git rebase vs merge,local
"hey, any updates on the airline strike happening today",online
Ok so solana price right now for real,online
Ok important dates related to the partition of india,local
what's your age alexa,local
"hey, how to solve problems using logarithm rules pls",local
Any updates on the storm system offshore happening today,online
so key figures involved in the industrial revolution key inventions pls,local
compare pointers vs references and graph traversal in one paragraph,local
Who's leading in the f1 race currently asap,online
"hey, law of cosines — proof and intuition for my notes",local
"fyi need to know, should i carry an umbrella in toronto today before my meeting",online
Current air quality index in chicago,online
tell me how long i will need to spend preparing a meat loaf dish,local
quick one - is the airline strike affecting traffic right now — need it fast,online
what is the ingredient list for an omelette,local
Laplace transform for my calculus homework before my exam,local
would you tell me your name,local
urgent - real time quote for silver rate — need it fast,online
Quick one - who won the ashes series last night pls,online
quick one - the central bank's rate decision status update please for real,online
update me on my delta flight please,online
see you later!,local
please change accent to british male,local
the vaccine rollout progress status update please while i'm stuck in traffic,online
so mutex vs semaphore for dummies pls,local
what will you call me,local
"Hey, vector cross product for my calculus homework?",local
am i low on gas,online
the unification of germany summary for history class,local
practice problem using derivative of a function briefly,local
Is the airport terminal open or blocked at the moment,online
give me my current location,online
Nasdaq today's high and low,online
"for my homework, real world use case for sharding for my notes",local
uh-huh,local
adjust your language setting to english,local
explain the silk road trade routes in a short paragraph with an example,local
can my car get to reno with the gas currently in my tank,online
engage whisper mode now,local
The heatwave alert — anything new in the last hour,online
so breaking news on the flood situation downtown for real,online
how do i get to the college by bus,online
"Need this for an interview, how to solve problems using hypothesis testing",local
what do i do to find my current location,online
i need a flight from nyc to paris with delta,online
good day,local
do i need a visa to go to greece,online
Ok so is ripple xrp pumping or dumping today asap,online
can you send me an uber to go to a restaurant in downtown phoenix,online
dogecoin market cap right now,online
what's the procedure to deal with lost luggage,online
"hey, explain big O notation with a simple example for revision",local
change the language you're using to american english,local
so ethereum today's high and low in the last hour,online
could you not talk so slowly,local
Ngl real time quote for tesla stock for the group chat,online
what is 34 times 80908,local
the decolonization of africa summary for history class pls,local
do i need a visa to travel to canada,online
"just checking, should i carry an umbrella in hyderabad today",online
ok background on the industrial revolution key inventions for my essay — struggling with this,local
"hey, infosys shares market cap right now",online
urgent - how is ripple xrp trending today at the moment,online
difference between joins in sql and sliding window technique,local
"Genuinely curious, timeline of ancient egyptian pyramid construction thanks",local
affiliate's definition is what,local
Quick one - the asia cup final result just now tonight,online
The world cup qualifier result just now,online
quick q - give me a quick rundown of ancient egyptian pyramid construction pls,local
heads or tails please,local
ok so the wimbledon final result just now,online
thanks for your response,local
key figures involved in the moon landing mission details,local
explain greedy algorithms with a simple example for revision,local
urgent - final score of the wimbledon final while i'm stuck in traffic,online
revise the ai name,local
Quick one - ethereum price action this week so far today,online
ngl who's leading in the nba game currently pls,online
solid overview of greedy algorithms for revision,local
"real talk, the grand slam tennis match highlights from tonight — need it fast",online
so why is promises vs callbacks used instead of graph traversal,local
"for class tomorrow, give me a quick rundown of ancient egyptian pyramid construction?",local
i need to know how many r's are in restaurant,local
Dow jones live chart movement,online
how do i change the speed of my ai's voice,local
"hey, permutations and combinations formula and when to use it — struggling with this",local
i appreciate the assistance,local
"make an uber reservation to the ymca, center city, philadelphia, please",online
i need help spelling superficial,local
which ingredients does gumbo have,local
"genuinely curious, subqueries in sql example in python please — struggling with this",local
"real talk, is there a heat advisory in delhi today currently",online
why is hash map used instead of stack vs heap memory,local
background on the american civil war causes for my essay for revision,local
Ok why is bit manipulation tricks used instead of subqueries in sql,local
ok explain the printing press invention impact in a short paragraph for revision,local
"genuinely curious, real world use case for generics in java briefly",local
"just checking, final score of the ashes series tonight",online
"just checking, how is crude oil price trending today in the last hour",online
quick one - current congestion level on the metro line,online
"please increase the speed of your speech, it is too slow",local
my credit card application has what status,online
"Just checking, the expressway conditions right now because of the storm for the group chat",online
solid overview of mutex vs semaphore for revision for revision,local
"need this for an interview, explain git rebase vs merge with a simple example",local
i want to be called mollie,local
"genuinely curious, central limit theorem formula and when to use it",local
"fyi need to know, is eur to usd pumping or dumping today rn",online
"Genuinely curious, walk me through linked list step by step thanks",local
quick one - traffic status on the metro line this morning for real,online
what's a cool and interesting thing about dogs,local
"Need this for an interview, walk through bayes theorem with numbers thanks",local
Ngl nasdaq price right now,online
am i your manager,local
"real talk, is the main train route open or blocked at the moment pls",online
derive eigenvalues and eigenvectors step by step,local
"ai, what can i call you",local
"genuinely curious, laplace transform — proof and intuition in simple terms",local
is the world cup qualifier still playing right now,online
who won the la liga clasico last night,online
"hey, gold rate market cap right now for the group chat",online
timeline of the wright brothers first flight — struggling with this,local
"genuinely curious, background on the cold war origins for my essay briefly",local
i want to hear an interesting fact about dinosaurs,local
are there any travel alerts for north korea,online
real time quote for dogecoin this evening,online
i need to know what traffic will be like in temp,online
should i carry an umbrella in hyderabad today,online
is the flyover near the city center closed due to the accident?,online
ok so is the harbor bridge flooded from the downpour right now in the last hour,online
"just checking, who won the t20 world cup game last night just curious",online
breaking news on the power outage in the city,online
timeline of the signing of the magna carta,local
How does inheritance vs composition actually work under the hood,local
tell me a neat fact about the ocean,local
Ok so the t20 world cup game highlights from tonight asap,online
apple stock market cap right now right now,online
i required a hotel room for 20 people from march 8th through march 20th in las vegas,online
how humid is it in pune right now,online
Key figures involved in the printing press invention impact,local
do not talk so loudly,local
what is the exchange rate from pounds sterling to us dollars,online
i am david,local
"for class tomorrow, why did the great depression causes happen — struggling with this",local
"need this for an interview, practice problem using law of sines for revision",local
set a timer to go off in 5 minutes,local
tell me what time my flight ought to be landing,online
will it rain in chennai in the next few hours,online
"hey, is the nba game still playing right now",online
"what do you suggest for entertainment in tampa, florida",online
explain the great depression causes in a short paragraph — struggling with this,local
quick one - current congestion level on the expressway just curious,online
Is the flight delayed out of los angeles due to fog,online
go back to your normal settings please,local
"hey, derive hypothesis testing step by step for revision",local
thanks,local
can you please book an uber to the zoo,online
what's the latest joke you've heard,local
tesla stock rate as of this minute today,online
what is the meaning of the word lux,local
how to solve problems using vector cross product thanks,local
would you give me directions to the closest starbucks restaurant,online
ok how to solve problems using taylor series expansion briefly,local
"for my homework, important dates related to the boston tea party thanks",local
"what does ""money"" mean",local
"please, no",local
book a flight from chicago to dc on monday and returning on wednesday,online
so topological sort vs dynamic programming which is better and when,local
let me know how much gas i have,online
"need this for an interview, i don't get dijkstra's algorithm, someone explain for revision",local
"hey, what's going on with the storm system offshore at the moment tonight",online
is it possible to make reservations with famous dave's restaurant,online
so is the airport terminal closed due to the accident as of now,online
Mutex vs semaphore example in python please briefly,local
practice problem using partial derivatives,local
how is everything with you,local
please roll the 10 sided dice,local
Any updates on the trade deal talks happening today,online
how would you implement window functions in sql from scratch,local
"Polymorphism, explain like i'm a beginner coder",local
what things can you do,local
i believe that to be false,local
what is a fun fact about mt everest,local
the border tensions — anything new in the last hour,online
i would like to find out if macaroni grill will be busy around 7:00 pm,online
"Hey, who won the wimbledon final last night for real",online
Is the f1 race still playing right now before i head out,online
"Hey, textbook definition of stack vs heap memory",local
i'd like to change the ai name,local
noodles need to cook for how long,local
compare microservices architecture and quick sort in one paragraph,local
what is the purpose of creation,local
Background on the age of exploration key figures for my essay,local
how do i know where i'm at,online
tell me how you're made,local
is the storm system offshore still ongoing tonight,online
the central bank's rate decision — anything new in the last hour,online
true,local
"For my homework, i don't get B-tree indexing, someone explain for my notes",local
so sharding for dummies in simple terms,local
"Just checking, the ring road conditions right now because of the storm rn",online
important dates related to the periodic table history for my notes,local
i'm travelling to seattle soon and want to inform my bank,online
"real talk, is the airport terminal open or blocked at the moment this morning",online
can you tell me if eating at outback's any good,online
i need an uber for 6 people to the movies,online
your answer is appreciated,local
integration by parts — proof and intuition,local
where is your home,local
ripple xrp price right now rn,online
i'd like to hear some trivia about florida,local
"how old are you, ai",local
"you're speaking too fast, slow down",local
give me a quick rundown of the moon landing mission details pls,local
Give me a quick rundown of the treaty of versailles terms?,local
"Hey, final score of the champions league final right now",online
how does primary key vs unique key actually work under the hood pls,local
"just checking, traffic status on the interstate this morning no cap",online
"from here on, you'll be responding to the name captain black",local
"Hey, the fall of the roman empire summary for history class",local
taylor series expansion explained with an example problem,local
"for class tomorrow, the great depression causes — what actually happened for my notes",local
quick q - how does normalization forms actually work under the hood thanks,local
how can i get your attention,local
"instead of pepper, can i use salt",local
compare thread pools and deadlocks in one paragraph,local
key figures involved in the signing of the magna carta,local
can you tell me some dog jokes,local
create a timer for me,local
Derive matrix multiplication rules step by step,local
Ok abstract class vs interface interview question breakdown with an example,local
whoa whoa please slow down,local
"need this for an interview, garbage collection tutorial with code thanks",local
quick q - window functions in sql tutorial with code thanks,local
urgent - how is cardano trending today before my meeting,online
who's leading in the premier league match currently — need it fast,online
how many minutes to melt cheese,local
how to solve this math problem,local
"hey, tcs stock price action this week so far today",online
where were you before moving here,local
how will traffic be at 7am on the way to my job,online
"genuinely curious, notes on version control branching for my assignment",local
ngl real time quote for bitcoin no cap,online
current valuation on dogecoin,online
key figures involved in the fall of the roman empire,local
"just checking, is the highway flooded from the downpour right now rn",online
set a six minute timer,local
"genuinely curious, the ottoman empire decline summary for history class in simple terms",local
Final score of the grand slam tennis match,online
"hey, the premier league match score update please tonight",online
say trivia about lebron james,local
"Hey, why did the periodic table history happen in simple terms",local
"hey, any updates on the storm system offshore happening today — need it fast",online
it is definitely affirmative,local
tell me some things to see in tampa,online
"need this for an interview, explain monolith vs microservices with a simple example for my notes",local
can you go back to my original settings,local
so who won the india vs australia test last night today,online
how to solve problems using convex optimization basics,local
quick one - who's leading in the la liga clasico currently right now,online
how long will it take to be seated at macaroni grill,online
promises vs callbacks tutorial with code — struggling with this,local
Final score of the champions league final,online
do you know your name,local
can you please sat it one more time,local
i wanna know the point of life,local
"Real talk, is it safe to drive in san francisco with this storm tonight",online
turn the volume up,local
Why is ACID properties used instead of virtual functions in c++ in simple terms,local
how much cad can i get with my one usd,online
is the covid case count rising this week,online
is the flight delayed out of kolkata due to fog,online
dynamic programming vs promises vs callbacks which is better and when,local
any updates on the trade deal talks happening today currently,online
"genuinely curious, derive derivative of a function step by step pls",local
So current valuation on sensex no cap,online
timeline of the industrial revolution key inventions,local
find me a new place for dinner,online
what is the traffic like on the way to makaha,online
how would you implement REST vs GraphQL from scratch for revision,local
so derive convex optimization basics step by step — struggling with this,local
use your quiet voice,local
any updates on the ceasefire negotiations happening today,online
i want to know the definition of discretionary,local
the subway line conditions right now because of the storm pls,online
explain the age of exploration key figures in a short paragraph,local
what does 2 + 2 equal,local
ok so is the cyclone warning affecting traffic right now no cap,online
Quick one - current congestion level on the main train route — need it fast,online
"genuinely curious, give me a quick rundown of the cold war origins briefly",local
gold rate today morning session,online
"Hey, live score for the ashes series rn",online
"hey, hypothesis testing formula and when to use it with an example",local
current congestion level on the flyover near the city center,online
urgent - bitcoin price right now rn,online
is there a travel alert for [country],online
quick one - real time quote for the s&p 500 just curious,online
ok compare asynchronous programming and version control branching in one paragraph briefly,local
Ok static vs dynamic typing example in python please in simple terms,local
"For class tomorrow, the theory of evolution basics — what actually happened thanks",local
ok probability distributions formula and when to use it thanks,local
did the earthquake near the coast get resolved yet,online
"Hey, any delays on the expressway today this evening",online
hey how's life,local
indicate something funny on the topic of food,local
Tcs stock price right now this evening,online
can you make a reservation at michael's,online
"Hey, current air quality index in chicago",online
Is the interstate closed due to the accident currently,online
tell my bank that i'll be in canada this weekend,online
"can you tell me the meaning of life, please",local
So is the wimbledon final still playing right now rn,online
any updates on the parliament session today happening today,online
Who's leading in the india vs australia test currently,online
does spain expect any travel alerts,online
"Real talk, is the highway closed due to the accident this evening",online
the expressway conditions right now because of the storm,online
key figures involved in the great depression causes briefly,local
Any delays on the interstate today,online
"For class tomorrow, difference between recursion and asynchronous programming",local
can i get an uber to central park for 5,online
i'm called tim,local
how to solve problems using correlation vs causation,local
final score of the ufc fight card no cap,online
"for class tomorrow, walk through taylor series expansion with numbers thanks",local
okay thanks,local
so compare monolith vs microservices and docker containers in one paragraph — struggling with this,local
so give me a quick rundown of the theory of evolution basics thanks,local
i don't know how to spell theater,local
"Need this for an interview, summarize docker containers in a few bullet points thanks",local
who else do you work for,local
give me a quick rundown of the treaty of versailles terms,local
when did you come to exist,local
"Need this for an interview, standard deviation formula for my calculus homework?",local
where did they make you,local
what do you enjoy doing in your leisure time,local
please talk to me in spanish,local
Who's leading in the f1 race currently,online
are you working for someone else,local
"Hey, how humid is it in mumbai right now before i head out",online
Quick one - traffic status on the interstate this morning just curious,online
Hash map vs binary search tree which is better and when,local
How bad is the ceasefire negotiations right now this evening,online
help me find a hotel in that has good reviews in columbus,online
caching strategies example in python please,local
Latest on the earthquake near the coast in real time no cap,online
so is nvidia stock pumping or dumping today currently,online
"For my homework, pros and cons of ci cd pipeline basics?",local
logarithm rules — proof and intuition thanks,local
any updates on the trade deal talks happening today,online
can i use coconut oil instead of olive oil,local
i need for you to ask the question again,local
what ingredients go in a milky way,local
roll a die,local
what is the meaning of supercede,local
"need this for an interview, give me a quick rundown of the russian revolution 1917 pls",local
reduce your speed of voice,local
ok so how is ripple xrp trending today while i'm stuck in traffic,online
"go ahead and flip that coin, i choose heads",local
"Need this for an interview, practice problem using central limit theorem for revision",local
who would you say you work for,local
Difference between bit manipulation tricks and thread pools,local
Summarize graph traversal in a few bullet points,local
i would like some help getting a rental car reserved in los angeles,online
tell me how traffic is looking on the interstate,online
"need this for an interview, the unification of germany — what actually happened for revision",local
quick one - is the subway line open or blocked at the moment before my meeting,online
please talk quietly,local
what's the traffic like on the way to patterson,online
is it okay if i change your name to mud,local
tell me about the weather today,online
quick one - the ashes series result just now this morning,online
Quick refresher on ci cd pipeline basics before my exam pls,local
"mock objects in testing, explain like i'm a beginner coder",local
"no, that can't be right",local
what are good places for a burrito in albuquerque,online
can traveling to nepal be safe (what's safe in x),online
how bad is the covid case numbers right now,online
quick one - any delays on the main train route today?,online
So dow jones today's high and low for the group chat,online
Eigenvalues and eigenvectors formula and when to use it,local
the premier league match score update please,online
how do i speed up the speech of this ai,local
Urgent - who won the ashes series last night pls,online
ok practice problem using derivative of a function,local
operator overloading in c++ tutorial with code,local
Ngl traffic status on the flyover near the city center this morning for the group chat,online
i would like the dice to be rolled,local
"genuinely curious, why did the american civil war causes happen before my exam",local
walk me through CAP theorem step by step,local
so important dates related to the silk road trade routes — struggling with this,local
"hey, difference between garbage collection and race conditions",local
compare primary key vs unique key and process vs thread in one paragraph,local
So quick check on infosys shares before i trade rn,online
is the storm system offshore still ongoing,online
the ufc fight card highlights from tonight,online
does moscow require travel visas to visit,online
"for my homework, practice problem using law of sines with an example",local
"fyi need to know, the euro cup semifinal result just now in the last hour",online
"For my homework, why did the partition of india happen",local
"real talk, the cabinet reshuffle status update please for the group chat",online
how do i change the name you came with to something else,local
"for my homework, partial derivatives for my calculus homework",local
is the traffic backed up at the closest circle k,online
"can you tell me how to say 'i do not speak much spanish', in spanish",local
"Real talk, the world cup qualifier highlights from tonight asap",online
"Hey, ethereum today's high and low no cap",online
final score of the ufc fight card,online
how do they say goodbye in hawaii,local
"just checking, is the subway line closed due to the accident while i'm stuck in traffic",online
what will you refer to me as,local
The cabinet reshuffle status update please,online
pros and cons of abstract class vs interface,local
"no, that is not right",local
i'm glad i got to talk to you,local
is the parliament session today affecting traffic right now?,online
standard deviation formula formula and when to use it,local
limits and continuity formula and when to use it,local
"Real talk, current valuation on nasdaq rn",online
i am in need of an uber to the hospital,online
how many canadian dollars can i get for 5 us dollars,online
"Observer pattern, explain like i'm a beginner coder",local
so is the flyover near the city center flooded from the downpour right now in the last hour,online
"Need this for an interview, how to solve problems using standard deviation formula in simple terms",local
one more time please,local
"if i lost my luggage, where can i get help",online
"genuinely curious, monolith vs microservices, explain like i'm a beginner coder in simple terms",local
"fyi need to know, traffic status on the interstate this morning",online
so background on the unification of germany for my essay before my exam,local
"i didn't get that, please repeat",local
"need this for an interview, why did the ottoman empire decline happen for my notes",local
ok so the asia cup final highlights from tonight right now,online
get louder,local
i'd like to know who made you,local
so message queues vs recursion which is better and when — struggling with this,local
i need to know how much gas i got,online
The india vs australia test score update please currently,online
what is your perception of the meaning of life,local
getting a null pointer exception in java when i loop through a list,local
So the t20 world cup game score update please asap,online
"genuinely curious, unit testing vs integration testing tutorial with code",local
the premier league match result just now — need it fast,online
generics in java example in python please — struggling with this,local
i didn't get your name,local
so practice problem using markov chains,local
"for class tomorrow, probability distributions — proof and intuition before my exam",local
how good are the ratings for applebees,online
"need this for an interview, background on the decolonization of africa for my essay in simple terms",local
i would like you to repeat yourself,local
that is affirmative,local
can i use baking powder instead of baking soda,local
i want your responses to be in french,local
your birth occurred where,local
that’s incorrect,local
live score for the premier league match right now,online
let me know something funny,local
"fyi need to know, how bad is the election results right now tonight",online
"real talk, did sensex go up or down this morning asap",online
how have you been doing,local
"from now on, i want you to answer me using japanese",local
how bad is the trade deal talks right now tonight,online
"Ok i don't get virtual memory, someone explain",local
Pros and cons of publish subscribe pattern — struggling with this,local
the india vs australia test highlights from tonight,online
"what are some fun, tourist sites to see in nyc",online
"need this for an interview, explain the theory of evolution basics in a short paragraph thanks",local
ok explain the russian revolution 1917 in a short paragraph for my notes,local
difference between quick sort and race conditions,local
"Hey, is the flyover near the city center open or blocked at the moment rn",online
"fyi need to know, breaking news on the storm system offshore as of now",online
"genuinely curious, explain the unification of germany in a short paragraph with an example",local
walk me through process vs thread step by step,local
weather in costa mesa,online
so explain the partition of india in a short paragraph for my notes,local
"for my homework, notes on monolith vs microservices for my assignment before my exam",local
"For class tomorrow, pros and cons of dynamic programming for revision",local
explain race conditions with a simple example,local
"Just checking, is sensex pumping or dumping today for the group chat",online
Quick one - latest on the election results in real time this morning,online
limits and continuity formula and when to use it with an example,local
tell me where i am on a map,online
"hey, window functions in sql — key points to remember for revision",local
"fyi need to know, who won the nba game last night rn",online
how long will it take to fix shepherd's pie,local
can you tell me how you're doing today,local
Background on the printing press invention impact for my essay,local
tell me if per se in nyc takes reservations,online
Notes on mutex vs semaphore for my assignment,local
"i keep forgetting stack vs heap memory, break it down for me",local
what is the definition of didactic,local
any delays on the metro line today at the moment,online
So practice problem using bayes theorem — struggling with this,local
"hey, the central bank's rate decision status update please",online
"hey, practice problem using derivative of a function",local
"can you speak a little faster, please",local
make the volume set to 4,local
quick one - did silver rate go up or down this morning,online
real world use case for abstract class vs interface,local
can i substitute butter for margarine,local
ai please repeat,local
has the application i put in for a new visa been processed,online
walk me through kubernetes pods step by step,local
how to solve problems using markov chains,local
use a woman's voice,local
Difference between CAP theorem and static vs dynamic typing,local
change to female voice,local
"find a columbus, ohio hotel with good reviews",online
how do you feel,local
explain mutex vs semaphore with a simple example,local
how many culver's take reservations,online
"genuinely curious, why did the wright brothers first flight happen thanks",local
main causes and effects of the age of exploration key figures,local
good to see you,local
operator overloading in c++ for dummies thanks,local
set a five minute timer,local
The cyclone warning developments as of today,online
"real talk, the s&p 500 rate as of this minute",online
what is intercontinental mean,local
is cardano pumping or dumping today pls,online
what's a good place to eat chinese in san francisco,online
CAP theorem vs singleton pattern which is better and when,local
what's the meaning of this life,local
"so i don't get monolith vs microservices, someone explain — struggling with this",local
i want you to reset to brand new please,local
"fyi need to know, the border tensions status update please for the group chat",online
i didn't hear you please repeat,local
on may 12 to may 16 can i get a car from aiken,online
why is subqueries in sql used instead of foreign key constraints,local
how many a's can you find in the word happiness,local
how long will it take to make the wings,local
ok why did the signing of the magna carta happen — struggling with this,local
"Fyi need to know, silver rate rate as of this minute tonight",online
"i don't get hash map, someone explain",local
Is the subway line open or blocked at the moment,online
what is the weather for tomorrow in georgia,online
what's going on with the trade deal talks at the moment just curious,online
"Hey, walk through linear regression math with numbers pls",local
Real time quote for ripple xrp,online
so deadlocks cheat sheet?,local
roll the dice,local
find out what wait times are like right now at olive garden,online
how would you implement memoization from scratch,local
so abstract class vs interface vs promises vs callbacks which is better and when,local
"Just checking, who's leading in the wimbledon final currently in the last hour",online
quick q - timeline of the industrial revolution key inventions for my notes,local
"Genuinely curious, practice problem using vector cross product — struggling with this",local
Is the subway line closed due to the accident,online
Ngl the wimbledon final score update please for real,online
quick q - background on the boston tea party for my essay before my exam,local
Background on the cold war origins for my essay for revision,local
Quick q - difference between pointers vs references and abstract class vs interface in simple terms,local
ngl is there a heat advisory in los angeles today for real,online
graph traversal — key points to remember,local
what do you do when you're not working,local
"for my homework, partial derivatives explained with an example problem?",local
did the cyclone warning get resolved yet,online
what ingredients are in spinach dip,local
"For my homework, primary key vs unique key example in python please — struggling with this",local
cya later,local
can you tell me your name,local
did silver rate go up or down this morning as of now,online
live score for the la liga clasico?,online
"real talk, any delays on the interstate today no cap",online
"I keep forgetting joins in sql, break it down for me",local
what company coded you,local
the treaty of versailles terms — what actually happened,local
could you pull up my location on the map,online
urgent - did nvidia stock go up or down this morning just curious,online
"hey, how to solve problems using fourier transform briefly",local
ngl the la liga clasico highlights from tonight no cap,online
"fyi need to know, is the airport terminal flooded from the downpour right now this morning",online
urgent - is the airport terminal open or blocked at the moment this evening,online
what's a good restaurant nearby,online
"For class tomorrow, why did the mughal empire timeline happen briefly",local
how long to i bake the brownies,local
difference between joins in sql and SOLID principles,local
how to solve problems using probability distributions pls,local
"just heard about the ceasefire negotiations, what's the latest for the group chat",online
Summarize normalization in databases in a few bullet points,local
"need this for an interview, notes on normalization in databases for my assignment — struggling with this",local
real time quote for nasdaq,online
Who's leading in the euro cup semifinal currently,online
"for class tomorrow, key figures involved in the industrial revolution key inventions",local
ngl dogecoin rate as of this minute no cap,online
Practice problem using limits and continuity,local
ok so is the interstate open or blocked at the moment?,online
what is 500 x 25,local
what is my location right now,online
i'm traveling to england soon and want to inform my bank,online
"hey, compare memoization and thread pools in one paragraph",local
please revert to your factory settings,local
any delays on the metro line today before my meeting,online
i wanna know something funny,local
Ok so quick check on nasdaq before i trade rn,online
let me know the status of flight dl123,online
"fyi need to know, the champions league final result just now asap",online
can you increase the speaker volume,local
quick one - how is eur to usd trending today,online
"just heard about the flood situation downtown, what's the latest",online
yes you are,local
"genuinely curious, quick refresher on two pointer technique before my exam before my exam",local
ok so silver rate price action this week so far just curious,online
Deadlocks vs TCP vs UDP which is better and when,local
what's the direction for foot traffic to get to the eiffel tower,online
who is this ai's creater,local
what does altruism mean,local
background on the theory of evolution basics for my essay,local
ngl will it rain in chennai in the next few hours as of now,online
matrix multiplication rules — proof and intuition pls,local
please get me an uber to get to the movies,online
so how to solve problems using correlation vs causation?,local
alert the bank that i am traveling to tokyo on the 7th until the 21st,online
quick q - correlation vs causation for my calculus homework pls,local
what do you prefer to be called,local
is being alive the meaning of life,local
Did reliance shares go up or down this morning,online
randomly pick between heads or tails and tell me if tails wins,local
ngl the earthquake near the coast status update please today,online
how does monolith vs microservices actually work under the hood briefly,local
start the timer now and stop at thirty minutes,local
ngl real time quote for apple stock right now,online
"just checking, any delays on the metro line today before i head out",online
you work for what company or person exactly,local
may i know who made you,local
"hey, traffic status on the main train route this morning — need it fast",online
Ngl who's leading in the india vs australia test currently?,online
Ngl traffic status on the metro line this morning just curious,online
quick one - will it rain in berlin in the next few hours — need it fast,online
Background on the russian revolution 1917 for my essay,local
ngl the ashes series score update please at the moment,online
ngl real time quote for gold rate in the last hour,online
how can i track the progress of my credit card application,online
"can you flip a coin, i will take tails",local
who's leading in the world cup qualifier currently,online
"I don't get mock objects in testing, someone explain",local
"just checking, will it rain in toronto in the next few hours",online
thanks!,local
why did when the berlin wall fell happen in simple terms,local
which restaurants in reno are good for sushi,online
"real talk, the grand slam tennis match highlights from tonight no cap",online
hypothesis testing — proof and intuition,local
the wildfire in the hills — anything new in the last hour,online
so how to solve problems using logarithm rules thanks,local
"just checking, live score for the premier league match currently",online
"genuinely curious, practice problem using matrix multiplication rules before my exam",local
how good are the ratings for chez panisse,online
so traffic status on the flyover near the city center this morning while i'm stuck in traffic,online
so background on the great depression causes for my essay thanks,local
who would you say that you are working for,local
"genuinely curious, give me a quick rundown of the american civil war causes thanks",local
my luggage is missing i was on spirit flight ab123 from chicago,online
adios ai,local
nvidia stock today's high and low,online
"hey, convex optimization basics formula and when to use it — struggling with this",local
quick one - real time quote for the s&p 500 at the moment,online
"just heard about the storm system offshore, what's the latest as of now",online
help me find a good reviews hotel in la,online
i need an uber,online
does life have meaning,local
i want change your name to russ,local
tell me the traffic at lexington,online
tell me about any travel alerts issued for germany,online
is the expressway open or blocked at the moment just curious,online
"for class tomorrow, walk through partial derivatives with numbers for revision",local
"hey, taylor series expansion explained with an example problem in simple terms",local
"ok dynamic programming, explain like i'm a beginner coder in simple terms",local
"i keep forgetting garbage collection, break it down for me",local
i'd like to know my current location,online
"Fyi need to know, did nasdaq go up or down this morning currently",online
SOLID principles cheat sheet,local
main causes and effects of the mughal empire timeline,local
Quick q - important dates related to the treaty of versailles terms with an example,local
summarize backtracking algorithms in a few bullet points,local
Real world use case for lambda expressions in simple terms,local
solid overview of message queues for revision for revision,local
find me the closest public bathroom,online
Quick one - is gold rate pumping or dumping today this morning,online
how do i find lost luggage in an airport,online
bitcoin today's high and low right now,online
derive matrix multiplication rules step by step,local
whats the latest on flight dl123,online
can you roll dice,local
Solid overview of generics in java for revision,local
"for class tomorrow, practice problem using probability distributions",local
Correlation vs causation formula and when to use it,local
convert inches to centimeters,local
who's leading in the f1 race currently,online
The nba game highlights from tonight,online
how do i change the language that your responses are delivered in,local
ok explain the causes of world war 1 in a short paragraph with an example,local
Urgent - silver rate market cap right now before i head out,online
quick one - who won the t20 world cup game last night no cap,online
ok how to solve problems using the pythagorean theorem,local
now use male voice,local
will traffic be light on the way to orlando,online
So matrix multiplication rules formula and when to use it?,local
i need to roll a 10 sided die,local
how much time do i need to prepare chicken,local
notes on hash map for my assignment briefly,local
are you a member or the human race or are you a computer program,local
i need to know what is 85% of $1500,local
Did the s&p 500 go up or down this morning asap,online
please tell me the amount of gas i have,online
so derive standard deviation formula step by step — struggling with this,local
is it possible to make reservations in advance for macaroni grill,online
i'm going to need you to be quiet now please,local
Derive integration by parts step by step,local
do you know how many o's are in honor,local
Ngl is there a heat advisory in paris today — need it fast,online
i want to edit the language,local
what's going on with the parliament session today at the moment,online
kubernetes pods example in python please,local
Textbook definition of lambda expressions in simple terms,local
Compare operator overloading in c++ and merge sort in one paragraph,local
just one more time,local
"real talk, latest on the central bank's rate decision in real time before my meeting",online
i want to cook a quick breakfast what ingredients do i need,local
where can i rent a car soon,online
can you tell me what 30% off 279 is,local
can you flip a coin and tell me the result,local
so derive markov chains step by step with an example,local
standard deviation formula explained with an example problem,local
could you tell me how to get to the statue of liberty by bus,online
tell me once more,local
"for my homework, timeline of the age of exploration key figures?",local
no that is not right,local
"Hey, background on the treaty of versailles terms for my essay in simple terms",local
quick refresher on multithreading in java before my exam pls,local
will you roll a 4 sided dice,local
"Fyi need to know, current congestion level on the interstate just curious",online
quick refresher on binary search tree before my exam,local
is the interstate flooded from the downpour right now before my meeting,online
can you tell me what the wait is like right now at cracker barrel,online
is the harbor bridge flooded from the downpour right now,online
how long will i have to wait if i want to eat at panera,online
solid overview of kubernetes pods for revision before my exam,local
"real talk, live score for the la liga clasico currently",online
"ok i don't get regular expressions, someone explain before my exam",local
How to solve problems using hypothesis testing,local
my recursive function keeps hitting a stack overflow,local
the s&p 500 price right now — need it fast,online
is the metro line closed due to the accident as of now,online
give me a quick rundown of the unification of germany in simple terms,local
could i rent a car from tuesday to thursday out of lax,online
quick refresher on hash map before my exam,local
any train delays on the main line right now,online
explain inheritance vs composition with a simple example,local
ngl will it rain in singapore in the next few hours as of now,online
"hey, background on the american civil war causes for my essay for my notes",local
"For my homework, connection pooling for dummies?",local
gradient descent math — proof and intuition,local
"Just checking, any delays on the expressway today this morning",online
"need this for an interview, timeline of the great depression causes with an example",local
how good are the ratings for the olive garden,online
give me a quick rundown of the wright brothers first flight pls,local
law of cosines explained with an example problem for my notes,local
tell me something funny about animals,local
could you tell me where did you originate,local
"Fyi need to know, traffic status on the highway this morning at the moment",online
"For my homework, notes on message queues for my assignment before my exam",local
my binary tree insert function duplicates nodes on the right side,local
"ok virtual functions in c++, explain like i'm a beginner coder?",local
slow down,local
Urgent - who's leading in the grand slam tennis match currently no cap,online
i am thankful for your help!,local
when was your birth,local
quick one - any delays on the harbor bridge today this morning,online
quick q - why did the great depression causes happen pls,local
no that isn't correct,local
ok so how is dow jones trending today while i'm stuck in traffic,online
current valuation on ethereum,online
"when asked who you work for, what would you say",local
is sparks experiencing bad weather right now,online
does boise have any good indian restaurants,online
the french revolution timeline — what actually happened before my exam,local
i need to know how to convert liters into pints,local
How is tesla stock trending today before i head out,online
let me call you fred,local
who's leading in the la liga clasico currently,online
i vote yes,local
what are some hot travel destinations,online
would you consider yourself to be a bot,local
do you know how long of a wait it will be,online
"just checking, is it safe to drive in toronto with this storm currently",online
quick q - practice problem using limits and continuity for my notes,local
what is your age,local
so gradient descent math — proof and intuition briefly,local
current congestion level on the flyover near the city center as of now,online
"ngl just heard about the border tensions, what's the latest today",online
ngl how is apple stock trending today while i'm stuck in traffic,online
i'd like to know when you were born,local
is it possible for you to use the whisper voice,local
can you please reserve my uber to go to devon's seafood restaurant,online
tell me a dirty joke,local
The vaccine rollout progress status update please?,online
quick one - who's leading in the ufc fight card currently currently,online
that's the truth,local
When should i pick CAP theorem over version control branching,local
get me a flight for tuesday on spiritcom to las vegas from chicago,online
"For my homework, walk through gradient descent math with numbers?",local
let me know how old you are,local
"hey, stop talking like you're a stretch taped",local
ok main causes and effects of the french revolution timeline before my exam,local
"fyi need to know, just heard about the ceasefire negotiations, what's the latest rn",online
help me a great hotel in vegas for this weekend,online
so how is sensex trending today today,online
derive derivative of a function step by step before my exam,local
difference between primary key vs unique key and dynamic programming,local
who brought you up,local
ok hash map interview question breakdown,local
the ring road conditions right now because of the storm,online
How bad is the trade deal talks right now,online
did the central bank tweak interest margins this morning,online
the treaty of versailles terms summary for history class,local
"Hey, cardano rate as of this minute asap",online
ok pros and cons of garbage collection for my notes,local
urgent - the euro cup semifinal score update please before i head out,online
"Just checking, the asia cup final result just now no cap",online
return to factory default,local
"would you say that again, please",local
i need to let my bank know i am traveling to paris,online
read me the current weather report for tallahassee,online
are you now working for me,local
can i make your name different,local
ok chain rule in calculus formula and when to use it,local
any delays on the interstate today,online
Quick q - practice problem using taylor series expansion in simple terms,local
How to solve problems using markov chains,local
"For class tomorrow, standard deviation formula explained with an example problem",local
"Hey, is the euro cup semifinal still playing right now for real",online
the india vs australia test highlights from tonight — need it fast,online
the cyclone warning developments as of today while i'm stuck in traffic,online
"just checking, is the premier league match still playing right now this morning",online
abstract class vs interface tutorial with code,local
important dates related to the age of exploration key figures,local
"fyi need to know, traffic status on the highway this morning currently",online
quick one - is the flight delayed out of tokyo due to fog this morning,online
"need this for an interview, give me a quick rundown of the printing press invention impact with an example",local
please roll the dice,local
urgent - is it safe to drive in chicago with this storm rn,online
How bad is the tech layoffs news right now this evening,online
no is the answer,local
tesla stock live chart movement,online
The cyclone warning — anything new in the last hour while i'm stuck in traffic,online
derive logarithm rules step by step with an example,local
nasdaq rate as of this minute for the group chat,online
should i get a visa for crete,online
eur to usd market cap right now,online
what's going on with the earthquake near the coast at the moment,online
roll an eight sided die,local
"for my homework, central limit theorem — proof and intuition pls",local
"for my homework, linear regression math — proof and intuition before my exam",local
urgent - current congestion level on the airport terminal in the last hour,online
so practice problem using bayes theorem — struggling with this,local
subtract 85 from 997,local
urgent - the ufc fight card result just now as of now,online
what name should i use to address you,local
please call me johnny,local
so the wimbledon final highlights from tonight before my meeting,online
explain the industrial revolution key inventions in a short paragraph pls,local
what can i refer to you by,local
can you tell me a joke,local
can you tell me the definition of sucrose,local
how close is a gas station to mcdonalds,online
"genuinely curious, thread pools for dummies before my exam",local
quick one - final score of the champions league final while i'm stuck in traffic,online
ngl latest on the cabinet reshuffle in real time?,online
what are the reviews for mountain mikes,online
when is the next time it is suppose to rain,online
show me 5-star dining establishments in nashville,online
so traffic status on the harbor bridge this morning as of now,online
so the harbor bridge conditions right now because of the storm,online
where should i travel if i want to go to a nice beach,online
"for my homework, explain virtual memory with a simple example for revision",local
the partition of india — what actually happened pls,local
solid overview of singleton pattern for revision,local
do i need a travel visa to visit russia,online
how can i change centimeters into inches,local
how to solve problems using set theory basics for revision,local
what do you do in your down time,local
can you swap to male voice,local
tell me what the weather is like,online
walk me through git rebase vs merge step by step,local
practice problem using taylor series expansion,local
i need to find my luggage,online
when should i pick unit testing vs integration testing over kubernetes pods,local
where did you used to live,local
quick one - how humid is it in seoul right now in the last hour,online
ok so nasdaq market cap right now pls,online
So the discovery of penicillin — what actually happened with an example,local
"genuinely curious, linear regression math explained with an example problem",local
give me the reviews for chipotle,online
Reliance shares price right now?,online
how many miles before i run out of gas,online
Regular expressions interview question breakdown,local
i need an uber please,online
ok walk me through pointers vs references step by step,local
"i keep forgetting normalization forms, break it down for me",local
quadratic formula formula and when to use it,local
can i substitute salt for pepper,local
nice to see you,local
"Fyi need to know, did tesla stock go up or down this morning pls",online
"i don't get git rebase vs merge, someone explain",local
ok pros and cons of test driven development,local
restore your original settings now,local
foreign key constraints — key points to remember,local
who's leading in the wimbledon final currently,online
find out what the word abrogate means for me,local
not true,local
what's the point of everything,local
good evening,local
How to solve problems using quadratic formula?,local
i need a rental car for sfo from friday to saturday,online
please check if i can do a car rental from charlotte douglas airport from monday to wednesday,online
i would appreciate it if you could tell me the status of my southwest flight,online
what is the name of the person who created you,local
"what is the meaning of word ""rescind",local
reliance shares today's high and low rn,online
how are things with you,local
The premier league match score update please rn,online
Inheritance vs composition — key points to remember,local
so did gold rate go up or down this morning pls,online
real world use case for event loop in node,local
"need this for an interview, taylor series expansion — proof and intuition for my notes",local
can you please help me locate my luggage,online
so the flood situation downtown status update please just curious,online
quick q - why did the mughal empire timeline happen,local
do i need an international visa to enter canada,online
compare polymorphism and normalization forms in one paragraph in simple terms,local
is it okay to switch water for milk,local
is the election results still ongoing this morning,online
"what's the name that you have for me, please",local
explain the ottoman empire decline in a short paragraph pls,local
that's not what i want!,local
is the expressway open or blocked at the moment in the last hour,online
"fyi need to know, is the airport terminal flooded from the downpour right now for the group chat",online
practice problem using eigenvalues and eigenvectors in simple terms,local
can i get to work safely or do i need to stop and get gas,online
matrix multiplication rules for my calculus homework,local
quick q - notes on database indexing for my assignment,local
"flip that coin please, i choose heads",local
can i substitute cream for milk,local
do you know whether ihop does reservations,online
"genuinely curious, when should i pick operator overloading in c++ over sharding with an example",local
"please, recite to me some good one liners",local
book a flight from seattle to dallas-fort worth on april the 1st and returning on april 5th,online
what weather should i expect,online
what percentage of gas do i have left,online
ngl the expressway conditions right now because of the storm this evening,online
don't you work for someone else,local
i need the exchange rate between pounds and us dollars,online
bring up my location,online
"Hey, who's leading in the world cup qualifier currently today",online
please your volume,local
"for my homework, important dates related to the decolonization of africa thanks",local
pros and cons of immutability in functional programming thanks,local
book a flight from sacremento to tampa two weeks from now and returning a month after,online
who made the ai,local
Quick q - gradient descent math — proof and intuition for my notes,local
i prefer female voice now,local
how much gas is in the tank,online
notes on window functions in sql for my assignment,local
important dates related to the silk road trade routes,local
compare bit manipulation tricks and dijkstra's algorithm in one paragraph,local
quick q - main causes and effects of when the berlin wall fell briefly,local
remind me in (x) hours,local
the election results status update please today,online
ethereum price right now no cap,online
How would you implement asynchronous programming from scratch,local
i wanna know how many teaspoons are in a tablespoon,local
"Hey, why did the boston tea party happen for revision",local
"Need this for an interview, derive standard deviation formula step by step",local
"fyi need to know, current valuation on dogecoin before i head out",online
the industrial revolution key inventions summary for history class,local
who developed your internal code,local
joins in sql interview question breakdown,local
Ngl final score of the nba game for real,online
quick q - fourier transform formula and when to use it thanks,local
reliance shares price right now,online
solid overview of CAP theorem for revision,local
did the heatwave alert get resolved yet,online
so walk through bayes theorem with numbers thanks,local
"genuinely curious, timeline of the causes of world war 1 for my notes",local
inform my bank i will travel to brazil from june 1st to july 1st,online
"Hey, the storm system offshore — anything new in the last hour rn",online
the interstate conditions right now because of the storm?,online
permutations and combinations — proof and intuition for revision,local
i say negative,local
The printing press invention impact — what actually happened before my exam,local
i want to change your name to theodore,local
Urgent - is the main train route closed due to the accident before i head out,online
So pros and cons of dijkstra's algorithm thanks,local
confirm a flight for me from ft lauderdale to houston on southwest,online
make sure to set yourself to whisper mode before i go to the movie,local
do they take reservations at state bird,online
"hey, important dates related to the industrial revolution key inventions for revision",local
microservices architecture cheat sheet before my exam,local
notes on map reduce filter functions for my assignment,local
"need this for an interview, key figures involved in the industrial revolution key inventions?",local
"for class tomorrow, textbook definition of binary search tree for revision",local
quick q - markov chains formula and when to use it,local
urgent - current congestion level on the toll plaza just curious,online
who's leading in the india vs australia test currently,online
the t20 world cup game result just now — need it fast,online
"would you find my location on the map, please",online
select a new language,local
The main train route conditions right now because of the storm,online
do a coin toss,local
will you roll a d20,local
Explain quick sort with a simple example,local
let me know what subjects you comprehend well,local
practice problem using quadratic formula,local
how busy is ihop at 5 pm,online
"restore your original settings, please",local
"real talk, real time quote for eur to usd today",online
Is the euro cup semifinal still playing right now pls,online
"please book me an uber and enter destination penn station, new york",online
derive gradient descent math step by step before my exam,local
"need this for an interview, dijkstra's algorithm cheat sheet",local
can you translate bat into russian for me,local
quick q - derive law of cosines step by step pls,local
is the subway line flooded from the downpour right now,online
what kind of reviews does wendy's have,online
Background on the ottoman empire decline for my essay,local
what is 78 times 81 minus 5,local
Traffic status on the ring road this morning for the group chat,online
"hey, real world use case for TCP vs UDP thanks",local
"hey, solid overview of sliding window technique for revision",local
"hey, who won the t20 world cup game last night tonight",online
"Just checking, the s&p 500 today's high and low rn",online
i need to know what names you have for me,local
what is the underlying purpose to life,local
would you tell me your age,local
is reliance shares pumping or dumping today,online
"just checking, the asia cup final score update please?",online
i'm travelling to ireland soon and want to inform my bank,online
what questions am i allowed to ask,local
any delays on the metro line today,online
the cold war origins summary for history class pls,local
ethereum rate as of this minute,online
help me find a roundtrip flight for may 7th through the 20th from pittsburgh to chicago,online
"i can't locate my luggage, i was on jetblue flight ab123 out of detroit",online
how to solve problems using partial derivatives,local
is silver rate pumping or dumping today,online
is the traffic bad at 5:00 if i'm going to the mall,online
"real talk, ethereum live chart movement today",online
what type of restaurants are nearby,online
i'd like to hear a fun fact about adult entertainment,local
Current congestion level on the toll plaza,online
ok timeline of the mughal empire timeline — struggling with this,local
what's your recommendation for dining out tonight,online
"for my homework, derivative of a function — proof and intuition for my notes",local
how to solve problems using limits and continuity?,local
"fyi need to know, the tech layoffs news status update please for real",online
getting circular import error between two python modules,local
what are the latest travel alerts for dubai,online
Ok so did the protest downtown get resolved yet just curious,online
how do you usually refer to me,local
Tail recursion interview question breakdown,local
The theory of evolution basics — what actually happened,local
"genuinely curious, key figures involved in the cold war origins for my notes",local
the partition of india summary for history class?,local
i need to go now,local
give me a quick rundown of when the berlin wall fell,local
Ok so the s&p 500 price action this week so far,online
who's leading in the premier league match currently right now,online
current air quality index in toronto while i'm stuck in traffic,online
"Hey, is the toll plaza closed due to the accident currently",online
"for my homework, practice problem using taylor series expansion before my exam",local
"hey, live score for the nba game",online
am i the one you work for,local
any delays on the flyover near the city center today,online
taylor series expansion — proof and intuition before my exam,local
i'd like to hear a joke,local
i want to fly southwest from dallas to phoenix,online
meaning of life is,local
How does multiple inheritance in python actually work under the hood,local
Who won the champions league final last night,online
decrease volume level,local
what is the square root of 10500,local
may i know if you are a real person or an ai,local
"Need this for an interview, practice problem using law of sines for revision",local
how busy is ihop generally around noon,online
so important dates related to the discovery of penicillin with an example,local
Is it safe to drive in new york with this storm,online
switch over from female to the male voice,local
How does REST vs GraphQL actually work under the hood in simple terms,local
"for class tomorrow, why is docker containers used instead of mutex vs semaphore with an example",local
what is an 18 percent tip on 20 dollars,local
use your male voice,local
"for class tomorrow, the causes of world war 1 summary for history class — struggling with this",local
does ihop have a lot of business around 7 am,online
how are the burgers at carl jr's,online
"For my homework, walk me through compiler vs interpreter step by step pls",local
tell me a pun,local
please go ahead and increase your speaker volume,local
"hey, nvidia stock live chart movement for the group chat",online
final score of the ashes series as of now,online
so hypothesis testing for my calculus homework for my notes,local
Summarize sliding window technique in a few bullet points for revision,local
pull up traffic predictions at 4pm on the way to the library,online
would i need a travel visa to go to the congo,online
ngl is the highway open or blocked at the moment currently,online
ok so gold rate rate as of this minute asap,online
real world use case for normalization forms,local
you should reset your factory settings,local
Eur to usd rate as of this minute,online
"Fyi need to know, is the t20 world cup game still playing right now",online
quick one - any updates on the central bank's rate decision happening today before my meeting,online
"for class tomorrow, explain the fall of the roman empire in a short paragraph",local
i need you to increase your volume,local
B-tree indexing — key points to remember,local
Race conditions — key points to remember — struggling with this,local
latest on the covid case numbers in real time,online
how to solve problems using gradient descent math,local
"need this for an interview, important dates related to the industrial revolution key inventions in simple terms",local
practice problem using fourier transform,local
"my luggage is lost,what do i do now",online
"i don't get immutability in functional programming, someone explain",local
whisper from now on,local
"just checking, will it rain in bangalore in the next few hours",online
"for my homework, timeline of the unification of germany before my exam",local
"for class tomorrow, give me a quick rundown of the cold war origins?",local
"hey, bayes theorem formula and when to use it for revision",local
what's going on with the trade deal talks at the moment no cap,online
what are the things you like to do for fun,local
Quick q - matrix multiplication rules — proof and intuition with an example,local
is there a heat advisory in hyderabad today,online
gradient descent math for my calculus homework,local
the ottoman empire decline — what actually happened,local
"for my homework, important dates related to the renaissance key artists with an example",local
my flask app throws 500 error on post request only,local
"i am not a bot, are you",local
you can call me brandon,local
"genuinely curious, main causes and effects of the partition of india for my notes",local
what ingredients are in sugar cookies,local
"need this for an interview, give me a quick rundown of the renaissance key artists — struggling with this",local
latest on the supreme court verdict in real time,online
are there some good thai restaurants in san antonio,online
can you say that over,local
"genuinely curious, publish subscribe pattern, explain like i'm a beginner coder before my exam",local
what is the amount of gas left,online
is there a heat advisory in new york today just curious,online
the toll plaza conditions right now because of the storm asap,online
who can i turn to if i lost my luggage,online
traffic status on the expressway this morning in the last hour,online
what do you have answers for,local
please go back to the original settings,local
"just checking, any updates on the airline strike happening today",online
Practice problem using the pythagorean theorem,local
"Fyi need to know, is the interstate closed due to the accident for real",online
where was it you were made,local
i enjoyed talking to you,local
quick one - crude oil price today's high and low in the last hour,online
"just checking, is the metro line open or blocked at the moment",online
So key figures involved in the periodic table history,local
"flip a coin for me, with you calling heads",local
quick check on tesla stock before i trade,online
"Genuinely curious, walk me through normalization in databases step by step with an example",local
The flyover near the city center conditions right now because of the storm,online
"hey, any delays on the ring road today before i head out",online
what is my name saved as,local
were you born in a hospital,local
"just checking, current air quality index in hyderabad tonight",online
what do people say life means or the meaning is,local
how real are you,local
Will it rain in singapore in the next few hours this morning,online
quick one - real time quote for apple stock pls,online
do you know any trivia about the ocean,local
"Genuinely curious, hypothesis testing formula and when to use it for revision",local
"for class tomorrow, notes on inheritance vs composition for my assignment with an example",local
"just checking, how is tcs stock trending today",online
switch to male british accent,local
who gave you life,local
do i need a visa to leave the country,online
can i call you dave,local
is it going to be sunny today,online
its date night and we cant decide where to go help,online
i need an uber for 7 people to go to safire restaurant,online
ci cd pipeline basics tutorial with code,local
"Genuinely curious, compare immutability in functional programming and unit testing vs integration testing in one paragraph?",local
how can i say not now in spanish,local
Give me a quick rundown of the ottoman empire decline,local
should i take a different route to work,online
tesla stock rate as of this minute asap,online
compiler vs interpreter vs unit testing vs integration testing which is better and when,local
Quick one - is the airport terminal flooded from the downpour right now — need it fast,online
"need this for an interview, the wright brothers first flight summary for history class",local
Did the power outage in the city get resolved yet,online
how to solve problems using permutations and combinations,local
Tesla stock rate as of this minute,online
what would you like to call me,local
how do i activate you,local
is solana pumping or dumping today this morning,online
Ok so the ufc fight card score update please in the last hour,online
the champions league final highlights from tonight no cap,online
is there a uv or smog alert for tomorrow,online
tell me how handkerchief is spelled,local
tell me the exchange rate between dollars and pesos,online
"genuinely curious, matrix multiplication rules for my calculus homework before my exam",local
ok practice problem using law of sines with an example,local
would you just like to call me paul,local
how long does it take to get a table at chili's,online
what is your nationality,local
will it rain in new york in the next few hours,online
i need a hotel booked in denver near the museum from friday to saturday,online
abstract class vs interface — key points to remember in simple terms,local
how do you say hello in french,local
who won the ufc fight card last night,online
latest on the flood situation downtown in real time before i head out,online
so did eur to usd go up or down this morning,online
Joins in sql for dummies,local
"fyi need to know, the supreme court verdict — anything new in the last hour asap",online
what can i use you to help me with,local
urgent - silver rate price right now before i head out,online
i applied for a new credit card; did it process yet,online
ngl the asia cup final highlights from tonight in the last hour,online
final score of the ashes series for real,online
any delays on the expressway today this morning,online
quick one - is the interstate open or blocked at the moment rn,online
key figures involved in the russian revolution 1917 with an example,local
what's the meaning of affiliate,local
Is the flyover near the city center open or blocked at the moment,online
why did the theory of evolution basics happen,local
So any delays on the toll plaza today no cap,online
"just checking, real time quote for apple stock no cap",online
"i keep forgetting abstract class vs interface, break it down for me",local
ok so did ethereum go up or down this morning,online
who's leading in the t20 world cup game currently,online
whats the status of my singapore flight,online
traffic status on the main train route this morning this morning,online
solid overview of connection pooling for revision before my exam,local
urgent - is the ring road closed due to the accident at the moment,online
what's your design company,local
ngl real time quote for nasdaq this evening,online
what is life all about,local
"Need this for an interview, key figures involved in the printing press invention impact with an example",local
whats rupees dollars in 30,online
How is ripple xrp trending today,online
so matrix multiplication rules explained with an example problem for my notes,local
find me a rental car from 3/6 - 3/9 in port charles,online
what types of questions do you have a response for,local
how is solana trending today,online
quick q - fourier transform for my calculus homework thanks,local
quick check on reliance shares before i trade pls,online
The moon landing mission details — what actually happened?,local
did apple stock go up or down this morning,online
who's leading in the ashes series currently,online
Why is lambda expressions used instead of abstract class vs interface,local
the cyclone warning developments as of today right now,online
race conditions for dummies,local
"hey, the interstate conditions right now because of the storm rn",online
what are some touristy things to do in boston,online
Is the ring road closed due to the accident?,online
"sorry, i didn't hear you, can you say that gain",local
change the accent you're speaking in,local
Quick q - key figures involved in the signing of the magna carta thanks,local
how would they say say goodbye in hawaii,local
explain some trivia about lebron james,local
"can you understand me, if i start talking in italian",local
ok timeline of the unification of germany thanks,local
key figures involved in the treaty of versailles terms,local
i am in need of my location,online
live score for the world cup qualifier at the moment,online
how does primary key vs unique key actually work under the hood briefly,local
when is my flight supposed to leave,online
Urgent - how is solana trending today rn,online
"hey, just heard about the protest downtown, what's the latest — need it fast",online
how bad is the cyclone warning right now,online
"fyi need to know, current congestion level on the subway line asap",online
do i need a travel visa to visit germany,online
ok so current air quality index in hyderabad — need it fast,online
"for class tomorrow, how does CAP theorem actually work under the hood — struggling with this",local
clear all settings in a reset,local
what's the weather looking like,online
quick q - generics in java — key points to remember for revision,local
textbook definition of map reduce filter functions,local
"quick q - i don't get static vs dynamic typing, someone explain?",local
can you please speed up your speech,local
real world use case for operator overloading in c++,local
how's dogecoin doing in the last hour,online
"for my homework, practice problem using set theory basics",local
please open a call to my mother,local
where did you live previously,local
"genuinely curious, the theory of evolution basics — what actually happened before my exam",local
is the ceasefire negotiations still ongoing — need it fast,online
practice problem using correlation vs causation,local
how do i go about renting a car,online
"for class tomorrow, binary search tree example in python please in simple terms",local
Real world use case for dijkstra's algorithm,local
So ethereum price right now currently,online
pros and cons of static vs dynamic typing pls,local
quick one - is eur to usd pumping or dumping today at the moment,online
Practice problem using probability distributions,local
roll a pair of dice,local
what's going on,local
main causes and effects of the industrial revolution key inventions,local
i need an uber to times square asap,online
"fyi need to know, the premier league match result just now currently",online
urgent - the ring road conditions right now because of the storm right now,online
Quick refresher on observer pattern before my exam,local
yeap,local
"Fyi need to know, what's going on with the wildfire in the hills at the moment rn",online
what age is the ai,local
switch to quiet mode,local
are you from the uk,local
how is sensex trending today,online
"fyi need to know, any delays on the interstate today while i'm stuck in traffic",online
reset the factory settings now please,local
give me trivia about bats,local
is there anything available in new york city from april 2 through april 8,online
"fyi need to know, the premier league match score update please while i'm stuck in traffic",online
"need this for an interview, walk through quadratic formula with numbers thanks",local
logarithm rules — proof and intuition,local
what should i do for fun in tokyo,online
"For class tomorrow, walk through probability distributions with numbers pls",local
"caching strategies, explain like i'm a beginner coder",local
what's the traffic like on the way to walmart,online
"Just checking, current valuation on solana this morning",online
ngl how is nifty 50 trending today,online
The russian revolution 1917 summary for history class,local
the theory of evolution basics — what actually happened,local
what do you want me to call you,local
"describe the meaning of ""dog",local
use male voice,local
how humid is it in chennai right now — need it fast,online
ngl final score of the grand slam tennis match asap,online
silver rate live chart movement,online
quick one - current valuation on sensex as of now,online
the euro cup semifinal score update please today,online
eigenvalues and eigenvectors formula and when to use it,local
Quick q - lambda expressions example in python please,local
"fyi need to know, nifty 50 rate as of this minute this morning",online
let's roll some dice,local
i want you to change your accent to the male british one,local
Is sensex pumping or dumping today currently,online
go to default setting,local
can i substitute yogurt for sour cream,local
Ok eigenvalues and eigenvectors for my calculus homework for my notes,local
current congestion level on the metro line?,online
can i switch cream out for milk,local
timeline of the decolonization of africa,local
walk through permutations and combinations with numbers,local
"what is the equivalent of, 'life is good' in french",local
Practice problem using fourier transform with an example,local
what ingredients do i need to make egg salad,local
the f1 race highlights from tonight,online
i need a hotel room for 4 people in lakewood from monday to wednesday,online
what are your favorite hobbies to take part in,local
what ingredients do i need for philly cheesesteaks,local
tell me a joke about animals,local
flip that coin now,local
"i don't get map reduce filter functions, someone explain",local
The decolonization of africa summary for history class,local
Urgent - is the subway line flooded from the downpour right now rn,online
i need it louder,local
do i need to obtain a travel visa to go on vacation to places in eastern europe,online
"just checking, infosys shares live chart movement as of now",online
can you find me a hotel for 2 people on april 1st to 4th in rome,online
where is the location of your creation,local
ripple xrp rate as of this minute,online
quick one - what's going on with the ceasefire negotiations at the moment for the group chat,online
"need this for an interview, important dates related to the mughal empire timeline for revision",local
quick q - practice problem using permutations and combinations?,local
what is the square root of 31,local
what is my current location that you see right now,online
"for my homework, i keep forgetting binary search tree, break it down for me thanks",local
"Just checking, current air quality index in hyderabad today",online
Is the flight delayed out of sydney due to fog pls,online
walk through limits and continuity with numbers before my exam,local
Is the euro cup semifinal still playing right now while i'm stuck in traffic,online
what status is my card application in,online
"Need this for an interview, derive matrix multiplication rules step by step",local
"hey, explain the signing of the magna carta in a short paragraph before my exam",local
"real talk, is the toll plaza flooded from the downpour right now in the last hour",online
urgent - quick check on tcs stock before i trade for the group chat,online
how's the lo mein rated at hun lee's,online
"hey, matrix multiplication rules explained with an example problem in simple terms",local
i would like you to call me mary,local
ok so did gold rate go up or down this morning this evening,online
can you book me a hotel in los angeles near commerce casino from april 1st to the 5th,online
what would be a fun fact about cats,local
"hey, law of sines for my calculus homework pls",local
real time quote for silver rate as of now,online
what is the next step if my luggage was lost,online
i want to be updated on the most recent status of my credit card application,online
"real talk, is the airport terminal closed due to the accident while i'm stuck in traffic",online
so the flyover near the city center conditions right now because of the storm,online
so silver rate live chart movement in the last hour,online
Important dates related to the silk road trade routes for revision,local
help me learn something intriguing about turtles,local
will you flip a coin so i can make a choice,local
would you please reboot yourself to factory settings,local
breaking news on the border tensions for the group chat,online
i'm in baggage claim at the airport and my luggage didn't make it,online
urgent - cardano price right now,online
"i can't hear you, stop whispering!",local
how much farther can i drive on the gas i have,online
i want to hear a fun fact about american presidents,local
count down 10 minutes,local
one more time for me please,local
"hey, vector cross product for my calculus homework?",local
"for my homework, walk through law of cosines with numbers — struggling with this",local
So pros and cons of test driven development in simple terms,local
what's 12 feet in meters,local
does my car have enough gas to get to detroit,online
"For my homework, derive fourier transform step by step?",local
"fyi need to know, crude oil price price right now pls",online
any delays on the harbor bridge today,online
that would be false,local
so who won the la liga clasico last night before i head out,online
could you use a male voice,local
do i need a visa to go there,online
"For class tomorrow, timeline of the moon landing mission details for my notes",local
when should i pick monads in haskell over recursion,local
explain operator overloading in c++ with a simple example for revision,local
say what the meaning of life is,local
So background on the cold war origins for my essay,local
i'd like to me told the meaning of life,local
the signing of the magna carta summary for history class,local
"Hey, quick check on crude oil price before i trade",online
Logarithm rules formula and when to use it in simple terms,local
the la liga clasico score update please,online
is the flood situation downtown still ongoing,online
what might my name be,local
"for class tomorrow, difference between CAP theorem and big O notation with an example",local
"genuinely curious, background on the ottoman empire decline for my essay with an example",local
the harbor bridge conditions right now because of the storm,online
quick one - how bad is the flood situation downtown right now just curious,online
Main causes and effects of when the berlin wall fell,local
so is the flyover near the city center open or blocked at the moment this evening,online
can i get a reservation at champs,online
Derive limits and continuity step by step,local
Breaking news on the cyclone warning,online
what airlines have flights round trip on april 1st to april 7th from lax to sfo,online
what hobbies do you like doing,local
"what does ""rescind"" mean",local
how long do cheeseburgers take to make,local
"real talk, live score for the premier league match rn",online
quick one - reliance shares price action this week so far,online
i want to hear you tell a joke,local
so current air quality index in bangalore today,online
"hello, how are you",local
"hey, foreign key constraints — key points to remember for revision",local
do a hard reset,local
ok so should i carry an umbrella in london today before i head out,online
"event loop in node, explain like i'm a beginner coder",local
"real talk, the t20 world cup game result just now tonight",online
what are you hobbies,local
"Need this for an interview, why did when the berlin wall fell happen for revision",local
"Genuinely curious, give me a quick rundown of the decolonization of africa — struggling with this",local
ok so is the ashes series still playing right now,online
who's leading in the la liga clasico currently before my meeting,online
Current valuation on silver rate,online
promises vs callbacks vs denormalization which is better and when,local
ok practice problem using integration by parts before my exam,local
exchange rate between mexico and us,online
adios,local
Urgent - is the subway line closed due to the accident,online
Ok background on the great depression causes for my essay before my exam,local
"for class tomorrow, joins in sql interview question breakdown for revision",local
do i have a name to you,local
"hey, tcs stock today's high and low this evening",online
summarize primary key vs unique key in a few bullet points,local
what is 3/4 of 18,local
how long do i cook steak,local
"hey, pros and cons of thread pools?",local
how good are the ratings for papa john's,online
The mughal empire timeline summary for history class — struggling with this,local
Vector cross product formula and when to use it,local
"Just checking, is the airport terminal closed due to the accident?",online
"i am choosing heads, now please flip that coin",local
Current valuation on tesla stock,online
real time quote for infosys shares — need it fast,online
what is the temp right now,online
use a male voice instead,local
can you give the definition of deiscretionary,local
does black bear diner in tracy take reservations,online
who do you function for,local
"Just checking, will it rain in toronto in the next few hours",online
what's going on with the cabinet reshuffle at the moment,online
"Just heard about the trade deal talks, what's the latest before my meeting",online
when should i pick database indexing over monolith vs microservices,local
what’s the answer to 5-6=,local
"greedy algorithms, explain like i'm a beginner coder",local
who would you say your employer is,local
is there travel alerts for greece,online
"can you give me the travel alerts for jalisco, mexico",online
urgent - current air quality index in san francisco right now,online
please introduce yourself,local
are there any travel alerts in that region,online
"Need this for an interview, walk through law of cosines with numbers pls",local
"genuinely curious, walk through law of cosines with numbers before my exam",local
tell me this week's forecast,online
ok compare static vs dynamic typing and monads in haskell in one paragraph with an example,local
who do you consider your employer,local
alert me in 20 minutes,local
"fyi need to know, eur to usd today's high and low this evening",online
whats it like to be programmed,local
"for class tomorrow, timeline of the wright brothers first flight",local
reliance shares market cap right now for the group chat,online
"For my homework, derive integration by parts step by step thanks",local
Derive law of sines step by step,local
what ingredients are in salsa,local
Ok so is the wimbledon final still playing right now,online
Ok so is the interstate closed due to the accident while i'm stuck in traffic,online
what is the total amount of gas in my car,online
can i swap cayenne pepper for black pepper,local
Quick q - explain the russian revolution 1917 in a short paragraph before my exam,local
please tell me the name i should use when talking to you,local
the t20 world cup game score update please,online
"fyi need to know, current valuation on tesla stock today",online
could you let me know who made you,local
"for class tomorrow, i keep forgetting kubernetes pods, break it down for me thanks",local
can you do a math problem,local
give me a 10 minute countdown,local
"genuinely curious, summarize generics in java in a few bullet points",local
"genuinely curious, explain deadlocks with a simple example — struggling with this",local
quick q - important dates related to the mughal empire timeline — struggling with this,local
ok so how humid is it in bangalore right now currently,online
"quick q - pointers vs references, explain like i'm a beginner coder?",local
tell me what you believe my name to be,local
"genuinely curious, the fall of the roman empire — what actually happened?",local
quick q - why is virtual memory used instead of recursion — struggling with this,local
what's your nationality,local
will you roll a 6 sided dice,local
So derive quadratic formula step by step — struggling with this,local
explain the boston tea party in a short paragraph for my notes,local
key figures involved in the partition of india with an example,local
i need to know how old you are,local
what's the formula for calculating standard deviation,local
quick one - any delays on the metro line today right now,online
ok so ripple xrp live chart movement pls,online
summarize caching strategies in a few bullet points,local
urgent - current air quality index in mumbai — need it fast,online
did gold rate go up or down this morning,online
"Hey, practice problem using central limit theorem?",local
i need an uber to class tonight on the mainline campus,online
please make it so you say your words more slowly,local
what is 22+ 6,local
any protest blocking the main road today,online
"genuinely curious, background on the american civil war causes for my essay thanks",local
ok explain the partition of india in a short paragraph for my notes,local
"just checking, who's leading in the wimbledon final currently no cap",online
do i have to have a visa to go to the cayman islands,online
background on the theory of evolution basics for my essay?,local
has my amex application gone through yet,online
Quick one - what's going on with the earthquake near the coast at the moment,online
what kinds of questions can i ask you,local
Quick one - did usd to inr go up or down this morning,online
the vaccine rollout progress — anything new in the last hour,online
so the parliament session today status update please for the group chat,online
the ipl match highlights from tonight before i head out,online
quick one - the la liga clasico highlights from tonight before i head out,online
how humid is it in chicago right now,online
big O notation vs kubernetes pods which is better and when?,local
Is it safe to drive in mumbai with this storm,online
ngl breaking news on the wildfire in the hills no cap,online
ok so the supreme court verdict status update please before i head out,online
whats lifes meaning exactly,local
Dow jones price action this week so far,online
so derive derivative of a function step by step pls,local
quick q - regular expressions interview question breakdown thanks,local
ok so the nba game highlights from tonight,online
"immutability in functional programming, explain like i'm a beginner coder in simple terms",local
i'd like to reset to factory settings,local
Ok timeline of the cold war origins?,local
Ok standard deviation formula explained with an example problem,local
i appreciate your help!,local
Traffic status on the airport terminal this morning,online
what is the definition of intelligent,local
how long do you cook pasta for,local
i want to hear from you in german,local
reliance shares today's high and low,online
the power outage in the city developments as of today rn,online
Derive vector cross product step by step,local
summarize merge sort in a few bullet points for my notes,local
"fyi need to know, bitcoin today's high and low tonight",online
quick q - process vs thread — key points to remember for my notes,local
how's traffic on i 95,online
gradient descent math explained with an example problem,local
are the chili's reviews any good,online
can you explain the meaning of life to me,local
urgent - live score for the f1 race today,online
what is life's meaning,local
the theory of evolution basics summary for history class,local
that is overwhelmingly false,local
how humid is it in dubai right now pls,online
urgent - the election results developments as of today right now,online
"what is your name for me, please",local
"Need this for an interview, the industrial revolution key inventions summary for history class for my notes",local
quick one - who won the grand slam tennis match last night,online
when the berlin wall fell — what actually happened pls,local
"hey, is the main train route open or blocked at the moment",online
translate hello english to french,local
key figures involved in the causes of world war 1 for my notes,local
the fall of the roman empire summary for history class,local
what are the kinds of things you can help me with,local
derive gradient descent math step by step?,local
"for my homework, how to solve problems using set theory basics briefly",local
Pros and cons of foreign key constraints,local
set a one minute timer,local
"Real talk, the ipl match highlights from tonight this morning",online
"nope, that's false",local
B-tree indexing interview question breakdown,local
"would you tell me the meaning of life, please",local
how long is it acceptable to carmelize onions,local
"hey, dijkstra's algorithm example in python please — struggling with this",local
"fyi need to know, the euro cup semifinal score update please for real",online
i want to know the nearest bank's location,online
Current valuation on tcs stock currently,online
did eur to usd go up or down this morning,online
let me know how to get to the starbucks nearby,online
"hey, any delays on the toll plaza today today",online
can you show me the dictionary definition of ajar,local
i would like to know how to say hello in french,local
are you a real person or automated,local
"for class tomorrow, thread pools — key points to remember — struggling with this",local
so is the flight delayed out of bangalore due to fog currently,online
dogecoin market cap right now tonight,online
"real talk, is the main train route flooded from the downpour right now",online
the f1 race result just now,online
will i run out of gas before i get to sioux falls,online
what is the square root of 144,local
Is the asia cup final still playing right now,online
ngl bitcoin market cap right now rn,online
quick q - derive derivative of a function step by step,local
quick one - current valuation on dow jones?,online
how busy is jiro at 12 lunch time,online
"just heard about the vaccine rollout progress, what's the latest while i'm stuck in traffic",online
"connection pooling, explain like i'm a beginner coder",local
flip a coin heads or tails,local
i want a flight booked from new york to san francisco with continental,online
the t20 world cup game highlights from tonight at the moment,online
Traffic status on the interstate this morning,online
"i don't get denormalization, someone explain for revision",local
ok monads in haskell for dummies with an example,local
Who won the world cup qualifier last night,online
let's settle it with a coin flip,local
"for class tomorrow, derive fourier transform step by step",local
how long does it take pork to cook,local
can i use water instead of milk,local
who won the ashes series last night just curious,online
"genuinely curious, permutations and combinations formula and when to use it for my notes",local
"for class tomorrow, background on the industrial revolution key inventions for my essay pls",local
what sorts of hobbies do you enjoy,local
i'm looking for a roundtrip flight from afw to dgb for tomorrow until next week,online
can you explain the meaning of life,local
Is the power outage in the city affecting traffic right now,online
prove that you're a person,local
what do i need to get to put into homemade tortillas,local
the industrial revolution key inventions — what actually happened,local
please share your hobbies with me,local
"genuinely curious, walk through taylor series expansion with numbers — struggling with this",local
infosys shares rate as of this minute rn,online
please find out if napolis takes lunch reservations,online
ok logarithm rules explained with an example problem — struggling with this,local
current valuation on gold rate,online
how much can i expect to receive if i trade in 6 yens,online
how can i find my current location,online
use delta to book me a flight from dallas to pittsburgh,online
do you know if olive garden does reservations,online
"fyi need to know, current valuation on gold rate no cap",online
so practice problem using central limit theorem,local
who created you,local
could you roll a 6 sided dice,local
if i were english how would i say subway,local
"for my homework, explain stack vs heap memory with a simple example",local
ok compare process vs thread and mutex vs semaphore in one paragraph pls,local
what is one dollar worth in mexico,online
ngl the border tensions developments as of today currently,online
so will it rain in pune in the next few hours — need it fast,online
explain the wright brothers first flight in a short paragraph pls,local
"for my homework, limits and continuity — proof and intuition for my notes",local
Garbage collection for dummies,local
i need to go back on my factory settings,local
set timer of 5 minutes,local
Quick q - fourier transform — proof and intuition for my notes,local
"real talk, traffic status on the ring road this morning today",online
Quick q - quick refresher on asynchronous programming before my exam,local
"genuinely curious, walk through bayes theorem with numbers — struggling with this",local
"hey, main causes and effects of the industrial revolution key inventions for revision",local
throw the dice,local
"real talk, breaking news on the wildfire in the hills currently",online
so the interstate conditions right now because of the storm — need it fast,online
"Hey, key figures involved in the causes of world war 1",local
what state were you born in,local
Gradient descent math for my calculus homework thanks,local
Walk through probability distributions with numbers,local
when will my application for my credit card be processed,online
Urgent - quick check on ripple xrp before i trade today,online
Ok so live score for the ufc fight card as of now,online
please increase your speaker volume,local
"Genuinely curious, pros and cons of asynchronous programming with an example",local
quick refresher on load balancing before my exam,local
so walk through logarithm rules with numbers with an example,local
whats your name,local
quick q - explain thread pools with a simple example with an example,local
Ok so bitcoin rate as of this minute currently,online
how to calculate big o for a recursive function,local
what is 2+2,local
the tech layoffs news status update please while i'm stuck in traffic,online
flip a coin for me,local
"genuinely curious, topological sort tutorial with code",local
the pythagorean theorem — proof and intuition,local
so nvidia stock live chart movement before my meeting,online
So the india vs australia test score update please rn,online
would you let me know what flights are available out of dallas to el paso on march 20 for under $400,online
is the interstate flooded from the downpour right now just curious,online
i’ll be leaving now,local
"For my homework, textbook definition of stack vs heap memory for my notes",local
you work for who,local
"Real talk, dow jones live chart movement",online
"Hey, bayes theorem for my calculus homework in simple terms",local
eur to usd live chart movement,online
what sorts of things can i ask you about,local
so taylor series expansion — proof and intuition in simple terms,local
"Real talk, the wimbledon final highlights from tonight",online
please call me jim,local
lets flip for it,local
ok why did the theory of evolution basics happen in simple terms,local
who do you work for,local
Who's leading in the ipl match currently — need it fast,online
i want to set your name to gaffigan,local
quick one - is it safe to drive in san francisco with this storm before my meeting,online
Is the flight delayed out of san francisco due to fog,online
"Real talk, quick check on bitcoin before i trade currently",online
"just checking, how is nasdaq trending today for the group chat",online
it's indeed true,local
"hey, traffic status on the subway line this morning while i'm stuck in traffic",online
did nvidia stock jump after the earnings call,online
what do you do to occupy your free time,local
how long is the wait at assagios today,online
pros and cons of merge sort,local
Central limit theorem — proof and intuition,local
Quick one - did the s&p 500 go up or down this morning,online
"For class tomorrow, why did the renaissance key artists happen for revision",local
i need you to repeat that,local
tell me the conversion between tablespoons and cups,local
help me find a well reviewed hotel in dallas,online
"i don't get inheritance vs composition, someone explain before my exam",local
find a hotel in san francisco for march 8 & 9,online
did the ceasefire negotiations get resolved yet,online
i need to change my name to something else for you to call me,local
inform my bank i will be travelling to central africa,online
can you tell me my name,local
in which area were you made,local
"real talk, the earthquake near the coast developments as of today",online
is kaya very busy at 5 pm,online
did nasdaq go up or down this morning,online
ACID properties — key points to remember pls,local
"just checking, live score for the grand slam tennis match as of now",online
can you do a british male accent,local
can you tell me when you were born,local
quick q - notes on connection pooling for my assignment briefly,local
ok so any delays on the interstate today — need it fast,online
i want a table at texas roadhouse; how long will it be,online
Is there a heat advisory in berlin today,online
how bad is the cabinet reshuffle right now tonight,online
is the airport terminal flooded from the downpour right now before my meeting,online
"Fyi need to know, is the storm system offshore affecting traffic right now",online
i flew on southwest airlines flight ab123 out of dallas and i can not find my luggage,online
"so i don't get linked list, someone explain briefly",local
operator overloading in c++ — key points to remember,local
nvidia stock rate as of this minute,online
alert my bank and let them know that i'm travelling to oslo,online
what do you feel like doing,local
make a timer for 5 minutes,local
quick one - gold rate rate as of this minute for the group chat,online
ngl current valuation on crude oil price pls,online
i need a timer set for 15 minutes,local
quick q - probability distributions formula and when to use it — struggling with this,local
the cold war origins summary for history class — struggling with this,local
i wanna know five dollars in yen and rubles,online
ok why is B-tree indexing used instead of window functions in sql briefly,local
final score of the india vs australia test pls,online
find me a hotel in kansas city with good reviews,online
"for class tomorrow, compare joins in sql and kubernetes pods in one paragraph in simple terms",local
ethereum price right now before i head out,online
can you tell me if you're human or if you're a computer,local
quick one - is tesla stock pumping or dumping today right now,online
"Hey, how does virtual memory actually work under the hood pls",local
"need this for an interview, the moon landing mission details summary for history class with an example",local
i want to have that repeated for me,local
what is 20+ 5,local
can you say again,local
i need to rent a car in boston,online
live score for the t20 world cup game — need it fast,online
"real talk, is the cabinet reshuffle still ongoing today",online
are there any travel alerts for syria,online
Ngl latest on the flood situation downtown in real time in the last hour,online
important dates related to the fall of the roman empire,local
getting a memory leak in my c++ program after profiling,local
is the interstate closed due to the accident,online
Timeline of the ottoman empire decline,local
Difference between asynchronous programming and sliding window technique,local
quick one - reliance shares today's high and low pls,online
in england how do they say subway,local
explain the unification of germany in a short paragraph — struggling with this,local
quick q - summarize caching strategies in a few bullet points for revision,local
ngl ethereum today's high and low for the group chat,online
the t20 world cup game result just now before i head out,online
Explain the signing of the magna carta in a short paragraph,local
quick q - main causes and effects of the russian revolution 1917,local
What's going on with the power outage in the city at the moment,online
fly me from pit to pdx on delta for under $300,online
what's local slang for goodbye in hawaii,local
urgent - the heatwave alert — anything new in the last hour before my meeting,online
how many meters are in 50 feet,local
what is there to do in evans,online
please tell me trivia about hamburgers,local
ok the discovery of penicillin summary for history class briefly,local
in what format did you save my name,local
dow jones today's high and low,online
Trie data structure cheat sheet,local
hash map for dummies,local
"Fyi need to know, the asia cup final score update please just curious",online
i want to rent a bmw suv for dallas from march 2 to 6th,online
what location were you born in,local
chicken noodle casserole is made from what,local
difference between trie data structure and denormalization,local
ok so how is nasdaq trending today this evening,online
will you help me book a place to stay from monday to friday in pittsburgh,online
tcs stock today's high and low this morning,online
npm install fails with a peer dependency conflict,local
you have what name for me,local
where should i go for dinner,online
urgent - final score of the india vs australia test while i'm stuck in traffic,online
"for class tomorrow, why is sharding used instead of stack vs heap memory briefly",local
so the wildfire in the hills status update please currently,online
so bitcoin market cap right now just curious,online
so who won the champions league final last night for real,online
derive chain rule in calculus step by step for revision,local
cardano price right now as of now,online
so the t20 world cup game highlights from tonight — need it fast,online
summarize monads in haskell in a few bullet points,local
textbook definition of backtracking algorithms,local
how is cardano trending today just curious,online
walk me through big O notation step by step,local
"Fyi need to know, real time quote for cardano pls",online
"Need this for an interview, main causes and effects of the french revolution timeline with an example",local
do you my name,local
Is the flight delayed out of tokyo due to fog,online
where were you given birth,local
"genuinely curious, process vs thread tutorial with code for my notes",local
So when the berlin wall fell summary for history class,local
"for my homework, timeline of the mughal empire timeline with an example",local
"just checking, is the flyover near the city center flooded from the downpour right now asap",online
the pythagorean theorem — proof and intuition thanks,local
whats the update on flight dl123,online
"hey, eigenvalues and eigenvectors for my calculus homework — struggling with this",local
by what name people call me,local
Is the flood situation downtown still ongoing,online
ok so bitcoin rate as of this minute pls,online
"Just checking, silver rate market cap right now for the group chat",online
what place were you created in,local
"just checking, apple stock price right now no cap",online
"For my homework, give me a quick rundown of the russian revolution 1917 for revision",local
Key figures involved in the industrial revolution key inventions — struggling with this,local
what's the name of the company that designed you,local
Gold rate live chart movement tonight,online
"just checking, how bad is the flood situation downtown right now this evening",online
what's the traffic like on the way to the mall,online
"i didn't understand what you just said, can you repeat it",local
ngl is ethereum pumping or dumping today — need it fast,online
"for class tomorrow, give me a quick rundown of the printing press invention impact pls",local
linear regression math explained with an example problem pls,local
i would like to know the proper way to greet an adult in portuguese,local
"hey, key figures involved in the russian revolution 1917 for revision",local
"fyi need to know, latest on the storm system offshore in real time at the moment",online
ok so quick check on cardano before i trade while i'm stuck in traffic,online
ok walk through probability distributions with numbers?,local
i would like to change your name to a different one,local
change back to default settings,local
"ok version control branching, explain like i'm a beginner coder with an example",local
how about any bookings in new york city from april 2 through april 8,online
how do you spell out university,local
"for class tomorrow, important dates related to the ottoman empire decline?",local
i'd love to hear when you were born,local
is crude oil price pumping or dumping today,online
"just checking, real time quote for the s&p 500 for the group chat",online
purchase a flight from boise to sacramento on sunday and returning on wednesday,online
can you let me know if it will be warm this week,online
Ok why did the ottoman empire decline happen for revision,local
is an international visa needed to travel to z,online
that's inaccurate,local
can i make a reservation at chevy's,online
how bad is the vaccine rollout progress right now,online
live score for the world cup qualifier — need it fast,online
so is the expressway closed due to the accident rn,online
could i rent a car in seattle from next monday to thursday please,online
what's an interesting tidbit about rivers,local
urgent - should i carry an umbrella in paris today,online
is the wildfire in the hills still ongoing,online
urgent - silver rate market cap right now rn,online
make your speech slower than now,local
what is 4 x 4,local
"for class tomorrow, important dates related to the printing press invention impact?",local
the supreme court verdict developments as of today,online
"fyi need to know, quick check on sensex before i trade while i'm stuck in traffic",online
ok so is the vaccine rollout progress affecting traffic right now?,online
"real talk, is the la liga clasico still playing right now in the last hour",online
Is the toll plaza flooded from the downpour right now,online
Tesla stock market cap right now this morning,online
quadratic formula for my calculus homework,local
Is the airport terminal flooded from the downpour right now?,online
nifty 50 rate as of this minute as of now,online
tell me how many p's are in apple,local
How is tesla stock trending today right now,online
latest on the wildfire in the hills in real time for real,online
Promises vs callbacks — key points to remember,local
i don't know where my luggage is,online
quick one - crude oil price market cap right now pls,online
please change the name you refer to me by,local
Quick one - any delays on the harbor bridge today before i head out,online
help me find a good sushi spot in chicago,online
"for class tomorrow, main causes and effects of the periodic table history briefly",local
"genuinely curious, background on the decolonization of africa for my essay pls",local
Silver rate rate as of this minute,online
did nifty 50 go up or down this morning,online
who invented you,local
"For my homework, give me a quick rundown of the ottoman empire decline with an example",local
"real talk, how is cardano trending today right now",online
when should i pick unit testing vs integration testing over denormalization,local
"hey, how bad is the covid case numbers right now?",online
Is the metro line flooded from the downpour right now just curious,online
"Genuinely curious, explain the french revolution timeline in a short paragraph?",local
quick q - explain two pointer technique with a simple example with an example,local
quick q - give me a quick rundown of the renaissance key artists with an example,local
bayes theorem for my calculus homework before my exam,local
how can i use you,local
will it rain in mumbai in the next few hours,online
ok the wright brothers first flight summary for history class briefly,local
textbook definition of window functions in sql with an example,local
what is 2/3 x 1/9,local
just call me dennis,local
how's my gas supply looking,online
how to solve problems using partial derivatives with an example,local
Any delays on the toll plaza today currently,online
i want an update on my application for a credit card that i sent in a couple weeks ago,online
that is erroneous,local
"For my homework, textbook definition of REST vs GraphQL",local
"linked list, explain like i'm a beginner coder — struggling with this",local
difference between CAP theorem and caching strategies,local
can i start talking to you in french,local
"Just checking, ripple xrp price right now",online
"hey, crude oil price price right now just curious",online
"for class tomorrow, background on the wright brothers first flight for my essay",local
Urgent - the t20 world cup game result just now before my meeting,online
can you tell me how busy outback steakhouse will be at 7:30 pm,online
how to solve problems using markov chains?,local
quick one - is the ceasefire negotiations still ongoing before my meeting,online
ngl any updates on the ceasefire negotiations happening today right now,online
Ngl live score for the champions league final asap,online
help me find my luggage,online
Probability distributions formula and when to use it,local
Ngl the flyover near the city center conditions right now because of the storm today,online
"for class tomorrow, deadlocks tutorial with code for revision",local
"for my homework, main causes and effects of the signing of the magna carta — struggling with this",local
difference between docker containers and lambda expressions,local
name some tourist things to do in seattle,online
"hey, is the ufc fight card still playing right now for the group chat",online
set a 10 minute timer,local
Solana market cap right now for the group chat,online
who's leading in the t20 world cup game currently rn,online
say it one more time please,local
"for class tomorrow, quick refresher on joins in sql before my exam in simple terms",local
Who's leading in the ufc fight card currently,online
what amount of time do i need to cook lobster for,local
how many ts are in tethered,local
Ok markov chains for my calculus homework for revision,local
"hey, is the premier league match still playing right now this evening",online
"Genuinely curious, quadratic formula formula and when to use it in simple terms",local
i want to know what sort of things you can assist me with,local
ngl real time quote for dogecoin for real,online
Will it rain in bangalore in the next few hours,online
window functions in sql vs linked list which is better and when for my notes,local
people call me brad,local
ripple xrp today's high and low,online
urgent - the s&p 500 live chart movement asap,online
"when visiting chicago, what things can i do there",online
"Hey, the ashes series highlights from tonight tonight",online
quick q - why is topological sort used instead of normalization forms pls,local
please tell me the name you use for me,local
Urgent - current valuation on nasdaq in the last hour,online
i need to know my present gps coordinates,online
"fyi need to know, live score for the la liga clasico while i'm stuck in traffic",online
"Just checking, did solana go up or down this morning this evening",online
what is the definition of flange,local
Quick one - real time quote for dogecoin tonight,online
ok explain the boston tea party in a short paragraph,local
the cyclone warning status update please,online
"syonara, ai device!",local
ok so the central bank's rate decision status update please currently,online
can i sub sugar for salt,local
walk me through lambda expressions step by step,local
Is the earthquake near the coast still ongoing,online
Law of sines explained with an example problem,local
are there travel notifications for columbia,online
are you from the us,local
does tony's in downton let you make reservations,online
what's the funniest thing you know about artificial intelligence,local
ai can you tell me what things i may ask,local
can i have my volume increased,local
help me find where i am,online
"Real talk, how is cardano trending today before my meeting",online
decrease volume,local
who was the inventor of ai,local
"Hey, is it safe to drive in bangalore with this storm currently",online
could you please share a joke with me,local
can i get a car to the baseball field for 12,online
"i want to go out to eat but have no idea where to go, do you know of any places",online
"Just checking, is the euro cup semifinal still playing right now",online
infosys shares market cap right now in the last hour,online
turn the volume to level 4,local
key figures involved in the renaissance key artists,local
quick one - is the s&p 500 pumping or dumping today today,online
"I keep forgetting promises vs callbacks, break it down for me",local
Matrix multiplication rules for my calculus homework,local
ok derive gradient descent math step by step thanks,local
any travel alerts for canada,online
ngl any delays on the main train route today in the last hour,online
tell me now if you are a bot,local
"for my homework, the pythagorean theorem for my calculus homework in simple terms",local
urgent - crude oil price price action this week so far no cap,online
use female voice now instead,local
is the wildfire in the hills affecting traffic right now,online
can i make a reservation for redrobin,online
The india vs australia test score update please before my meeting,online
what is the current exchange rate for the dollar and the yen,online
key figures involved in the treaty of versailles terms thanks,local
how long should i cook the asparagus for,local
"real talk, apple stock price right now",online
"Fyi need to know, the asia cup final score update please",online
Summarize topological sort in a few bullet points,local
Quick q - derive matrix multiplication rules step by step — struggling with this,local
how long will i have to wait before being seated at the cheese cake factory,online
my friends call me sam,local
"hey, quick refresher on graph traversal before my exam",local
can i change the voice to male,local
key figures involved in the silk road trade routes?,local
practice problem using matrix multiplication rules pls,local
"for class tomorrow, compare bit manipulation tricks and sharding in one paragraph for my notes",local
Ok derive hypothesis testing step by step,local
what is left in my gas tank,online
current congestion level on the ring road for real,online
so crude oil price price right now tonight,online
"Just checking, any delays on the main train route today right now",online
Ancient egyptian pyramid construction — what actually happened?,local
the toll plaza conditions right now because of the storm,online
x is what i am calling you now,local
i need your setting switched to whisper mode right away,local
How is bitcoin trending today while i'm stuck in traffic,online
"yes, that's correct",local
look me up on the map,online
"Hey, traffic status on the expressway this morning",online
summarize quick sort in a few bullet points,local
quick q - law of cosines formula and when to use it before my exam,local
i want to change your name to another name,local
tell me something funny about people,local
i'm going to the mall at 5:00 what will traffic be like,online
quick q - explain the partition of india in a short paragraph for my notes,local
ok so final score of the grand slam tennis match for real,online
you were so kind to do that,local
quick one - any delays on the expressway today for real,online
traffic status on the flyover near the city center this morning,online
the election results developments as of today,online
is the central bank's rate decision still ongoing this morning,online
how does my gas tank look,online
"hey, the ring road conditions right now because of the storm?",online
"for class tomorrow, how to solve problems using convex optimization basics pls",local
"just checking, did the ceasefire negotiations get resolved yet pls",online
Normalization in databases example in python please,local
ngl live score for the f1 race rn,online
So walk through bayes theorem with numbers thanks,local
"need this for an interview, publish subscribe pattern interview question breakdown?",local
Quick q - stack vs heap memory cheat sheet — struggling with this,local
when should i pick primary key vs unique key over ci cd pipeline basics,local
is the expressway flooded from the downpour right now,online
Quick one - final score of the f1 race pls,online
how man z's are in zombie,local
do you mind informing me the status of my southwest flight,online
"need this for an interview, compare TCP vs UDP and joins in sql in one paragraph before my exam",local
is there another person you work for,local
ok so eur to usd today's high and low just curious,online
i gotta know the exchange rate between yen and rubles,online
so who's leading in the la liga clasico currently at the moment,online
"for class tomorrow, walk through correlation vs causation with numbers pls",local
ai how are you doing on this fine day,local
traffic status on the ring road this morning?,online
do you have any past-times,local
"Hey, linear regression math for my calculus homework for my notes",local
"Fyi need to know, is the protest downtown affecting traffic right now in the last hour",online
quick one - quick check on bitcoin before i trade no cap,online
what name do you have listed for me,local
practice problem using convex optimization basics in simple terms,local
The protest downtown — anything new in the last hour rn,online
what are the main attractions in gatlinburg,online
"fyi need to know, how humid is it in sydney right now rn",online
the treaty of versailles terms summary for history class pls,local
lets set a timer for me,local
can you do a coin flip for me,local
"hey, notes on connection pooling for my assignment for revision",local
what is 5 in yen and rubles,online
how long will the wait be at noon if we went to nagomi,online
"Need this for an interview, practice problem using law of cosines for my notes",local
"fyi need to know, live score for the wimbledon final this evening",online
"just checking, the airline strike status update please today",online
"real talk, sensex price right now",online
can you tell me what time this flight is going to land,online
is the subway line open or blocked at the moment no cap,online
Ok the great depression causes — what actually happened,local
"for class tomorrow, compare trie data structure and sharding in one paragraph before my exam",local
present your speech at a slower pace,local
so will it rain in bangalore in the next few hours for the group chat,online
can you tell me what 30% off 235 is,local
live score for the premier league match,online
what is 4 + 7,local
ngl live score for the ufc fight card for the group chat,online
"hey, logarithm rules formula and when to use it — struggling with this",local
"For my homework, integration by parts formula and when to use it briefly",local
Practice problem using hypothesis testing,local
"operator overloading in c++, explain like i'm a beginner coder",local
i want to use spanish as my language,local
turn your speakers up,local
Ok how does observer pattern actually work under the hood for revision,local
window functions in sql example in python please,local
"just checking, final score of the euro cup semifinal in the last hour",online
"for class tomorrow, fourier transform explained with an example problem — struggling with this",local
Caching strategies tutorial with code,local
so timeline of the great depression causes for revision,local
Practice problem using derivative of a function,local
give me a quick rundown of the theory of evolution basics pls,local
thank you a lot for that answer,local
"hey, eur to usd rate as of this minute just curious",online
How to solve problems using derivative of a function briefly,local
who is responsible for who you are,local
"For class tomorrow, background on the fall of the roman empire for my essay in simple terms",local
assist me with finding an uber to big ben,online
"real talk, should i carry an umbrella in singapore today — need it fast",online
where can i find out the status of my credit card application,online
"Just checking, who won the la liga clasico last night for real",online
important dates related to the ottoman empire decline for revision,local
current congestion level on the toll plaza — need it fast,online
Main causes and effects of the ottoman empire decline for revision,local
i am josh,local
solana today's high and low,online
is the flight delayed out of london due to fog,online
try a male voice,local
quick q - how would you implement mock objects in testing from scratch — struggling with this,local
"Just checking, solana market cap right now right now",online
"multithreading in java, explain like i'm a beginner coder",local
the highway conditions right now because of the storm as of now,online
"genuinely curious, explain the silk road trade routes in a short paragraph?",local
breaking news on the tech layoffs news,online
"hey, partial derivatives explained with an example problem",local
So walk me through unit testing vs integration testing step by step?,local
define thoroughbred,local
pros and cons of denormalization,local
Laplace transform explained with an example problem,local
who's leading in the nba game currently asap,online
will there be traffic on the way to walmart,online
ok so is the wildfire in the hills affecting traffic right now — need it fast,online
regular expressions cheat sheet,local
Quick refresher on thread pools before my exam,local
look up travel alerts for canada,online
"Real talk, how humid is it in san francisco right now tonight",online
"genuinely curious, how would you implement virtual functions in c++ from scratch",local
Ngl who's leading in the euro cup semifinal currently in the last hour,online
ok so dogecoin price right now no cap,online
"i need to change your name, do you have a new name that you like",local
Quick q - summarize linked list in a few bullet points?,local
tell my bank i am taking a trip to brazil from june 1st to july 1st,online
quick one - any delays on the ring road today tonight,online
what name would you like me to use,local
live score for the f1 race,online
can i change your name to bob,local
urgent - the euro cup semifinal highlights from tonight,online
i would like to know my current location,online
will i be able to rent a car in boston from march 2 to march 4,online
look into the status of the credit card application i submitted recently for my new card,online
The theory of evolution basics summary for history class,local
ok so the main train route conditions right now because of the storm right now,online
did my visa card app go through yet,online
Quick q - key figures involved in the russian revolution 1917 before my exam,local
Did the earthquake near the coast get resolved yet,online
"genuinely curious, practice problem using partial derivatives",local
the pythagorean theorem for my calculus homework for my notes,local
How to solve problems using partial derivatives,local
tell me the inventor of ai,local
are reservations taken at redrobin,online
quick one - final score of the nba game this morning,online
compare test driven development and polymorphism in one paragraph,local
can you use a different accent,local
"hey, the tech layoffs news — anything new in the last hour",online
"fyi need to know, the toll plaza conditions right now because of the storm for real",online
what are you able to do,local
how long do the brownies have to cook,local
Who won the euro cup semifinal last night in the last hour,online
"Hey, important dates related to the renaissance key artists",local
latest on the earthquake near the coast in real time,online
is everything going okay,local
"just checking, traffic status on the harbor bridge this morning right now",online
Ok so what's going on with the earthquake near the coast at the moment?,online
does mexico travel require a visa,online
"Just checking, who won the champions league final last night",online
"genuinely curious, why did the printing press invention impact happen briefly",local
change your language prefrences japanese,local
practice problem using linear regression math,local
How is cardano trending today,online
i don't know how to spell squirrel,local
if i go to canada next month do i need a visa,online
"operator overloading in c++, explain like i'm a beginner coder?",local
urgent - the ipl match result just now as of now,online
ngl who's leading in the f1 race currently,online
how does observer pattern actually work under the hood for revision,local
how long does it take to make shrimp scampi,local
the wildfire in the hills status update please?,online
"hey, is the expressway open or blocked at the moment asap",online
is the expressway slow this morning,online
i call tails for a coin flip you need to do right now,local
what subjects do you know well,local
"fyi need to know, did nasdaq go up or down this morning at the moment",online
breaking news on the heatwave alert right now,online
"just checking, the cabinet reshuffle developments as of today asap",online
how long is the wait at imanas,online
how do you make chicken noodle casserole,local
How would you implement multithreading in java from scratch,local
"hey, timeline of the cold war origins pls",local
"i don't get B-tree indexing, someone explain",local
"real talk, who's leading in the ashes series currently while i'm stuck in traffic",online
"hey, why did the cold war origins happen briefly",local
is the toll plaza closed due to the accident currently,online
hypothesis testing formula and when to use it,local
Ngl did the s&p 500 go up or down this morning for the group chat,online
so how would you implement linked list from scratch?,local
"i would like an uber going to atlantic city, new jersey",online
i need a hotel in austin near south congress from 3/5 until 3/10,online
"just checking, is the tech layoffs news affecting traffic right now?",online
what are your best travel suggestions,online
what are you going to refer to me as,local
quick one - any updates on the earthquake near the coast happening today,online
give me some ideas on what i can do in seattle for fun,online
how bad is the central bank's rate decision right now this morning,online
quick q - the pythagorean theorem for my calculus homework?,local
can you please lower the volume please,local
"hey, central limit theorem formula and when to use it — struggling with this",local
how many of inches of snow did my hometown get last year,online
explain the industrial revolution key inventions in a short paragraph,local
"genuinely curious, background on the wright brothers first flight for my essay pls",local
can you tell me the age of the ai,local
"need this for an interview, when should i pick CAP theorem over bit manipulation tricks for revision",local
how did you come to be you,local
Quick one - is the cabinet reshuffle affecting traffic right now in the last hour,online
i think it is false,local
Ngl any updates on the cabinet reshuffle happening today right now,online
ok why did the ottoman empire decline happen with an example,local
urgent - the election results — anything new in the last hour today,online
why is compiler vs interpreter used instead of generics in java,local
is it acceptable to swap beef for tempeh,local
please use a male voice when speaking,local
"that would be ""no",local
the ipl match result just now,online
what is the name of the person who made the ai,local
Did ethereum go up or down this morning,online
"just checking, the champions league final result just now",online
"hey, is the expressway open or blocked at the moment for real",online
give me a quick rundown of the fall of the roman empire with an example,local
background on the cold war origins for my essay,local
do you know you are not human,local
"for my homework, textbook definition of garbage collection — struggling with this",local
"so just heard about the cyclone warning, what's the latest pls",online
vector cross product — proof and intuition with an example,local
let's hear the definition of iridium,local
nvidia stock price right now,online
get me an uber to chilis,online
how long have you been around,local
is the local highway flooded from the downpour right now,online
Tcs stock live chart movement,online
find something fun for me to do in dallas,online
i don't know how to spell malfeasance,local
quick check on solana before i trade,online
does my car have enough gas to get to chicago,online
did the airline strike get resolved yet,online
i need to know the dollar to peso conversion,online
that is correct,local
main causes and effects of the periodic table history thanks,local
breaking news on the election results,online
bonjour,local
"i want to update you name, please",local
how do i find my present location right now,online
so current air quality index in berlin rn,online
are there any vacancies in new york city from april 2 through april 8,online
where are the good thai restaurants in atlanta,online
So is the tech layoffs news affecting traffic right now no cap,online
"Thread pools, explain like i'm a beginner coder pls",local
"where is the closest walmart to boise, idaho",online
i want whisper mode to be switched off,local
so set theory basics for my calculus homework pls,local
textbook definition of graph traversal,local
urgent - who won the t20 world cup game last night while i'm stuck in traffic,online
the boston tea party summary for history class,local
"I don't get backtracking algorithms, someone explain",local
how is the traffic at jfk at 5 pm on weekdays,online
explain the mughal empire timeline in a short paragraph for revision,local
multiple inheritance in python for dummies,local
is the cabinet reshuffle affecting traffic right now,online
Should i carry an umbrella in los angeles today,online
"for my homework, i keep forgetting B-tree indexing, break it down for me with an example",local
Urgent - the ufc fight card score update please this morning,online
"Just checking, how is infosys shares trending today at the moment",online
"need this for an interview, i don't get virtual memory, someone explain — struggling with this",local
"fyi need to know, who's leading in the ufc fight card currently just curious",online
say my name if you know it,local
how long is the toll plaza queue right now,online
what is 15 ounces in grams,local
"fyi need to know, who won the champions league final last night at the moment",online
urgent - is the metro line closed due to the accident asap,online
ok so is solana pumping or dumping today tonight,online
shh please speak with a whisper,local
"hey, final score of the f1 race before i head out",online
"just checking, who's leading in the f1 race currently currently",online
Should i carry an umbrella in hyderabad today as of now,online
"Genuinely curious, give me a quick rundown of the american civil war causes thanks",local
so connection pooling for dummies,local
"i want sushi, is there any good place in ho chi minh",online
current congestion level on the interstate in the last hour,online
Quick one - is the flyover near the city center flooded from the downpour right now in the last hour,online
what's my name saved under,local
Quick check on sensex before i trade currently,online
Who's leading in the ipl match currently,online
i am needing to get a flight out of el paso to dallas on march 10 for under $300,online
will you please repeat what you said,local
"real talk, cardano market cap right now in the last hour",online
"need this for an interview, derive matrix multiplication rules step by step in simple terms",local
did cardano go up or down this morning pls,online
solid overview of caching strategies for revision,local
"hey, walk through bayes theorem with numbers",local
so the grand slam tennis match highlights from tonight,online
the s&p 500 today's high and low,online
"so just heard about the tech layoffs news, what's the latest asap",online
Ngl did the parliament session today get resolved yet pls,online
what do you get if you roll a six sided dice,local
quick q - how to solve problems using convex optimization basics,local
can you tell me what you refer to me as,local
TCP vs UDP interview question breakdown,local
"need this for an interview, why did the discovery of penicillin happen with an example",local
Test driven development — key points to remember,local
how do you spell superficial,local
"fyi need to know, current air quality index in kolkata?",online
ok so will it rain in tokyo in the next few hours,online
cardano market cap right now,online
i ned you to flip a coin,local
"ngl just heard about the tech layoffs news, what's the latest while i'm stuck in traffic",online
ok the pythagorean theorem for my calculus homework pls,local
key figures involved in the wright brothers first flight,local
what hotels have decent reviews in bangor,online
i can't find my luggage anywhere and there's no more on the conveyor,online
Linear regression math explained with an example problem in simple terms,local
how old is the ai,local
the french revolution timeline — what actually happened,local
ok so who won the euro cup semifinal last night today,online
Did eur to usd go up or down this morning this evening,online
how many cups in a quart,local
i wish i knew how to spell mississippi,local
"just checking, the covid case numbers status update please before my meeting",online
i will need an uber for 3 to go to jfk airport,online
what's the meaning of my life,local
"Just checking, gold rate live chart movement",online
by which company are you designed by,local
tell me where you come from,local
"for class tomorrow, timeline of the printing press invention impact thanks",local
quick q - notes on git rebase vs merge for my assignment briefly,local
quick one - is the asia cup final still playing right now this morning,online
compiler vs interpreter example in python please,local
can you tell me what to do as i am in the airport and have been for some time and there is still no sign of my suitcase,online
why is git rebase vs merge used instead of normalization in databases in simple terms,local
urgent - current congestion level on the main train route right now,online
"i don't have sour cream, can i use yogurt instead",local
"hey, how bad is the cabinet reshuffle right now",online
what's 8 ounces in cups,local
Tail recursion for dummies,local
so is the airport terminal flooded from the downpour right now at the moment,online
"Just checking, did crude oil price go up or down this morning for real",online
Timeline of the french revolution timeline,local
"Hey, is the expressway open or blocked at the moment tonight",online
book me a hotel in seattle near the space needle from march 3rd to 5th,online
what are some tourist sites to see in ann arbor,online
how to find lost luggage,online
"fyi need to know, usd to inr today's high and low asap",online
"genuinely curious, walk through eigenvalues and eigenvectors with numbers thanks",local
ancient egyptian pyramid construction — what actually happened pls,local
switch to british male accent,local
is there evening reservations available in the eve,online
summarize virtual functions in c++ in a few bullet points,local
Quick one - current valuation on nasdaq pls,online
you need to change your accent to the male british one,local
who won the f1 race last night rn,online
quick check on cardano before i trade,online
matrix multiplication rules explained with an example problem for revision,local
Did the tech layoffs news get resolved yet,online
"hey, memoization interview question breakdown thanks",local
"hey, pointers vs references for dummies",local
turn up the speaker volume,local
how long until my flight is here,online
"normalization forms, explain like i'm a beginner coder",local
can i get an uber for five people to go to the national gallery of art,online
ok so is the airport terminal closed due to the accident right now,online
nice to see you again,local
we'll talk later ai,local
how is tesla stock trending today this morning,online
are there any new travel warnings for the us,online
so what is my name saved as,local
so the ashes series highlights from tonight pls,online
whats the definition of poor,local
breaking news on the tech layoffs news this morning,online
so how is crude oil price trending today before my meeting,online
the s&p 500 price action this week so far,online
please book a car for me in bangkok,online
what's the traffic like on the way to the amusement park,online
practice problem using bayes theorem briefly,local
what is the best rated hotel in evans,online
who do you job for,local
what are the reviews like for black bear dinner,online
integration by parts formula and when to use it,local
"what can i ask you, ai",local
quick q - key figures involved in the partition of india — struggling with this,local
could you tell me your name,local
will you get a coin and flip it,local
whats the status of my united flight,online
any delays on the subway line today before i head out,online
difference between window functions in sql and thread pools,local
what are the best restaurants,online
traffic status on the toll plaza this morning rn,online
when will the restaurant be busiest,online
"for my homework, vector cross product for my calculus homework",local
"hey, how to solve problems using central limit theorem for my notes",local
live score for the ashes series,online
final score of the ashes series rn,online
"hey, the ufc fight card highlights from tonight for real",online
"for my homework, explain publish subscribe pattern with a simple example for revision",local
"just checking, the la liga clasico score update please in the last hour",online
Notes on load balancing for my assignment,local
what name should i use when talking with you,local
"Just checking, the euro cup semifinal highlights from tonight in the last hour",online
urgent - the t20 world cup game highlights from tonight right now,online
what do you get if you divide 3 by 2,local
solid overview of deadlocks for revision,local
Final score of the f1 race,online
"for class tomorrow, notes on normalization in databases for my assignment for my notes",local
should i carry an umbrella in bangalore today right now,online
Ok difference between TCP vs UDP and window functions in sql,local
Timeline of when the berlin wall fell,local
"just checking, did the border tensions get resolved yet",online
Is the nba game still playing right now,online
solid overview of caching strategies for revision with an example,local
main causes and effects of the silk road trade routes in simple terms,local
solid overview of promises vs callbacks for revision?,local
"for my homework, difference between hash map and publish subscribe pattern before my exam",local
Ngl live score for the asia cup final asap,online
is the main train route open or blocked at the moment,online
Did the wildfire in the hills get resolved yet,online
"roll die, 6 sided",local
"for my homework, timeline of the age of exploration key figures",local
"hey, usd to inr rate as of this minute in the last hour",online
"hey, quick refresher on graph traversal before my exam briefly",local
"For my homework, the great depression causes — what actually happened?",local
any updates on the tech layoffs news happening today tonight,online
i need to know when my flight scheduled to board,online
what food items do you put in english breakfast,local
"hey, the partition of india — what actually happened",local
any hobbies,local
"just checking, current congestion level on the expressway before my meeting",online
so background on the age of exploration key figures for my essay in simple terms,local
is the main train route open or blocked at the moment asap,online
flip a coin if you will,local
tell me today's weather forecast,online
how is cardano trending today before my meeting,online
please give me directions to the nearest starbucks,online
is it safe to drive in pune with this storm,online
"where am i right now, location wise",online
"yep, that's right",local
current valuation on tesla stock,online
how long do i cook pork,local
ngl the airline strike developments as of today for real,online
"hey, explain the treaty of versailles terms in a short paragraph with an example",local
can i make it to tampa without needing to get more gas,online
is the sushi well-received at yakamoto,online
what's the weekend forecast,online
urgent - the ufc fight card result just now just curious,online
"real talk, quick check on sensex before i trade as of now",online
so practice problem using taylor series expansion — struggling with this,local
Quick q - the moon landing mission details — what actually happened pls,local
can you tell me a joke about politicians,local
does the country have a travel alert,online
"just checking, is the toll plaza closed due to the accident today",online
"hey, the mughal empire timeline summary for history class thanks",local
can you roll the 12 sided dice please,local
"wake up, ai",local
how long does it take to boil an egg,local
can you find me a place to stay in sacramento near the capitol on july 3-5,online
how to solve problems using derivative of a function,local
Traffic status on the airport terminal this morning at the moment,online
"hey, who won the india vs australia test last night?",online
"hey, the main train route conditions right now because of the storm?",online
i hereby rename you felix,local
the f1 race result just now before my meeting,online
current valuation on tesla stock tonight,online
Ok when should i pick git rebase vs merge over big O notation briefly,local
what is the wait time at this restaurant,online
"urgent - just heard about the cabinet reshuffle, what's the latest no cap",online
urgent - the grand slam tennis match score update please at the moment,online
"for my homework, quick refresher on dynamic programming before my exam",local
is there a heat advisory in tokyo today as of now,online
can you change how fast you're talking to speak more slowly,local
urgent - the cabinet reshuffle developments as of today this evening,online
Is the harbor bridge closed due to the accident right now,online
"real talk, quick check on nifty 50 before i trade today",online
who's leading in the euro cup semifinal currently — need it fast,online
quick one - who won the world cup qualifier last night in the last hour,online
"just heard about the cyclone warning, what's the latest asap",online
so breaking news on the cyclone warning for real,online
what's the right way to spell indict,local
no that is wrong,local
so live score for the premier league match before my meeting,online
"genuinely curious, i keep forgetting normalization in databases, break it down for me before my exam",local
Quick one - how bad is the covid case numbers right now this evening,online
"just checking, final score of the ufc fight card this morning",online
breaking news on the storm system offshore,online
"genuinely curious, the russian revolution 1917 — what actually happened for revision",local
ok set theory basics for my calculus homework thanks,local
What's going on with the protest downtown at the moment,online
will it rain in chennai in the next few hours no cap,online
"need this for an interview, ancient egyptian pyramid construction summary for history class in simple terms",local
any news on the tech layoffs happening today,online
what should i do in bangor,online
live score for the euro cup semifinal today,online
for how long should i bake the brownies,local
can i get good tacos anywhere in austin,online
let me know what the exchange rate between dollars and pesos is,online
how's it going right now,local
tesla stock rate as of this minute in the last hour,online
could you start a timer for me,local
"just checking, is the trade deal talks still ongoing asap",online
So real time quote for tcs stock before i head out,online
Did cardano go up or down this morning,online
will it rain in toronto in the next few hours,online
you need to reset your factory settings,local
i want to change to male voice,local
ngl breaking news on the election results no cap,online
"just checking, the grand slam tennis match result just now",online
how to solve problems using law of sines,local
would i have to wait long if i want to eat at chili's,online
when will my flight take off,online
what should i do if i'm waiting at the airport and my luggage is not here,online
microservices architecture tutorial with code,local
Matrix multiplication rules — proof and intuition thanks,local
"For my homework, correlation vs causation explained with an example problem",local
"for my homework, law of sines — proof and intuition — struggling with this",local
So is the expressway open or blocked at the moment in the last hour,online
i would like a timer set,local
the premier league match result just now today,online
what's the spelling of multimedia,local
"For my homework, key figures involved in the decolonization of africa for my notes",local
are there any ubers available that fit 5 people we are going to wendys,online
urgent - will it rain in london in the next few hours,online
please check the status of my mastercard application,online
dogecoin price right now,online
the api call works in postman but fails from my frontend code,local
"For class tomorrow, the causes of world war 1 summary for history class thanks",local
how to solve problems using probability distributions,local
"just checking, is the expressway open or blocked at the moment just curious",online
final score of the world cup qualifier,online
main causes and effects of the decolonization of africa pls,local
Ok so sensex rate as of this minute in the last hour,online
you can call me sarah,local
tell me what the word die means,local
"real talk, is the protest downtown still ongoing",online
can you tell me the definition of yttrbium,local
give me an interesting fact about antarctica,local
set theory basics explained with an example problem with an example,local
please respond to me in spanish,local
"fyi need to know, is the highway closed due to the accident this morning",online
give me the spelling of potato,local
"my name is stu, not sue!",local
do i need an international visa to go to spain,online
"need this for an interview, law of sines — proof and intuition for revision",local
"just heard about the supreme court verdict, what's the latest",online
"need this for an interview, key figures involved in the theory of evolution basics — struggling with this",local
who brought you to life,local
main causes and effects of when the berlin wall fell with an example,local
am i talking to an actual person,local
main causes and effects of the renaissance key artists briefly,local
"genuinely curious, main causes and effects of the age of exploration key figures",local
"Genuinely curious, laplace transform — proof and intuition?",local
ngl traffic status on the expressway this morning before my meeting,online
Any delays on the expressway today,online
How bad is the power outage in the city right now,online
how much fuel is in the tank,online
How humid is it in new york right now,online
Ngl is the border tensions still ongoing before i head out,online
"Just checking, is the premier league match still playing right now",online
"for class tomorrow, how would you implement big O notation from scratch thanks",local
"need this for an interview, key figures involved in the silk road trade routes",local
probability distributions for my calculus homework pls,local
"Fyi need to know, final score of the champions league final tonight",online
matrix multiplication rules — proof and intuition briefly,local
so latest on the flood situation downtown in real time — need it fast,online
address me by the name stan,local
does the bleu olive have decent reviews,online
"fyi need to know, the india vs australia test score update please pls",online
what is the sum of 10 plus 5,local
"hey, the pythagorean theorem explained with an example problem",local
quick refresher on eventual consistency before my exam for my notes,local
ngl the india vs australia test highlights from tonight while i'm stuck in traffic,online
"genuinely curious, background on the american civil war causes for my essay before my exam",local
"fyi need to know, how is apple stock trending today before my meeting",online
ok quadratic formula explained with an example problem with an example,local
"Hey, timeline of the fall of the roman empire before my exam",local
ngl quick check on solana before i trade,online
how is the traffic on the way to work,online
what amount of millimeters are in 50 kilometers,local
please tell me a really fun fact about facebook,local
"Hey, traffic status on the highway this morning before my meeting",online
show me how to rent a car in las vegas,online
walk through probability distributions with numbers briefly,local
"fyi need to know, traffic status on the airport terminal this morning no cap",online
your birthplace is where,local
what created you,local
what to do if luggage lost,online
how can i travel by bus to the grand canyon,online
urgent - infosys shares market cap right now pls,online
important dates related to when the berlin wall fell,local
does applebees in trenton do reservations,online
quick q - walk through markov chains with numbers in simple terms,local
is nifty 50 pumping or dumping today before i head out,online
So practice problem using linear regression math,local
i wanna know the types of subjects are you familiar with,local
i'd like some suggestions on where to go on my vacation this year,online
urgent - the asia cup final result just now tonight,online
"if i go to tgifridays at eight, will they be crowded",online
ngl the toll plaza conditions right now because of the storm in the last hour,online
the mughal empire timeline — what actually happened,local
is the traffic light or heavy at the nearest the century movie theater,online
so the f1 race result just now currently,online
