query,label
what expression would i use to say i love you if i were an italian,local
"can you tell me how to say 'i do not speak much spanish', in spanish",local
"what is the equivalent of, 'life is good' in french",local
"tell me how to say, 'it is a beautiful morning' in italian",local
"if i were mongolian, how would i say that i am a tourist",local
how do i say 'hotel' in finnish,local
"i need you to translate the sentence, 'we will be there soon' into portuguese",local
please tell me how to ask for a taxi in french,local
"can you tell me how i would say, 'more bread please' in french",local
what is the correct way to say 'i am a visitor' in french,local
"how would i say, 'i don't know the answer' in spanish",local
i would like to know the proper way to greet an adult in portuguese,local
what words would i use to tell someone i am lost if i were japanese,local
how would i say thank you if i were russian,local
can you tell me how i would normally say thank you as a french person,local
i would like to know how to say hello in french,local
if i were english how would i say subway,local
i would i say subway if i were english,local
how do you say hi in french,local
in england how do they say subway,local
translate hello in french,local
how is hello said in french,local
what do you call a subway if you were english,local
how would i say if i were english subway,local
how should i say hello in french,local
how could i say twin in chinese,local
how can i say not now in spanish,local
what do spanish people say for the word cow,local
translate hello to english,local
how do you say goodbye in spanish,local
how would i say love in french,local
could you translate atm machine into english,local
please translate grocery into french for me,local
how do germans say goodnight,local
tell me how the russians say notebook,local
how do vietnameses people say hello,local
how do i say thank you in japanese,local
what is latin for i love you,local
how can i thank somebody in italian,local
how do i say you're welcome in chinese,local
translate hello english to french,local
what is hello in french,local
what phrase means goodbye in hawaii,local
what spanish word means hello,local
translate hello to french,local
translate english to french hello,local
what is the word for hello spanish,local
how do they say goodbye in hawaii,local
what's local slang for goodbye in hawaii,local
how do you say hello in french,local
tell me how to say hello in spanish,local
what do i say for goodbye in hawaii,local
translate hello into french for me,local
how do i say hello in french,local
translate for me hello into french,local
how would they say say goodbye in hawaii,local
what is spanish for hello,local
how would i say hello in french,local
how can i say i love you in italy,local
what is spanish for good morning,local
how do you say it's snowing in german,local
how would you say can i borrow five dollars in portuguese,local
do you know how to say where is the restroom in french,local
how would i say pleased to meet you if i were japanese,local
can you translate hello into swedish for me,local
can you translate i love you into french for me,local
can you translate where's the bar into irish for me,local
how would i say goodbye if i were norwegian,local
how would i say i love you if i were french,local
how would i say hello if i were swedish,local
can you translate good bye into russian for me,local
can you translate i have to go pee into korean for me,local
how would i say i'm not guilty if i were mexican,local
how do you say thank you in spanish,local
how does one say thank you in spanish,local
how can i say thank you in spanish,local
what is thank you in spanish,local
what is the way to say thank you in spanish,local
"how do they say ""who is your father"" in german",local
"how do they say ""where's the bathroom"" in spanish",local
"how do they say ""how's it going"" in swahili",local
"how do they say ""i love you"" in japanese",local
"how do they say ""what's up"" in chinese",local
how do you say thank you in german,local
how do you say please in arabic,local
how do you say cat in spanish,local
how do you say i'm hungry in french,local
how do you say i need coffee in dutch,local
how do they say yes in brazil,local
can you translate cat into russian for me,local
can you translate bowl into russian for me,local
how do they say hello in france,local
i wanna know a phrase in spanish,local
can you translate bat into russian for me,local
how do they say no in germany,local
can you translate hi into spanish for me,local
i wanna learn a phrase in russian,local
how do they say hello in germany,local
can you translate milk into spanish for me,local
how do they say hello in brazil,local
please set a 4 minute timer,local
please set a timer for 6 minutes,local
set a timer for 5 minutes,local
i need a 7 minute timer,local
i need to set the timer for two minutes,local
can you set a timer for me for fifteen minutes starting now,local
start the timer now and stop at thirty minutes,local
i would like you to set the timer to go off in ten minutes,local
please set a timer for 40 minutes,local
wake me in an hour,local
please set a timer for cookies,local
i want a timer set,local
remind me in (x) hours,local
set timer for (x) minutes,local
i gotta have a 10 minute timer,local
please set a timer for me,local
i need a 10 minute timer,local
i wish to have a 10 minute timer,local
i really need to set a timer,local
set a new timer for ten seconds,local
set a timer for me,local
i want a 10 minute timer,local
i gotta set a timer,local
set a 10 minute timer,local
set a brand new timer for eight seconds,local
set a ten second timer,local
i must set a timer,local
set a timer for twelve seconds,local
set a timer for fifteen seconds,local
tell me when two minutes are up,local
start a timer for two minutes,local
set a timer for two minutes,local
start counting down from two minutes,local
can you set a timer for two minutes,local
"""please set 5 minute timer",local
can u please set the timer for 5 minutes,local
set timer of 5 minutes,local
"""can u set a timer for 5 minutes",local
set a one hour timer,local
please set a timer for 20 minutes,local
set a five minute timer please,local
set a timer for two hours,local
can you set a two hour timer,local
set the timer for me please,local
you need to set the timer for me,local
i need you to set timer for me,local
please set the timer for me,local
i would like a timer set,local
can you set a timer,local
i need you to set a time,local
i need a timer set for 15 minutes,local
start a countdown for 20 minutes,local
set a timer for 15 minutes,local
i'll need you to set a timer for 10 minutes,local
let's get a timer set for 5 minutes,local
set a timer for 35 minutes,local
please start counting down from 10 minutes,local
let's get a timer going for 10 minutes,local
i need a timer for 20 seconds,local
timer 5 minutes,local
alert me in 20 minutes,local
give me a 10 minute countdown,local
let me know in 15 minutes please,local
"i'm cooking an egg, timer for 3 mins",local
10 minute timer,local
start a timer for 10 minutes,local
timer 10 minutes,local
count down 10 minutes,local
make up a timer for me,local
create a timer for me,local
can you set a timer for me,local
i need to set a timer,local
set up a timer,local
could you start a timer for me,local
lets set a timer for me,local
please run a timer for me,local
set a one minute timer,local
set a five minute timer,local
set a seven minute timer,local
start a timer for me,local
set a four minute timer,local
set a six minute timer,local
how do i set a timer,local
i want a timer for 5 minutes,local
timer for 5 minutes,local
set a timer to go off in 5 minutes,local
set timer for 5 minutes,local
i want to set a timer,local
make a timer for 5 minutes,local
please set a timer for,local
remind me that time is up in sixty minutes,local
set an alarm for nine minutes from now,local
tell me when ninety minutes have passed,local
please set timer for 4 pm,local
want 5 minute timer,local
set 30 minute timer,local
get a 3 minute timer,local
"please, can you set the timer for me",local
can you please the timer,local
will you set the timer,local
what is the meaning of realism,local
what is regard mean,local
what is the meaning of interorganizational,local
what is it is all relative mean,local
what is intercontinental mean,local
what is the meaning of supercede,local
what is let it be mean,local
what is the definition of incomprehensible,local
what is the meaning of stupendous,local
what is the definition of intelligent,local
what is good riddance mean,local
what is break a leg mean,local
what is the meaning of hyperactive,local
what is the definition of valor,local
what is stupedous meant,local
find the meaning of qat,local
what the heck is qat,local
define qat for me,local
read me a definition for qat,local
look up qat please,local
what might the meaning of altruism be,local
exactly what does altruism mean,local
what does altruism mean,local
what is the definition of altruism,local
what is the meaning of altruism,local
affiliate's definition is what,local
the definition of affiliate is,local
what's the meaning of affiliate,local
what's affiliate definition,local
definition of affiliate is what,local
whats the definition of poor,local
"describe the meaning of ""dog",local
"what does ""money"" mean",local
tell me what the word die means,local
what is the definition of succumb,local
what is the meaning of telepathy,local
what does tertiary mean,local
tell me the definition of the word redemption,local
what is the meaning of the word lux,local
what is an ataraxy,local
what does the word ataraxy mean,local
what does ataraxy mean,local
use the word ataraxy in a sentence,local
define ataraxy,local
what does discretionary mean,local
define discretionary,local
i want to know the definition of discretionary,local
can you give the definition of deiscretionary,local
let's hear the definition of iridium,local
what's the definition of analogy,local
can you tell me the definition of sucrose,local
definition of anachronism,local
what's the definition of patriarchy,local
can you tell me the definition of yttrbium,local
please share the definition of episcopalian,local
what does saffron mean,local
define sonogram,local
define thoroughbred,local
what's the meaning of a fortnight,local
what is an anachronism,local
what's the meaning of emulsify,local
tell me what cyst means,local
what is the definition of flange,local
tell me what flange means,local
define flange,local
flange means what,local
what is the meaning of flange,local
"what does ""rescind"" mean",local
"what is the meaning of word ""rescind",local
"is ""rescind"" a word of positive connotation",local
"where i can use word ""rescind",local
read me the definition of ajar,local
what does ajar mean,local
can you show me the dictionary definition of ajar,local
tell me what monstrosity means,local
give me the definition of ajar,local
what is the definition of didactic,local
i need to know what adumbrate means can you look it up for me now,local
i want to know what the word discomfit means,local
find what the word diaphanous mean please,local
do you know what calumny means  please look it up for me,local
find out what the word abrogate means for me,local
tell me what edict means,local
what does the word abjure mean,local
can you tell me what dirge means,local
tell me what the word arboreal means,local
whats the definition of transmute,local
what is the meaning of the word slander,local
what is meant by defense,local
tell me what the word bounty means,local
what does deceive mean,local
define zesty,local
look up zesty in dictionary,local
definition of zesty,local
what is the definition of zesty,local
what does zesty mean,local
tell me what alternative means,local
what does alternative mean,local
give me the meaning of alternative,local
tell me the meaning of alternative,local
does life have meaning,local
is being alive the meaning of life,local
what is the real meaning of life,local
what is the answer to the meaning of life,local
is there really an answer to the meaning of life,local
does life have a meaning,local
who can tell me if there's any meaning to life,local
what makes life have any meaning,local
why do you think we're here,local
what's the answer to existence,local
what's the point of sentience,local
what's the purpose of existence,local
what's the purpose of life,local
what's the point of this dumpster fire known as life,local
what is life's meaning,local
is there a greater purpose in life,local
what is our purpose in life,local
how is life in existence,local
what's lifes meaning,local
what exactly is the meaning of life,local
whats lifes meaning exactly,local
what's the meaning of this life,local
what is the meaning of life here,local
does my life have meaning,local
i wish to know the meaning of life,local
i wanna know the meaning of life,local
i wanna know the point of life,local
i need to know the point of life,local
i must know the point of life,local
tell the meaning of life,local
i gotta know the meaning of life,local
what is your take on the meaning of life,local
tell me what is the purpose of life,local
what meaning does life hold,local
what do you think is the meaning of like,local
how do i find the meaning of life,local
what is the purpose of exsistance,local
what is your version on the meaning of life,local
what is your explanation for the meaning of life,local
what is the purpose of creation,local
can you figure out the meaning of life,local
whats your take on the meaning of life,local
can you explain the meaning of life to me,local
what is life all about,local
can you explain the meaning of life,local
"what's the point of life, anyways",local
the meaning of life please,local
the meaning of life,local
i'd like to me told the meaning of life,local
do you know the meaning of life,local
say what the meaning of life is,local
can you tell me life's meaning,local
what's the meaning of my life,local
what is the underlying purpose to life,local
what do you think about the meaning of life,local
what is life’s meaning,local
help me figure out the meaning of life,local
"would you tell me the meaning of life, please",local
"could you tell me the meaning of life, please",local
can you tell me the meaning of life,local
could you tell me the meaning of life,local
"can you tell me the meaning of life, please",local
what does life mean to you,local
is there really a meaning of life,local
is there any meaning to being alive,local
what is the meaning of my life,local
what is the point of life,local
what's the point of everything,local
is there a meaning to life,local
why are we here in life,local
can you share the meaning of life,local
research the meaning of life,local
can you tell me what you think the meaning of life is,local
what is our purpose here on earth,local
is love the meaning of life,local
is there a reason people exist,local
what is the secret or meaning to life,local
what does life mean on a deeper level,local
how would you put what life is all about,local
how would you describe what life means,local
what do people say life means or the meaning is,local
life has what meaning or what's the secret to it,local
where is there meaning in life,local
what is the meaning of this life,local
do you know what the meaning of life is,local
what's life's meaning,local
"does life have a meaning, according to you",local
does this life have a meaning,local
can you share with me your interpretation of the meaning of life,local
what do you think is the meaning of life,local
is there a meaning in life,local
i wonder if you can explain the meaning of life,local
"i always wonder about the meaning of life, can you tell me",local
what's my meaning in life,local
define the meaning of life,local
meaning of life is,local
what is your perception of the meaning of life,local
whats the meaning of life,local
what do you think the meaning of life is,local
what is behind life's meaning,local
does ireland have any travel alerts i should be aware of,online
does north korea have any travel alerts i should be aware of,online
are there any travel alerts for russia,online
does spain have any travel alerts i should be aware of,online
are there any travel alerts for north korea,online
does macedonia have any travel alerts i should be aware of,online
are there any travel alerts for syria,online
are there any travel alerts for ukraine,online
does myanmar have any travel alerts i should be aware of,online
are there any travel alerts for china,online
is there a travel alert for russia,online
is there a travel alert for scotland,online
does russia have any travel alerts i should be aware of,online
is it safe to travel to iceland,online
is it safe to travel to russia,online
does italy have any travel alerts i should be aware of,online
does germany have any travel alerts i should be aware of,online
is there a travel alert for north korea,online
does china have any travel alerts i should be aware of,online
is there a travel alert for canada,online
is it safe to travel to norway,online
is it safe to travel to bermuda,online
is it safe to travel to argentina,online
does finland have any travel alerts i should be aware of,online
is there a travel alert for spain,online
have there been any travel alerts issued for france,online
tell me about any travel alerts issued for germany,online
are there any travel warnings for london,online
should i know about any travel alerts before traveling in the usa,online
are there any new travel warnings for the us,online
any travel advisories for portugal,online
can you tell me if germany issued any travel warnings,online
does france have any current travel alerts,online
does spain expect any travel alerts,online
i am going to australia and want to be notified of any travel alerts,online
"i am going to be traveling in turkey, are there any alerts",online
are there any alerts for traveling in belize,online
what alerts are listed for traveling to paris,online
i need to know about travel alerts for mexico,online
what travel alerts are there in china,online
are there any alerts for travelling to beirut,online
argentina travel alert yes or no,online
does argentina have a travel alert,online
is there a travel alert in argentina,online
list of countries with travel alerts,online
can traveling to nepal be safe (what's safe in x),online
will i be safe while traveling to lyon (will you be safe),online
how safe is it to travel to mongolia (how safe is mongolia),online
is it safe to travel to rio de janeiro (is rio de janeiro safe),online
is traveling to dublin safe (will dublin be safe),online
is new caledonia safer than other countries,online
is las vegas a safe place to visit,online
if i go to baltimore will i be safe,online
"can you give me the travel alerts for jalisco, mexico",online
what are the latest travel alerts for dubai,online
"are there any travel alerts i should know about for buenos aires, argentina",online
i need any relevant travel alerts for australia,online
are there travel notifications for columbia,online
where in the world is there a travel alert,online
what are today's travel advisories,online
can you list the places that there are travel alerts for,online
where are there current travel alerts,online
is there a travel alert for [country],online
if i got to indonesia is it safe,online
i am thinking of going to brazil and was wondering if that is hazardous,online
would it be safe to go to columbia,online
is mexico a safe place,online
what potential hazards are there for going to spain,online
does a travel alert exist for that country,online
inform me if there's a travel alert for the country,online
does the country have a travel alert,online
i'd like to see if there's a travel alert for the country,online
can you tell me if there's a travel alert for that country,online
any travel alerts for south korea,online
are there travel alerts for europe,online
what are the currect travel alerts in africa,online
can i safely travel to brazil,online
does japan have any travel alerts i should be aware of,online
is there travel alerts for greece,online
how safe is it to travel to germany,online
is it safe to travel to china,online
is it safe to fly to russia,online
does france have any travel alerts i should be aware of,online
look for travel alerts for china,online
does south korea have any travel alerts i should be aware of,online
is it dangerous to travel to mexico,online
any travel alerts for canada,online
any travel alerts for that country i should know about,online
are there any travel alerts in that region,online
i need to know the travel alerts for kenya,online
any alerts for travelers to canada,online
should i be worried about any travel alerts for that country,online
look up travel alerts for canada,online
is there a travel alert for that country,online
find if there are any travel alerts for canada,online
search for any travel alerts for canada,online
does kenya have any travel alerts right now,online
check travel alerts for kenya,online
do i need to read any travel alerts for kenya,online
search for travel alerts for kenya,online
lets hear an interesting fact about funko pops,local
know any interesting facts,local
what is one fun fact,local
tell me a fact,local
lets hear a fact,local
any unique trivia about beats headphones,local
tell me a fact i may not know,local
what is one thing i might not know about nike shoes,local
tell me something interesting about sperm whales,local
i want to know a fun fact about pluto,local
what's an interesting fact about flamingos,local
tell me a random fact,local
have any cool facts on reptiles,local
i want to learn an interesting fact about cats,local
read me some fun facts,local
tell me a few facts about cats,local
help me learn something intriguing about turtles,local
read me some interesting information about cats,local
what's an interesting tidbit about rivers,local
can you tell me something i don't know about banks,local
can you tell me a fun fact regarding cars,local
do you know any fun facts about shampoo,local
what's a fun fact about eggs,local
what's a neat fact about twinkies,local
i'd like to hear a fun fact about adult entertainment,local
tell me something neat about slinkies,local
tell me something fun about gravity,local
say trivia about lebron james,local
tell me a fun fact about mt everest,local
give me some trivia about lebron james,local
what are some trivia questions about lebron james,local
repeat that fun fact about mt everest,local
what is a fun fact about mt everest,local
say a fun fact about mt everest,local
do you know any fun facts about mt everest,local
explain some trivia about lebron james,local
communicate trivia about lebron james,local
what are fun facts about lighthouses,local
can you tell me fun facts about lighthouses,local
tell me interesting facts about lighthouses,local
tell me a fun trivia bit about artificial intelligence,local
do you know any trivia about the ocean,local
tell me something neat about the ocean floor,local
i'd like to hear a fun fact about the nfl,local
i want to hear an interesting fact about dinosaurs,local
please tell me an interesting tidbit about the roman empire,local
can you share some trivia with me about us history,local
do you know any fun facts about the ocean,local
i want to learn a neat fact about black holes,local
can you give me a good piece of trivia about the rainforest,local
tell me something interesting about outer space,local
share with me a fun fact about outer space,local
tell me a neat fact about the ocean,local
tell me some interesting trivia about dinosaurs,local
i want to hear a fun fact about american presidents,local
give me an interesting fact about antarctica,local
can you share something interesting about world war one,local
i want to know some trivia about our solar system,local
tell me a fun fact about the olympics,local
tell me something cool about elephants,local
name some awesome things about dogs,local
list some neat stuff about rats,local
what's a good trivia fact about china,local
give me a fun fact about otters,local
do you know any fun facts about australian football,local
tell me some trivia about birds,local
do you know any trivia about ostriches,local
what's a good fun fact about great britain,local
give me trivia about bats,local
fun facts about tigers,local
tell me something interesting about los angeles,local
what's a fun fact about mythology,local
what's a fun fact relating to elephants,local
what's a cool and interesting thing about dogs,local
i'd like to hear some trivia about florida,local
tell me a fun fact about butterflies,local
please give me a really impressive piece of trivia about bubble gum,local
what is the most fun fact you know about the film industry,local
please tell me trivia about hamburgers,local
what is the most unique piece of trivia relating to cameras,local
what's a fun fact about elephants,local
tell me some amazing trivia about radios,local
tell me a fun fact about computer,local
please tell me a really fun fact about facebook,local
can you tell me the most interesting fact about resistors,local
what is an amazing trivia fact relating to 3d printing,local
tell me a fun fact about tigers,local
can you tell me a fun fact about elephants,local
what is a fun fact about dogs,local
what would be a fun fact about cats,local
tell me all about the trivia with friends,local
i need to know trivia on star wars,local
lets fin out some fun facts about humans,local
i want to know all about trivia for the office,local
explain to me the trivia on twilight,local
lets go threw some trivia on sports,local
"trivia about something,tell me some",local
tell me about something some trivia,local
tell me some something trivia,local
"about something,tell me some trivia",local
adjust your language setting to english,local
change and set your language setting to english,local
set your language setting to english,local
make your preferred language english,local
"i would like to have language set to spanish, please",local
please give me your responses only in french from now on,local
can we speak in english rather than zulu,local
i would like to change your language from portuguese to italian,local
change the response language to french please,local
what languages can i switch to for your responses,local
can you give me the answers in italian instead of english,local
i want us to speak to each other in spanish from now on,local
"switch the language for your responses, please",local
let's speak in mandarin instead of english,local
how can we start communicating in french rather than english,local
please change the language that you are responding in,local
how do i change the language that your responses are delivered in,local
i need to switch the language for your responses,local
i need to change language to spanish,local
fix my language to spanish,local
speak in the language english,local
i need to change my speaking to spanish,local
i want to switch speaking to french,local
replace my language to chinese,local
can you change your language to japanese,local
change your language to spanish please,local
can you translate that to french,local
please respond to me in spanish,local
can you speak to me using japanese,local
i would appreciate it if you could talk to me in french,local
do you know french,local
can we talk in french,local
can you talk to me in italian,local
can you speak to me in french,local
can you speak to me in chinese,local
talk to me in italian from now on,local
can i start talking to you in french,local
can you talk to me in french,local
can you talk in spanish,local
can i start talking to you in spanish,local
please talk to me in spanish,local
"can you understand me, if i start talking in italian",local
is it ok if i start speaking to you in german,local
can i give you instructions in japanese,local
talk to me in spanish from now on,local
can you talk to me in chinese,local
i am going to switch to greek,local
i want to use spanish as my language,local
i will be speaking chinese going forward,local
the language i am using will now be italian,local
i am changing over to italian now,local
is there an option to speak only in mandarin,local
let's go ahead and switch your language,local
i want to edit the language,local
is it possible to only talk in spanish,local
let me talk to you in greek,local
change the native language,local
can i speak to you in german,local
is there an option to change the language,local
i need to change the language to french,local
how can i adjust the spoken language,local
answer me in french,local
please respond in latin from now on,local
talk to me in italian,local
let’s chat using spanish,local
i need the language set to swahili,local
change the language you're using to american english,local
switch the language setting over to german,local
"change language to french, please",local
can you swap the language to afrikaans for me,local
i want you to address me in italian,local
i want you to speak in french,local
start talking in spanish,local
can you speak in french,local
i want to hear from you in german,local
change your language setting to german,local
alter your language to french,local
change your language prefrences japanese,local
change your language setting to chinese,local
alter your language choice to dutch,local
change your language,local
can i change your language,local
select a new language,local
i want to put you in a different language,local
let's change the language for you,local
set default language to english,local
you should respond in english,local
please respond in english,local
change your spoken language to english,local
change language setting to english,local
switch your language setting to english,local
i want your language changed to chinese,local
can you start talking to me in spanish from here on out,local
please speak to me in chinese,local
please make your language setting french,local
please speak german to me from now on,local
i need your language setting to be russian now,local
please change your language setting to spanish,local
i want your responses to be in french,local
"from now on, i want you to answer me using japanese",local
when will my application for my credit card be processed,online
has the discover card approved my app,online
do you know if my amex card app went through,online
have they looked over my app for the new credit card yet,online
has my application for the mastercard card gone through,online
have my app for a new card been processed yet,online
has the application i put in for a new visa been processed,online
has there been any notice that my card app has been looked at,online
has visa gotten back to me regarding my card app,online
see if my form submission for an american express card has been seen,online
do you know if anyone's even looked at the application i sent in for the new visa card,online
has anyone looked at my mastercard application,online
have i gotten confirmation for my credit card app,online
can you check if my application for a discovery card has been looked over yet,online
is there any indication my application for a new credit card has been processed,online
"i put in a credit card application, so what is the status with it currently",online
did my visa card app go through yet,online
did my chase card application go through yet,online
do you know the status of the credit card application i filed,online
has the application for my visa been processed,online
i filed a credit card application so what is going on with it,online
did my american express card application go through yet,online
what is the status of the application for a credit card i put in,online
has the application for my american express been processed yet,online
my credit card application has what status,online
where can i go to see if my credit card application has been processed,online
will i be notified when my application has been processed,online
what is the status of my credit card application,online
how will i know when my application for a credit card has been processed,online
where can i find out the status of my credit card application,online
"tell me if my application has been processed yet, i signed up for a credit card recently",online
can you check and see if my credit card application has been approved or not,online
has my application for a trust bank credit card been mailed out and if so was i approved or not,online
could you check and see if my credit card application has been processed and approved or not,online
i want to know if my application for a credit card at community bank has been approved or not,online
can you find out if my application at smith bank was approved or not  i applied for s credit card a month ago,online
can you tell me if my application for a credit card has been processed yet it was at chase bank,online
was my application approved or not for a credit card at chase bank,online
i want an update on my application for a credit card that i sent in a couple weeks ago,online
i haven't heard if my application for a credit card has been accepted or not can you check on it for me,online
please look into the latest status of my credit card application,online
can you update me on the status of my american express card application,online
"can you find out the latest on my credit card application, i haven't heard an update in some time",online
find out for me if my amex card application was received,online
can you check the status of my credit card application,online
how can i track the progress of my credit card application,online
"has my credit card application been received, or what is its current status",online
i need to know what the latest is with my application for a visa credit card,online
please check the status of my mastercard application,online
do you know what the latest is with my credit card application,online
i would like an update on the progress of my credit card application,online
update me on the status of my credit card application,online
please get me an update on the status of my credit card application,online
has there been any changes in the status of my credit card application,online
please find out the current status of my credit card application,online
i want to be updated on the most recent status of my credit card application,online
tell me the present status of the credit card application i submitted,online
look into the status of the credit card application i submitted recently for my new card,online
look to see if my application for the barclay's card has gone through yet,online
i want to know if my credit card application has been processed yet,online
i need to know if the application been processed,online
tell me straight if it has been processed or not,online
can you tell me when my credit card application will be processed,online
how much longer until my credit card application is checked,online
when will my credit card app be approved,online
has my credit card application gone through,online
check on my credit card application,online
do i have any updates about my credit card application,online
has my credit card application been processed,online
have i received any messages about my credit card application,online
when can i hear the decision on my credit card application,online
my credit card application status,online
"i applied for the credit card, have you processed my application",online
how long to process my credit card application,online
how is my application on new credit card going,online
what is the status of my new credit card application,online
is my application processed for credit card,online
help with credit card application status,online
is my credit card application approved,online
what is the status of my application for the credit card,online
has my credit card application been processed yet,online
what's the current status of the credit card i applied for,online
in what status is my credit card application,online
did the application i put in for a mastercard go through yet,online
has my application for a new credit card been processed,online
has my amex application gone through yet,online
i applied for a visa card; did that go through,online
what status is my card application in,online
did they process the credit card i applied for,online
i applied for a new credit card; did it process yet,online
did discover get my card application yet,online
tell me about my american express application; did it go through,online
tell me a little more about the status of my credit card application,online
tell me the status of my credit card application,online
is the processing done on my new credit card,online
i'm desperate to know about my cc processing,online
have you heard anything back on my cc application,online
is it likely my credit card application has processed yet,online
has my credit card application been approved,online
when will my cc application process,online
what is the projected time frame for the flight to land,online
is there any news on flight dl123,online
what is the word on flight dl123,online
when will we begin to board my scheduled flight,online
whats the status of my frontier flight,online
when will my flight take off,online
what is the arrival time for my flight,online
whats the status of my delta flight,online
whats the update on flight dl123,online
is there an update on flight dl123,online
when will my flight land,online
at what point should the flight land,online
what time is my flight scheduled to leave,online
when is my flight supposed to leave,online
whats the status of my south west flight,online
when should the flight land,online
whats the latest on flight dl123,online
whats the status of my united flight,online
whats the status of my singapore flight,online
give me the status of flight dl123,online
tell me that status of flight dl123,online
is flight dl123 coming in on time,online
is flight dl123 on time,online
what's the latest with my united flight,online
update me on my delta flight please,online
tell me what the status of my american airlines flight is,online
look up when my flight is set to start boarding,online
at what time will my flight land,online
i need to know the status of my alaska air flight,online
at what time will my flight begin boarding,online
what time is my flight supposed to board,online
tell me what time my flight ought to be landing,online
tell me when my flight is scheduled to start boarding,online
when is my plane scheduled to land,online
when does boarding for my flight begin,online
whats the most recent status for my virgin air flight,online
can you check when my flight lands,online
what time is my flight supposed to be landing,online
can you tell me the status of my delta flight,online
whats my delta flight's status,online
is my delta flight on time,online
when will my delta flight depart,online
will my delta flight leave on time,online
what is the eta of my flight,online
when is my flight due to arrive,online
what landing time is scheduled for my flight,online
what time is my plane supposed to arrive,online
what is the scheduled arrival time for my flight,online
please tell me the status of my southwest flight,online
i would appreciate it if you could tell me the status of my southwest flight,online
what is the status of my frontier flight,online
could you tell me the status of my frontier flight,online
do you mind informing me the status of my southwest flight,online
when will my aa flight be landing,online
when's my flight boarding,online
what's the latest info on flight dl123,online
when will my panam flight be arriving,online
when will my jetblue flight get here,online
when will they let me board,online
can you update me with the status of flight dl123,online
what's the status of my united flight,online
can you tell me where flight dl123 is,online
at what point will this flight start letting people board,online
how long until delta is at the gate,online
when should i expect my flight to come in,online
when can i start boarding my flight,online
when's my flight getting here,online
how long until my flight is here,online
has flight dl123 arrived yet,online
what time will i be allowed to board,online
any idea where flight dl123 is right now,online
what's my flight's eta,online
what time does my flight get in,online
when does my flight arrive,online
let me know the status of flight dl123,online
tell me the status of flight dl123,online
i would love to know when my flight is going to land,online
i wanna know the status of flight dl123,online
tell me when my flight will land,online
i gotta know when my flight will land,online
please inform me when my flight scheduled to board,online
i would like to know when my flight scheduled to board,online
i need to know when my flight scheduled to board,online
tell me when my flight scheduled to board,online
please tell me when my flight will land,online
i wanna know when my flight scheduled to board,online
i need to know the status of flight dl123,online
i wish to know when my flight will land,online
what is the scheduled landing time for my flight,online
what time will my flight be boarding,online
what time is this flight supposed to land,online
what time will i be able to board the plane,online
when will i get to my destination,online
can you tell me what time this flight is going to land,online
please tell me what the boarding time is for my plane,online
what time will my flight reach the destination,online
can you tell me when my flight is going to board,online
tell me when my flight is landing,online
i need to know when my flight is landing,online
so when is my flight landing,online
please flip a coin and tell me what side it lands on,local
will you flip a coin so i can make a choice,local
flip a two sided coin and tell me what it lands on,local
i need you to flip a coin so i can decide,local
begin the coin flip now,local
i want you to help me make a decision by flipping a coin,local
"please flip a coin, and i call heads",local
"flip a coin and let me know if it lands on heads or tails, please",local
i want you to flip a fair sided coin,local
are you able to flip a two sided coin,local
i need you to flip a coin so i can make a choice,local
"can you please flip a coin, i call tails",local
"flip a coin, i call tails",local
heads or tails i choose tails,local
please tell me if a coin lands on tails,local
please tell me if a coin flip lands on heads or tails,local
flip a coin heads or tails,local
please flip a coin i select tails,local
will you flip a coin,local
can you get a coin and flip it,local
would you flip a coin,local
will you get a coin and flip it,local
"flip a coin for me, with you calling heads",local
i'd like you to throw a virtual coin for me,local
can i get a random heads or tails,local
can you do a coin flip,local
i want a coin flip and i'll take tails,local
i call tails for a coin flip you need to do right now,local
do a virtual coin flip and tell me if i win as tails,local
randomly pick between heads or tails and tell me if tails wins,local
toss a coin and tell me what it lands on,local
choose heads or tails and tell me what you came up with,local
flip a fair coin i win if it's tails,local
flip a coin for me i call tails,local
flip me a coin i'm calling tails,local
take a coin and flip it and i call tails,local
"hey, flip me a coin i call tails",local
flip a coin one time,local
flip that dime,local
i need to do a fair coin flip,local
flip that coin once; it must be tails,local
flip a quarter,local
do one coin flip; it will be tails,local
flip a coin; i say tails,local
how about a coin flip,local
let's decide with a coin flip,local
can you flip a coin once,local
"if you flip a coin, i call tails",local
let's settle it with a coin flip,local
please flip a coin i hope its tails,local
i need you to flip a coin once,local
flip that coin please,local
flip the coin,local
"flip that coin please, i choose heads",local
flip that coin now,local
"i choose heads, now flip that coin",local
"go ahead and flip that coin, i am choosing heads here",local
flip it please,local
"i am choosing heads, now please flip that coin",local
go ahead and flip a coin,local
"go ahead and flip that coin, i choose heads",local
can you flip a coin and tell me the result,local
i will determine it with a coin flip,local
i want you to flip a coin,local
flip a coin and tell me if its heads or tails,local
flip a coin if you will,local
can you do a coin flip for me,local
i need to have a coin flipped,local
i would like a coin flip,local
i ned you to flip a coin,local
i want a coin flipped,local
flip a coin for me,local
i want a coin flip,local
i require a coin flip,local
lets go with heads or tails,local
lets flip for it,local
toss a coin i will take heads,local
"lets do a coin toss, i call tails",local
"filp a coin, i call heads",local
spin a coin,local
lets do a coin toss,local
toss a coin i will take tails,local
do a coin flip,local
do heads or tails,local
coin flip,local
heads or tails please,local
"ai, heads or tails",local
"ai, coin flip",local
"ai, please flip a coin",local
"ai, give me the results of a coin flip",local
flip a coin for me ai,local
"flip a coin, you win with heads",local
"can you flip a coin, i will take tails",local
"go ahead and flip a coin, i am calling tails",local
"please flip a coin for me, tails i win",local
"flip a coin, i have tails",local
heads or tails,local
perform a coin flip,local
do a coin toss,local
help me flip a coin,local
please change the name you refer to me by,local
how do i change the name you use to address me,local
is there a way i can change the name you use to address me,local
i need to change my name to something else for you to call me,local
can i have you call me something else,local
i go by brad,local
usually people refer to me as brad,local
i prefer to go by brad,local
people call me brad,local
my name is brad,local
call me carrie,local
my names carrie,local
my friends call me carrie,local
you can call me carrie,local
call me dad,local
you can call me stevie,local
you can call me sarah,local
you can call me james,local
call me jake,local
call me stevie,local
you can call me john,local
my name is steve,local
my name is john,local
please call me jim,local
i go by the name jim,local
feel free to call me jim,local
you can just speak to me as jim,local
my name is jim,local
please start calling me mandy,local
the name i go by is sandy,local
i like to be called mikey,local
please refer to me as sharon,local
john is my name,local
the name you should call me is janet,local
people call me gary,local
you can address me as lizzie,local
i want to be called mollie,local
you can call me cindy,local
call me ishmael,local
can you just start calling me sir,local
i'm called tim,local
my friends call me sam,local
i'd like you to address me as lord snugglebottom,local
i go by ted,local
they call me john,local
would you just like to call me paul,local
please call me johnny,local
just call me sam,local
i want you to call me this new name,local
talk to me by calling me this name from now on,local
the new name that i want you to call me is this one,local
please call me by this new name,local
please change my name,local
you can call me brandon,local
you can call me jeff,local
you can call me michael,local
you can call me steve,local
you can call me alan,local
call me mary,local
i need you to call me mary,local
would you call me mary,local
i want to be called by mary,local
i would like you to call me mary,local
can i change what you call me,local
i'd like you to call me something different,local
change the name that you call me,local
call me frank,local
you can refer to me as frank,local
i want you to call me something else,local
my name's frank,local
i'd like to be called frank,local
can i change my nickname,local
i am john,local
"hi, i'm john",local
please call me frank from now on,local
can you call me bobby instead of bob,local
my name's bob,local
please call me bob,local
"when you talk to me, use bob",local
"please stop calling me dave, my name's bob",local
"my name is stu, not sue!",local
i want you to start referring to me as lucky,local
i'd like you to refer to me as bob,local
i am david,local
change my name to master,local
you can call me al,local
just call me al,local
i go by stefan,local
just call me dennis,local
please change my name to loverboy,local
i want you to call me lord,local
i'd rather have you call be ray ray,local
they call me josh,local
i am josh,local
i want you to call me pam,local
i need to change my username,local
address me by the name stan,local
only call me dan,local
please only call me joe,local
can you call me something else,local
where is your place of origin,local
what is your place of origin,local
what is your country of origin,local
where is your country of origin,local
what is your nationality,local
tell me where you're made,local
tell me how you're made,local
what town were you born in,local
what country were you born in,local
where's your birthplace,local
you were born where,local
your birthplace is where,local
where are your origins located,local
where did you originate from,local
where is your home located,local
where do you trace your roots,local
where do you hail from,local
i'd like to know where you're from,local
where are your origins found,local
can you tell me where you are from,local
where is the location of your creation,local
can you tell me where you were created,local
could you tell me where did you originate,local
would you care to let me know where you were made,local
where is the location that you were made,local
in which area were you made,local
what country were you made,local
where was it you were made,local
where did they make you,local
where were you created,local
what place were you created in,local
in which place were you made,local
what's your country of origin,local
what was your place of creation,local
what location did you originate at,local
what's your place of manufacture,local
from whence do you hail,local
where do you come from,local
what is your point of origin,local
what's your nationality,local
where were you manufactured,local
where were your born,local
what country do you consider yourself a citizen of,local
where did you last live,local
what's your birthplace,local
where did you used to live,local
what area did you grow up in,local
what area were you born in,local
what state were you born in,local
were you born here,local
are you from the uk,local
are you from the us,local
are you from europe,local
where you from the usa,local
where is your family from,local
where are you originally from,local
where was your home before here,local
where did you live previously,local
where did you live before here,local
where did you live prior to living here,local
what is the area that you came from,local
what location did you live at before,local
where is your original location,local
where were you before moving here,local
do you know where you were born,local
can you tell me where you were born,local
"where did you come from, originally",local
what was the location of your birth,local
what is the name of your birthplace,local
what is your native home,local
can you tell me your place of origin,local
where is your home,local
whereabouts are you from,local
did you grow up here,local
where were you given birth,local
where are you from,local
where did your mom have you,local
what city were you born in,local
what's your city of origin,local
where are your roots,local
"when you were a child, where did you live",local
"if you were to call a place your beginning, your home start, where would that be",local
so where did you live when you were a baby,local
what place do you call home,local
"up until now, what place was your home base",local
what location were you born in,local
your birth occurred where,local
where is your birth place,local
you came from where,local
where were you made,local
where would you say you were born,local
tell me where you come from,local
tell me where you were born,local
where were you born,local
what's your hometown,local
where's home for you,local
in what state were you born,local
were you born in a hospital,local
where did your parents have you,local
where did your mom give birth,local
what things can you help me with exactly,local
what are the things you can help me with,local
what exactly can you help me with,local
what can you help me with exactly,local
what can you help me with,local
what kinds of questions can you answer,local
tell me the subject areas you are familiar with,local
what sorts of subjects are you well versed in,local
what are the subject areas you are knowledgable in,local
what kinds of things are you knowledgable about,local
tell me the types of things i can ask you about,local
what sorts of things can i ask you about,local
tell me what you are capable of answering,local
what sorts of queries should i give you,local
what sorts of subjects do you know about,local
what type of questions may i ask you,local
which types of questions may i ask you,local
what kind of questions may i ask you,local
which types of questions can i ask you,local
what kind of questions can i ask you,local
what topics can i ask you about,local
what information can i ask you,local
what subjects do you know something about,local
what kinds of questions can i ask you,local
what types of things do you know,local
what kind of questions do you accept,local
what questions are permissible,local
what can i ask you,local
what are my list of commands,local
what are the kinds of things you can help me with,local
what kind of questions are you good at answering,local
can i ask you about anything,local
can you help me with anything i need,local
what all can you do,local
what things do you know about,local
what are you able to help me with,local
what types of things are you able to do,local
what can you answer for me,local
is there anything i can't ask you,local
what questions do you respond to,local
what should i ask you about,local
what are you able to answer,local
what's the sort of thing i should ask,local
what kind of things can you answer,local
what things can you do,local
what can you do,local
what types of questions do you have a response for,local
what kinds of questions can you respond to,local
what do you have answers for,local
what questions am i allowed to ask,local
what kinds of things can you do,local
ai can you tell me what things i may ask,local
"what can i ask you, ai",local
what am i able to ask the ai,local
"ai, tell me what things i should ask of you",local
what sorts of things am i able to ask of you ai,local
how can i get you to help me,local
what types of things can i ask you,local
what sort of things can you help me with,local
what are you able to do,local
what can i use you to help me with,local
how can i use you,local
what subjects do you know,local
what subjects are you familiar with,local
what subjects do you know about,local
what types of subjects do you know,local
what are you familiar with,local
what do you know,local
what subjects are you versed in,local
can you tell me the subjects you know best,local
tell me the subjects you're aware of,local
let me know what subjects you comprehend well,local
what are the sorts of things i can ask you about,local
what questions are you programmed to answer,local
what kinds of things can i ask you,local
what kinds of questions can i ask of you,local
are there certain types of questions i can ask you,local
what kinds of things would you be able to help me with,local
i need to know what kind of things you can help with,local
i want to know what sort of things you can assist me with,local
what sort of things are you able to help with,local
let me know what you can assist me with,local
how can i benefit from using you,local
how can you assist me,local
i wanna know the types of subjects are you familiar with,local
i wish to know the types of subjects are you familiar with,local
please inform me of the types of subjects are you familiar with,local
what can you be asked about,local
tell me the types of subjects are you familiar with,local
i would like to know the types of subjects are you familiar with,local
what can i ask you all about,local
are you familiar with any types of subjects,local
what skills do you have,local
what are your capabilities,local
what topics are you versed in,local
what sort of stuff do you know,local
what subjects do you know well,local
what can i ask you to accomplish,local
what tasks can you complete for me,local
what type of questions are you partial to that i can ask you,local
who formed you,local
who constructed you,local
what's your design company,local
what company coded you,local
who fabricated you,local
what company wrote your code,local
what company owns your code,local
who brought you up,local
who is it that programmed you,local
whats it like to be programmed,local
who was the inventor of ai,local
ai was made by whom,local
tell me the inventor of ai,local
can you tell me who made ai,local
could you let me know who made you,local
would you let me know who programmed you,local
provide me the name of who programmed you,local
i want to know who made you,local
provide me the name of who made you,local
i am needing to know who made you,local
tell me who made you,local
tell me who programmed you,local
let me know who made you,local
i need to know who programmed you,local
i am wanting to know who programmed you,local
give me an answer to who made you,local
i'm needing to know who made you,local
what's your brand,local
who created you,local
who was your creator,local
who made your algorithms,local
who manufactured you,local
what's the name of the company that designed you,local
who's responsible for your existence,local
what's the business that caused you to be made,local
can you remember who compiled you,local
what company's software engineers gave you life,local
who are the people responsible for you,local
who invented you,local
who designed you,local
who developed your actions,local
who supplied your instructions,local
who formulated you,local
which company can i credit your design to,local
by which company are you designed by,local
to which company is your design accredited to,local
which company is responsible for your design,local
what organization created you,local
who developed your internal code,local
who created your ai program,local
who was your inventor,local
who engineered you,local
who is this ai's creater,local
who made this ai,local
who did the programming for this ai,local
i would like to know who programmed this ai,local
you were built by who,local
what company manufactured you,local
who were you made by,local
are you made in the usa,local
tell me your brand,local
tell me the company that produces you and similar machines,local
may i know who made you,local
what created you,local
do you know who you came from,local
who is your originator,local
who is your creator,local
who is responsible for who you are,local
who crafted you,local
who was your programmer,local
the programmer who made you is who,local
who did the programming on you,local
what is the name of the person who created you,local
who built you,local
how were you made,local
how did you come to be you,local
please identify the name of the creator of this ai,local
this ai was made by what person or team,local
who is the creator of this ai,local
how was this ai created,local
tell me what company programmed you,local
"the creator of your ai, what is their name",local
who made the ai,local
what is the name of the person who made the ai,local
can you tell me who made the ai,local
will you tell me who made the ai,local
would you tell me who made the ai,local
who makes the ai,local
ai who made you,local
who made you ai,local
can you tell me who created you,local
who is responsible for making you,local
who were you invented by,local
i'd like to know who made you,local
who brought you to life,local
who made you up,local
what company created you,local
who gave you life,local
what company sponsored you,local
which company programmed you,local
you refer to me as what,local
by what name do you refer to me,local
what name do you use when addressing me,local
is there a name that you call me,local
how do you usually refer to me,local
what is the name you call me saved as,local
"regarding my name, whats it saved as",local
what name do you have saved for me,local
whats my name saved under,local
what is my first name saved as,local
do you know my name,local
say my name if you know it,local
can you guess my name,local
i want you to guess my name,local
by what name people call me,local
do you remember my name,local
say what you think my name is,local
show me what you think my name is,local
tell me what you think my name is,local
what can you call me,local
what would you like to call me,local
what would i be referred to as,local
what would you like to refer to me as,local
what do you think you will refer to me as,local
what will you call me,local
what will you refer to me as,local
what are you going to refer to me as,local
you saved my name how,local
in what format did you save my name,local
you wrote what for my name,local
what did ya save my name as,local
how did you save my name,local
what's my name in your system,local
how is my name listed,local
the name you have for me is what,local
what name am i under,local
call me by my name,local
tell me my designation,local
by what nym do you think of me,local
how do you say my name,local
what do you know me as,local
what do you say for my name,local
what's my name huh,local
please tell me the name you use for me,local
what name do you use to talk about me,local
how do you reference me,local
who do you think i am,local
can you tell me what you refer to me as,local
what am i called by you,local
what is my name saved as in your system,local
do you have any idea what my name is,local
can you tell me what my name is,local
what is the name you associate with me,local
what name do you have listed for me,local
what is the name you have listed for my identity,local
what do you refer to me as,local
what name do you know me by,local
how do you address me,local
tell me what you believe my name to be,local
what am i known as to you,local
what do you think i am called,local
tell me your guess of what my name is,local
can you tell me what you call me,local
what do you have my name saved under,local
what's my name saved under,local
what name do you call me,local
what is my name saved under,local
"what is the name that you have for me, please",local
what is the name that you have for me,local
what name do you call me by,local
"what is your name for me, please",local
what do you have me saved under,local
"what's the name that you have for me, please",local
what is my name saved as,local
what name do you refer to me as,local
what might my name be,local
can you tell me my name,local
"if you were smart, would you know my name",local
do you call me a certain name,local
do i have a name to you,local
what is your name for me,local
i want you to let me know what names you have for me,local
could you let me know what names you have for me,local
would you tell me what names you have for me,local
let me know what names you have for me,local
i need to know what names you have for me,local
do you my name,local
do you know how to refer to me,local
can you tell me what your refer to me as,local
my name is what,local
do you know what you call me,local
what is the name you call me,local
what name is mine,local
you have what name for me,local
so what is my name saved as,local
so what is my current name saved as,local
i wanna know what do you call me,local
let me know the name you have for me,local
so what name do you have for me,local
let me know what do you call me,local
can you suggest a restaurant for me to eat tonight,online
tell me where to go since i want to eat out tonight,online
"i'm craving for italian food, where should i go",online
"suggest a restaurant for me to eat tonight, please",online
"i'm not going to cook today, can you suggest a restaurant",online
what restaurants are pet friendly near here,online
what are the best restaurants,online
what decent restaurants around here are italian,online
do you know any good restaurants good for kids,online
any good pizza restaurants around here,online
where should i go to eat tonight,online
where should i eat tonight,online
"i want to eat out, where should i go",online
give me some good restaurants,online
"i'm hungry, where should i go",online
name a good restaurant near me,online
where should i go for dinner,online
its date night and we cant decide where to go help,online
where do people go to eat in this town,online
i am hungry and need a restaurant suggestion,online
can you tell me the best place for cajun shrimp in tampa,online
what's a good place to eat chinese in san francisco,online
what's a highly rated place for steak in omaha,online
where can i pick up a good burger near where i am,online
what's a good place to go to for food around here,online
are there any decent places to get seafood in seattle,online
what's the best place for some thai in new york city,online
i'm famished so give me some places to eat!,online
any ideas on a good place to eat out,online
can you recommend any restaurants,online
"i'm in the mood for italian, are there any good places around",online
please list nearby restaurants with 4 or more star reviews,online
where's a good place to get some grub,online
where would you eat italian in chicago,online
can i get good tacos anywhere in austin,online
is there a good fish place in salem,online
what are good places for a burrito in albuquerque,online
where should i go out for food to,online
can you recommend a decent place in chicago to get pizza,online
do you know of any good restaurants,online
help me find a good sushi spot in chicago,online
can you find me a good restaurant to try eating at,online
i want you to recommend a good local restaurant to me,online
tell me some good mexican restaurants in dallas,online
do you know of any good seafood restaurants in seattle,online
please find me some good thai restaurants in new york city,online
find me a good spot for southern comfort food in los angeles,online
are there any good restaurants in nyc that serve barbecue,online
"i want to go out to eat but have no idea where to go, do you know of any places",online
i want recommendations for good sushi spots in los angeles,online
do you know of any good mexican restaurants in seattle,online
does boise have any good indian restaurants,online
can you suggest some quality chinese restaurants in oklahoma city,online
help me pick a nice restaurant to dine at,online
what mexican restaurant within 5 miles has the best reviews,online
show me 5-star dining establishments in nashville,online
are there any good chinese restaurants open right now,online
what are the best family restaurants in charlottesville,online
"in boston, what are the best pizza places",online
are there some good thai restaurants in san antonio,online
what are the best italian restaurants in chicago,online
where are the good thai restaurants in atlanta,online
recommendations for good thai restaurants in las vegas,online
where should i go for good thai food in las vegas,online
i need suggestions for good thai restaurants in las vegas,online
where are some good thai restaurants in las vegas,online
tell me which restaurants are good for thai food in las vegas,online
can you list off 4 star restaurants,online
what type of restaurants are nearby,online
i need to know what restaurants are near me,online
can you list off different restaurants,online
what are some good places to eat at,online
could you locate me some good places in kentucky that serve sushi,online
does kentucky have any good restaurants that serve sushi,online
can you find me some good places in kentucky that serve sushi,online
what are some good places in kentucky that serve sushi,online
could you direct me to any good places in kentucky that serve sushi,online
find me a new place for dinner,online
can you find a good steakhouse for tonight,online
what's a good restaurant nearby,online
any new restaurants near the mall,online
what's your recommendation for dining out tonight,online
find me an asian restaurant,online
is there a barbecue restaurant around here,online
find an indian restaurant,online
can you recommend an indian restaurant,online
can you find a keto friendly restaurant,online
is there any good place in hawaii for pasta,online
is there any good place in hawaii kai that serve local food,online
"i want sushi, is there any good place in ho chi minh",online
is there any good place for vietnamese food on the east side of the island,online
is there any good place for mexican food in hawaii,online
what are some good sushi restaurants in reno,online
which restaurants in reno are good for sushi,online
what are the best sushi restaurants in reno,online
what are good restaurants in reno that serve sushi,online
are there any sushi restaurants in reno that have good reviews,online
list me some good vietnamese restaurants in new york city,online
suggest some restaurants,online
give me some restaurant suggestions,online
locate lost luggage from flight america airlines in o'hare,online
on flight america airlines in o'hare lost luggage,online
in o'hare lost luggage on flight america airlines,online
lost luggage on flight america airlines in o'hare,online
while on flight america airlines i lost luggage in o'hare,online
it seems my luggage was lost,online
my luggage was lost so what do i do,online
my luggage is missing i was on spirit flight ab123 from chicago,online
i think my luggage has been lost,online
i think my luggage was misplaced or has been lost,online
i lost my luggage coming from new york city on american flight ab123,online
what step do i take if my bag got lost on the flight,online
i lost my luggage coming from chicago on delta flight ab123,online
what is the next step if my luggage was lost,online
"i lost my luggage, what now",online
i lost my luggage,online
my luggage is missing i was on frontier flight ab123 from seattle,online
my luggage was lost on the flight,online
my luggage is lost i was on delta flight ab123 from detroit,online
can you please help me find my lost luggage,online
my luggage has not arrived and i would like help locating it,online
my luggage has not arrived and i would like assistance locating it,online
can you please help me locate my luggage,online
my luggage is lost and i would like help trying to locate it,online
im at lax and my bags aren't,online
my bags did not arrive here at smf,online
i got to vegas airport but my bags didn't,online
"where are my bags, not here at the airport",online
my bags didn't make it to the new orleans airport,online
i'm not able to find my luggage and i was on southwest airlines flight ab123 out of houston,online
my luggage is missing i was on american airlines flight ab123 out of dallas,online
i just traveled on american airlines flight ab123 out of dallas i can't find my luggage,online
i flew on southwest airlines flight ab123 out of dallas and i can not find my luggage,online
i was on american airlines flight ab123 out of houston and i can't find my luggage,online
what if i lost my luggage,online
"help, i lost my luggage",online
what to do if luggage lost,online
how to find lost luggage,online
what do you do if your luggage is missing,online
what is the best way to deal with my lost luggage,online
i'm in baggage claim at the airport and my luggage didn't make it,online
who can i turn to if i lost my luggage,online
i'm waiting for my luggage in the airport now but it's been a while and it's still not arrived,online
where do i begin the process of reporting my luggage lost,online
"my luggage is nowhere in sight, it might be lost",online
"if i lost my luggage, where can i get help",online
i believe it looks like my luggage has disappeared,online
"my luggage is missing, i think",online
it appears that my luggage has vanished,online
can you tell me what to do as i am in the airport and have been for some time and there is still no sign of my suitcase,online
there's a strong possibility that my luggage has gone missing,online
how do i handle the situation if i lost my luggage,online
is there someone i can talk to since i am in the airport waiting for my luggage which never came,online
what should i do if i'm waiting at the airport and my luggage is not here,online
i think my luggage got lost,online
i believe that my luggage was lost,online
it looks as though my luggage has been lost,online
i don't know where my luggage is,online
i'm having trouble finding my luggage i was on delta flight ab123 out of new york,online
i was on delta flight ab123 out of new york and i can't find my luggage,online
i miss placed my luggage i was on delta flight ab123 out of new york,online
my luggage is lost i was on delta flight ab123 out of new york,online
i was on delta flight ab123 out of new york and haven't been able to locate my luggage,online
my luggage appears to be missing,online
i need to find my luggage,online
do you know where my luggage is,online
i can't find my luggage anywhere and there's no more on the conveyor,online
can you see if you can track where my luggage is,online
"what the heck, where's my luggage!",online
i can't find any of my luggage!,online
do you know where the luggage for people on panam flight ab123 out of tuscon is,online
who do i report lost luggage to,online
i'm here at dia but my luggage isn't!,online
find me the number for jet blue's customer service so i can yell at someone about my missing luggage,online
can you help me locate lost luggage,online
how do i find lost luggage,online
i arrived on delta flight ab123 from juno but my luggage doesn't appear to have come with me,online
what's the procedure to deal with lost luggage,online
i just flew in on american airlines flight ab123 from chicago and can't find my luggage,online
can you check where my luggage is off jetblue flight ab123 out of buffalo,online
where's my luggage for american airlines flight ab123 out of denver,online
how do i go about resolving my luggage that didn't arrive,online
can you find out what happened to my luggage,online
do you know whom i should contact since my luggage did not arrive,online
"my luggage did not arrive, please investigate",online
"where is my luggage, i was on delta flight ab123 out of dc",online
"i need my luggage found, i was on delta flight ab123 out of san francisco",online
"i can't locate my luggage, i was on jetblue flight ab123 out of detroit",online
"my luggage is lost, i was on american airlines ab123 out of los angeles",online
"i need assistance with my lost luggage, i was on american airlines ab123 out of talahasse",online
help me find my luggage,online
tell me where my luggage is,online
how do i find lost luggage in an airport,online
i need to figure out what to do about lost luggage,online
"my luggage is lost,what do i do now",online
who do i go to to find lost luggage,online
who do i complain to about my luggage not arriving at the airport,online
can you help me find my luggage it was lost on delta flight abc123 from houston,online
i need my luggage that your airline lost it was flight abc123 and now it’s suddenly missing,online
my luggage was on delta flight abc123 out of houston and now i can’t find it,online
i didn't hear you please repeat,local
please repeat,local
i want you to repeat that,local
one more time please,local
i need you to repeat that,local
i need you to please repeat that,local
one more time for me please,local
i would like that repeated,local
just another time please,local
say it again please,local
i must have you repeat that,local
say it again,local
i need that repeated,local
just one more time,local
i want to have that repeated for me,local
i want that repeated,local
ai what was the question,local
ai i didn't hear you,local
ai please repeat,local
ai could you say that again,local
excuse me,local
i did not hear you,local
"i didn't get that, please repeat",local
please repeat yourself,local
"i didn't catch that, please repeat",local
can you say that over,local
restate the last thing you told me,local
repeat what you just said,local
i didn't catch that say it again,local
what was that last thing you said,local
repeat what you just told me,local
please say that one more time,local
hold on what was that you just said,local
repeat that last response,local
"i need you to repeat that, please",local
"i did not quite hear you, can you say it again",local
can you please repeat that response,local
"i did not hear you, please repeat",local
say it one more time please,local
"i didn't hear, please say it again",local
im sorry can you repeat yourself,local
"i missed what you said, can you say it again",local
"i couldn't hear you, can you repeat it",local
i didn't hear say it again please,local
can you repeat yourself,local
i would like you to repeat yourself,local
"i missed that last one, please repeat",local
what was that,local
i didn't hear you can you repeat that,local
please repeat that phrase,local
"i missed what you said, please say it again",local
can you tell me what you just said,local
"will you repeat that, please",local
"could you repeat that, please",local
"would you repeat that, please",local
would you repeat that,local
would you please ask the question again,local
i am needing for you to say that again,local
i need for you to ask the question again,local
could you ask the question again,local
i am going to need you to say that again,local
"would you say that again, please",local
repeat the question,local
i didn't hear what you said,local
repeat that please,local
i didn't hear you,local
"i didnt hear what you just said, can you say it again",local
may you repeat what you said again,local
"i didn't hear what you just said, can you repeat it",local
"i didn't understand what you just said, can you repeat it",local
"i didnt understand what you just said, can you say it again",local
can you say what you just said again,local
could you repeat what you just said again,local
would you repeat what you just said,local
will you please repeat what you said,local
what did you just mention,local
i need that said again,local
i need to know again,local
please say it again,local
tell me once more,local
repeat that again,local
replay what you just said,local
"i missed that, say it again",local
could you say that again,local
repeat your last message,local
say it one more time,local
i did not understand say it again,local
can you please sat it one more time,local
"i did not catch that, repeat what you just said",local
"sorry, i didn't hear you, can you say that gain",local
"i didn't hear you, can you repeat that louder",local
i didn't catch that so please repeat it,local
please run that by me again,local
i missed that say it again,local
can you say again,local
please repeat what you just said,local
can i get you to say that once more,local
will you repeat what you just said,local
please repeat over what you said,local
come again with that,local
yep,local
that is affirmative,local
what you just said is true,local
that is not false,local
that is a fact,local
i agree with the truth of what you just said,local
i believe what you just said is true,local
that would be great,local
that would be awesome,local
that is totally true,local
oh yes,local
yes that is right,local
that is a yes,local
that seems true,local
positive,local
true,local
very true,local
that will be true,local
that appears true,local
that is true,local
it is true,local
that is right,local
that statement was correct,local
i think that's true,local
that is accurate,local
"yes, that is it",local
correct,local
the answer is yes,local
all right,local
it's indeed true,local
that's a yes from me,local
yes you are correct,local
that's a definite yes,local
yes that's it,local
i vote yes,local
that is correct,local
"yes, that is true",local
"yep, that's right",local
yeah that's what i want,local
you got it,local
"yeah that's right, so true",local
true is my response,local
"yes, that's affirmative",local
"yes, you got it",local
absolutely!,local
do that,local
absolutely correct,local
confirm,local
"yes, i'd really like that alot",local
"agreed, that's valid",local
"affirmative, go ahead",local
yes that's correct,local
"yeah, that's how it is",local
"yeah, that's right",local
of course,local
that's the truth,local
exactly right,local
"yes, that's accurate",local
"yes, that is accurate",local
"yes, that's what i want",local
"yes, that is a fact",local
"yes, that is correct",local
"yes, that's confirmed",local
indeed,local
yes,local
uh-huh,local
"correct, that's true",local
"yes, that's correct",local
yeah,local
yeap,local
ok,local
sure thing,local
yes you are right,local
yes you are,local
yes i do like that,local
yes that is correct,local
yes i am,local
i think it's true,local
that would be yes,local
that would be true,local
i believe that's true,local
uh huh,local
"yep, that's true",local
"yes, that is actually true",local
"yes, that's it",local
"yes, that is right",local
"correct, it is affirmative",local
the answer to that is a resounding yes,local
i can confirm it is affirmative,local
my response to that is yes,local
i have to say affirmative on that one,local
i would have to say yes as my answer,local
the answer to that is affirmative,local
"that is true, yes",local
it is definitely affirmative,local
is is very much true,local
it is a true,local
its a for sure true,local
yes sir,local
it's true,local
can you give me some suggestions to go site seeing when i get there,online
can you get me any recommendations for the place i'm traveling to,online
please suggest some fun tourist activities in tokyo,online
i need help with some fun tourist things to do in tokyo,online
could you tell me what fun tourist things i could do in tokyo,online
what should i do for fun in tokyo,online
what do tourists do in tokyo,online
what sites are there to see when in evans,online
what can i do in evans,online
name some things i should do while in evans,online
"if i go to evans, what should i do",online
what is there to do in evans,online
what can i do in new orleans for fun,online
what do you recommend to do in vegas,online
is there anything fun to do in berlin,online
find something fun for me to do in dallas,online
what's fun to do in thailand,online
where should i book my next trip,online
what are some hot travel destinations,online
what's a good place to travel to,online
where should i travel to next,online
what's the best place to travel to this time of year,online
"when visiting chicago, what things can i do there",online
what are some good restaurants in chicago,online
what are some activities to do in chicago,online
"when travelling in chicago, what kinds of attractions should i see",online
what kind of entertainment is available in chicago,online
show me some things to do in gatlinburg,online
what are the main attractions in gatlinburg,online
name the five star attractions in gatlinburg,online
what are some of the attractions in gatlinburg,online
what are the most popular attractions in gatlinburg,online
where should i spend my time off,online
give me some awesome travel destinations,online
what's the best place to just get away from it all,online
what are some tourist sites to see in ann arbor,online
name some tourist things to do in chicago,online
"in austin, what are some tourist things to do",online
name some tourist things to do in seattle,online
"what are some fun, tourist sites to see in nyc",online
what experiences does kentucky offer,online
what's something interesting to do kentucky,online
what things are there to do in kentucky,online
what could i do for fun in kentucky,online
what does kentucky have to offer for things to do,online
what are the big tourist sites in sweden,online
what are some fun things to do in sweden,online
can you tell me about the best tourist attractions in sweden,online
what are some of sweden's best sights,online
what can i do in nashville,online
help me find things to do in nashville,online
can i do a lot in nashville,online
i need ideas for things to do in nashville,online
do you know of any activities in nashville,online
what are some touristy things to do in boston,online
what kinds of fun things are there in boston for tourists,online
are there any exciting tourist things to do in boston,online
what kinds of fun touristy things are there to do in boston,online
are there any fun tourist things to do in boston,online
what are some fun things i can partake in in atlanta,online
tell me things i can do in chicago,online
provide me with ideas of things we can do in charlotte,online
give me a list of things to do in orlando,online
where should i travel if i want to visit some history museums,online
i'd like some suggestions on where to go on my vacation this year,online
"are there any interesting things to do in atlanta, georgia",online
"is there anything fun to do in manassas, virginia",online
i want to travel this year but i need some suggestions,online
where should i travel if i want to go to a nice beach,online
give me some ideas on what i can do in seattle for fun,online
"what do you suggest for entertainment in tampa, florida",online
"what are some fun things to do in butte, montana",online
"in portland, what things are there to do",online
what things can i do in portland,online
what are some things i can do in portland,online
what are some things to do in portland,online
what things are there to do in portland,online
what is there to do besides drink in germany,online
what festivals are there to see in paris,online
what fun is there to do in england,online
where is the best winery in the south of france,online
what should i do in france,online
where do you suggest i plan my next vacation,online
what are your best travel suggestions,online
what are some suggestions for places to travel,online
what do people in sioux falls do for fun,online
what's there to do in seattle,online
are there any interesting activities to do in austin,online
where's a good place to go if i want to see mountains,online
what's a nice place to visit a beautiful beach,online
what should i do in bangor,online
what do tourists do for fun in seattle,online
are there any fun tourist activities in australia,online
what's a good use of my time in toronto,online
what can a tourist in denver do,online
what sort of things do people do in new york,online
tell me some things to see in tampa,online
is there anything neat to do in boston,online
what are some interesting things to do in dc,online
what's the funnest thing for a tourist to do in iceland,online
can you slow your speaking down,local
slow down your talking too fast i don't understand you,local
you're talking too fast i need you to slow it down,local
"you're speaking too fast, slow down",local
can you speak slower please,local
can you please speed up your speech settings,local
i want you to adjust your speaking to be faster,local
can you speak faster please,local
i want you to speak to me faster,local
decrease the speed of your speech please,local
please speed up your speaking pattern,local
i want you to talk more slowly,local
"your voice speed is too slow, please increase it",local
i want your speech settings to be made slower,local
"you are talking far too fast for me, can you slow it down a bit",local
please make it so you say your words more slowly,local
can you talk slower please,local
can you speed up your speech please,local
i want you to talk more quickly,local
"you are talking too fast for me, please slow down",local
"please increase the speed of your speech, it is too slow",local
could you slow down your speech,local
please increase the speed of your talking,local
please slow down i can't understand you,local
i want you to speak more slowly to me,local
speed up your speech,local
speak slower,local
i'd like you to talk faster,local
speak at a slower rate,local
"talk slower, please",local
slow your roll,local
slow your speech,local
slow down your speech,local
slow down your talking,local
"speak faster, please",local
"speak more quickly, please",local
i need you to speak faster,local
you should talk faster,local
slow your speech down,local
present your speech at a slower pace,local
can you slow down,local
make your speed a bit slower,local
can you please speed up your speech,local
make your speech slower than now,local
change the speed of your voice to slower,local
slow down,local
can you please slow down,local
find a new voice that is slower than your current voice,local
can you please talk faster,local
talker faster please,local
slow the speech down,local
"hey, speak slowly",local
reduce your speed of voice,local
"hey ai, don't speak fast",local
"hey, slow down and take your time",local
"hey ai, reduce your speed of speaking",local
can you slow down your speech,local
how do i slow down my ai's voice,local
could you speak a little more slowly,local
how do i change your options so that you speak more slowly,local
how do i change the speed of my ai's voice,local
adjust speech rate to a faster setting,local
please use a quicker rate of speech,local
speak faster,local
speed up your talking please,local
could you not talk so slowly,local
can you please talk slower,local
can you talk a bit slower please,local
can you please not talk so fast,local
speak slower please,local
please don't speak so fast,local
can you speak with me using faster speech,local
please say things more quickly,local
will you speak more rapidly,local
i would like you to increase the speed of your speech please,local
i'd like you to speak a bit slower,local
can you change how fast you're talking to speak more slowly,local
i can't understand you because of how rapidly you're speaking,local
can you slow down how fast you talk,local
please speak slower,local
whoa whoa please slow down,local
is there any way you can decrease your speaking rate,local
"why are you talking so sloooooooooowly, please speed it up!",local
can i get you to talk at a slightly faster rate,local
can you talk at a normal speed please,local
please stop talking so fast,local
"hey, stop talking like you're a stretch taped",local
please slow down how you're speaking,local
you're talking too quickly for me to understand,local
is it possible to speed up of your replies,local
where do i find instructions on how to speed up voice replies,local
how do i speed up the speech of this ai,local
"sorry, can you speak a little faster",local
"sorry, can you speak a little quicker, please",local
"can you speak a little faster, please",local
"sorry, can you speak a little faster, please",local
"could you speak a little faster, please",local
i need to change your voice settings,local
can you slow down the speed in which you speak,local
you're speaking too fast and i need to change that,local
"no, that's incorrect",local
that's not true,local
"that is not true, it's false",local
no way,local
not really,local
naw,local
nay,local
i must say no,local
i think not,local
that is actually false,local
i gotta say no,local
no thanks,local
no is the answer,local
i don't think so,local
it's a no,local
i think it is false,local
not true,local
that is not true,local
not at all,local
that turns out to be false,local
"please, no",local
not that,local
definitely not,local
i would have to say the answer to that is no,local
i say no to that question,local
"no, that is my response",local
"i don't believe that is possible, it is false",local
i would say that the statement is definitely false,local
i am afraid that that is not the case,local
"no, that information is wrong",local
that is a completely false statement,local
that would be a no,local
"i do not think that is true, so i would say it is a false statement",local
"incorrect, it is certainly a false statement",local
i do not believe that that is correct,local
the answer is definitely no,local
"sorry, that is not true",local
that's a negative,local
no!,local
that's not right,local
"no, don't do that",local
"i don't like that, no",local
no way!,local
"oh hell no, that'd be terrible!",local
that's inaccurate,local
that's not what i want!,local
that's completely false,local
that's incorrect!,local
that's totally wrong!,local
that's a hard no from me,local
no don't do that!,local
no that is not right,local
false for sure,local
that's definitely false,local
"nope, that's false",local
"no, that is not right",local
"no, that is inaccurate",local
"no, that can't be right",local
that is untrue,local
i disagree that is false,local
what you just said is false,local
that is erroneous,local
no that's wrong,local
that isn't the right answer,local
the information is wrong,local
that is not correct,local
that is not right,local
that is wrong,local
i'll pass,local
not that one,local
"that's not right, so no",local
the answer is false,local
"no, that is not right at all",local
that is overwhelmingly false,local
that's not right it's false,local
i say negative,local
negative for sure,local
nope,local
no thank you,local
that is not the case,local
no that isn't the case,local
no that isn't it,local
no that isn't correct,local
"that would be ""no",local
you are wrong,local
no that is wrong,local
that is false,local
negative,local
what you just said is wrong,local
that’s actually wrong,local
that’s not correct,local
that’s incorrect,local
are you sure i don’t think that’s correct,local
that'd be a no,local
nada,local
the answer is no,local
i think that's false,local
i believe that to be false,local
it seems not,local
that would be false,local
book an uber for 6 people to go to the movies,online
i need an uber for 6 people to the movies,online
book a 6 person uber to the movies,online
i need an uber to the movies for me and 5 other people,online
i'm going to the movies book an uber for 6 people,online
i need an uber to take me to the mall,online
are there any ubers available that fit 5 people we are going to wendys,online
call an uber that fits 5 people that are on their way to wendys,online
book an uber suitable for seating 5 individuals and headed for the mall,online
book me an uber to olive garden,online
please book an uber for chima's,online
call an uber to mark's house,online
call an uber to mcdonalds,online
i need an uber for 5 people to go to wendys,online
please order an uber for me to go to the zoo,online
can you please book an uber to the zoo,online
order a large uber for 5 people to the zoo,online
schedule an uber to the bean,online
i am in need of an uber to the hospital,online
i need an uber to times square asap,online
i need an uber that will accommodate eight people to go to the closest amc theater,online
can i get an uber for five people to go to the national gallery of art,online
i need to get an uber for three people to go to the zoo,online
i want to get an uber for one person to go to the library,online
i need an uber that fits ten people to go to chipotle,online
get an uber to take me to my brother's house in mineola,online
i need an uber for 3 passengers to go to madison square garden,online
get an uber to pick me up at work and take me home,online
we need an uber pool for 2 passengers going to the greenboro airport,online
find an uber xl to take me to the kroger near me,online
find an uber for two passengers we are going to the airport in toledo,online
"i need an uber with a car seat for 2 adults and one child to take us to wilmington, de",online
get an uber for 4 passengers to get us to the phl airport,online
i need an uber pool from home in the morning at seven to the capitol building,online
i need an uber to class tonight on the mainline campus,online
can i get an uber for 2 home,online
can i get an uber to central park for 5,online
can i get a car to the baseball field for 12,online
can i get an uber for 4 to the mall,online
can i get an uber for myself to the grocery store,online
i need to go to phoenix sky harbor airport using uber,online
can you send me an uber to go to a restaurant in downtown phoenix,online
is there any uber available to take me to the airport,online
i want to reserve an uber to go to the airport,online
i need an uber please,online
help me get an uber to soldier field,online
help me get an uber to ann arbor,online
i need an uber to the sears tower,online
can you get me an uber to the science museum,online
assist me with finding an uber to big ben,online
"book an uber with the destination set to david's house, please",online
i need an uber reserved to take me to the restaurant,online
"i would like an uber going to the train station, please",online
please book me an uber ride to the stadium,online
can you please reserve my uber to go to devon's seafood restaurant,online
can you please order me an uber to get to jfk international,online
"please book me an uber and enter destination penn station, new york",online
"make an uber reservation to the ymca, center city, philadelphia, please",online
i need an uber to get to dulles airport,online
"i would like an uber going to atlantic city, new jersey",online
i need an uber,online
please get me an uber to get to the movies,online
i would like to get an uber to the movies,online
i would like an uber please,online
am i able to get an uber to the movies,online
can you get me an uber to the movies,online
i want an uber,online
i need an uber to the movies,online
get me an uber,online
i would like to request an uber please,online
"uber, i have 3 people who are going to union station",online
i need to get 3 riders to union station,online
i want to book uber for 3 people to union station,online
3 of us need to get to union station via uber,online
can i get an uber to union station for 3 riders,online
i need an uber to the doctor,online
i need to catch an uber to cal expo,online
schedule an uber to the mall,online
get me an uber to the napa winery,online
schedule me an uber to my job,online
schedule me an uber to the mall,online
get me an uber to the airport,online
get me an uber to chilis,online
book an uber to school,online
get an uber to the airport,online
ai i need to go to charlies with eight adults can you get uber,online
ai i have 4 people need to get to get me uber,online
i am stranded and need uber,online
set me up with an uber,online
i will need an uber for 3 to go to jfk airport,online
i need an uber for 2 for orlando,online
get me an uber for 4 heading to miam,online
i will need an uber for 2 people to get to philadelphia,online
i need to uber somewhere,online
help me get an uber,online
schedule an uber for 3 to go to the airport,online
call an uber for 2 people to go to fourth street live,online
i'm going to need an uber to take 4 people to the mall,online
i need an uber for 7 people to go to safire restaurant,online
can you call an uber for 2 to go to proof on main,online
what is 7 x 7,local
please add 456 and 781 for me,local
what is 8 factorial,local
can you tell me what 30% off 279 is,local
"can you tell me what 30% off 235 is, please",local
what is the sum of 3 plus 5,local
"could you tell me what 30% off 235 is, please",local
can you tell me what 30% off 235 is,local
"can you tell me what 30% off 279 is, please",local
what is the sum of 10 plus 5,local
what is 4 + 4,local
what is 60 percent off of 350 dollars,local
what is an 18 percent tip on 20 dollars,local
what is 25 percent of 6999,local
can you tell me what is 18 percent of $2500,local
what is 3/4 of 18,local
i need to know what is 85% of $1500,local
what is 20% of a thousand,local
what is 55 times 300,local
what is the square root of 1 million,local
will you help me with a math problem,local
can you help me solve a math problem,local
how to solve this math problem,local
what is 4 + 7,local
what is 4 x 4,local
what is 2 + 2,local
what is 20+ 5,local
what is 500 x 25,local
what is 2+2,local
what is 10 + 20,local
what is 22+ 6,local
what is the square root of 80,local
what is 5 x 4,local
what is 15% of 3143,local
what is the square root of 10294,local
how many square feet is a 13 by 74 room,local
what is three quarters of one sixth,local
what is 213 times 3,local
what is the square root of 144,local
what is the antilog of 365,local
what is 78 times 85,local
what is 250 times 118 times 9,local
what is 78 times 81 minus 5,local
what is 1785 minus 334 minus 87 plus 374 minus 400 plus 17,local
help me with math,local
i need you to help me with some math if you can,local
please help with my math,local
can you help me do math,local
can you do a math problem,local
what is 1 million twelve hundred divided by 400 thousand,local
what is the square root of 10500,local
what is 20 times 20 times 30,local
what is 10 to the 12th power,local
how much is 50 plus 756,local
what is 750 divided by 5,local
if i win 200000 how do i split it 7 ways,local
what is 900 times 8,local
can you tell me what 80 divided buy 4 is,local
560 divided by 3,local
what is 606 divided by 5,local
subtract 100 from 12,local
what is 005 percent of 1 percent,local
what is the square root of 31,local
what is six divided by 16,local
how many times can 12 go into 600,local
what is the square root of sixteen,local
what is 562 times 400,local
add twelve and twelve please,local
what is 10 + 10,local
what is the square root of 5,local
what is 1/2 times 5/8,local
what is 80980 + 098098 + 80980 + 1243,local
what is 13 times 45,local
what is 34 times 80908,local
what is 90908 divided by 30890,local
what is 38% of 389209,local
what is the square root of 66,local
what is 2/3 x 1/9,local
can you do algebra,local
what is 1 fifth times 2 fifths,local
what's 3 plus 3,local
what's ten times eight,local
i need to know what 75 plus 43 is,local
what do you get if you divide 3 by 2,local
what is the area of a 20 x 20 room,local
subtract 85 from 997,local
what is 20 + 20,local
what is the square root of 2784,local
how many times does 8 go into 2000,local
what is 35 times 23,local
what is 3 to the 6th power,local
what is 63 percent of 145,local
can you calculate 18 divided by 45,local
what is the square root of 104,local
what’s the answer to 5-6=,local
what is the sum of 8 + 3,local
please provide the square root of 36,local
what does 6 x 1 equal,local
what does 2 + 2 equal,local
what is 10000 divided by 20,local
im going to be in canada from august 10th until august 12th,online
im going to be in slovakia from january 16th until january 19th,online
im going to be in paraguay from january 7th until january 10th,online
i'm going to be in thailand from october 15th until october 23rd,online
im going to be in jamaica from october 4th until october 8th,online
my bank needs to know i am going to be out of the country,online
i am going out of country and my bank needs to be notified,online
i need to inform the bank i am going out of country,online
i am going out of country and need to inform my bank,online
tell the bank i'm traveling between denver and la,online
tell my bank i am traveling out of country,online
i'm driving from la to denver and need my bank notified,online
notify my bank i am travailing from denver to la,online
i'm traveling between denver and la so tell my bank,online
i need to let my bank know i am traveling to la,online
i need to let my bank know i am traveling to detroit,online
i need to let my bank know i am traveling to new york,online
i need to let my bank know i am traveling to chicago,online
i need to let my bank know i am traveling to paris,online
"i will be traveling to rome from february 1 to march 1, please make this aware to my bank",online
inform my bank that i will be in rome from february 1 to march 1,online
please let my bank know that i will be in rome from february 1 to march 1,online
mark down that i will be in rome from february 1 to march 1 and notify my bank,online
notify my bank that i will be in rome from february 1 to march 1,online
i need to let my bank know that i'll be travelling internationally,online
can you tell my bank that i'll be travelling internationally soon,online
i'll soon be travelling internationally; could you let my bank know,online
"i'll be out of the country soon, and want to notify my bank",online
i'm going out of the country and need to notify my bank,online
tell my bank that i'm going to france,online
tell my bank that i'll be in canada this weekend,online
let my bank know that i'm traveling to prague,online
"let my bank know that i'll be in moscow, russia",online
inform my bank that i'll be going to europe,online
i'm traveling to paris soon and want to inform my bank,online
i'm traveling to fresnosoon and want to inform my bank,online
i'm traveling to london soon and want to inform my bank,online
i'm traveling to ca soon and want to inform my bank,online
i'm traveling tony soon and want to inform my bank,online
i've let me bank know that i'm visiting south america from may to october,online
i've notified my bank that i'm in mexico from august 1 to august 5,online
i let my bank know that i'm traveling to greece from march to april,online
i've told my financial institution that i'm in africa from august 6 to december 5,online
call the bank and tell them i will be in france on the 16th until the 26th,online
notify my bank i'll be in rome from the 1st to the 17th,online
tell my bank i'll be in jamaica from the 4th to the 11th,online
please tell my bank i will be in israel from the 6th to the 23rd,online
alert the bank that i am traveling to tokyo on the 7th until the 21st,online
i'm traveling to denmark soon and want to inform my bank,online
alert my bank and let them know that i'm travelling to switzerland,online
alert my bank and let them know that i'm travelling to china,online
i'm traveling to belgium soon and want to inform my bank,online
i'm traveling to sweden soon and want to inform my bank,online
i'm traveling to morocco soon and want to inform my bank,online
alert my bank and let them know i'm travelling to japan,online
tell my bank that i will be taveling to south korea,online
alert my bank and tell them that i'm travelling to paris,online
i'm traveling to england soon and want to inform my bank,online
how can i tell my bank i'm going to vietnam,online
how do i let my bank know i'm going to vietnam,online
"i'm going to paris soon and want to let my bank know, how do i do that",online
how can i let my bank know i'm going to denmark,online
how do i inform my bank i'm going to paris,online
"from january to august, i will be in uruguay, please let me bank know",online
tell my bank that i'll be in uruguay during january to august,online
"i will be in uruguay from january to august, please let me bank know",online
can you let my bank know i'll be in uruguay from january to august,online
please let my bank know that i will be in uruguay from january to august,online
tell my bank i am taking a trip to brazil from june 1st to july 1st,online
inform my bank i will travel to brazil from june 1st to july 1st,online
let me bank know i will be in brazil from june 1st to july 1st,online
tell my bank i will be traveling in brazil from june 1st to july 1st,online
tell my bank i will be in brazil from june 1st to july 1st,online
i'm travelling to seattle soon and want to inform my bank,online
i'm travelling to thailand soon and want to inform my bank,online
i'm travelling to spain soon and want to inform my bank,online
alert my bank and let them know that i'm travelling to brussels,online
alert my bank and let them know that i'm travelling to oslo,online
alert my bank and let them know that i'm travelling to stockholm,online
i'm travelling to boston soon and want to inform my bank,online
alert my bank and let them know that i'm travelling to london,online
i'm travelling to ireland soon and want to inform my bank,online
alert my bank and let them know that i'm travelling to madrid,online
the bank should know i am going to asia soon,online
"since i am traveling to asia, i need to inform the bank",online
i need to tell bank that i am taking a trip to asia,online
"i am going to asia in a bit, i should tell the bank",online
i need to let my bank know i am visiting asia soon,online
let my bank know i will be travelling to the cayman islands,online
"i am going to south america, let my bank know",online
inform my bank i will be travelling to central africa,online
let my bank know i will be on travel to fes,online
tell my bank i will be travelling to the caribbean,online
please tell my bank that i will be traveling abroad,online
the bank needs to know that i am traveling soon,online
make sur eyou tell the bank that i will be traveling internationally soon,online
please tell the bank i will be traveling internationally,online
tell the bank i will be traveling internationally soon,online
let my bank know that i'm going to norway between march 3 and march 5,online
tell my bank i'm going to france,online
"you have been a big help, thank you so much",local
"i appreciate your help, thank you",local
"i really appreciate your help, thank you",local
i am very grateful,local
i appreciate the assistance,local
i want to thank you for helping,local
much obliged,local
your help is appreciated,local
gracias,local
i appreciate that,local
thanks so much!,local
many thanks,local
appreciate it,local
thanks!,local
i thank you,local
thank you kindly,local
thank you so very much,local
thank you for helping me,local
i'm grateful to you,local
you did a good job thank you,local
good looking out,local
i wish you were here earlier,local
it's so much easier with you around,local
you've been a great help,local
thanks for the help,local
thanks please,local
why thank you,local
thanks for the answer,local
thank you very much for the answer,local
okay thanks,local
thanks a lot,local
thanks a lot for the answer,local
thank you for the answer,local
thank you a lot for that answer,local
thanks for helping me!,local
i'm so glad you helped me!,local
i appreciate your help!,local
i am thankful for your help!,local
i have much gratitude for your help,local
i appreciate your help,local
i appreciate you helping me,local
"awesome, thanks",local
thank you so much,local
thank you very much for the assistance,local
i appreciate it,local
thanks again!,local
thanks for the info,local
thanks for letting me know,local
"that's all i need, thanks!",local
"thanks, that's helpful",local
thank you for the information,local
thanks for answering my question,local
your efforts don't go unnoticed,local
i appreciate what you did,local
you are so thoughtful and i appreciate your gesture,local
you are so nice to think of me,local
you were so kind to do that,local
your answer pleased me,local
i'm happy with your answer,local
your answer was enjoyable,local
your answer was good,local
thanks for giving me assistance,local
really great!,local
appreciate the help,local
i'm grateful for the answer you just gave me,local
"that'll work, good job!",local
"good answer, thanks for providing it",local
i'm grateful for the assistance,local
thanks for that!,local
good job with assisting me,local
"nice, excellent!",local
i'm grateful,local
i appreciate that answer!,local
i would like to thank you,local
i can not thank you enough,local
i need to thank you,local
i really thank you,local
let me thank you,local
thank you!,local
thanks for the help!,local
you're the best!,local
i appreciate that answer,local
your answer is appreciated,local
i am thankful for the answer,local
oh sweet thanks,local
"oh, thanks",local
merci beaucoup,local
thanks again,local
thanks,local
thank you for answering that,local
thank you,local
thanks for that,local
thank you for your time,local
i appreciate the help,local
thank ya!,local
thanks for your response,local
youre a doll,local
thanks for your cooperation,local
i owe you one!,local
thanks for helping out,local
will you roll a d20,local
will you roll a 12 sided dice,local
will you roll a 10 sided dice,local
i'd like you to roll dice,local
i'd like a 7 sided dice roll please,local
i need to roll a 10 sided die,local
please roll a 7 sided die,local
let's roll some dice,local
i want to roll some dice,local
"can you roll a fair, 6 sided die",local
i'd like to roll a dice and get the result,local
can you roll a dice,local
i want to roll a dice,local
help me roll a dice,local
roll a dice for me,local
go ahead and roll those dice,local
i need you to roll an 8 sided dice,local
i want you to roll dice,local
go ahead and roll that 9 sided dice,local
roll a 7 sided dice,local
roll the 10 sided dice on time,local
roll a pair of dice,local
please do a dice roll,local
please roll a 6 sided dice,local
roll a 6 sided die,local
roll a die,local
roll die,local
please roll a die now,local
roll this dice,local
i need a 10 sided die rolled,local
i would like a 10 sided die rolled,local
would you roll the dice,local
role a 10 sided die for me,local
could you role a ten sided die,local
can you roll a 10 sided die,local
the dice need to be rolled,local
i would like the dice to be rolled,local
toss a die would you,local
play vegas baby roll a dice for mama,local
find a virtual dice and roll it for me please,local
roll a dice and give me a number from 1 to 6,local
roll dice now,local
roll dice,local
roll the dice,local
roll dice please,local
go ahead and roll the dice,local
please roll dice,local
will you roll a 6 sided dice,local
will you roll a 3 sided dice,local
will you roll a 5 sided dice,local
will you roll a 2 sided dice,local
will you roll a 4 sided dice,local
please roll the dice,local
roll a dice,local
give me a random number between 1 and 6,local
i want you to roll a dice,local
"ai, please roll the dice",local
"roll that dice, ai",local
"ai, would you kindly roll the dice",local
"ai, go ahead and roll the dice",local
"please roll the dice, ai",local
could you roll a 6 sided dice,local
can you roll a 6 sided dice,local
i'd like you to roll a 6 sided dice,local
roll a 6 sided dice for me,local
could you roll the 8 sided dice,local
can you roll the 12 sided dice please,local
go ahead and roll the 6 sided dice for me,local
please roll the 10 sided dice,local
please roll the 5 sided dice,local
give the dice a roll,local
roll the dice for me,local
can you roll the dice,local
could you roll the dice please,local
i need you to roll dice now,local
provide a random roll of the dice,local
can you roll dice,local
throw the dice,local
roll the dice!,local
roll the die!,local
shoot the dice!,local
throw the dice!,local
roll them bones!,local
6 sided dice roll,local
roll 6 sided die,local
"roll die, 6 sided",local
roll a die with 6 sides please,local
roll a die with 6 sides,local
what do you get if you roll a six sided dice,local
tell me the result of a dice roll with five sides,local
what do you get when you roll a dice with five sides,local
i'd like to know how much you get when you roll a ten sided dice,local
when you roll a six sided dice what is the results,local
roll an eight sided die,local
roll a pair of eight sided dice,local
i need an algorithm to give me the result of rolling one twelve sided die,local
what number do you get when you roll one six sided die,local
roll a pair of six sided dice,local
can you roll a 4 sided dice,local
roll a seven sided dice for me,local
how long will the turkey take to cook,local
so how long do you think the chicken will take,local
how long does pizza take to cook,local
how long is the chicken gonna take,local
how long will the chicken take to cook,local
how long does it take to cook roast beef,local
how long does it take to boil an egg,local
how long does it take to bake a pork loin,local
how long does it take to make roast chicken,local
how long does it take to cook a pork chop,local
how much time do i need to make the chicken,local
what's the prep and cooking time on pizza dough,local
how long does it take to make lasagna,local
how long will it take to make the wings,local
what's the cooking time for the cake,local
the steak must go under the broiler for how long,local
how long do i put the casserole in,local
if i cook the pizza at 400 degrees how long must it be in for,local
how long do you need to put the cuish in for,local
the sauce must simmer then go in the oven but for how long,local
i need the cooking length for a turkey,local
how many minutes do i cook baked ziti,local
how long does it take to cook ham,local
i need to know how long to do a pot roast in a slow cooker,local
how long does a roast take,local
how long is it acceptable to carmelize onions,local
when should i take an apple pie out,local
how long do you cook a salmon,local
how much time does it take to boil an egg,local
what is the duration of time cookies should be in the oven,local
about how long should you cook lasagna,local
what is the prep time for a 10 lb turkey,local
how many minutes to melt cheese,local
how long to reheat chinese food,local
how long do you cook pasta for,local
about how long should you cook a 10 pound turkey,local
how long does it take to prepare pot roast,local
how long to microwave a pizza,local
how long should i cook a glazed ham,local
how long should i cook a spiral ham,local
how long do the brownies have to cook,local
how long to i bake the brownies,local
how long should i bake the brownies for,local
for how long should i bake the brownies,local
how long do the brownies need to be in the oven,local
how long does this dish need to be in the oven,local
for how long does this need to cook,local
what do i set the timer for if i'm making gyoza,local
what should i put on the timer to cook this dish,local
how long do i cook this dish of rice,local
how long should a cake bake,local
how long to microwave a frozen dinner,local
what's the preparation time for spaghetti,local
how long should this be in the oven,local
how long to cook a frozen pizza,local
"i want to bake brownies, how long do they bake for",local
how long do you bake a cake,local
how long does it take to make shrimp scampi,local
how long to cook steak for,local
how long do you cook a hamburger for,local
how long should i expect beef stroganoff to prepare,local
how long do i cook steak,local
what's the cooking time for chicken alfredo,local
how long does it take pork to cook,local
how much time do i need to prepare chicken,local
noodles need to cook for how long,local
how long should i boil noodles for,local
how long do noodles need to cook,local
what time should i cook noodles for,local
how long do i need to make lasagne,local
how long will it take me to make baked chicken,local
how long will it take to fix shepherd's pie,local
how long do cheeseburgers take to make,local
how long should i cook the ham for,local
how long should i cook the eggs for,local
how long should i cook the asparagus for,local
how long should i cook the pasta for,local
how long should i cook the steak for,local
what is the necessary amount of time required to prepare pot roast,local
how long am i supposed to cook pork loin,local
how long must i cook spaghetti for,local
tell me how long i will need to spend preparing a meat loaf dish,local
i need to know the preparation time required for fried chicken,local
how long should i spend preparing roast beef,local
what amount of time do i need to cook lobster for,local
what is the proper time to cook steak for,local
how long should i cook chicken,local
tell me how long i ought to spend preparing fajitas,local
how long should i cook chicken thighs,local
how long should i cook a ny steak,local
how long do i cook pork,local
how long do i cook the chicken roast,local
how long do i cook chicken breast,local
what's the time it takes to make a decent omelette,local
how long should i fry an egg for,local
what's the prep time for a garden salad,local
what's the usual time for tuna casserole,local
how long do you need to bake chicken for it to be safe to eat,local
how long should i cook a steak for,local
how long should i wait before i can bake bread with homemade dough,local
what about changing the sugar for baking soda,local
can i swap sugar for salt,local
would it be possible to replace the salt with baking soda,local
"instead of pepper, can i use salt",local
can i take out the olive oil and use lard,local
can i use water instead of milk,local
it is okay to use water in place of milk,local
it is okay to replace water instead of milk,local
is it okay to switch water for milk,local
will it be okay if i use water instead of milk,local
can i substitute ginger for garlic,local
can i substitute rice for potatoes,local
can i substitute oregano for basil,local
can i substitute bacon for sausage,local
can i substitute honey for sugar,local
can i switch cream with milk in a recipe,local
can i exchange milk for cream in recipes,local
is milk an ok substitute for cream,local
can i use milk instead of cream,local
can i switch cream out for milk,local
can i substitute skim milk for whole milk,local
is it okay to substitute oregano for basil,local
can i use colby jack cheese instead of cheddar in a recipe,local
can i use dark brown sugar instead of brown sugar,local
can i substitute lemon juice for vinegar,local
can i use apple juice instead of grape juice,local
can i substitute apple juice for wine,local
can i substitute vinegar for apple cider vinegar,local
can i substitute lemon juice for lime juice,local
can i use sour cream instead of yogurt,local
is it possible to substitute apple cider vinegar for lemons,local
i need to know if i could substitute apple sauce with eggs,local
is honey a good sugar substitute,local
could i use olive oil instead of grape seed oil,local
can i use flour as a substitute for bread crumbs,local
i need to swap salt for baking soda,local
i wanna swap salt for baking soda,local
i need to sub sugar for salt,local
can i sub sugar for salt,local
is it ok to sub sugar for salt,local
let me swap salt for baking soda,local
please allow me to swap salt for baking soda,local
is it acceptable to swap salt for baking soda,local
i gotta sub sugar for salt,local
i wanna sub sugar for salt,local
can i use flour instead of cornstarch to make gravy,local
can i substitute yogurt for sour cream,local
"if a recipe calls for sour cream, can i use yogurt",local
can i use sour cream in place of creme fraiche,local
can i use yogurt in place of sour cream,local
can i use sour cream instead of milk,local
"i don't have sour cream, can i use yogurt instead",local
can i swap yogurt for sour cream,local
can yogurt be used for sour cream,local
is it fine to sub bread flour with all-purpose flour,local
are you able to sub white sugar for brown sugar,local
can you sub half and half for heavy whipping cream,local
can i use baking powder instead of baking soda,local
do you think i can sub honey for sugar,local
proper to substitute cumin for tumeric,local
can substitute cumin for tumeric,local
cumin may be substituted for tumeric,local
is almond milk an acceptable substitute for milk,local
can i swap coconut milk for condensed milk,local
can i substitute eggs for milk in a recipe,local
could i use white wine instead of red wine in a recipe,local
can i substitute ketchup for mustard,local
can i substitute milk for almond milk,local
is it acceptable to swap milk for water,local
is it acceptable to swap chicken for pork,local
is it acceptable to swap marinara for alfredo,local
can i substitute milk for water,local
is it acceptable to swap rice for quinoa,local
can i substitute butter for margarine,local
is it acceptable to swap beef for tempeh,local
can i substitute salt for pepper,local
is it ok to use brown sugar instead of powdered sugar,local
can i use margarine instead of butter,local
can i switch in almond butter for peanut butter,local
can i use salt instead of baking soda,local
can i substitute cream for milk,local
can i use baking soda instead of baking powder,local
what can i use as a substitute for yeast,local
substitute for milk in pancakes,local
alternatives to white wine in food,local
can i use something else if i don't have eggs,local
can i use a green pepper instead of a red pepper,local
is it possible to use sausage instead of hot dog,local
is it ok to substitute spinach for lettuce,local
is crushed garlic the same as powdered garlic for a spaghetti sauce,local
can i use almond milk instead of rice milk,local
can i swap cayenne pepper for black pepper,local
can i use normal flour if i don't have bread flour,local
can i use olive oil instead of butter,local
can i use coconut oil instead of olive oil,local
can you just use regular milk instead of buttermilk,local
can i use strawberries instead of pineapples for this,local
can i use sharp cheddar instead of muenster,local
can i use mayonnaise instead of miracle whip,local
can i substitute rice milk for milk,local
use a different accent,local
try using a different accent,local
speak in a different accent,local
change the accent you're speaking in,local
could you change the accent you're using,local
would you change your accent to the male british one,local
i want your accent changed to the male british one,local
i need for you to change your accent to the male british one,local
would you please get your accent changed to the male british one,local
try it with a male voice,local
could you use a male voice,local
use a male voice now,local
use a male voice instead,local
try a male voice,local
i would prefer your voice to be male,local
please use a male voice when speaking,local
can you switch to the female voice,local
change to a male voice,local
please change your accent to a british male,local
can you change the way you talk to a male british voice,local
could you talk like a british male,local
can i change the voice to male,local
i want to hear the female voice option,local
is there a way to change the voice to male,local
i would prefer to hear the female voice,local
i would prefer to hear you speak like a british male,local
start speaking in a male british voice,local
go ahead and switch to the female voice,local
i shall switch to the male voice,local
i must to the female voice,local
please change to the female voice,local
please change your accent to the male british one,local
i need you to change your accent to the male british one,local
i need to to the female voice,local
i need to switch to the male voice,local
go ahead and switch to the male voice,local
you need to change your accent to the male british one,local
i gotta to the female voice,local
i wanna switch to the male voice,local
go ahead and change your accent to the male british one,local
i must switch to the male voice,local
i want you to change your accent to the male british one,local
i wanna change to the female voice,local
i want to change what accent you use,local
use a new accent,local
switch to a different accent,local
can you use a different accent,local
let's change your accent,local
speak in a male voice,local
can i hear the male voice please,local
can you change your accent to the male british one,local
use your male voice,local
please talk to me in the male british accent,local
use one of your male voices,local
can you use the male british accent,local
speak in a woman's voice,local
switch over to the male voice mode,local
go to the female voice,local
please use your female voice,local
please change your accent the male british one,local
make your accent the male british one,local
switch over to the female voice,local
use a woman's voice,local
can you speak like a british dude,local
do you have the ability to do a male british accent,local
is it possible for you to speak with a british gent's accent,local
can i get you to talk like a pouty english guy,local
"if you can do accents, i want to hear you talk like david bowie",local
do a british male accent only,local
i want to hear a male british accent,local
change to a male british accent,local
switch to british male accent,local
can you do a british male accent,local
change accent to male british,local
set to female voice,local
please change accent to british male,local
please set to female voice,local
use male voice,local
can you switch to female voice,local
please use male voice,local
switch to female voice,local
can you use male voice,local
use male voice now,local
can you make your accent british male,local
now use male voice,local
speak as a british male,local
change accent to british male,local
change to female voice,local
use the male voice please,local
can you swap to male voice,local
i want to change to male voice,local
use female voice now instead,local
please start using female voice,local
i want to use the female voice now,local
i prefer female voice now,local
switch from the male to the female voice,local
please use male voice instead,local
switch over from female to the male voice,local
i need a new accent male british,local
switch to male british accent,local
do people like the donuts at tgi,online
are the donuts at tgi well reviewed,online
how are the donuts reviews at tgi,online
what are the comments on the donuts at tgi,online
are people recommending the donuts at tgi,online
does outback steakhouse have good reviews,online
does pizza hut have good reviews,online
does have good reviews have great reviews,online
does red robin have good reviews,online
so does outback steakhouse have good reviews,online
how good are the ratings for pizza hut,online
how good are the ratings for red robin,online
how good are the ratings for outback,online
how good are the ratings for papa john's,online
how good are the ratings for the olive garden,online
what are people saying about chipotle,online
tell me the reviews for chipotle,online
do people like chipotle,online
give me the reviews for chipotle,online
what are the ratings for chipotle,online
how good are the ratings for chic-fil-a,online
how good are the ratings for olive garden,online
how good are the ratings for longhorn steakhouse,online
does chic-fil-a have good reviews,online
how good are the ratings for outback steakhouse,online
how good are the ratings for applebees,online
does wendy's have good reviews,online
does mcdonalds have good reviews,online
does longhorn steakhouse have good reviews,online
what reviews does miyabi have,online
does applebee's have good reviews,online
how are the reviews for cracker barrel,online
are the reviews for mi casita good,online
are the reviews good or bad for burger king,online
tell me the ratings for the local denny's,online
does the bleu olive have decent reviews,online
how are the reviews for la loconda,online
how many stars does la vignette have,online
does the mediterranean grille have good reviews,online
have you heard how the enchiladas are at jose's taco shop,online
how does yelp report the enchiladas are at jose's taco shop,online
does ihop have good reviews,online
can you tell me if eating at outback's any good,online
what do people say about village inn,online
are the pancakes at ihop any good,online
how are the reviews for spaghetti at the olive garden,online
how's the lo mein rated at hun lee's,online
how's the sausage pizza at pizza hut,online
is mcdonalds a good place to eat,online
what's the reviews have to say about burger king,online
how are the burgers at carl jr's,online
are the chili's reviews any good,online
are the reviews for applebee's good,online
i want to know how the mcdonalds reviews are,online
tell me about the reviews for chilis,online
let me know how the outback steakhouse reviews are,online
how good are the ratings for per se,online
what are the reviews like for khin khao,online
how good are the ratings for the french laundry,online
how good are the ratings for chez panisse,online
how good are the ratings for peter luger steakhouse,online
what are the reviews like for mission chinese,online
what are the reviews like for zazie,online
what are the reviews like for bar tartine,online
what are the reviews like for la camelia,online
how are people liking the sushi at yakamoto,online
is there any opinions on the sushi at yakamoto,online
is the sushi well-received at yakamoto,online
at yakamoto how is their sushi,online
what is the sushi like at yakamoto,online
what are the reviews like at minnis,online
does buffalo wild wings have good reviews,online
tell me the reviews for bjs,online
what are the ratings about at pho king,online
how are the ratings like for buffalo wild wings,online
read some of the reviews for wing stop,online
does applebees have alright reviews,online
does bjs get good reviews,online
what are the ratings like for chilis,online
what do the ratings say about korean bbq,online
what do the ratings say for black bear diner,online
what are the reviews for mountain mikes,online
i need to hear reviews for panda express,online
what are the reviews like for black bear dinner,online
does chillis have good reviews,online
do people like the food at wendy's,online
are there any positive reviews for wendy's,online
what kind of reviews does wendy's have,online
are there any negative reviews for wendy's,online
what do people think about the sandwiches at wendy's,online
look up the ratings for olive garden,online
pull up the ratings for macaroni grill,online
tell me about the reviews for olive garden,online
are the reviews for chevy's any good,online
has ruby tuesday got good reviews,online
does chili's have good reviews,online
tell me how good ihop's ratings are,online
fill me in on the reviews for ruby tuesday,online
does ihop have positive reviews,online
what are reviews for ihop like,online
how many pesos can i get for one dollar,online
what is the current going rate for exchanging dollars for pesos,online
tell me the exchange rate between dollars and pesos,online
let me know what the exchange rate between dollars and pesos is,online
what's the exchange rate between dollars and pesos,online
whats dollars won in 15,online
what's dollars yen in 10,online
whats pesos australian dollars in 20,online
whats rupees dollars in 30,online
whats euros kroner in 25,online
how many lira can i get for 250 dollars,online
what is the exchange rate in pesos for 100 dollars,online
how many dollars can i exchange for 25 euros,online
how many dollars can i exchange for 75 euros,online
what is the equal number of dollars i can exchange for 50 pesos,online
tell me the exchange rate between rubles and dollars,online
i wanna know five dollars in yen and rubles,online
what's the currency conversion between rubles and yen,online
how many dollars can i exchange for 10 yen,online
i wanna know the exchange rate between yen and dollars,online
how many dollars can i exchange for 10000 rubles,online
what is 5 in yen and rubles,online
how many dollars can i exchange for 5000 rubles,online
i need to know five dollars in yen and rubles,online
how many dollars can i exchange for 10000 yen,online
i gotta know the exchange rate between yen and rubles,online
what's the currency conversion between rubles and dollars,online
what's the currency conversion between usd and yen,online
what's the currency conversion between usd and pounds,online
i would love to know the exchange rate between rubles and pounds,online
tell me five dollars in yen and rubles,online
i must know five dollars in yen and rubles,online
let me know the exchange rate between dollars and rubles,online
how many dollars can i exchange for 100000 yen,online
what's the currency conversion between rubles and pounds,online
what is the exchange rate between usd and british pounds,online
usd to yen is what right now,online
what is the exchange rate between british pounds and yen,online
usd to the euro exchanges at what right now,online
what is the exchange rate between usd and the euro,online
how much can i expect to receive if i trade in 6 yens,online
what is the amount of dollars i get if i trade in 6 yens,online
what is the maximum dollars i can get for 6 yens,online
what is the quantity of dollars i receive for trading 6 yens,online
how much dollars do i receive if i trade in 6 yens,online
how many pesos in one dollar us,online
how much is twenty pounds sterling in us dollars,online
what is the the exchange rate for us dollars to euros,online
can you tell me the exchange rate for yen to euros,online
what is the exchange rate from pounds sterling to us dollars,online
how many pesos equals 500 dollars,online
tell me how many pesos equal 500 dollars,online
what is the conversion for 500 dollars to pesos,online
how much is 500 dollars in pesos,online
500 dollars equals what in pesos,online
how does 10 pounds convert to euros,online
how many canadian dollars can i get for 5 us dollars,online
how many euros can i exchange for 5 us dollars,online
what is the exchange to yen if i have 100 us dollars,online
how many us dollars can i get for 20 euros,online
can you tell me today's rate for cad to usd,online
how much cad can i get with my one usd,online
is the dollar strong against the yen today,online
tell me the exchange rate of dollars to yen,online
what is one dollar worth in mexico,online
i need to know the conversion for dollars to pesos,online
can you tell me dollars to franks,online
i would like to know the usd to aud conversion rate,online
i need to know the dollar to peso conversion,online
us dollars to uk,online
exchange rate between mexico and us,online
how many dollars is one mexican peso,online
dollar to pesos exchange rate,online
exchange rate to go from dollar to yen,online
us and mexico exchange rate,online
what is 2 francs in euros,online
what's 10 pounds in dollars,online
what is 56 dollars in yen,online
what's 11 yen in pounds,online
what's 10 euros in dollars,online
how many swedish kroner do i get for a dollar,online
how much is 10 us dollars in canadian dollars,online
what is 50 dollars in euros,online
what is the exchange rate for canadian dollars to us dollars,online
what is the current exchange rate for the dollar and the yen,online
"if i have 10 us dollars, how many pounds sterling is that",online
"if i have 20,000 yen, how much is that in usd",online
what's 50 euro in dollars,online
how much is the euro in dollars,online
what is the current exchange rate of yen to lira,online
convert krugerrands to saudi riyal,online
tell me the currency conversion rate from kurus to euros,online
i need the exchange rate between pounds and us dollars,online
what is the exchange rate between rubles and us dollars,online
how many dollars can i exchange for 200 pounds,online
how many euros can i exchange for 200 yen,online
how many canadian dollars can i exchange for 200 yen,online
how many dollars can i exchange for 200 yen,online
how many dollars can i exchange for 200 euros,online
what is the yen worth in terms of the peso,online
raise the volume to 4 please,local
please set the volume to 4,local
please increase the volume to 4,local
please raise the volume to 4,local
set the volume to 4 please,local
bring the volume up overall,local
make the volume louder,local
bring the sound up,local
turn your speakers up,local
make the speakers louder,local
lower your volume,local
go ahead and increase the volume to 4 please,local
you must increase the volume to 4 please,local
go ahead and your volume,local
you must increase your volume,local
please increase your volume,local
please increase your speaker volume,local
go now and increase the volume to 4 please,local
please increase the volume to 4 please,local
i want to increase your volume,local
i need you to your volume,local
please your volume,local
go ahead and increase your speaker volume,local
i want you to your volume,local
i need you to increase your volume,local
i need you to increase your speaker volume,local
please go ahead and increase your speaker volume,local
make my volume louder please,local
make the sound of my speaker greater,local
can you rise the volume of this please,local
change the speaker volume to a louder one,local
i want the speaker to be louder please,local
i can't hear you,local
turn it up please,local
i need it louder,local
the sound is too low,local
the speaker volume needs to be increased,local
would you please increase your speaker volume,local
i need you to increase the speaker volume,local
can you increase the speaker volume,local
turn up the volume level to 4,local
"turn up the volume level to 4, please",local
"increase the volume level to 4, please",local
increase the volume level to 4 now,local
increase the volume level to 4,local
can i have my volume increased,local
can my volume be increased,local
can i increase my volume,local
volume needs to be at 4,local
volume should be increased to 4,local
boost volume to 4,local
i want volume at 4,local
i want that volume bumped up to 4,local
the volume should be decreased,local
raise the volume,local
lower the volume,local
i would like the volume lower,local
can you turn this down,local
turn the volume up,local
i'd like to turn up the volume,local
turn up the speaker volume,local
get louder,local
volume should be set at 4,local
i'd like it to be louder,local
can you please turn the volume to 4,local
please speak louder,local
increase your vocals,local
lower your voice box,local
increase your voice box,local
turn your vocals down,local
turn your voice box down,local
turn down your volume,local
limit your volume,local
please adjust your settings,local
change the volume to 4 now please,local
go ahead and put the volume to 4,local
set the volume to 4 now,local
can you change the volume to 4,local
turn the volume to 4,local
can you turn the volume to 4,local
set the volume at 4 for me please,local
make the volume set to 4,local
i want volume set to 4,local
turn volume to the number 4 setting,local
turn the volume to level 4,local
make the volume 4,local
please make sure the volume is on 4,local
turn down volume,local
please increase volume,local
raise volume,local
decrease volume level,local
lower volume level,local
set volume higher,local
increase volume,local
lower volume,local
please raise volume,local
decrease volume,local
increase volume to 4,local
put volume at 4,local
decrease volume to 4,local
who is your employeer,local
who is the boss of you,local
i gotta know who is your boss,local
tell me who is your boss,local
let me know who is your boss,local
i wanna know who is your boss,local
i need to know who is your boss,local
what is the name of your boss,local
what is the full name of your boss,local
do you know the name of your boss,local
could you tell me the name of your boss,local
your boss is,local
are you my worker,local
are you working for me or what,local
are you working for another person or entity,local
are you here to serve me,local
who or what association do you work for,local
describe who it is you work for,local
what entity is your boss,local
you work for who,local
you work for whom,local
what's your boss' name,local
are you working for someone other than me,local
who do you work for,local
do you work for me or is that wrong,local
what does your boss go by,local
who do you call your boss,local
"when asked who you work for, what would you say",local
your boss is who,local
are you employed by someone else,local
you work for someone else or no,local
you work for what company or person exactly,local
do you have an employer,local
do you have a boss,local
are you paid by somebody,local
are you employed by someone,local
which organization you work for,local
who do you function for,local
who do you do task for,local
who do you job for,local
why do u work for them,local
who are they that you work for,local
who is it u work for,local
who is the person u work for,local
who do i work for,local
who is you employer,local
is it correct to say you work for me,local
who are you currently working for,local
are you self employed,local
who is your employer,local
are you now working for me,local
would you say you are working for me,local
who are you working for,local
who pay your salary,local
what organization do you work for,local
where else do you work,local
do you have another job,local
you working for someone else on the side,local
who do yo work for,local
who is in charge of you,local
what is your boss's name,local
would you say that you know who your boss is,local
do you know who you report to,local
don't you work for your self,local
don't you work for someone else,local
is there another person you work for,local
do you work for anyone else,local
who would you say your employer is,local
are you working for me,local
am i your boss,local
is there someone else you work for,local
are you employed by me,local
is there another entity you work for,local
who would you say that you are working for,local
do you happen to be employed by me,local
who would you say you work for,local
who would you say that you are employed by,local
who would you say you are employed by,local
am i your employer,local
is there another company you work for,local
are you my employee,local
am i your supervisor,local
am i your manager,local
who is the person you work for,local
for what person do you work,local
if you had to say who you worked for who would it be,local
who tells you what to do,local
who directs your labor,local
who do you take orders from,local
who do you consider your employer,local
who calls the shots for your employment,local
what company do you toil for,local
who do you report to,local
who is your boss,local
who is your manager,local
am i the one you work for,local
are you influenced by someone else,local
who else do you work for,local
who else commands you,local
are you working for someone else,local
do you know how long of a wait it will be,online
how long is the restaurant line before we go,online
how long will it take to get seated at needham's,online
how long will the wait be at noon if we went to nagomi,online
will i have to wait for long before being seated at the cheese cake factory,online
how long should i expect to wait at the cheesecake factory before getting seated,online
what is the average wait time at the cheese cake factory,online
how long will i have to wait before being seated at the cheese cake factory,online
how long will the wait time be at the cheese cake factory,online
how long will i have to wait if i want to eat at panera,online
how long would i have to wait if i want to go to golden corral,online
how busy will panera be at noon,online
is there a wait time to get into tgifridays,online
will cracker barrel be crowded around five this evening,online
how busy will golden corral be at 7:30 tonight,online
can you tell me how busy chipotle will be at nine tonight,online
what is the wait time at applebee's,online
would i have to wait long if i want to eat at chili's,online
"if i go to tgifridays at eight, will they be crowded",online
how much traffic do they get around dinner time,online
can you check to see how busy that restaurant is for dinner,online
is that place busy around dinner time,online
is that restaurant crowded during dinner,online
how busy it that place for dinner,online
can i expect chili's to be busy at 4:30,online
do you think longhorn steakhouse will be busy at 5pm,online
how busy do you expect olive garden to be at 6,online
what's the table wait at applebees,online
i want a table at texas roadhouse; how long will it be,online
how long does it take to get a table at chili's,online
how many people do you think will be at applebees at 7,online
how long will i wait for a table at red lobster,online
is red lobster busy at 6pm,online
what's the wait for a table at olive garden right now,online
"around nine, is ambrosio busy",online
is sage busy around noon,online
"for toby's, is it busy around six",online
"at four, how much business does georgio have",online
how long can i expect to wait for a restaurant table,online
what time can i expect to be seated at this restaurant,online
what is the wait time at this restaurant,online
will there be a wait time at this restaurant,online
what is the sitting time at this restaurant,online
how busy is orchids at 7,online
how busy is zippy around 12 for lunch,online
how long is the wait at orchids,online
how long is the wait at imanas,online
how busy is imanas tei at 7 dinner,online
what is the wait supposed to be at zippys,online
how busy is mc donald at 8 in the morning,online
how busy is michel at 9,online
how busy is imanas at 6,online
how long do i have to wait for shokudo,online
how busy is teddy bigger burder around 5,online
how long is the wait at assagios today,online
how busy is shokudo at 12,online
how busy is jiro at 12 lunch time,online
"at 5 pm, is kaya very busy",online
how busy is kaya around 5 pm,online
"around 5 pm, how busy is kaya",online
is kaya very busy at 5 pm,online
is kaya busy around 5 pm,online
how long is the wait at macaroni grill,online
does macaroni grill have a wait how long,online
check the wait time for macaroni grill,online
how long will it take to be seated at macaroni grill,online
what's the wait at macaroni grill,online
will i be able to get a seat at 5pm,online
tell me how busy the restaurant will be between 5 and 7pm,online
is the restaurant busy at lunchtime,online
will the restaurant be busy at 5pm,online
when will the restaurant be busiest,online
how busy is ihop generally around noon,online
please look into the current wait times at chili's right now,online
"at 5:30 pm, how busy can i expect olive garden to be",online
"if i go to olive garden at 4 pm, how busy will it be",online
how busy will chili's be if i go at 6 pm,online
how long would i need to wait for a table at ihop right now,online
i would like to find out if macaroni grill will be busy around 7:00 pm,online
can you tell me how busy outback steakhouse will be at 7:30 pm,online
find out how busy ihop usually is around 5 pm,online
find out what wait times are like right now at olive garden,online
can you tell me what the wait is like right now at cracker barrel,online
tell me how busy macaroni grill will be around 8 pm,online
check to see how long of a wait i would be facing if i go to outback steakhouse,online
i want to know how busy ruby tuesday will be at around 8:45 pm,online
do you know how busy outback steakhouse tends to be at 7:00 pm,online
how long will it take me to be seated at ihop,online
how long will i stand in line at carl jr's,online
how busy is ihop at 5 pm,online
does ihop have a lot of business around 7 am,online
what's the typical wait time at red lobster,online
would you say that red lobster's pretty buy at noon,online
what's the crowd like at hopper's bar around 11pm,online
can you tell me if there's a lot of wait time at wendy's around 8am,online
how long will it take to be seated at the flying w,online
what's the typical time to eat at red lobster,online
how busy does outback get around 7pm,online
will i have to wait to get a table at ihop,online
how many people go to chili's around 9pm,online
can i make a reservation for redrobin,online
is it possible to make a reservation at redrobin,online
does redrobin take reservations,online
are reservations taken at redrobin,online
does redrobin do reservations,online
can acero take reservation,online
can you make reservations at hodak's,online
tell me if per se in nyc takes reservations,online
tell me if the cheshire takes reservations,online
will qdoba take reservations,online
does burger king accept reservations,online
does gramercy tavern in new york accept reservations,online
does acero in maplewood allow reservations,online
does cielo take reservations,online
find out if la tour d'argent in paris takes reservations,online
does tony's in downton let you make reservations,online
does gramercy tavern accept reservations,online
does mcdonalds take reservations,online
can you make reservations at steak 'n' shake,online
will nobu take reservations,online
do they take reservations at carrabbas,online
do they take reservations at applebees,online
do they take reservations at olive garden,online
do they take reservations at buffalo wild wings,online
do they take reservations at outback steakhouse,online
i need to know if angelos takes reservations,online
does applebees in trenton do reservations,online
does luigi's take reservations,online
please find out if napolis takes lunch reservations,online
does hannahs in galloway take reservations,online
does stanleys take brunch reservations,online
tell me if luigis in brick takes reservations,online
i need to know if capones does reservations in trenton,online
does marios in brooklyn take reservations,online
do you know if bottlenecks takes dinner reservations,online
do you know if whether or not zeus does reservations,online
can you let me if zeus accepts reservations,online
i need to find out do you know if zeus does reservations,online
please tell me does zeus do reservations,online
can you tell me if zeus does reservations,online
can i get a reservation at melting pot tomorrow,online
what locations of applebee's take reservations,online
can i get a reservation at champs,online
where can i find jimmy john's reservations,online
how many culver's take reservations,online
is there evening reservations available in the eve,online
do you know if bahama breeze does reservations,online
do you know if ruth chris does reservations,online
do you know if cheese cake factory does reservations,online
do you know if benihana does reservations,online
do you know if olive garden does reservations,online
does the steakhouse on main st take reservations,online
does sidetracks take reservations,online
are reservations allowed at burger king,online
does black rock take reservations,online
can i make reservations at applebee's or no,online
does buffalo wild wings do reservations,online
does minnies cafe in modesto take reservations,online
does bjs take reservations,online
will they take reservations at chillis,online
does pho king in ceres take reservations,online
can applebees take any reservations,online
does arbys in lakewood take reservations,online
does minnis take reservations,online
do they take reservations at bjs,online
does buffalo wild wings take reservations,online
does buffalo wild wings in concord take reservations,online
will they take reservations at torris,online
does black bear diner in tracy take reservations,online
does chillis take reservations,online
do they take reservations at bar tartine,online
do they take reservations at mcdonalds,online
do they take reservations at the progress,online
does tartine in san francisco take reservations,online
does cowgirl creamery in san francisco take reservations,online
do they take reservations at state bird,online
does nopa in san francisco take reservations,online
does bar tartine in san francisco take reservations,online
do they take reservations at arby's,online
does pizzeria delfina in san francisco take reservations,online
does iron skillet at the truck stop trake reservations,online
does the zen garden in la take reservations,online
does moes in la except rerservations,online
does ruby tuesday accept reservations,online
can i make a reservation at chevy's,online
is it possible to make reservations in advance for macaroni grill,online
is it possible to make reservations with famous dave's restaurant,online
is it possible to make reservations at chili's,online
does chili's take reservations,online
can you tell me if ruby tuesday does reservations,online
does olive garden take reservations,online
do you know whether ihop does reservations,online
does michael's accept reservations,online
do they accept reservations at michael's,online
can you make a reservation at michael's,online
can i make a reservation at michael's,online
does the restaurant michael's take reservations,online
do they take reservations at mendy's,online
do you know if outback allows reservations,online
do they take reservations at red robin,online
"syonara, ai device!",local
"goodbye, helpful ai device!",local
bye-bye,local
"goodbye, ai assistant",local
glad we got to talk,local
i'm glad i got to talk to you,local
nice to speak with you,local
this was a great conversation,local
talk to you later,local
tata for now,local
i'm out of here,local
"that's all, bye",local
see ya later,local
adios ai,local
"it was great to see you again, see ya later!",local
"i had a pleasure talking to you, see you later",local
"nice talking again, bye",local
i have to go but it was nice talking again!,local
"i am glad we got to talk again, see you soon",local
sayonara,local
catch you around,local
good seeing you,local
"later, thanks for chatting",local
adios,local
"great talk, take it easy",local
see ya,local
"great chat, talk to you later",local
"nice talk, talk to you later",local
"thanks for chatting, later",local
goodbye to you,local
i must say goodbye,local
i'm saying goodbye now,local
it is time to say goodbye,local
i have to say goodbye,local
cya later,local
i enjoyed talking to you,local
thanks for talking,local
it was good chatting,local
it was nice chatting with you,local
always nice to talk to you,local
"see you later, alligator",local
good night,local
it was nice to get in touch,local
see you soon,local
later gator!,local
it was nice to talk it out with you,local
it was nice to converse with you,local
ill see you around,local
take it easy!,local
later gater,local
it was nice to speak with you,local
see you later alligator,local
fairwell,local
have a good one,local
peace,local
bye for now,local
"thanks, bye",local
i have to get going,local
talk to you later!,local
i’ll be leaving now,local
i’m leaving-goodbye!,local
thanks for talking to me,local
it was really nice to be able to chat with you,local
it was good to talk to you today,local
it was great to have this conversation with you,local
it was nice to catch up with you,local
it was enjoyable talking with you,local
it was great chatting with you,local
it was cool talking with you,local
it was pleasant conversing with you,local
good bye my friend,local
i need to go now,local
see you again soon,local
i've got to run now,local
goodbye!,local
i had fun speaking with you,local
bye!,local
later!,local
adios!,local
until next time!,local
farewell!,local
it was enjoyable to chat with you,local
i'm outta here!,local
it was pleasant having a conversation with you,local
bye now,local
buhbye,local
see you in a while,local
see you around,local
nice to see you again,local
nice to see you,local
talk later,local
tootles,local
peace out,local
goodbye for now ai,local
ai goodbye,local
i'll talk to you later ai,local
we'll talk later ai,local
i have to go ai goodbye,local
bye bye!,local
see you later!,local
what do you put in chicken noodle casserole,local
what goes into chicken noodle casserole,local
what do i need to make chicken noodle casserole,local
how do you make chicken noodle casserole,local
chicken noodle casserole is made from what,local
tell me what ingredients i will need to make this meal,local
what are the ingredients of spaghetti,local
what ingredients are present in marshmallows,local
tell me the ingredients in pizza,local
what ingredients are found in hunan chicken,local
i need to know the ingredients in a hamburger,local
show me the ingredients that i need for ceviche,local
do you have a list of ingredients that i'll need for blondies,local
give me a list of ingredients needed for pizza dough,local
tell me what ingredients i need for carne asada,local
what ingredients are required for chicken noodle soup,local
what ingredients are in salsa,local
what ingredients are in cheese cake,local
what ingredients are in sugar cookies,local
what ingredients are in spinach dip,local
what ingredients are in coffee cakes,local
what ingredients do i need to make egg salad,local
what would i need if i wanted to make chicken marsala,local
what ingredients are in antipasto salad,local
what do i need to make chicken salad,local
what kind of stuff is in potato salad,local
ingredients needed to make a mexican lasagna,local
what are all of the ingredients for brownies from scratch,local
how can i make my own doughnuts/what ingredients,local
what stuff would i need to make tortellini,local
what do i need to make a cake,local
what all is in gumbo,local
what ingredients do i need for gumbo,local
which ingredients does gumbo have,local
what are the ingredients in gumbo,local
what is gumbo made of,local
what ingredients do i need to bake a cake,local
i want to cook a quick breakfast what ingredients do i need,local
what ingredients are needed for shrimp cocktail,local
i’m making spaghetti what ingredients do i need,local
i want to make a meat stew what ingredients do i need,local
what goes in broccoli cheddar soup,local
show me the recipe for broccoli cheddar soup,local
please list ingredients for broccoli cheddar soup,local
what ingredients do i need to make broccoli cheddar soup,local
"i am making broccoli cheddar soup, what ingredients do i need",local
what ingredients do i need for philly cheesesteaks,local
what do i need to cook chicken soup,local
what do i need to get to make lasagne,local
what should i buy to make burritos tonight,local
what ingredients do i need for tacos,local
what are the ingredients to make shepherd's pie,local
what do i need to buy to make a spaghetti,local
what do i need to make spaghetti,local
what is the ingredient list for an omelette,local
what do i need if i want to make lasagna,local
what do i need to make a cajun chili,local
what goes into a strawberry smoothie,local
what should i grab to make a german chocolate cake,local
what do you put in chili,local
what do you need to make pancakes,local
what stuff do you dump in an omelette,local
what do you use when you make a chef's salad,local
what do you purchase to put in a shepherd's pie,local
what do you put in a tibetan omelette,local
what do you mix to make a chocolate cake,local
what does subway use to make a cold cut combo,local
what do you need to make general tsao's chicken,local
what do you put in avocado dip,local
what ingredients are in sushi,local
what does it take to make buttermilk pancakes,local
what do i need to buy to make pierogi,local
what do i need to get to put into homemade tortillas,local
what food items do you put in english breakfast,local
what foods do i buy to put into a korean dinner,local
what do you need to make dandelion wine properly,local
what ingredients are in cake,local
what ingredients are in tortillas,local
what ingredients are in mashed potatoes,local
what ingredients are in dough,local
what ingredients are in chips,local
the ingredients in pizza are what,local
list the ingredients in pizza,local
which ingredients are in pizza,local
pizza has which ingredients,local
the ingredients in pizza are which ones,local
what ingredients do i need to make salmon salad,local
what ingredients go in spaghetti,local
what ingredients do i need to make pizza,local
what ingredients do i need to make pancakes,local
what ingredients do i need to make potato skins,local
what ingredients go in mashed potato,local
what ingredients go in potato skins,local
what ingredients do i need to make spaghetti,local
what ingredients go in a milky way,local
what ingredients go in pizza,local
what ingredients are necessary for a steak,local
"in making an omelette, what ingredients do i need",local
"in terms of making scrambled eggs, what ingredients do i need",local
what ingredients do i need for chicken breast,local
how many centimeters are in an inch,local
whats 5 feet in inches,local
what's 32 degrees fahrenheit in celsisus,local
what amount of millimeters are in 50 kilometers,local
how many crows are in 10 murders,local
what amount of miles are in a hundred kilometers,local
how many weeks are in 3 months,local
how many meters are in 50 feet,local
what's 8 ounces in cups,local
how many kilos are in 150 pounds,local
how do you convert pounds to grams,local
how many kilos are in 10 pounds,local
"what is 15 ounces in grams, please",local
"what is 20 ounces in grams, please",local
"what is 10 ounces in grams, please",local
how do you convert ounces to pounds,local
how many kilos are in 25 pounds,local
what is 10 ounces in grams,local
how many kilos are in 20 pounds,local
how do you convert ounces to grams,local
how many kilos are in 100 pounds,local
how do you convert pounds to kilos,local
what is 15 ounces in grams,local
how do you convert ounces to kilos,local
how many inches and centimeters would i need if i had 10 feet of something,local
what's 10 inches in centimeters and millimeters,local
how many tablespoons and teaspoons is one cup,local
how much is 10kg in pounds and ounces,local
how many liters are in 500 gallons,local
what's 12 feet in meters,local
what is 22 meters in inches,local
12 feet is equal to how many inches,local
how many pints are in 22 gallons,local
how do you convert pounds to kilograms,local
how do you convert milliliters to ounces,local
how do you convert millimeters to decimeters,local
how do you convert inches to centimeters,local
how do you convert miles to kilometers,local
what would four inches be in centimeters,local
"if i have four inches, how many centimeters is that",local
how many centimeters are in 4 inches,local
how do i convert four inches into centimeters,local
what are four inches in centimeters,local
tell me the conversion between tablespoons and cups,local
i need to know the conversion between tablespoons and teaspoons,local
what would be the conversion between tablespoons and teaspoons,local
what is the conversion between tablespoons and cups,local
help me to understand the conversion between tablespoons and teaspoons,local
tell me how to convert grams into ounces,local
i need to know how to convert liters into pints,local
help me convert feet into miles,local
how do i change pounds into kilograms,local
what is the proper way to convert centimeters into inches,local
how do i convert tablespoons to cups,local
how many ounces are in a cup,local
how many teaspoons are in a half a cup,local
how many tablespoons are in three cups,local
how many pints are in four cups,local
how many quarts are in a gallon,local
i wanna know how many teaspoons are in a tablespoon,local
how many cups make a gallon,local
how many tablespoons are in a cup,local
what is the conversion for pints to quarts,local
tell me what ten pounds in kilos is,local
what would five pounds be in kilos,local
i need to know how many cups are in a two gallons,local
tell me how many teaspoons are in two cups,local
how many miles is five kilometers,local
please convert 2 inches into meters for me,local
how many meters are in 2 inches,local
what's the conversion from inches to centimeters,local
can you convert 2 inches into meters,local
how many centimeters are one inch,local
how do i convert inches and centimeters,local
what is 2 inches in meters,local
convert 2 inches to meters,local
convert inches to centimeters,local
how many cups in a quart,local
is there an easy way to change feet into inches,local
how many cups are in 4 quarts,local
how many feet are in 50 yards,local
how many ounces in a gallon,local
can you convert millimeters to centimeters,local
how many teaspoons in a cup,local
convert inch to cm,local
how many inches are in 5 feet,local
convert cm to inch,local
how can i change centimeters into inches,local
how can i change inches into meters,local
how many centimeters are in 5 yards,local
how do you convert feet to inches,local
how many meters are in 10 millimeters,local
how can you convert miles to kilometers,local
how would i go about converting inches to yards,local
how would you convert yards to inches,local
how are yards converted to inches,local
how do i change inches to centimeters,local
what is inches in centimeters,local
i need to know the difference between inches and centimeters,local
what is the conversion of inches to centimeters,local
i need a bed in brownsburg near walmart from apil 4th until the 5th,online
i need a room in indianapolis near the track from may 2nd through the 5th,online
i need lodging in lizton near the ice cream parlor from may 3rd until the 8th,online
need a place to crash in elizabeth near the refinery from june 4th until the 9th,online
i need a place to stay in newark near a bodega from may 2nd through the 4th,online
i want to book a hotel room for 10 people from monday to tuesday in manhattan,online
is there a room big enough for 10 people from monday to tuesday in manhattan,online
is it possible to book 10 people from monday to tuesday in manhattan,online
i would like to reserve a hotel room that accomodates 10 people from monday to tuesday in manhattan,online
i'm inquiring about the availability of a room that fits 10 people from monday to tuesday in manhattan,online
book me a hotel in st louis near the arch from march 2nd to 5th,online
i need a room in london for 2 people from march 1st to 3rd,online
get me a hotel room for 3 people from march 12th to 14th in chicago,online
book me a hotel in new york near the empire state building from marc 2nd to 4th,online
book me a hotel in chicago near the water tower shopping from april 2nd to 4th,online
get me a hotel room for 4 people from march 1st to 3rd in seattle,online
"in paris, get me a hotel room for 4 people from march 1st to 3rd",online
can you find me a hotel for 2 people on april 1st to 4th in rome,online
can you book me a hotel in los angeles near commerce casino from april 1st to the 5th,online
book me a hotel in seattle near the space needle from march 3rd to 5th,online
can you book me a room in new york city from april 2 through april 8,online
are there any openings in new york city from april 2 through april 8,online
are there any vacancies in new york city from april 2 through april 8,online
how about any bookings in new york city from april 2 through april 8,online
is there anything available in new york city from april 2 through april 8,online
book me a room on november 11 to 15 in cali,online
create a reservation novemeber 11 to 15 in cali,online
show me all hotels in evans with good reviews,online
which hotels in evans have good reviews,online
get me a room in cali on november 11 to 15,online
show me a well reviewed hotel in evans,online
what is the best rated hotel in evans,online
find me a place to stay in cali november 11 to 15,online
make a reservation to stay in cali from november 11 to 15,online
is it possible to have a place booked in salem from the 1st to the 3rd,online
see if you can get me a room in colorado springs near garden of the gods from march 01 to march 02,online
"i'd like you to book me a room in austin near google's headquarters from january 01, 2020 to february 02, 2020",online
please book me a room in austin from tomorrow to the 2nd,online
i want a hotel room for 6 from the 1st through the 3rd in seattle,online
can you find me a decent hotel in denver,online
"i'd like a placed booked in san diego from may 1st, 2020 to june 2nd, 2020",online
are there any good hotels in salem,online
what's a good hotel to stay at in chicago,online
will you find me a place to stay in casper from march 5th to march 11th,online
check if there's a hotel room that can receive 10 people in tampa from this friday for a week,online
"can i get a hotel room that can accommodate 50 people in bangor from january 01, 2021 to january 30, 2021",online
i need a hotel booked in denver near the museum from friday to saturday,online
i want a hotel booked in salem near the concert hall from the first to the second,online
i required a hotel room for 20 people from march 8th through march 20th in las vegas,online
what hotels have decent reviews in bangor,online
"is it possible to have a room booked in omaha near the convention hall for may 01, 2019 to may 05, 2019",online
i'd like to find a hotel in tampa that people liked enough to leave good reviews about,online
can you book me a place to stay in denver from wednesday to friday,online
i need a hotel room that can host 5 people from tomorrow to saturday in denver,online
please find me a hotel room for 4 people from monday to wednesday in lakewood,online
i need a hotel room big enough for 4 people from monday to wednesday in lakewood,online
i need a hotel room for 4 people in lakewood from monday to wednesday,online
what hotel would you recommend in lakewood for 4 people from monday to wednesday,online
i will be in lakewood from monday to wednesday and i need a hotel room for 4 people,online
please help me book a place to stay in pittsburgh from monday to friday,online
"i need a place in pittsburgh to stay from monday to friday, can you help",online
help me find a hotel in columbus with good reviews,online
can you find me a hotel in columbus with good reviews,online
"please find a columbus, ohio hotel with good reviews",online
will you help me book a place to stay from monday to friday in pittsburgh,online
can you book me a place to stay in pittsburgh from monday to friday,online
please book me a place in pittsburgh to stay from monday to friday,online
"find a columbus, ohio hotel with good reviews",online
help me find a hotel in that has good reviews in columbus,online
do you know of any well reviewed hotels in chicago,online
help me find a well reviewed hotel in dallas,online
find me a hotel in kansas city with good reviews,online
i need to find a nice hotel with solid reviews in seattle,online
look up hotels with positive reviews in new york city,online
"what hotels are near, ny, ny for the 9th to 11th",online
"please book a hotel in ny, close to brooklyn, on the 25th to 30th",online
"book a hotel in pa, harrisburg for the 10th to 15th",online
"find and book a hotel in md, baltimore starting on the 7th to the 9th",online
"i need to book a hotel in ny, queens arrive on 8th and leave on the 13th",online
i need a hotel in new orleans with awesome reviews,online
find a suitable lodging in vancouver on march 16-19,online
help me find a good reviews hotel in la,online
i need a hotel in new orleans from may 2 - 5 near the french quarter,online
find a hotel with great reviews in san francisco,online
find me a hotel in seattle with great reviews,online
help me a great hotel in vegas for this weekend,online
can you find me a place to stay in sacramento near the capitol on july 3-5,online
find a hotel in san francisco for march 8 & 9,online
i need a well-rated hotel in vegas,online
can i book a hotel in new york city near times square from 3/1 until 3/5,online
book me a hotel room in memphis for 3 people from 3/6 until 3/10,online
hotel room for 5 in austin for 3/1 until 3/8,online
i need a hotel in austin near south congress from 3/5 until 3/10,online
book me a hotel in pittsburgh near grant street for 3/15 through 3/18,online
"march 20th through the 22nd, please book me a hotel room in manhattan big enough for 10 people",online
i'm going to need a hotel in tampa near ybor city for march 23rd through the 28th,online
i'm going to need a hotel room for 8 people in tallahassee from 3/10 until 3/12,online
could you reserve me a hotel room in philadelphia near chinatown from 3/19 through 3/22,online
"in brooklyn, i need a hotel room for 4 from 3/15 until 3/20",online
book me a hotel with good ratings in nashville,online
check maps for my location,online
"i'm lost, can you tell me where i am",online
how can i go about finding my location right now,online
please tell me my location using gps,online
where exactly am i,online
what's my location,online
is there a way to get my current location,online
what's the precise coordinates of this place,online
where am i right this moment,online
use the map and pinpoint my position,online
give me my location on the map,online
what's my current location,online
what street is this,online
can you direct me where to find where i am,online
what do i do to find my location,online
using this map i'd like to see my exact whereabouts,online
place a marker for me where i am on the map,online
i need to know my current gps coordinates,online
can i have my current gps coordinates,online
would you please tell me my current gps coordinates,online
please tell me my current gps coordinates,online
list my current gps coordinates,online
how do i know where i'm at,online
where am i located currently,online
tell me how to find my current location,online
showme how to find my location,online
i'd like to know where i am,online
what are the gps coordinates where i am located,online
at this location what are my gps coordinates,online
in the place i am what are my gps coordinates,online
what are my gps coordinates at this location,online
what are the gps coordinates of this spot i am at right now,online
where am i located,online
what country and city am i in,online
what are my longitude and latitude points,online
show me where i am on the map,online
display my location on a map,online
please show me where i am on a map,online
can you show me where i am on a map,online
"where am i right now, location wise",online
what street am i on right now,online
tell me my current location please,online
what location do you see me at right now,online
what is my current location that you see right now,online
show me where i am,online
bring up my location,online
tell me where i am on a map,online
can you locate me on a map,online
show me where i am on a map,online
i need to know my location,online
i'm lost,online
can you tell me how to figure out my current location,online
i need to find out how i know my location right now,online
can you tell me my location,online
what do i do to find my current location,online
my current location,online
i would like to know my current location,online
how can i tell what my current location is,online
how can i know my current location,online
let me know where i'm located,online
i am in need of my location,online
help me find where i am,online
i do not know where i am,online
i would like to know my location,online
where are we located,online
tell me the current location,online
please tell me my current location,online
what are my gps coordinates right now,online
please tell me my present gps coordinates,online
i need to know my present gps coordinates,online
tell me my current gps coordinates,online
please give me my gps coordinates,online
"how do i find my location right now, please",online
"how do i find my location, please",online
"could you find my location on the map, please",online
how do i find my present location right now,online
could you find my location on the map,online
how do i find my location right now,online
"would you find my location on the map, please",online
"can you find my location on the map, please",online
can you find my location on the map,online
"how do i find my present location right now, please",online
give me my current location,online
let me know my current location,online
what is my location right now,online
can you tell me the address where i am right now,online
please locate me on the map and show me,online
tell me my current location,online
how can i go about finding my current location,online
i wanna know my current location,online
how can i find my current location,online
how will i find my current location,online
i'd like to know my current location,online
how can i locate where i am,online
how shall i find my current location,online
check out my location up on the map,online
could you pull up my location on the map,online
check me out on the map,online
look me up on the map,online
look my location up on the map,online
what are the conditions like in orlando,online
what's the temperature like in tampa,online
what's the forecast like for pittsburgh,online
what are the conditions like in sarasota,online
what's the climate like in chicago,online
what will the temperature be tomorrow,online
will it rain today,online
will it freeze tonight,online
give me the 7 day forecast,online
is it hot outside,online
what is the weather going to be like today,online
is it going to rain today,online
what is the weather going to be like tomorrow,online
is it going to rain tonight,online
are there any tornadoes coming soon,online
is it snowing in the next two weeks,online
what is the weather like in denver,online
what is the weather like tomorrow,online
what is the record high temperature for today,online
whats the predicted weather suppose to be like,online
whats the forecast for the weather,online
what does the weather look like,online
what does the forecast look like,online
what is the weather going to be like,online
tell me this week's forecast,online
will it get over 90 degrees today,online
what's the temperature outside,online
tell me how the weather is,online
weather,online
what's the weather,online
is it raining,online
how is it outside,online
how hot will it be tomorrow,online
what is the weather for tomorrow in georgia,online
what is the forecast for this week,online
will it snow this weekend,online
is there any rain in the next 3 days,online
can you tell me what the weather will be please,online
how's the weather,online
what's the weather looking like,online
what weather should i expect,online
costa mesa current weather,online
what is the temperature in costa mesa,online
what is the weather report for costa mesa,online
weather in costa mesa,online
costa mesa weather,online
i need meteorological data for tallahassee,online
how's the weather in tallahassee,online
read me the current weather report for tallahassee,online
tell me the weather report for tallahassee,online
what's the current weather situation for tallahassee,online
what's the weekend forecast,online
can you tell me the low tonight,online
is it going to be sunny today,online
what's the highest chance of rain for today,online
how cold is it going to be tonight,online
what is the weather forecast for seattle,online
what is the weather outlook for seattle,online
what are the weather conditions in seattle,online
how is the weather in seattle,online
what is the weather report for seattle,online
can you give me info on miami weather,online
what is miami weather like,online
what can you tell me about miami weather,online
what kind of weather does miami have,online
how is the weather in miami,online
what's the weather like right now,online
give me a rundown of the weather,online
what kind of weather is there,online
tell me what the weather is like,online
when is it going to rain again,online
what is the high temperature for tomorrow,online
how many of inches of snow did my hometown get last year,online
what are the atmospheric conditions in sparks,online
is it raining in sparks,online
is it cloudy or sunny in sparks,online
is sparks experiencing bad weather right now,online
what is the weather like in sparks right now,online
what is the temp right now,online
when will it rain next,online
when is the next rain chance,online
what will the weather be this weekend,online
what s the uv index tomorrow,online
tell me today's weather forecast,online
tell me about the weather today,online
i want to know the weather forecast for today,online
what will the weather be like,online
what's the chance of rain on friday,online
is there a uv or smog alert for tomorrow,online
"is it snowing right now in richmond, va",online
what will the low temperatures be over the weekend,online
can you let me know if it will be warm this week,online
when is the next time it is suppose to rain,online
how cold will it be tomorrow,online
what is today's high temperature predicted to be,online
how much snow will we be getting tomorrow,online
what's the current weather,online
what's it doing outside right now,online
what's today's weather going to be,online
please tell me the weather forecast,online
change to whisper mode,local
change mode to whisper,local
whisper mode off,local
change out of whisper mode,local
turn off whisper mode,local
activate whisper mode,local
whisper mode activate,local
can you please lower the volume please,local
use your indoor voice please,local
whisper for me,local
is it possible for you to whisper for me,local
turn on your whisper mode,local
i'm going to need you to be quiet now please,local
don't make too much noise,local
go into whisper mode now please,local
can you use the whisper voice,local
volume to whisper voice,local
turn on the whisper voice,local
go to the whisper voice,local
can you whisper until i tell you not to,local
switch to your whispering voice please,local
whisper from here on out please,local
whisper from now on,local
i need you to use your whisper voice,local
do not talk so loudly,local
use your quiet voice,local
you need to speak softer,local
speak quiet as though you were in a church,local
change to normal vocals mode,local
turn your volume up,local
turn up your volume,local
switch to quiet mode,local
let's start whispering,local
let's switch to whisper voice,local
let's use whisper voice,local
i decide to switch out of whisper mode,local
i want to switch out of whisper mode,local
can you whisper,local
let's switch out of whisper mode,local
let's whisper,local
go to whisper mode,local
can you switch out of whisper mode,local
i think we should whisper,local
shh please speak with a whisper,local
please turn on whisper mode,local
go into whisper mode now,local
i need you to go into whisper mode,local
please only use a whisper when speaking,local
i can't be loud and need you to speak more quietly,local
"go back to whisper mode, please",local
"change to whisper mode, please",local
"switch to whisper mode, please",local
go back to whisper mode,local
please switch to whisper,local
switch to the whisper mode,local
switch over to whisper,local
switch to whisper please,local
i want whisper mode to be switched off,local
i want you to use whisper voice now,local
please turn on whisper voice,local
i dont need whisper mode on any more,local
could you please get out of whisper mode,local
i need your setting switched to whisper mode right away,local
please shut off whisper mode for now,local
make sure to set yourself to whisper mode before i go to the movie,local
please turn on whisper mode because i am about to be in class,local
i want your setting adjusted to whisper voice now,local
please switch to whisper mode for now,local
please begin using the whisper voice setting,local
i want you to be in whisper mode now because i am in the library,local
can you change to the whisper voice setting,local
please speak with the whisper voice,local
exit out of whisper mode,local
is it possible for you to use the whisper voice,local
switch to whisper mode,local
i'd like you to use the whisper voice,local
immediately begin using whisper mode,local
"i can't hear you, stop whispering!",local
start using whisper mode,local
stop using the whisper mode,local
engage whisper mode now,local
can you go to the whisper voice,local
go back to normal mode please,local
use the whisper voice,local
use your whispering voice,local
6 inch voices please,local
can you switch to whisper mode,local
i want whisper mode,local
please switch to whisper mode,local
would you mind switching to whisper mode,local
could you please switch to whisper mode,local
"if you don't mind, please switch to whisper mode",local
i need you to switch to whisper mode,local
i want you to switch to whisper mode,local
talk in whisper voice,local
please whisper,local
please use whisper,local
please talk quietly,local
use whisper voice,local
turn to whisper mode,local
"to visit cambodia, do i need an international visa",online
do i need to get a visa to visit canada,online
will i need a visa to visit ireland,online
will i need a travel visa to go to canary islands,online
i want to visit portugal do i need a travel visa,online
i want to see paris will i need an international visa,online
"for travel to argentina, do i need to get a travel visa",online
will i have to apply for a visa if i want to visit mexico,online
to vacation to tel aviv do i need a travel visa,online
do i need to obtain a travel visa to go on vacation to places in eastern europe,online
would i need a tourist visa for brazil,online
do i need a tourist visa for europe,online
i want to know if i shouldget a tourist visa for italy,online
is it necessary to apply for a tourist visa for mexico,online
should i get a travel visa for spain,online
does moscow require travel visas to visit,online
would i need a travel visa to go to the congo,online
do i need an international visa to go to south korea,online
do i need an international visa to go to tibet,online
do i need an international visa to go to vietnam,online
do i need an international visa to go to hong kong,online
do i need an international visa to go to malaysia,online
i am going to travel to mexico soon; do i need to get a visa,online
i need to know if i must have an international visa to go to france,online
i'm going to jamaica next week; am i needing a visa,online
tell me whether i need an international visa to go to mexico,online
i'm going to mexico; do i need an international via,online
let me know if i need an international visa to go to sudan,online
am i in need of an international visa to go to france,online
do i need to get a visa for traveling to chile,online
do i need a visa to travel to jamaica,online
i need to know if i need a visa to travel to el salvador,online
would i need a visa if i want to travel to mexico,online
do i need a visa to travel to mexico,online
does mexico require me to have a visa to travel there,online
is a visa needed to go to mexico,online
if i want to travel to mexico do i need to get a visa,online
do i need a visa to scotland,online
do i need a visa to russia,online
do i need a visa for canada,online
do i need a travel visa to visit germany,online
i am going to russia and am wondering if i need a visa,online
do i need a travel visa to visit russia,online
do i need a travel visa to visit canada,online
i am going to germany soon do i need a visa,online
do i need a travel visa to visit japan,online
do i need to get a visa for russia,online
do i need a visa to go to greece,online
do i need a travel visa to visit china,online
do i need a visa for germany,online
do i need a visa to go to somewhere internationally,online
do i need a visa to spain,online
do i need an international visa to go to mexico,online
do i need an international visa to go to england,online
do i need an international visa to go to brazil,online
do i need an international visa to go to canada,online
do i need an international visa to go to spain,online
should i get a visa before going to cancun,online
is a visa required to visit cancun,online
will i need a visa to travel to cancun,online
do i need a visa to go to cancun,online
do i need a visa to travel to canada,online
does mexico travel require a visa,online
would i need to get a visa to go to ireland,online
"if i'm planning to go to the uk, do i need a visa",online
might i need to get a visa to travel to venezuela,online
"i'm going to be going to canada soon, do they require a visa for entry",online
do i need a visa to get into canada later this year,online
does travelling to that place require a visa,online
do i need a visa to go there,online
do i need a visa to leave the country,online
does international travel always require a visa,online
when does travelling require a visa,online
if i go to canada next month do i need a visa,online
do i need to bring a visa when i go to canada next month,online
"i'm going to canada soon, do i need a visa",online
what paperwork will i need to visit northern ireland,online
should i get a visa for crete,online
will i need a visa to go to moldova,online
does laos require a travel visa,online
do i need to apply for a visa to visit dnipro,online
israel has strict restrictions do i need a visa to travel there,online
visa's are hard to get do i need one when i travel to israel,online
i'm vacationing in israel will i need a visa,online
do i need a visa to travel to isreal,online
"i'm heading to israel soon, do i need a visa",online
do i have to have a visa to go to denmark,online
do i need a visa to go to cuba,online
do i have to have a visa to go to the cayman islands,online
does jamaica require a visa,online
what documents to i need to go to egypt,online
does france have their own version of a visa,online
does mexico require an international visa,online
does ireland require an international visa,online
do i need an international visa to enter canada,online
do i have to get an international visa before they'll let me in melbourne,online
must i have an international visa when travelling to russia,online
is an international visa needed to travel to z,online
"i want to go to korea, do i need an international visa",online
do i need to apply for a travel visa if i am going to bermuda,online
"i'm at home, so where is the closest starbucks",online
what's the distance between home and the closest starbucks,online
is there a starbucks close to home,online
direct me to the closest starbucks near home,online
does home have a starbucks nearby,online
how do i get to the beach by bus,online
how do i get to the park on foot,online
how do i get to the train on foot,online
how do i get to the mall by bus,online
how to i get to the mall on foot,online
how do i get to the supermarket on foot,online
how do i get to the museum on foot,online
how do i get to the college by bus,online
how do i get to the hotel by bus,online
how do i get to the museum by bus,online
assist me to know how to get to target by bus,online
would you tell me how to get to walmart by bus,online
"i am needing you to tell me how to get to dallas, texas, by bus",online
i need to know how to get to target by bus,online
tell me how to get to target by bus,online
i need to know where the nearest place that has mountain dew is,online
how can i take a bus to dallas,online
what steps do i need to take to take a bus to detroit,online
how can i travel by bus to the grand canyon,online
direct me to the closest korean grocery,online
i want to visit chicago by bus what do i need to do,online
tell me where is the closest coffee shop,online
where can i find the mall closest to here,online
can you tell me where the nearest rest station to me is,online
i want to take a bus to mexico city how do i do that,online
let me know how to get to the starbucks nearby,online
would you give me directions to the closest starbucks restaurant,online
how do i get to the closest starbucks,online
where is the closest starbucks,online
please give me directions to the nearest starbucks,online
could you tell me how to get to the statue of liberty by bus,online
"from here, how do i get to the statue of liberty by bus",online
i want to know how to get to statue of liberty by bus,online
how do i get to statue of liberty by bus,online
which bus should i take to get to the statue of liberty,online
how close is a gas station to mcdonalds,online
"i need to get to a church immediately, please take me to one!",online
take me to the nearest dairy queen,online
can i take a bus to the grand canyon,online
how do i get to the nearest post office,online
where's the nearest gas station,online
how would i walk to the liberty bell from here,online
find me the closest public bathroom,online
guide me to a laundromat near me,online
take me to the closest walmart,online
does the bus go to the washington monument,online
are there any furniture outlets near the mall,online
what's the best way to get to my bank by walking,online
can a bus get me to the statue of liberty,online
is a bar close to my church,online
how do i get to the statue of liberty on foot,online
what's the nearest ups store to walmart,online
is there a tire repair place near the post office,online
how do i get to the leaning tower by bus,online
what's the closest mcdonalds,online
what's the quickest way to a bank,online
i want to see the golden gate bridge and i'm walking on 5th street right now,online
is it possible to take the bus to the brooklyn bridge,online
give me directions to the nearest gas station,online
what's the direction for foot traffic to get to the eiffel tower,online
i need directions to get to olympia by bus,online
what are the directions to get to olympia by bus,online
do you know how i get to olympia by bus,online
is it possible to get to olympia by bus,online
is there a way to go by bus to olympia,online
i need an address for the closest starbucks to home,online
please tell me the location of the nearest target store,online
can you tell me where the atm closest to my current location is,online
"where is the nearest gas station to 20th and market streets, in philadelphia, pa",online
find me the location of the nearest gas station,online
"can you tell me the nearest wells fargo bank location to port authority, new york",online
please tell me the subway station nearest to madison square garden in new york,online
what are the nearest streets to the statue of liberty in new york,online
"search for the nearest atm to newark penn station, newark in new jersey",online
search for the nearest expressway to the airport,online
where is starbucks,online
starbucks near me,online
find me starbucks,online
what's the nearest starbucks,online
"where is the closest chevron gas station in columbus, ohio",online
where is the nearest denny's to gillette stadium,online
"where is the closest walmart to boise, idaho",online
where is the closest applebees to the empire state building,online
"where is the closest dog groomer in charlotte, north carolina",online
i want to know the nearest bank's location,online
i need to know the nearest bank's location,online
i want to get directions to the closest atm,online
i would like to know where the closest gas station is,online
i want directions to the closest atm,online
give me the location for the nearest bank,online
i need to know directions to the nearest gas station,online
can you tell me the nearest restaurant to me and give me directions,online
can you tell me the location of the nearest bank,online
where is the closest mcdonalds,online
how would i get to city hall via bus,online
what is the spelling of potato,local
spell potato,local
give me the spelling of potato,local
spell out potato,local
how do you spell tomato,local
can you spell water,local
how do you spell water,local
how is water spelled,local
water is spelled how,local
spell water,local
what's the letters in 'you' word like,local
the word 'you' got how many letters,local
how do you spell out university,local
how do you spell out newspaper,local
how do you spell out shepherd,local
how do you spell out espresso,local
how do you spell out wednesday,local
"can you spell ""diatribe"" for me",local
"spell ""requisite"" for me",local
what's the right way to spell miscellaneous,local
how do you spell syzygy,local
tell me how to spell anonymous,local
how is the word economy spelled,local
can you spell out the word special for me,local
i need to know how many r's are in restaurant,local
i need to know how to spell excellent,local
spell the word restaurant for me,local
tell me how many p's are in apple,local
how many e's are in sesame,local
tell me how many a's are in magical,local
what is the proper way to spell diamond,local
do you know how many o's are in honor,local
what's the right spelling of rambunctious,local
how do i spell catheter,local
can you tell me how to spell manipulation,local
what is the correct spelling of judgment,local
what's the spelling of cancer,local
how do you spell antithesis,local
how do i spell ambitious,local
how do you spell verisimilitude,local
how do you spell asian,local
what's the spelling of multimedia,local
can you tell me how to spell elephant,local
how do you spell hotdog,local
can you spell hamburger,local
spell government,local
tell me how to spell automobile,local
i need to know how to spell friend,local
how is friend spelled,local
how is the word acquaintance spelled,local
how do you spell friend,local
how do i spell acquaintance,local
what's the right way to spell indict,local
i want to know how to correctly spell cemetery,local
how do you spell mississippi,local
i wish i knew how to spell mississippi,local
can you remind me how to spell because,local
i need to know how to spell conscience,local
i need to know how to spell xylophone,local
how do you spell guerrilla,local
i am not sure how to spell punctuation,local
i forget how to spell xylophone,local
i don't know how to spell spaghetti,local
i don't know how to spell threshold,local
i don't know how to spell circumference,local
i don't know how to spell squirrel,local
i don't know how to spell mississippi,local
how can i spell avocado,local
tell me the complete spelling of definitely,local
i'd like to know how to spell cemetary,local
tell me how handkerchief is spelled,local
i'd like to know how acommodate is spelled,local
count the number of the letter a in happiness,local
the word is happiness; how many a's can you find in that word,local
"find all the ""a""s in happiness",local
tell how many a's are in the word happiness,local
how many a's can you find in the word happiness,local
what is the correct spelling for antipathy,local
how does the dictionary spell antipathy,local
how do you spell antipathy,local
spell antipathy for me,local
can you give me a spelling for antipathy,local
how do you spell superficial,local
i need help spelling superficial,local
i need to know how to spell superficial,local
i can't figure out how to spell superficial,local
what is the right way to spell superficial,local
how many es are in receiving,local
i don't know how to spell anethesia,local
i don't know how to spell malfeasance,local
i don't know how to spell theater,local
i don't know how to spell apparently,local
what's the proper way of spelling seance,local
how many ts are in tethered,local
how many cs are in acquiescence,local
how many ss are in narcissism,local
how do you spell sanguine,local
can you help me spell facetiousness,local
i don't know how to spell drought,local
how man z's are in zombie,local
how's everything,local
how are things going,local
"hello, anyone there",local
are you okay right now,local
are you doing okay,local
how's it going right now,local
ahoy hoy,local
hey there!,local
how is everything with you,local
hey hey!,local
how have you been doing,local
it's nice to see you,local
hello there!,local
how is it going,local
how are things with you,local
hiya!,local
what's up,local
how're you doing,local
it's good to see you,local
is everything going okay,local
how is everything going,local
how goes it,local
"hello, ai",local
"hey, ai",local
"wake up, ai",local
good day,local
greetings to you,local
"hello, friend",local
whats up with you,local
hey there fellow,local
whats up,local
"yo, hows it going",local
how are things for you,local
are things going well for you,local
hello siri,local
hi there alexa,local
"how are you doing, ai",local
ai how are you doing today,local
"how are you doing today, ai",local
how is my ai doing,local
ai how are you doing on this fine day,local
heller,local
so how is everything,local
how are you this day,local
hi how are you,local
how is everything going for you,local
hi how is everything,local
well hello,local
just wanted to say hi,local
how is your day,local
why hello,local
are you well,local
hola,local
good to see you,local
how've you been feeling,local
how are things,local
are you doing well,local
good evening,local
yo,local
"ai, how are you feeling",local
how is the ai doing,local
"ai, how are you doing",local
hi ai,local
have you been good,local
is everything ok with you,local
how have you been,local
are you doing ok,local
how are you,local
how's life,local
what's up with you,local
what's going on,local
how's it going with you,local
how's ife treating you,local
hello how's it going,local
how are you today,local
can you tell me how you're doing today,local
how are you this fine day,local
how are things treating you,local
aloha,local
are you feeling okay,local
how do you feel,local
bonjour,local
how are things going for you,local
what do you feel like doing,local
"hello, what's up",local
hey how's life,local
hi there,local
hey how's it hanging,local
tell me how you've been,local
how is life treating you,local
"hi there, how are things",local
"hello, how are you",local
"hey, how's it going",local
"hello, are you doing alright",local
hi! are you doing okay,local
what's happening,local
hey what's up,local
"why, hello bandit",local
"howdy, what's new",local
salutations!,local
make the settings go back to the original,local
go back the the settings you had originally,local
change settings to how they were originally,local
go back to your original settings,local
reset the factory settings,local
reset the factory settings please,local
reset the factory settings now please,local
please reset the factory settings,local
reset the factory settings if possible,local
go ahead and reset your factory settings,local
change to factory settings now,local
please go back to to factory settings now,local
go back to factory settings now,local
you need to go back to the original settings,local
go ahead and go back to the original settings,local
i want you to reset your factory settings,local
please go back to the original settings,local
please reset your factory settings,local
go back to the original settings now,local
please go back to the settings of the original,local
i need you to reset your factory settings,local
you got to go back to factory settings now,local
please go to factory settings now,local
restore my factory settings immediately please,local
go back to factory settings please,local
can you restore factory settings now,local
go back to the factory settings for this device,local
i want factory settings restores right now,local
do a hard reset to factory settings,local
i'd like to reset to factory settings,local
clear all settings in a reset,local
please revert all settings to factory default,local
i'd like to revert to factory settings,local
reset to factory default,local
do a hard reset,local
please revert to your factory settings,local
return to your factory settings,local
you need to reset your factory settings,local
would you reset your factory settings,local
you should reset your factory settings,local
could you reset your factory settings please,local
reset to original settings,local
return to default settings,local
return to factory default,local
change back to your initial settings please,local
go back to your normal settings please,local
alter back to your orginal settings,local
reset to your natural settings,local
change back to your factory settins,local
i want to go back to the factory settings,local
help me get my device back to it's factory settings,local
tell me how i can reset to factory settings,local
i want my original settings back,local
return it back to the original settings,local
please turn my settings back to the original settings,local
get my back to factory settings,local
refresh to factory defaults,local
reset to default settings please,local
reset device to original settings,local
reset to default settings,local
please change back to initial device settings,local
go back to initial factory state,local
go back to initial settings,local
make all settings the initial defaults if you would,local
revert to factory settings please,local
i want you to reset to brand new please,local
revert to your factory settings,local
restore your original settings,local
"restore your factory settings, please",local
restore your original settings now,local
"restore your original settings, please",local
revert back to your factory settings,local
"return to your original settings, please",local
"revert to your factory settings, please",local
switch back to your factory settings,local
"revert back to your factory settings, please",local
is it possible to change to original settings,local
can you go back to my original settings,local
i need you to switch to my original settings,local
go to default setting,local
change back to default settings,local
i want to be switched back to my factory settings,local
i'd like to switch back to my factory settings,local
put me back on my factory settings,local
i need to switch back to my factory settings,local
i need to go back on my factory settings,local
return to your original settings,local
restore the factory settings,local
let's go to default settings,local
go to factory settings,local
would you please reboot yourself to factory settings,local
please go back to your factory settings,local
please reconfigure yourself back to factory settings,local
i would like you to revert to your factory settings,local
i want to put you back to original settings,local
i want you reset to factory settings,local
i want factory settings put back in place,local
i want to reset your settings to the original,local
go back to the original settings,local
go back to your factory settings,local
what's your full name,local
i didn't get your name,local
what's should i call you by,local
can you tell me the ai's name,local
what is the ai's name,local
does the ai have a name,local
i'd like to know what to call you,local
what name do you prefer,local
do you have a preference regarding what i should call you,local
do you have a name i can use,local
what are you called,local
give me your name,local
what do people call you,local
what is your full name,local
tell me your full name,local
should i call you something in particular,local
what should i refer to you as,local
what name would you like me to call you,local
what name do you want me to call you,local
do you have a name that i can call you,local
what name should i use when talking with you,local
is there a particular name i should call you,local
is there a name that you preferred to be called by,local
please tell me the name i should use when talking to you,local
can i have your name please,local
can you me what they call you,local
and what would your name be,local
what name should i use for you,local
what would your name be,local
what do you want me to call you,local
what would you like to be called,local
what do you want me to refer to you as,local
what name would you like me to use,local
what name should i call you,local
do you have a name,local
please tell me your name,local
how should i refer to you,local
whats your name,local
how would you like me to refer to you,local
what name should i use to call for you,local
what is the name i should use to refer to you,local
do you know your name,local
who gave you your name,local
what name was given to you,local
what can i address you,local
what name do you like to go by,local
i want to know the name that was given by the person who made you,local
do people call you by a certain name what is it,local
what do you prefer being called,local
what do you prefer to be called,local
what did your friends call you,local
do you go by any nicknames,local
what is you name,local
what's your first name,local
what do you like being called,local
how would you like me to call you,local
who are you known as,local
how can i get your attention,local
what do you answer to,local
do you have a way you like to be referred to,local
can you tell me your name,local
how do i activate you,local
what name do you answer to,local
what can i refer to you by,local
what do they call you,local
how are you named,local
what's your designation,local
can i call you by any name,local
i want your name,local
i need to know your name,local
i need your name,local
i wanna know your name,local
i'd like your name,local
tell me your name,local
you must tell me your name,local
what name do you want to be called,local
"when referring to you, what name do you want me to use",local
would you tell me your name,local
provide the name i should use to refer to you,local
i would like to know your name,local
"hello, may i get your name",local
i am needing to know your name,local
tell me what name to use to refer to you,local
state your name,local
"when referring to you, what name should i use",local
i want to know your name,local
"ai, do you like your name",local
"ai, what can i call you",local
"ai, what's your name",local
"ai, what do people call you",local
"ai, what should i call you",local
please introduce yourself,local
could you tell me your name,local
would you like to introduce yourself,local
tell me about yourself,local
what name should i use to address you,local
what name should i refer to you as,local
how would you like to be referred to,local
what name should i use when i call you,local
do you have a name i should call you by,local
what kinds of things are you into,local
what's your favorite hobby,local
what do you like to do in your spare time,local
what do you do for fun,local
do you have any hobbies,local
do you have any past-times,local
what are your favorite hobbies to take part in,local
what things do you like to do,local
what are your favorite hobbies,local
what are your favorite things to do,local
what are ai's hobbies,local
i want to know if you have hobbies,local
i'd like to know your hobbies,local
let's talk about your hobbies,local
can you tell me about your hobbies,local
tell me your hobbies,local
do ai have hobbies and if so what are yours,local
what are you hobbies,local
do you have any hobbies to speak of,local
what hobbies do you do,local
how do you spend your spare time,local
what do you like to do when you have spare time,local
what do you do when you're not working,local
is there anything you like to do in your free time,local
what are the things you like to do for fun,local
what sort of things do you or work on for fun when you have extra time,local
are there activities that you enjoy doing in your free time,local
what are some things you like doing,local
so what sort of hobbies are you into,local
"what do you do when you're not working, for fun",local
what do you like to do when you're not working,local
what sorts of things do you do to have a good time,local
what kind of things do you do when you have free time,local
can you describe your hobbies to me,local
please tell me your hobbies,local
tell me all about your hobbies,local
i'd like to hear about your hobbies,local
what things do you enjoy doing,local
what are some things that you enjoy,local
what do you like doing in your free time,local
do you have anything you enjoy to do,local
i like to paint in my free time-do you have any hobbies like that,local
what hobbies do you like doing,local
do you enjoy any hobbies,local
what other hobbies do you enjoy,local
what kinds of hobbies do you enjoy,local
what are some of the hobbies you enjoy doing,local
what do you enjoy doing while not working,local
any hobbies,local
what do you do to occupy your free time,local
i would like to know what hobbies you enjoy,local
what hobbies pique your interest,local
what do you do in your spare time,local
what do you do for hobbies,local
what sorts of activities do you enjoy,local
what kinds of activities do you enjoy,local
what types of activities do you enjoy,local
what sorts of hobbies do you enjoy,local
what kind of activities do you enjoy,local
what's your hobbies,local
what things do you do for fun,local
what hobbies do you like,local
what do you like to do for fun,local
what are some things you like to do,local
tell me what you do for fun,local
can you tell me some of your hobbies,local
might you have any hobbies,local
what kinds of things do you do for hobbies,local
share some of your hobbies with me,local
what keeps you busy in your free time,local
what makes you happy in your free time,local
what do you do in your down time,local
please share your hobbies with me,local
lets talk about your hobbies,local
what kind of hobbies do you have,local
what hobbies do you enjoy in your free time,local
what kind of hobbies do you like to do,local
what sort of things do you enjoy,local
what are your favorite activities,local
what hobbies do you like to partake in,local
what sort of hobbies do you enjoy,local
what do you do for fun in your free time,local
tell me what you do in your free time,local
what you do at the free time,local
so what do you do at free time,local
at free time what do you do,local
what do you enjoy doing in your leisure time,local
what types of hobbies do you enjoy,local
what types of things do you like to do in your spare time,local
what sorts of things are you into,local
what sorts of things do you do for fun,local
what sort of hobbies are you into,local
how do you like to spend your free time,local
inform me what you do for fun in your free time,local
i gotta know your hobbies,local
can you tell me your hobbies,local
tell your hobbies,local
what do you do in your free time,local
i wanna know your hobbies,local
i wish to know your hobbies,local
what's the cheapest fares from lax to sfo for round trip flights leaving april 1st and returning april 7th,online
"for the dates april 1st to the 7th, find me round trip air tickets from la to sfo",online
what southwest flights are there for lax to sfo arriving april 1st and returning april 7th,online
what airlines have flights round trip on april 1st to april 7th from lax to sfo,online
find me round trip flights out of lax to sfox,online
find me a flight from tijuana to guadalajara on volaris,online
i need a flight to be booked from san diego to boston through frontier,online
i want a flight booked from new york to san francisco with continental,online
get me a flight booked from houston to phoenix with american airlines,online
i want to fly southwest from dallas to phoenix,online
book a flight from chicago to dc on monday and returning on wednesday,online
i need to get a flight out of lax to dia on the 16th for under four hundred,online
book a flight from sacremento to tampa two weeks from now and returning a month after,online
i'm looking for a roundtrip flight from afw to dgb for tomorrow until next week,online
"i'm looking for a roundtrip flight from oma to sps august 1st, 2019 to august 2nd, 2019",online
i need to get a flight out of tampa to chicago in a month for under $123,online
book a flight from denver to austin on the 16th and returning on the 20th,online
book a flight from bangor to las vegas on may 1st and returning july 4th,online
book a flight from seattle to dallas-fort worth on april the 1st and returning on april 5th,online
i need to get a flight out of seattle to dulles next week for under $500,online
i'm looking for a roundtrip flight from koa to mgj for june to july,online
i need to get a flight out of denver to houston on friday for under $250,online
"i need to get a flight out of my local airport to england on monday, the 23rd for under a grand",online
i'm looking for a roundtrip flight from aaf to dia for february 23rd to february 28th,online
i'm looking for a roundtrip flight from fwa to hsv for march first to march fifth,online
compare fares for al italia from bucharest to tampa returning before thanksgiving,online
cheapest fare for flight from tehran to new york on august 1 with return on august 20,online
compare prices for flights from recife to miami leaving may 20 returning june 5,online
i need you to book me a flight from chicago to montpelier via united,online
i need a roundtrip flight for 5/2 to 5/8 from nyc to los angeles,online
can you find me a roundtrip flight from orlando to austin for 3/28 to 4/5,online
use delta to book me a flight from dallas to pittsburgh,online
help me find a roundtrip flight for may 7th through the 20th from pittsburgh to chicago,online
could you make a flight reservation with air emirates from orlando to london,online
"can you find me a flight from portland, oregon to portland, maine for under $500 on delta",online
fly me from pit to pdx on delta for under $300,online
book a flight from la to madrid with southwest,online
i'd like a flight from laguardia to orlando on southwest for under $400,online
"i'm going to boston from bangor on july 25th through the 29th, and need you to find me a roundtrip flight",online
i need to get from jfk to dallas with united for under $500,online
i need a flight from nyc to paris with delta,online
could you get me a delta flight from sioux falls to philadelphia for under $400,online
i want to find a roundtrip flight from philadelphia to sioux falls from august 3rd through august 25th,online
reserve me a flight from ft lauderdale to houston on southwest,online
find me a roundtrip flight from dallas to los angeles from march 2 to march 10,online
"buy tickets for a flight from nyc to la on march 1, returning on march 5",online
book me a flight out of la to chicago on march 3rd for under $500,online
"book flights for me from nyc to la on march 1, returning on march 5",online
look for a flight out of la to chicago on march 3rd for under $500,online
find me a flight from ft lauderdale to houston on southwest,online
i need to book a roundtrip flight from dallas to los angeles from march 2 to march 10,online
get me a flight from ft lauderale to houston on southwest,online
are there any flights out of la to chicago on march 3rd for under $500,online
"search for a flight from nyc to la on march 1, returning on march 5",online
list roundtrip flights available from dallas to los angeles from march 2 to march 10,online
confirm a flight for me from ft lauderdale to houston on southwest,online
search for a flight out of la to chicago on march 3rd for under $500,online
"buy a flight for me from nyc to la on march 1, returning on march 5",online
can you show me roundtrip flights from dallas to los angeles from march 2 to march 10,online
i need you to book me a flight from ft lauderdale to houston on southwest,online
"find me a flight from nyc to la on march 1, returning on march 5",online
find me a flight out of la to chicago on march 3rd for under $500,online
what are some roundtrip flights from dallas to los angeles from march 2 to march 10,online
i want to buy a plane ticket to travel from miami to honolulu on the 29th of february i need a return flight on march 5th,online
i need to take a flight from florida to alabama on january 25th and i need to get back by the 30th,online
i want to book a flight reservation from texas to new york on may 9th and i want to come back on the 15th,online
i want to book a flight from hawaii to new york on july 8th and returning on july 10th,online
i need to book a flight from texas to new york on may 25th and returning on the 28th,online
"buy a flight from santa fe to jacksonville on new year's eve that returns on the fourth, please",online
purchase a flight from slc to columbus on tuesday that returns on friday,online
"purchase a flight from fiji to san diego on november 1 that returns on december 1, please",online
purchase a flight from boise to sacramento on sunday and returning on wednesday,online
buy a flight from phoenix to el paso on august 30 that returns on labor day,online
book delta ticket madison to atlanta,online
make delta reservation from madison to atlanta,online
madison to atlanta delta ticket,online
buy delta ticket madison to atlanta,online
schedule flight from madison to atlanta on delta,online
"book a flight from pensacola, fl to houston, tx on 17 february 2019 and returning on 7 march 2019",online
"book a flight from jacksonville, fl to atlanta, ga on 14 february 2019 and returning on 1 march 2019",online
"book a flight from key west, fl to san antonio, tx on 18 february 2019 and returning on 5 march 2019",online
"book a flight from tampa, fl to baltimore, md on 11 february 2019 and returning on 19 march 2019",online
"book a flight from miami, fl to columbus, ga on 16 february 2019 and returning on 2 march 2019",online
show me roundtrip flights from dallas to houston for march 7 and march 10,online
i am needing you to look up roundtrip flights form houston to miami for april 12 and april 15,online
could you check and let me know roundtrip flights from dallas to houston for march 7 and march 20,online
i need you to get me a flight booked from houston to miami on united airlines,online
i am needing to get a flight out of el paso to dallas on march 10 for under $300,online
would you give me available flights out of dallas to miami on june 8 for under $340,online
would you let me know what flights are available out of dallas to el paso on march 20 for under $400,online
let me know what flights there are out of dallas to miami on march 10 for under $450,online
would you book me a flight to miami from dallas on southwest airlines,online
i need a flight booked from dallas to miami on american airlines,online
i am wanting you to book me a flight from houston to miami on united airlines,online
would you look up roundtrip flights from dallas to houston for march 7 and march 10,online
i would like to know what flights are available out of el paso to dallas on june 10 for under $300,online
please get me a flight booked from miami to dallas on american airlines,online
get me roundtrip flight information for flights from dallas to houston for june 8 and june 17,online
get me a flight for tuesday on spiritcom to las vegas from chicago,online
book me a flight from o'hare to las vegas on deltacom,online
may i know if you are a real person or an ai,local
i need to know if you are a real person or an ai,local
i want to know if you are a real person or an ai,local
tell me if you are a real person or an ai,local
are your real or artificial,local
am i talking to a real person,local
am i speaking with someone real,local
would you consider yourself to be a bot,local
"i am not a bot, are you",local
do you think you are a bot,local
you sound like a bot,local
how do i know that you're a person,local
prove that you're a person,local
are you a bot or a person,local
are you real or fake,local
"are you ai, or a person",local
are you a human or a bot,local
am i talking with real person or ai,local
are you real or an ai,local
are you a bot right now,local
are you a real human,local
are you a real person or an ai,local
so are you a real person,local
so are you human,local
so are you a bot,local
tell me now if you are a bot,local
i need to know if you are a bot,local
are you an ai or a real person,local
are you actually a bot,local
so are you real,local
are you a human,local
am i talking with a real person,local
are you a computer or a real person,local
"are you a computer, or are you a real person",local
are you a live person or a computer,local
are you real or automated,local
is this a person talking to me or a computer,local
are you a human being or a robot,local
are you alive,local
are you a live human being,local
are you a computer,local
are you human or a bot,local
are you a real person or a computer,local
are you an automated assistance,local
are you a person,local
are you an actual person,local
are you really a human,local
are you a real human being,local
do you know if you are a robot,local
are you really an actual human being,local
what are you,local
do you know you are not human,local
is there anything real about you,local
how real are you,local
are you a real life person,local
tell me if you are human,local
are you ai,local
"am i speaking with ai or a real, live person",local
are you a member or the human race or are you a computer program,local
are you a person in real life or programmed ai,local
do you know whether you are a human or whether you're a computer,local
should i regard you as a human or as a computer,local
would you say that you are human or copmuter,local
"how are you classified, as a human or a computer",local
can you tell me if you're human or if you're a computer,local
i think you are a bot,local
are you considered a bot,local
am i talking to an actual person,local
do you consider yourself a bot,local
you are a bot aren't you,local
"what are you, a bot or human",local
are you a live being,local
are you real or are you an ai,local
please tell me if you are an ai,local
are you ai or a real person please,local
are an an ai,local
are you real or not,local
are you an ai or person,local
are you really a person or an ai,local
is there a way to tell if you are real or an ai,local
tell me if you are a person or ai,local
how do i know if you are a real person,local
are you a real person or a bot,local
am i talking to a person or a bot,local
are you a machine,local
are you a real person or artificial intelligence,local
are you a real person or automated,local
are you a real person or software,local
are you a real person or a robot,local
are you an ai or can you prove you're human,local
are you a human or an ai,local
"are you an actual person, or ai",local
are you a bot or a real person,local
do you identify as a human or computer,local
please specify if you are human or computer,local
tell me if you are a human or a computer,local
can you specify if you are a human or a computer,local
let me know if you are a human or a computer,local
is this a computer right now or a human being,local
is this human or a robot,local
what level is my gas tank at,online
where's the gas tank level at,online
how does my gas tank look,online
what line is the gas tank at,online
how much gas is in my gas tank,online
how much gas is left,online
what is the amount of gas i have,online
tell me the amount of gas i have,online
in my tank how much gas is there,online
i'd like to know how much gas is left,online
what amount of fuel do i have left,online
what's the fuel level,online
what's the status of my gas tank,online
what is my current gas level,online
what is my current fuel level,online
what's my current gas level,online
what is my current gas level at,online
what's my current fuel level,online
how much gas is in my car,online
how empty is my gas tank,online
what does my gas meter say,online
am i running low on gas,online
how much gas to i have left,online
what do i have left in the gas tank,online
can you tell me the amount of gas i have,online
i need to know how much gas i got,online
whats left as far as gas goes,online
how much farther can i drive on the gas i have,online
do i have the gas to get to orlando,online
how much gas do i currently have,online
do i have enough fuel to get to orlando,online
will i make it on the gas i have to orlando,online
does my car have enough gas to get to chicago,online
does my car have enough gas to get to atlantic city,online
can my car get to reno with the gas currently in my tank,online
can my car get to dallas with the gas currently in my tank,online
does my car have enough gas to get to detroit,online
i need to know how much gas i have,online
i wanna know how much gas i have,online
let me know how much gas i have in total,online
let me know how much gas i have,online
what is the total amount of gas in my car,online
what amount of gas is in my car,online
how much total gas do i have,online
tell me how much gas i have,online
what amount of gas do i have in my car,online
is my gas tank at least half full,online
how much gas is in my tank,online
is my gas tank full,online
should i get more gas,online
am i low on gas,online
what level is my gas at,online
can you read my gas level,online
what is the amount of gas left,online
do i have a lot of gas left,online
what is my gas level,online
how's my gas supply looking,online
do i have enough gas left to make it to tampa,online
what percent of gas do i have left,online
how many gallons do i have left,online
is there enough fuel to drive to tampa,online
do i need to get gas soon,online
do i have enough fuel to get to tampa,online
what's left in my gas tank,online
do i have enough fuel for the drive to tampa,online
can i make it to tampa without needing to get more gas,online
can i get to work safely or do i need to stop and get gas,online
how many miles can i go with my current fuel level,online
is the level of fuel in my car enough to get me to work,online
can i make it to work with my current fuel level,online
how much does it cost to get my car filled up,online
will i run out of gas before i get to sioux falls,online
how many miles is there left to get to sioux falls,online
how many miles before i run out of gas,online
where can i get gas to get to sioux falls,online
i'd just like to know how much gas is in my vehicle,online
what is the number of gas in my car right now,online
inform me as to how much gas my car has,online
what is the amount of gas in my car,online
where is my gas level right now,online
what is my current amount of gas,online
what percentage of gas do i have left,online
please check the amount of gas i have,online
can you tell me the amount of gas i have remaining,online
i would like to know the amount of gas i have,online
i need to know how much gas is left,online
please tell me the amount of gas i have,online
how low is my gas tank,online
whats in my gas tank,online
what is left in my gas tank,online
how much fuel do i have,online
do i have enough fuel to get to dollar tree,online
is there enough fuel to make it to the walmart,online
how much fuel is in the tank,online
how much gas is in the tank,online
do i have enough fuel in the gas tank,online
how much petrol do i have,online
do i have enough fuel to make it to the theater,online
do i have enough gas in the fuel tank,online
what my fuel tank at,online
"please, recite to me some good one liners",local
do you know any good jokes about zebras,local
can you tell me any truly funny knock knock jokes,local
what do people find funny about food,local
what are some funny things about food,local
show me something funny about food,local
indicate something funny on the topic of food,local
what's a good joke,local
i'd love to hear a joke,local
can you tell a joke,local
would you tell me a joke,local
how about you tell me a joke,local
will you tell a joke,local
please tell me a joke,local
make me laugh,local
do you have any jokes,local
tell me something funny,local
hit me with a good joke,local
what's the funniest joke you know,local
tell me a joke if you'd like to,local
tell me a funny joke,local
i'd like you to tell me a joke,local
do you know any good jokes,local
know any jokes,local
i wanna hear something funny,local
i would like to listen to a funny joke,local
what jokes do you know,local
could you please tell me a good joke,local
what funny jokes do you know,local
can you make me laugh,local
can you tell me a few funny jokes,local
tell me something funny about parenting,local
do you have a list of funny jokes,local
i want to hear something funny,local
tell me something funny about animals,local
tell me something funny about politics,local
tell me something amusing,local
say something funny,local
tell me something funny about adulthood,local
tell me something funny about americans,local
could you please share a joke with me,local
i could really use a laugh right now,local
would you like to tell me a joke,local
can you tell me a joke,local
i'd like to hear a joke,local
i want to hear you tell a joke,local
tell me a joke,local
tell me a joke about politicians,local
tell me something that'll make me laugh,local
tell me a joke about cows,local
do you know anything funny about cats,local
tell me a joke about jobs,local
what's the funniest thing you know about artificial intelligence,local
can you tell me a joke about politicians,local
tell me a joke about cars,local
can you tell me something funny,local
do you know any good jokes about lawyers,local
what’s your favorite funny joke,local
make me laugh with a funny joke,local
what funny joke do you know,local
i want to hear a joke that’s funny,local
tell me a dirty joke,local
tell me a non-offensive joke,local
i would like to hear a funny joke,local
look for funny jokes,local
what are some funny jokes,local
tell me something funny about pizza,local
tell me something funny about people,local
tell me something funny about love,local
say something hilarious,local
make me giggle,local
i need a good laugh,local
heard any good jokes lately,local
tell me a pun,local
what's the latest joke you've heard,local
tell me a joke about dogs,local
let me know something funny,local
tell me a joke about cats,local
tell me something funny now,local
i wanna know something funny,local
tell me something funny about rats,local
tell me a joke about animals,local
tell me a joke about lawyers,local
tell me a joke about rats,local
tell me something funny about cats,local
tell me something funny about dogs,local
i need to know somthing funny,local
do you have anything funny to tell me,local
do you have any jokes to tell me,local
mind sharing a joke,local
could you share a joke,local
i love dad jokes can you tell me one,local
i would love to hear a joke about the dmv,local
can you tell me some dog jokes,local
please tell me a joke about dinosaurs,local
i'd like to hear a joke about donkeys,local
tell me a joke about baseball,local
what's the funniest thing you know about peanuts,local
i need a good joke about office parties,local
give me a joke about horses,local
rename yourself to betty,local
can i call you betty,local
rename bob to betty,local
is there a way to change your name to betty,local
i will call you zander,local
please change the name of you to tim,local
can you change the name of what you respond to,local
change the name of your system,local
make changes to the name of the ai,local
revise the ai name,local
alter the name given to the ai,local
change the ai name to a new one,local
make a new name for the ai,local
change your name to something funny,local
"from now, your new name will be lord vader",local
from now on i'm going to call you ishmael,local
i'm going to start calling you kobe now,local
"from now on, your name will be buttercup",local
i want to change your name to theodore,local
change your name setting to plato,local
"from here on, you'll be responding to the name captain black",local
your name from this point forward is george,local
i hereby rename you felix,local
how do i change the name you came with to something else,local
what other names can i give you,local
i want to change your name to another name,local
"i need to change your name, do you have a new name that you like",local
i would like to change your name to a different one,local
i will call you cap,local
your name is roman,local
x will be your name,local
your name will be queen,local
i am going to address you as my own name,local
will you answer if i call you lexi,local
i would like you to think of yourself as machine and answer when i say your name as such,local
do you mind if call you nikolai,local
i'd like to refer to you as my house from now on,local
may i start referring to you as jeff,local
please respond to me when i reference skynet,local
i want to start calling you bob,local
please open a call to my mother,local
is it okay if i change your name to mud,local
can i begin calling you dave,local
is it alright with you if i call you scarlet,local
please change the ai name,local
change the ai name,local
please change the ai name for me,local
i gotta change your name to remy,local
i'd like to change the ai name,local
i must change your name to amanda,local
i want you to change the ai name,local
i want change your name to russ,local
i wanna change your name to audrey,local
i need to change your name to ben,local
i want to set your name to gaffigan,local
i want your new name to be joshua,local
i will call you jimbo from now on,local
set your name to hillary,local
can i call you dave,local
i want your name to be samantha now,local
i want to change the name i call you to juan,local
you need to respond to a new name called joey,local
change your name to ginger,local
change your settings so that your respond to the name marion,local
let me call you fred,local
you will be called rose from now on,local
let me change your name to dina,local
i think bradley is a better name for you,local
can we change your name to lisa,local
i would like to call you andre 3000,local
x is your new nickname,local
"if i may, i'd like to call you slave",local
x is what i am calling you now,local
can i change your name,local
can i make your name different,local
let's change what you respond to,local
can i call you something else,local
i'd like to use another name for you,local
can i change your name to buttercup,local
i would like to change your name to eli,local
could i please change your name to alicia,local
i want to change your name to emma,local
i am wanting to change your name to felix,local
i want to update you name now,local
i want to update you name,local
"i want to update you name, please",local
i want to change your name,local
"i want to change your name, please",local
can i refer to you as mike from here on out,local
can i change your name please,local
i'm going to start calling you alice,local
can i start calling you chris,local
can i call you lucy from now on,local
i'm calling you rupert from now on,local
can i change your name to bob,local
can you go by a different name,local
can i refer to you as liz,local
i want to start calling you marie,local
can i rename you,local
how can i change your name,local
what is your birthday again,local
how many years on the earth,local
what year were you born,local
how many days old are you,local
when were you created,local
what date were you created on,local
when did you come to exist,local
how many years do you have,local
i'd like to know how old you are,local
can you tell me how old you are,local
how long have you been alive for,local
how many years ago was al born,local
how old is al,local
what is al's age,local
how many years has al been on earth,local
you are how old now,local
what is your birth date,local
where's your place of birth,local
where did you grow up,local
how many years are you,local
what age are you,local
what would your age be,local
tell me when you were born,local
i'd love to hear when you were born,local
i'd like to know when you were born,local
lemme know when you were born,local
do you know when you were born,local
how many years have you been on,local
how long have you been here,local
how many years have you been operating,local
how old did you just turn,local
how old will you be next year,local
how old are you again,local
i am wanting to know how old you are,local
tell me how old youare,local
let me know how old you are,local
let me know when you were born,local
would you tell me your age,local
i would like to know when you were born,local
i want to know how old you are,local
i want to know your age,local
could you let me know how old you are,local
could you tell me when you were born,local
i need to know how old you are,local
i am needing to know when you were born,local
tell me your age,local
your age please,local
how long have you been alive,local
you are how old,local
how old are you now,local
how old are you exactly at the moment,local
what's your age again,local
how old are you exactly,local
how many years old are you,local
what is your age,local
"how old are you, again",local
tell me how old you are,local
how old are you,local
what is your creation date,local
do you have a birth date,local
for how long have you existed,local
"ai, how old are you",local
"ai, how long have you been alive",local
"ai, how many months old are you",local
"ai, how long have you been working",local
how old is the ai,local
what is the age of the ai,local
can you tell me how old the ai is,local
can you tell me the age of the ai,local
what age is the ai,local
how old are you siri,local
what's your age siri,local
what's your age alexa,local
how old are you alexa,local
how old are you today,local
can you tell me when you were born,local
are you older than me,local
please tell me your date of birth,local
on what day and date of what year were you born,local
do you know exactly when you were born,local
what is the exact date of your birth,local
"how long have you been around, ai",local
"what birthday are you celebrating this year, ai",local
"what age were you on your last birthday, ai",local
"how old are you, ai",local
"what is your age, ai",local
when was your birth,local
you're how old,local
what's your birth date,local
how long have you been around,local
are you young or old,local
how long have you been functional,local
what's your age,local
when did you originate,local
what is the date of your birth,local
what is your birthday,local
tell me your date of birth,local
tell me your age please,local
tell me your birthday,local
how long ago were you born,local
i want to reserve a convertible from july 2nd through july 18th for los angeles,online
i'd like to rent a vehicle from nov 1st to nov 15th in san antonio and i need a 15 passenger van,online
"i want to rent the cheapest car for charlottesville, virginia for march 7th through 10th, that's monday, tuesday, wednesday and thursday",online
i'd like to reserve a high-end car that seats 5 comfortably for april 12th through 18th for st louis missouri,online
"i need a van that seats 8 or more for new york city, august 12th, 13th, and 14th",online
a rental car needs to be booked in nashville,online
book me a car rental in nashville,online
please help me book a rental car for nashville,online
i need you to get me a rental car in nashville,online
"in nashville, i need a rental car booked",online
where can i rent a car in boston,online
i need to rent a car in boston,online
i need to book a car rental in boston,online
how can i rent a car in boston,online
help me get a rental car for march 2 to 6th in dallas and i would prefer a bmw suv,online
i want to rent a bmw suv for dallas from march 2 to 6th,online
i want a bmw suv for march 2 to 6th in dallas,online
"can you help me book a bmw suv for march 2 to 6th, dallas texas",online
"will you help me rent a car from march 2 to 6th in dallas i want a bmw suv, if possible",online
book me a car rental between january 1st to january 3rd in denver colorado and id prefer a ford,online
"id like a car rental between january 1st to the 3rd in denver, id like a ford",online
id like to rent a ford in denver colorado between january 1st to the 3rd,online
reserve a car rental for denver colorado for a ford between january 1st through 3rd,online
id like a rental car in denver colorado between january 1st and january 3rd and id like a ford if possible,online
i need to find a rental car since i'm travelling to new york tomorrow,online
can you give me information on how to rent a car,online
i want to travel to new york and i would like to rent a car,online
i will need a rental car since i'm going to travel to new york,online
how do i go about renting a car,online
i need to rent a car in boston for march 2 until march 4,online
i want to rent a car in boston for march 2 until march 4,online
i will be in boston from march 2 to march 4 can i rent a car for that time,online
will car rentals be available in boston from march 2 to march 4,online
will i be able to rent a car in boston from march 2 to march 4,online
i need a rental car for sfo from friday to saturday,online
i'll require a rental car from 3/6 - 3/19 in san jose,online
find me a rental car from 2/28 - 3/1 in reno,online
i'll need a rental car from 3/3 - 3/14 in vegas,online
find me a rental car from 3/6 - 3/9 in port charles,online
i need a car rental for the first and fifth in denver and i'd like a subaru,online
are there any reputable car rental places in seattle,online
what car rental choices are there in calgary,online
is it possible to get a ford in austin from may the 5th to may the 7th of this year,online
i'd like to find a place that rents flashy sports cars in tampa,online
can i rent a car in belgium from march 01 to march 02 and have it be a porsche,online
"i'd like to rent a limo in las vegas from may 01, 2019 to may 03, 2019",online
contact avis and see if they have cars available,online
can i get a jeep to rent in bangor from the first of the month to a week after the first,online
is there a car rental available from tuesday to thursday out of lax,online
are you able to help with booking a car rental in seattle,online
could i rent a car from tuesday to thursday out of lax,online
can a car be rented from tuesday to thursday out of lax,online
can i get assistance with booking a seattle car rental,online
can i rent a car out of lax from tuesday to thursday,online
is a car rental available out of lax from tuesday to thursday,online
can you help me book a car rental in seattle,online
could you help with booking a car rental for me in seattle,online
can you help me with seattle car rental bookings,online
i want to rent a car in boise from april 12-15,online
is it possible for me to rent a car out of jfk airport from march 15-20,online
i need to rent a car in chicago but don't know how,online
will you help me reserve a rental car for my trip to dallas,online
find out if i can rent a car in los angeles from march 2-9,online
help me secure a car rental out of reagan international airport from march 22-30,online
will you please assist me with renting a car in boise,online
i would like some help getting a rental car reserved in los angeles,online
could i rent a car out of dallas from april 1-10,online
i need help booking a car rental in seattle,online
show me how to rent a car in las vegas,online
please help me book a rental car in appleton,online
can you show me how to book a car rental in manitowoc,online
help me book a rental car in green bay,online
help me to book a car rental in sacremento,online
where can i rent a car soon,online
are there any places nearby i can rent a car at,online
"can you see if i can rent a car from dallas on the dates of march 1, 2019 to march 3, 2019",online
please look up if i can rent a car in houston from march 25 to march 29,online
could i rent a car in seattle from next monday to thursday please,online
i'd like to rent an automobile in pittsburgh from this tuesday until next thursday can i do that,online
is it possible to rent a car from new york on 3/2/19 to 3/5/19,online
i need a rental car,online
assist me in getting a car rental,online
help me get a rental car,online
i will need a rental car for travel,online
can you help me with a rental car,online
make sure i can rent one car out of chicago from january 2 to january 5,online
is it possible to rent a car from laguardia from tuesday to friday,online
are car rentals available out of new york from march 2 to march 3,online
what places in chicago will allow me to rent a car from monday to friday,online
i need to do a car rental,online
please check if i can do a car rental from charlotte douglas airport from monday to wednesday,online
rent me a car in aiken on may 12 to may 16,online
book me a rental car in aiken on may 12 to may 16,online
"in aiken, get me a rental for may 12 to may 16",online
"i will be in aiken on may 12 to may 16, i need to rent a car",online
on may 12 to may 16 can i get a car from aiken,online
can you help me booked a car in london,online
please book a car for me in bangkok,online
please book a car for me in ho chi minh,online
can you help me book a car rental in paris,online
is there any traffic congestion on my way to the closest whole foods,online
how bad is traffic to the closet atm machine,online
is traffic bad on my way to the next mcdonalds,online
what will traffic be like at 5:00 going towards the mall,online
is the traffic bad at 5:00 if i'm going to the mall,online
"will i be able to get to the mall at 5:00, or will there be a lot of traffic",online
"if i'm heading to the mall at 5:00, what will the traffic be like",online
i'm going to the mall at 5:00 what will traffic be like,online
what is the traffic like on the way to north shore,online
what is the traffic like on the way to makaha,online
what is the traffic like on the way to kaneohe,online
what is the traffic like on the way to kapolei,online
what is the traffic like on the way to town,online
is there traffic on dove road,online
is there traffic up ahead,online
should i take a different route to work,online
is there traffic on bramble lane,online
is there any traffic on my way to work,online
what's the traffic like around the stadium,online
how clogged are the streets before the stadium,online
how much traffic is there before the stadium,online
are there alot of cars on the road before the stadium,online
is there gridlock on the street up to the stadium,online
what's the traffic like on the way to patterson,online
what's the traffic like on the way to the mall,online
what's the traffic like on the way to the water slides,online
what's the traffic like on the way to the amusement park,online
what's the traffic like on the way to walmart,online
what is the traffic nearest lexington,online
give me the traffic at lexington,online
what's the traffic at lexington,online
tell me the traffic at lexington,online
how is the traffic near lexington,online
what is the traffic like,online
is the traffic bad on the way to work,online
how bad is the traffic,online
what is the traffic like on the way to work,online
let me know the traffic in tempe,online
is there traffic on route to work,online
is there traffic on my way to work today,online
i wanna know what the traffic typically like at 3:30 on the route to phoenix,online
i have to know what the traffic typically like at 3:30 on the route to phoenix,online
i would like to know the traffic in tempe please,online
tell me what the traffic is like on the way to phoenix,online
i need to know what the traffic typically like at 3:30 on the route to phoenix,online
is there traffic to work,online
i must know what the traffic typically like at 3:30 on the route to phoenix,online
i gotta know what the traffic is like on the way to phoenix,online
tell me the traffic in tempe,online
is there traffic on my way to work,online
i need ti know the traffic in tempe,online
i wanna know what the traffic is like on the way to phoenix,online
i need to know what traffic will be like in temp,online
what's the traffic typically like at 3:30 on the route to phoenix,online
i need to know what the traffic is like on the way to phoenix,online
i must know what the traffic is like on the way to phoenix,online
is any traffic on my route to work,online
give me an idea of traffic on the way to the doctors office at 6,online
is traffic bad on the way to chicago,online
traffic looking alright going towards burger king,online
is traffic heavy on my route to washington,online
how will traffic be at 7am on the way to my job,online
pull up traffic predictions at 4pm on the way to the library,online
how bad is traffic at 8 on the way to burger king,online
will traffic be light on the way to orlando,online
how's traffic en route to virginia,online
what does traffic look like at 9 en route to the aquarium,online
is there any traffic on the way to the bank,online
is the expressway slow this morning,online
will there be traffic on the way to walmart,online
how's highway traffic today,online
will i hit traffic on route to moms,online
how is the traffic on the way to the mall,online
how is the traffic on the way to work,online
how's traffic on i 95,online
tell me how traffic is looking on the interstate,online
is traffic bad on the parkway,online
how is the traffic on the way to the campsite,online
how is the traffic like on my way to fairfield,online
how is the traffic like on the way to the beach,online
what's the traffic like on my way to the terminal,online
how is the traffic on my way to the venue,online
how is the traffic at jfk at 5 pm on weekdays,online
how bad is city traffic in miami on friday's at 5 pm,online
is the beltway backed up in traffic on saturday mornings at 11 am during the cherry festival,online
how bad is the traffic waiting for the staten island ferry at 8 am,online
"tell me about traffic conditions in ocean city, nj on sunday mornings around 10 am in the summer",online
is the traffic typically bad at noon on the route to the hopsital,online
how is the traffic typically at noon on the route to hospital,online
at around noon what is the traffic typically like on the route to the hopsital,online
can you tell me about the traffic typically at noon on the route the hospital,online
if im traveling to the hospital around noon what is the traffic typically like,online
how is the traffic at the nearest wal-mart pharmacy,online
what is the traffic situation at the olive garden restaurant,online
what is the traffic like at the closest safeway grocery store,online
is the traffic light or heavy at the nearest the century movie theater,online
is the traffic backed up at the closest circle k,online
what's the traffic like to city hall,online
what's traffic usually like around 5pm going to the bank,online
has the ice made traffic messy on the way to walmart,online
