query,label
Pros and cons of multithreading in java,local
final score of the ufc fight card no cap,online
"need this for an interview, multiple inheritance in python — key points to remember thanks",local
how does heap data structure actually work under the hood,local
Quick q - stack vs heap memory cheat sheet — struggling with this,local
Is the flight delayed out of sydney due to fog pls,online
quick check on the s&p 500 before i trade,online
Compare stack vs heap memory and hash map in one paragraph,local
why did the treaty of versailles terms happen with an example,local
Garbage collection for dummies,local
"genuinely curious, i keep forgetting monads in haskell, break it down for me for revision",local
so ci cd pipeline basics interview question breakdown pls,local
"For my homework, correlation vs causation — proof and intuition before my exam",local
practice problem using partial derivatives,local
why did the discovery of penicillin happen,local
"need this for an interview, the industrial revolution key inventions summary for history class thanks",local
Quick one - what's going on with the wildfire in the hills at the moment,online
"just checking, live score for the world cup qualifier in the last hour",online
Practice problem using eigenvalues and eigenvectors before my exam,local
Ngl infosys shares price right now before my meeting,online
is there a heat advisory in paris today,online
timeline of the industrial revolution key inventions,local
partial derivatives formula and when to use it pls,local
linear regression math for my calculus homework,local
The age of exploration key figures — what actually happened in simple terms,local
timeline of when the berlin wall fell with an example,local
"for my homework, greedy algorithms tutorial with code for my notes",local
ok so the nba game score update please before i head out,online
the f1 race score update please,online
Real world use case for recursion,local
quick one - the f1 race score update please asap,online
so key figures involved in the great depression causes — struggling with this,local
Did usd to inr go up or down this morning,online
"fyi need to know, is the ipl match still playing right now while i'm stuck in traffic",online
"just checking, the interstate conditions right now because of the storm as of now",online
"genuinely curious, limits and continuity explained with an example problem in simple terms",local
quick one - the protest downtown developments as of today,online
Ok walk through linear regression math with numbers before my exam,local
the premier league match result just now — need it fast,online
"Hey, nvidia stock price right now before i head out",online
Ngl breaking news on the covid case numbers,online
who won the nba game last night this evening,online
urgent - is there a heat advisory in san francisco today tonight,online
Ok so final score of the euro cup semifinal this evening,online
"I don't get pointers vs references, someone explain",local
"genuinely curious, derive eigenvalues and eigenvectors step by step pls",local
"For my homework, the decolonization of africa — what actually happened thanks",local
"real talk, is the f1 race still playing right now pls",online
Ok so live score for the asia cup final right now,online
how to solve problems using quadratic formula,local
Laplace transform — proof and intuition before my exam,local
quick q - the ottoman empire decline — what actually happened,local
version control branching — key points to remember,local
joins in sql example in python please,local
Is the euro cup semifinal still playing right now pls,online
The mughal empire timeline summary for history class — struggling with this,local
"just checking, is the airport terminal closed due to the accident",online
Current valuation on nasdaq asap,online
"for class tomorrow, the theory of evolution basics summary for history class thanks",local
Current congestion level on the metro line,online
How to solve problems using markov chains,local
how to solve problems using bayes theorem briefly,local
so important dates related to the silk road trade routes?,local
the main train route conditions right now because of the storm,online
is there a heat advisory in tokyo today as of now,online
is the earthquake near the coast still ongoing no cap,online
"just checking, who won the grand slam tennis match last night before i head out",online
Breaking news on the protest downtown,online
ok so is the harbor bridge open or blocked at the moment just curious,online
so reliance shares live chart movement for real,online
notes on graph traversal for my assignment?,local
ok so the supreme court verdict status update please — need it fast,online
"hey, the theory of evolution basics — what actually happened for my notes",local
chain rule in calculus formula and when to use it for revision,local
How to solve problems using quadratic formula?,local
urgent - the earthquake near the coast developments as of today at the moment,online
Ngl is the highway closed due to the accident pls,online
"hey, just heard about the protest downtown, what's the latest — need it fast",online
"hey, did the parliament session today get resolved yet no cap",online
"just checking, is the flight delayed out of pune due to fog for the group chat",online
The t20 world cup game result just now,online
is it safe to drive in mumbai with this storm,online
Solid overview of stack vs heap memory for revision,local
"real talk, traffic status on the metro line this morning this morning",online
"For class tomorrow, backtracking algorithms cheat sheet with an example",local
"need this for an interview, how would you implement foreign key constraints from scratch briefly",local
Ok so is the flight delayed out of paris due to fog at the moment,online
ok so dogecoin rate as of this minute before i head out,online
Textbook definition of stack vs heap memory,local
any updates on the parliament session today happening today,online
how would you implement primary key vs unique key from scratch,local
The india vs australia test highlights from tonight,online
walk me through thread pools step by step,local
"Just checking, the india vs australia test highlights from tonight before i head out",online
Quick one - is the airport terminal flooded from the downpour right now — need it fast,online
The causes of world war 1 summary for history class briefly,local
urgent - current congestion level on the toll plaza this evening,online
urgent - any delays on the harbor bridge today — need it fast,online
"genuinely curious, background on the wright brothers first flight for my essay pls",local
"real talk, infosys shares live chart movement asap",online
Who's leading in the champions league final currently,online
"monolith vs microservices, explain like i'm a beginner coder",local
Practice problem using set theory basics,local
merge sort tutorial with code — struggling with this,local
So live score for the nba game this evening,online
"Hey, current air quality index in chicago",online
Is the flight delayed out of berlin due to fog at the moment,online
"hey, quick refresher on inheritance vs composition before my exam pls",local
"hey, tesla stock today's high and low in the last hour",online
"hey, the la liga clasico result just now as of now",online
derive permutations and combinations step by step?,local
"for class tomorrow, explain microservices architecture with a simple example briefly",local
the wimbledon final score update please pls,online
walk through correlation vs causation with numbers — struggling with this,local
ok why did ancient egyptian pyramid construction happen before my exam,local
quick one - how humid is it in kolkata right now for the group chat,online
"need this for an interview, the unification of germany — what actually happened for revision",local
ripple xrp rate as of this minute,online
quick one - dow jones price right now this morning,online
"need this for an interview, law of sines — proof and intuition before my exam",local
"Hey, final score of the champions league final no cap",online
"For my homework, walk through convex optimization basics with numbers — struggling with this",local
Why is operator overloading in c++ used instead of binary search tree for my notes,local
ok so traffic status on the interstate this morning,online
how to implement depth first search on a graph,local
quick one - how bad is the flood situation downtown right now just curious,online
"just checking, any updates on the airline strike happening today",online
did the parliament session today get resolved yet,online
what's going on with the central bank's rate decision at the moment,online
did tcs stock go up or down this morning,online
is the harbor bridge flooded from the downpour right now,online
"need this for an interview, why did the great depression causes happen",local
"genuinely curious, how to solve problems using central limit theorem for my notes",local
ok so any delays on the interstate today — need it fast,online
"Genuinely curious, logarithm rules — proof and intuition for revision",local
compare regular expressions and mutex vs semaphore in one paragraph for revision,local
"just checking, the border tensions status update please for real",online
big O notation vs kubernetes pods which is better and when?,local
mock objects in testing for dummies,local
Who won the premier league match last night currently,online
"fyi need to know, current congestion level on the subway line this evening",online
"need this for an interview, key figures involved in the partition of india",local
urgent - did nasdaq go up or down this morning today,online
Timeline of the decolonization of africa,local
ngl is the flight delayed out of hyderabad due to fog right now,online
summarize backtracking algorithms in a few bullet points,local
quick one - tesla stock rate as of this minute right now,online
"need this for an interview, background on the renaissance key artists for my essay?",local
"just checking, is the flight delayed out of kolkata due to fog",online
ok so is the premier league match still playing right now at the moment,online
permutations and combinations — proof and intuition,local
ngl traffic status on the highway this morning — need it fast,online
"Just checking, current congestion level on the highway today",online
"fyi need to know, traffic status on the highway this morning currently",online
"Just checking, who won the la liga clasico last night for real",online
how bad is the cabinet reshuffle right now,online
compare CAP theorem and test driven development in one paragraph,local
"hey, current air quality index in bangalore",online
Derive matrix multiplication rules step by step,local
Is the metro line closed due to the accident,online
"genuinely curious, notes on mock objects in testing for my assignment?",local
So real time quote for tcs stock before i head out,online
Ok matrix multiplication rules explained with an example problem?,local
"Hey, live score for the euro cup semifinal this evening",online
urgent - the ceasefire negotiations — anything new in the last hour tonight,online
textbook definition of ci cd pipeline basics,local
explain normalization in databases with a simple example,local
urgent - is the india vs australia test still playing right now before my meeting,online
Why did the unification of germany happen,local
"hey, live score for the euro cup semifinal as of now",online
nasdaq rate as of this minute,online
"for class tomorrow, derive eigenvalues and eigenvectors step by step — struggling with this",local
"hey, is the ufc fight card still playing right now no cap",online
"For my homework, walk through law of sines with numbers",local
Quick one - traffic status on the flyover near the city center this morning for real,online
"for class tomorrow, derivative of a function for my calculus homework before my exam",local
the mughal empire timeline summary for history class,local
infosys shares live chart movement for real,online
"real talk, did ethereum go up or down this morning as of now",online
traffic status on the metro line this morning?,online
"Genuinely curious, walk through bayes theorem with numbers — struggling with this",local
Timeline of the silk road trade routes — struggling with this,local
quick one - is the flight delayed out of tokyo due to fog at the moment,online
is the toll plaza flooded from the downpour right now in the last hour,online
"for my homework, main causes and effects of the silk road trade routes",local
"For my homework, give me a quick rundown of the silk road trade routes thanks",local
"For my homework, how to solve problems using law of sines",local
quick one - the world cup qualifier highlights from tonight,online
The f1 race highlights from tonight at the moment,online
How humid is it in new york right now,online
"Real talk, how humid is it in san francisco right now tonight",online
so summarize merge sort in a few bullet points,local
so practice problem using hypothesis testing?,local
current congestion level on the highway tonight,online
"for class tomorrow, main causes and effects of the renaissance key artists thanks",local
urgent - is there a heat advisory in delhi today before my meeting,online
"subqueries in sql, explain like i'm a beginner coder with an example",local
did cardano go up or down this morning pls,online
compare virtual memory and map reduce filter functions in one paragraph,local
"just checking, any delays on the airport terminal today — need it fast",online
REST vs GraphQL for dummies for revision,local
"For class tomorrow, correlation vs causation — proof and intuition",local
TCP vs UDP interview question breakdown,local
"for my homework, give me a quick rundown of the wright brothers first flight thanks",local
"Quick one - just heard about the protest downtown, what's the latest no cap",online
so textbook definition of garbage collection before my exam,local
"for my homework, difference between hash map and publish subscribe pattern before my exam",local
so derive convex optimization basics step by step — struggling with this,local
"hey, how is crude oil price trending today currently",online
quick one - who won the ashes series last night just curious,online
the french revolution timeline summary for history class,local
Ok walk through permutations and combinations with numbers pls,local
urgent - reliance shares live chart movement for real,online
Quick one - traffic status on the interstate this morning just curious,online
ngl is the metro line open or blocked at the moment?,online
"fyi need to know, is the asia cup final still playing right now before i head out",online
give me a quick rundown of the moon landing mission details in simple terms,local
Explain singleton pattern with a simple example,local
"hey, any updates on the covid case numbers happening today at the moment",online
Dow jones live chart movement right now,online
ok how to solve problems using probability distributions with an example,local
ok so is the trade deal talks still ongoing rn,online
solid overview of memoization for revision,local
"Genuinely curious, timeline of the causes of world war 1 for revision",local
timeline of the decolonization of africa,local
Ok so what's going on with the earthquake near the coast at the moment?,online
"hey, the power outage in the city developments as of today asap",online
Quick q - ancient egyptian pyramid construction summary for history class before my exam,local
ok taylor series expansion explained with an example problem with an example,local
compare eventual consistency and publish subscribe pattern in one paragraph for my notes,local
Quick q - walk through matrix multiplication rules with numbers before my exam,local
"need this for an interview, vector cross product formula and when to use it",local
the signing of the magna carta summary for history class,local
"hey, immutability in functional programming for dummies",local
permutations and combinations formula and when to use it,local
main causes and effects of the industrial revolution key inventions,local
"genuinely curious, the printing press invention impact — what actually happened with an example",local
how to solve problems using taylor series expansion,local
Hypothesis testing formula and when to use it,local
"just checking, is sensex pumping or dumping today asap",online
"just checking, cardano price action this week so far this evening",online
is apple stock pumping or dumping today,online
ok so the euro cup semifinal highlights from tonight before my meeting,online
ok explain race conditions with a simple example with an example,local
summarize denormalization in a few bullet points,local
Tcs stock today's high and low,online
"hey, textbook definition of kubernetes pods briefly",local
Main causes and effects of the silk road trade routes,local
Quick q - solid overview of tail recursion for revision,local
"fyi need to know, the euro cup semifinal score update please for real",online
so derive convex optimization basics step by step thanks,local
ok vector cross product explained with an example problem briefly,local
urgent - is the main train route open or blocked at the moment this morning,online
"hey, give me a quick rundown of the unification of germany before my exam",local
Practice problem using quadratic formula,local
Quick q - quick refresher on asynchronous programming before my exam,local
How does memoization actually work under the hood,local
current valuation on nvidia stock,online
Any delays on the airport terminal today,online
reliance shares rate as of this minute,online
the theory of evolution basics — what actually happened,local
"need this for an interview, how to solve problems using gradient descent math",local
so current air quality index in berlin rn,online
Explain ancient egyptian pyramid construction in a short paragraph,local
is the subway line open or blocked at the moment this evening,online
"genuinely curious, probability distributions explained with an example problem for revision",local
difference between monolith vs microservices and singleton pattern for revision,local
"Genuinely curious, timeline of the renaissance key artists with an example",local
is the premier league match still playing right now while i'm stuck in traffic,online
will it rain in chennai in the next few hours,online
"hey, breaking news on the airline strike rn",online
ok how to solve problems using the pythagorean theorem,local
"fyi need to know, current air quality index in chennai before my meeting",online
The earthquake near the coast status update please,online
ok so the premier league match score update please rn,online
crude oil price today's high and low,online
Real world use case for thread pools,local
Notes on mutex vs semaphore for my assignment,local
Is the flyover near the city center closed due to the accident,online
graph traversal interview question breakdown,local
quick q - the periodic table history — what actually happened?,local
"genuinely curious, central limit theorem formula and when to use it",local
"Genuinely curious, probability distributions formula and when to use it for my notes",local
hypothesis testing formula and when to use it thanks,local
the ceasefire negotiations status update please,online
"fyi need to know, is the champions league final still playing right now no cap",online
"for my homework, main causes and effects of the treaty of versailles terms",local
so why did the boston tea party happen for revision,local
"Real talk, is the flyover near the city center open or blocked at the moment asap",online
Dependency injection for dummies,local
real time quote for silver rate,online
load balancing cheat sheet thanks,local
urgent - is the world cup qualifier still playing right now before my meeting,online
so walk me through event loop in node step by step before my exam,local
The cyclone warning developments as of today,online
"hey, chain rule in calculus explained with an example problem briefly",local
ok the printing press invention impact summary for history class thanks,local
is the airport shut due to the fog this morning,online
the t20 world cup game result just now,online
"So i don't get database indexing, someone explain?",local
"need this for an interview, law of sines for my calculus homework",local
quick one - any delays on the ring road today tonight,online
"Just checking, is the airport terminal closed due to the accident?",online
"need this for an interview, i don't get pointers vs references, someone explain with an example",local
"test driven development, explain like i'm a beginner coder",local
how does normalization forms actually work under the hood,local
"hey, the premier league match score update please tonight",online
tesla stock today's high and low,online
How to solve problems using markov chains — struggling with this,local
how humid is it in los angeles right now,online
dynamic programming cheat sheet — struggling with this,local
is the t20 world cup game still playing right now,online
so chain rule in calculus — proof and intuition for revision,local
"real talk, traffic status on the metro line this morning",online
urgent - breaking news on the airline strike today,online
"for my homework, give me a quick rundown of the moon landing mission details briefly",local
quick q - binary search tree vs unit testing vs integration testing which is better and when,local
"real talk, any delays on the interstate today no cap",online
did tesla stock go up or down this morning tonight,online
urgent - is infosys shares pumping or dumping today for real,online
"i keep forgetting git rebase vs merge, break it down for me",local
"hey, any delays on the expressway today before i head out",online
timeline of the partition of india,local
so did the airline strike get resolved yet — need it fast,online
"for class tomorrow, why did the discovery of penicillin happen?",local
so what's going on with the ceasefire negotiations at the moment for the group chat,online
"For my homework, when should i pick singleton pattern over lambda expressions",local
"fyi need to know, bitcoin live chart movement",online
Who's leading in the t20 world cup game currently this evening,online
"fyi need to know, just heard about the ceasefire negotiations, what's the latest rn",online
"For my homework, quick refresher on mutex vs semaphore before my exam with an example",local
"real talk, how bad is the storm system offshore right now this evening",online
"hey, practice problem using taylor series expansion?",local
permutations and combinations for my calculus homework briefly,local
"For class tomorrow, real world use case for connection pooling for my notes",local
background on the great depression causes for my essay,local
background on the treaty of versailles terms for my essay — struggling with this,local
summarize garbage collection in a few bullet points,local
The vaccine rollout progress status update please?,online
final score of the world cup qualifier no cap,online
ok so ripple xrp market cap right now for real,online
ok walk me through pointers vs references step by step,local
"need this for an interview, notes on bit manipulation tricks for my assignment",local
Ok so is the highway open or blocked at the moment,online
nasdaq price right now,online
"Genuinely curious, hypothesis testing formula and when to use it for revision",local
"genuinely curious, explain pointers vs references with a simple example briefly",local
"For my homework, summarize singleton pattern in a few bullet points in simple terms",local
"For my homework, gradient descent math explained with an example problem — struggling with this",local
ngl is the subway line closed due to the accident before my meeting,online
"so i don't get trie data structure, someone explain before my exam",local
"Just checking, the ashes series highlights from tonight at the moment",online
quick q - window functions in sql tutorial with code thanks,local
"hey, recursion for dummies with an example",local
So how bad is the border tensions right now before i head out,online
quick one - nvidia stock market cap right now for the group chat,online
urgent - what's going on with the covid case numbers at the moment for the group chat,online
ok so quick check on sensex before i trade,online
so why did the ottoman empire decline happen,local
did the cabinet reshuffle get resolved yet,online
dijkstra's algorithm interview question breakdown,local
"for class tomorrow, taylor series expansion for my calculus homework with an example",local
"Just checking, who's leading in the wimbledon final currently in the last hour",online
"hey, the pythagorean theorem explained with an example problem pls",local
"for class tomorrow, joins in sql interview question breakdown for revision",local
"Real talk, quick check on nasdaq before i trade — need it fast",online
"genuinely curious, why is graph traversal used instead of closures in javascript for revision",local
"just checking, final score of the ipl match right now",online
How does virtual functions in c++ actually work under the hood,local
any updates on the earthquake near the coast happening today tonight,online
"hey, how is bitcoin trending today",online
quick one - the cyclone warning status update please pls,online
the industrial revolution key inventions — what actually happened before my exam,local
any updates on the border tensions happening today currently,online
the border tensions — anything new in the last hour,online
"fyi need to know, infosys shares market cap right now rn",online
"for class tomorrow, how to solve problems using limits and continuity pls",local
quick q - notes on REST vs GraphQL for my assignment,local
standard deviation formula for my calculus homework,local
urgent - current air quality index in chennai,online
quick q - standard deviation formula — proof and intuition,local
is the flight delayed out of chennai due to fog,online
primary key vs unique key for dummies,local
quick q - vector cross product explained with an example problem briefly,local
"for class tomorrow, background on the industrial revolution key inventions for my essay pls",local
so docker containers — key points to remember thanks,local
urgent - final score of the t20 world cup game rn,online
"need this for an interview, explain the french revolution timeline in a short paragraph",local
"real talk, is the subway line closed due to the accident for real",online
the treaty of versailles terms summary for history class in simple terms,local
Urgent - who's leading in the grand slam tennis match currently no cap,online
how to solve problems using derivative of a function,local
so the india vs australia test result just now right now,online
"just checking, any delays on the harbor bridge today",online
Give me a quick rundown of the decolonization of africa,local
"ok version control branching, explain like i'm a beginner coder with an example",local
should i carry an umbrella in chennai today,online
summarize virtual functions in c++ in a few bullet points with an example,local
law of cosines explained with an example problem,local
"Genuinely curious, when should i pick denormalization over monolith vs microservices",local
"for my homework, probability distributions — proof and intuition before my exam",local
bitcoin live chart movement,online
is usd to inr pumping or dumping today,online
"need this for an interview, key figures involved in the discovery of penicillin with an example",local
"genuinely curious, permutations and combinations formula and when to use it for my notes",local
quick one - current congestion level on the highway currently,online
"for my homework, pros and cons of kubernetes pods pls",local
why is kubernetes pods used instead of monads in haskell,local
"fyi need to know, did nifty 50 go up or down this morning asap",online
is the f1 race still playing right now right now,online
how is crude oil price trending today,online
Explain the causes of world war 1 in a short paragraph,local
did nifty 50 go up or down this morning,online
"genuinely curious, how does multiple inheritance in python actually work under the hood briefly",local
Ok key figures involved in the cold war origins — struggling with this,local
give me a quick rundown of the printing press invention impact,local
quick one - real time quote for tesla stock right now,online
bayes theorem for my calculus homework before my exam,local
"genuinely curious, real world use case for denormalization",local
final score of the ashes series for real,online
"for class tomorrow, derive logarithm rules step by step before my exam",local
"hey, how to solve problems using chain rule in calculus?",local
ok polymorphism example in python please pls,local
"just checking, who won the f1 race last night",online
live score for the t20 world cup game,online
"for my homework, explain the printing press invention impact in a short paragraph",local
Quick check on apple stock before i trade,online
"Genuinely curious, derive standard deviation formula step by step for revision",local
"Just checking, any delays on the interstate today no cap",online
"hey, practice problem using taylor series expansion before my exam",local
urgent - is the world cup qualifier still playing right now — need it fast,online
so permutations and combinations — proof and intuition thanks,local
so crude oil price rate as of this minute rn,online
quick check on sensex before i trade,online
"for class tomorrow, correlation vs causation explained with an example problem — struggling with this",local
Ok so quick check on apple stock before i trade before i head out,online
"Genuinely curious, notes on quick sort for my assignment",local
lambda expressions cheat sheet — struggling with this,local
"hey, i don't get regular expressions, someone explain in simple terms",local
The t20 world cup game score update please today,online
who's leading in the premier league match currently while i'm stuck in traffic,online
"genuinely curious, background on when the berlin wall fell for my essay pls",local
how to solve problems using matrix multiplication rules briefly,local
solana price right now,online
the la liga clasico highlights from tonight?,online
Binary search tree for dummies,local
"for class tomorrow, walk through central limit theorem with numbers thanks",local
ngl is the la liga clasico still playing right now right now,online
How is usd to inr trending today,online
Linear regression math explained with an example problem,local
ngl final score of the euro cup semifinal just curious,online
"hey, bayes theorem for my calculus homework",local
should i carry an umbrella in dubai today at the moment,online
live score for the premier league match as of now,online
should i carry an umbrella in dubai today,online
"just checking, reliance shares market cap right now today",online
Current air quality index in kolkata,online
important dates related to the industrial revolution key inventions,local
any updates on the ceasefire negotiations happening today,online
"Need this for an interview, chain rule in calculus — proof and intuition for revision",local
The covid case numbers developments as of today,online
Main causes and effects of the printing press invention impact,local
current air quality index in bangalore as of now,online
"Hey, how bad is the vaccine rollout progress right now",online
final score of the ipl match,online
so traffic status on the airport terminal this morning at the moment,online
quick q - walk through markov chains with numbers in simple terms,local
"just checking, any delays on the toll plaza today",online
key figures involved in ancient egyptian pyramid construction,local
Key figures involved in the boston tea party,local
"just checking, is the border tensions affecting traffic right now before my meeting",online
"just checking, live score for the wimbledon final for real",online
will it rain in singapore in the next few hours,online
Timeline of the printing press invention impact,local
the expressway conditions right now because of the storm right now,online
Timeline of the partition of india,local
Urgent - is the highway flooded from the downpour right now before my meeting,online
quick pulse check on dogecoin today for real,online
quick one - who won the ipl match last night,online
derive chain rule in calculus step by step,local
"for class tomorrow, i keep forgetting binary search tree, break it down for me pls",local
quick one - is the flight delayed out of tokyo due to fog this morning,online
"hey, bitcoin live chart movement before i head out",online
"for my homework, compare trie data structure and multithreading in java in one paragraph in simple terms",local
explain deadlocks with a simple example before my exam,local
nvidia stock price action this week so far,online
"just checking, infosys shares price action this week so far no cap",online
quick q - logarithm rules explained with an example problem pls,local
urgent - real time quote for silver rate — need it fast,online
real world use case for normalization forms pls,local
"for class tomorrow, quick refresher on window functions in sql before my exam in simple terms",local
How humid is it in sydney right now,online
how would you implement dynamic programming from scratch,local
"for class tomorrow, permutations and combinations for my calculus homework for revision",local
textbook definition of trie data structure,local
Explain message queues with a simple example,local
compare static vs dynamic typing and two pointer technique in one paragraph,local
the renaissance key artists — what actually happened,local
"genuinely curious, explain the theory of evolution basics in a short paragraph",local
Walk me through joins in sql step by step,local
give me a quick rundown of the cold war origins,local
"Just checking, is the metro line flooded from the downpour right now?",online
"hey, usd to inr rate as of this minute in the last hour",online
Who's leading in the world cup qualifier currently,online
nvidia stock rate as of this minute,online
ok the mughal empire timeline summary for history class,local
"for class tomorrow, test driven development cheat sheet",local
bit manipulation tricks vs dijkstra's algorithm which is better and when pls,local
Ngl is it safe to drive in sydney with this storm?,online
is the toll plaza closed due to the accident no cap,online
"just checking, crude oil price rate as of this minute pls",online
notes on CAP theorem for my assignment,local
"hey, quick refresher on graph traversal before my exam",local
the champions league final score update please currently,online
any updates on the trade deal talks happening today currently,online
so give me a quick rundown of the renaissance key artists,local
did the supreme court verdict get resolved yet,online
Gold rate price right now,online
is the t20 world cup game still playing right now before my meeting,online
"just checking, any delays on the airport terminal today",online
The power outage in the city status update please,online
so breaking news on the tech layoffs news as of now,online
real time quote for nasdaq asap,online
reliance shares market cap right now for the group chat,online
"for my homework, walk through law of cosines with numbers",local
Is the f1 race still playing right now before i head out,online
quick one - any delays on the main train route today?,online
Ok how to solve problems using law of sines in simple terms,local
laplace transform — proof and intuition,local
"For my homework, i don't get B-tree indexing, someone explain for my notes",local
Quick one - the ring road conditions right now because of the storm before i head out,online
Background on the moon landing mission details for my essay,local
ok so the s&p 500 rate as of this minute rn,online
is the flyover near the city center flooded from the downpour right now,online
"genuinely curious, explain the boston tea party in a short paragraph",local
"Hey, is the airport terminal open or blocked at the moment pls",online
"Fyi need to know, is the t20 world cup game still playing right now",online
"just checking, final score of the euro cup semifinal in the last hour",online
ok so how is usd to inr trending today this evening,online
"genuinely curious, topological sort tutorial with code",local
practice problem using integration by parts for my notes,local
"genuinely curious, partial derivatives explained with an example problem — struggling with this",local
ngl who won the euro cup semifinal last night,online
"genuinely curious, derive standard deviation formula step by step",local
quadratic formula — proof and intuition — struggling with this,local
what's going on with the parliament session today at the moment,online
"for class tomorrow, quick sort, explain like i'm a beginner coder pls",local
quick one - did ripple xrp go up or down this morning asap,online
how is nvidia stock trending today,online
is the airport terminal open or blocked at the moment right now,online
"for my homework, dijkstra's algorithm interview question breakdown",local
"hey, is the expressway closed due to the accident for the group chat",online
current congestion level on the flyover near the city center,online
ok so how is solana trending today this evening,online
So main causes and effects of the cold war origins in simple terms,local
"Real talk, silver rate live chart movement as of now",online
Is the subway line open or blocked at the moment,online
timeline of the printing press invention impact thanks,local
"need this for an interview, regular expressions vs tail recursion which is better and when pls",local
"Fyi need to know, the asia cup final score update please",online
"for my homework, standard deviation formula formula and when to use it with an example",local
probability distributions for my calculus homework,local
"just checking, who's leading in the ufc fight card currently today",online
walk through integration by parts with numbers,local
"fyi need to know, the euro cup semifinal score update please this evening",online
"hey, hypothesis testing explained with an example problem thanks",local
who's leading in the champions league final currently pls,online
quick q - bayes theorem explained with an example problem for revision,local
how to solve problems using matrix multiplication rules,local
"genuinely curious, explain the silk road trade routes in a short paragraph?",local
"fyi need to know, is the cyclone warning still ongoing — need it fast",online
"hey, the central bank's rate decision status update please",online
Difference between subqueries in sql and lambda expressions,local
ngl traffic status on the flyover near the city center this morning,online
practice problem using convex optimization basics in simple terms,local
How does inheritance vs composition actually work under the hood,local
did the fed announce anything about rates today,online
"hey, quick check on solana before i trade as of now",online
main causes and effects of the ottoman empire decline thanks,local
logarithm rules for my calculus homework briefly,local
"for my homework, the pythagorean theorem for my calculus homework in simple terms",local
real world use case for race conditions,local
so derive laplace transform step by step briefly,local
Summarize graph traversal in a few bullet points,local
"real talk, nifty 50 market cap right now?",online
"fyi need to know, how bad is the border tensions right now just curious",online
ngl who won the champions league final last night currently,online
background on the fall of the roman empire for my essay,local
is the harbor bridge flooded from the downpour right now for the group chat,online
gold rate price right now,online
so infosys shares price right now for real,online
"for my homework, standard deviation formula — proof and intuition in simple terms",local
"for my homework, explain the cold war origins in a short paragraph in simple terms",local
quick q - when should i pick normalization forms over stack vs heap memory before my exam,local
urgent - reliance shares price action this week so far today,online
ok so breaking news on the tech layoffs news — need it fast,online
difference between abstract class and interface standard definitions,local
quick one - is the nba game still playing right now in the last hour,online
practice problem using standard deviation formula pls,local
"real talk, did the earthquake near the coast get resolved yet — need it fast",online
live score for the world cup qualifier at the moment,online
"Genuinely curious, explain the wright brothers first flight in a short paragraph in simple terms",local
Apple stock live chart movement,online
"hey, is the flyover near the city center closed due to the accident",online
quick q - main causes and effects of the discovery of penicillin,local
"just checking, nifty 50 price right now for real",online
Quick q - summarize linked list in a few bullet points?,local
the cyclone warning developments as of today in the last hour,online
ripple xrp live chart movement — need it fast,online
Main causes and effects of the printing press invention impact for revision,local
Ok so any delays on the airport terminal today as of now,online
key figures involved in the american civil war causes,local
ok so is the ceasefire negotiations affecting traffic right now?,online
background on the printing press invention impact for my essay,local
give me a quick rundown of the unification of germany in simple terms,local
important dates related to the unification of germany,local
"just checking, infosys shares price right now just curious",online
my hashmap implementation has collisions that overwrite values,local
"Genuinely curious, explain ancient egyptian pyramid construction in a short paragraph — struggling with this",local
derive eigenvalues and eigenvectors step by step,local
is the border tensions affecting traffic right now today,online
"Hey, current air quality index in sydney this evening",online
"hey, walk through matrix multiplication rules with numbers — struggling with this",local
Solid overview of normalization forms for revision,local
final score of the t20 world cup game?,online
why is pointers vs references used instead of singleton pattern,local
so apple stock price action this week so far pls,online
"For class tomorrow, notes on REST vs GraphQL for my assignment briefly",local
so the pythagorean theorem formula and when to use it pls,local
"hey, is the nba game still playing right now",online
"fyi need to know, just heard about the covid case numbers, what's the latest",online
timeline of ancient egyptian pyramid construction pls,local
"need this for an interview, notes on joins in sql for my assignment pls",local
give me a quick rundown of the fall of the roman empire?,local
ok probability distributions formula and when to use it thanks,local
quick q - explain the partition of india in a short paragraph for my notes,local
"just checking, should i carry an umbrella in delhi today before i head out",online
Important dates related to the periodic table history briefly,local
Vector cross product formula and when to use it,local
Urgent - is the india vs australia test still playing right now tonight,online
"genuinely curious, why is B-tree indexing used instead of virtual memory before my exam",local
quick one - nifty 50 price right now just curious,online
"Real talk, how humid is it in kolkata right now at the moment",online
So how bad is the wildfire in the hills right now?,online
Why is promises vs callbacks used instead of git rebase vs merge,local
Reliance shares price right now?,online
the india vs australia test score update please before my meeting,online
"hey, who won the wimbledon final last night at the moment",online
ok so is the nba game still playing right now asap,online
live score for the ashes series this evening,online
Difference between eventual consistency and REST vs GraphQL,local
"real talk, is the metro line open or blocked at the moment today",online
Solid overview of compiler vs interpreter for revision for revision,local
Quick one - breaking news on the cyclone warning before my meeting,online
Ok so is the metro line flooded from the downpour right now this morning,online
Derivative of a function explained with an example problem,local
How to solve problems using central limit theorem,local
"hey, real time quote for dow jones for the group chat",online
give me a quick rundown of the mughal empire timeline for revision,local
Should i carry an umbrella in hyderabad today as of now,online
"I don't get generics in java, someone explain",local
key figures involved in the fall of the roman empire,local
"genuinely curious, derive law of sines step by step",local
ancient egyptian pyramid construction — what actually happened pls,local
why did the moon landing mission details happen before my exam,local
ethereum price right now while i'm stuck in traffic,online
quick q - important dates related to the mughal empire timeline — struggling with this,local
"Hey, bayes theorem for my calculus homework in simple terms",local
Ngl will it rain in dubai in the next few hours?,online
quick check on apple stock before i trade for real,online
tcs stock live chart movement for real,online
"genuinely curious, summarize generics in java in a few bullet points",local
so who won the la liga clasico last night at the moment,online
explain eventual consistency with a simple example,local
Ripple xrp today's high and low just curious,online
Is the cyclone warning affecting traffic right now for the group chat,online
quick refresher on normalization in databases before my exam,local
quick one - the ipl match highlights from tonight before my meeting,online
did nvidia stock go up or down this morning,online
"For my homework, timeline of the causes of world war 1 for revision",local
"for class tomorrow, walk through set theory basics with numbers before my exam",local
"Genuinely curious, important dates related to the moon landing mission details in simple terms",local
"fyi need to know, is the interstate open or blocked at the moment",online
The f1 race score update please,online
how bad is the central bank's rate decision right now pls,online
"need this for an interview, give me a quick rundown of the partition of india pls",local
difference between quick sort and race conditions,local
"for class tomorrow, convex optimization basics explained with an example problem — struggling with this",local
"for my homework, practice problem using taylor series expansion before my exam",local
"Hey, test driven development, explain like i'm a beginner coder pls",local
chain rule in calculus — proof and intuition thanks,local
"just checking, the supreme court verdict — anything new in the last hour before my meeting",online
"for class tomorrow, give me a quick rundown of the american civil war causes for my notes",local
"hey, just heard about the power outage in the city, what's the latest pls",online
Tcs stock rate as of this minute,online
Quick one - the f1 race score update please pls,online
"for my homework, set theory basics formula and when to use it thanks",local
"hey, main causes and effects of the periodic table history?",local
"Just checking, gold rate live chart movement",online
ok so dogecoin price right now no cap,online
Quick q - notes on hash map for my assignment before my exam,local
"Need this for an interview, compare window functions in sql and generics in java in one paragraph for revision",local
"for my homework, explain the silk road trade routes in a short paragraph for revision",local
practice problem using derivative of a function briefly,local
dynamic programming interview question breakdown thanks,local
"For class tomorrow, difference between binary search tree and caching strategies thanks",local
quick q - explain the unification of germany in a short paragraph before my exam,local
Quick q - explain stack vs heap memory with a simple example pls,local
"For my homework, hypothesis testing explained with an example problem for my notes",local
"need this for an interview, notes on message queues for my assignment",local
"urgent - just heard about the covid case numbers, what's the latest tonight",online
ngl is the airport terminal closed due to the accident asap,online
virtual memory vs recursion which is better and when,local
"For class tomorrow, practice problem using fourier transform with an example",local
quick q - timeline of the causes of world war 1 before my exam,local
Main causes and effects of the cold war origins,local
the f1 race result just now,online
linear regression math explained with an example problem pls,local
quick sort interview question breakdown,local
Dow jones rate as of this minute currently,online
live score for the nba game rn,online
"hey, how to solve problems using limits and continuity",local
current wait time at the passport office today,online
"hey, chain rule in calculus — proof and intuition — struggling with this",local
"Hey, the theory of evolution basics — what actually happened for revision",local
"just heard about the cyclone warning, what's the latest",online
Ngl who's leading in the india vs australia test currently?,online
urgent - traffic status on the airport terminal this morning no cap,online
"for class tomorrow, main causes and effects of the periodic table history briefly",local
nifty 50 live chart movement,online
"hey, quadratic formula for my calculus homework",local
give me a quick rundown of the theory of evolution basics,local
ok so who's leading in the champions league final currently,online
so sensex rate as of this minute rn,online
"For class tomorrow, explain the periodic table history in a short paragraph for my notes",local
why did the signing of the magna carta happen,local
quick q - logarithm rules formula and when to use it before my exam,local
"real talk, who won the euro cup semifinal last night rn",online
"for my homework, why did the silk road trade routes happen for my notes",local
so law of sines for my calculus homework in simple terms,local
"Need this for an interview, practice problem using derivative of a function briefly",local
quick one - nifty 50 live chart movement as of now,online
bitcoin price action this week so far?,online
The world cup qualifier score update please,online
"real talk, dogecoin price right now",online
"real talk, final score of the f1 race just curious",online
quick one - quick check on nasdaq before i trade at the moment,online
steps to normalize a database table to 3nf,local
"just checking, the ashes series highlights from tonight tonight",online
"hey, walk me through backtracking algorithms step by step in simple terms",local
quick check on reliance shares before i trade for real,online
any live updates on the earthquake aftershocks,online
bayes theorem explained with an example problem,local
how to solve problems using correlation vs causation?,local
"just checking, the harbor bridge conditions right now because of the storm this morning",online
quick one - bitcoin market cap right now in the last hour,online
"Fyi need to know, will it rain in bangalore in the next few hours just curious",online
"Genuinely curious, how to solve problems using vector cross product with an example",local
Who won the euro cup semifinal last night,online
"hey, current congestion level on the airport terminal today",online
urgent - current air quality index in mumbai — need it fast,online
"Need this for an interview, main causes and effects of the partition of india briefly",local
give me a quick rundown of the age of exploration key figures for my notes,local
"dijkstra's algorithm, explain like i'm a beginner coder in simple terms",local
Main causes and effects of the ottoman empire decline,local
Did nifty 50 go up or down this morning asap,online
"Genuinely curious, when should i pick virtual functions in c++ over merge sort thanks",local
Ngl who won the t20 world cup game last night in the last hour,online
the cold war origins summary for history class pls,local
"Hey, traffic status on the highway this morning before my meeting",online
B-tree indexing interview question breakdown,local
"Hey, background on the renaissance key artists for my essay — struggling with this",local
How is solana trending today,online
dijkstra's algorithm example in python please,local
live updates on the storm system offshore tonight,online
urgent - will it rain in london in the next few hours,online
"hey, main causes and effects of the age of exploration key figures for revision",local
"need this for an interview, why did the moon landing mission details happen?",local
Hash map vs binary search tree which is better and when,local
"need this for an interview, explain the silk road trade routes in a short paragraph for my notes",local
explain ancient egyptian pyramid construction in a short paragraph in simple terms,local
TCP vs UDP tutorial with code,local
how is usd to inr trending today,online
so explain promises vs callbacks with a simple example — struggling with this,local
"For class tomorrow, background on the fall of the roman empire for my essay in simple terms",local
final score of the premier league match,online
tail recursion vs git rebase vs merge which is better and when,local
Ngl the flyover near the city center conditions right now because of the storm while i'm stuck in traffic,online
Ok so final score of the champions league final for the group chat,online
stack vs heap memory interview question breakdown for my notes,local
real world use case for virtual functions in c++,local
"Real talk, the world cup qualifier highlights from tonight asap",online
Ok solid overview of asynchronous programming for revision — struggling with this,local
Give me a quick rundown of the ottoman empire decline,local
the ufc fight card highlights from tonight at the moment,online
explain how a b+ tree index speeds up queries,local
"Need this for an interview, walk through chain rule in calculus with numbers in simple terms",local
real world use case for lambda expressions,local
why is dependency injection used instead of multithreading in java,local
Current congestion level on the highway,online
So current congestion level on the main train route in the last hour,online
gold rate rate as of this minute,online
"Map reduce filter functions, explain like i'm a beginner coder in simple terms",local
"for class tomorrow, derive partial derivatives step by step",local
"for my homework, important dates related to the decolonization of africa thanks",local
compare dynamic programming and two pointer technique in one paragraph,local
quick one - real time quote for the s&p 500 at the moment,online
the ring road conditions right now because of the storm pls,online
Is the subway line open or blocked at the moment currently,online
"just checking, did the airline strike get resolved yet",online
"ok so just heard about the wildfire in the hills, what's the latest pls",online
is the tech layoffs news affecting traffic right now pls,online
static vs dynamic typing interview question breakdown,local
is the interstate flooded from the downpour right now,online
"for class tomorrow, notes on inheritance vs composition for my assignment with an example",local
"for my homework, vector cross product formula and when to use it?",local
So is it safe to drive in sydney with this storm for the group chat,online
Background on the cold war origins for my essay pls,local
"for my homework, walk through convex optimization basics with numbers pls",local
quick one - traffic status on the main train route this morning no cap,online
Is the harbor bridge closed due to the accident,online
Ok so live score for the t20 world cup game right now,online
did the heatwave alert get resolved yet,online
is the airport terminal flooded from the downpour right now before my meeting,online
"just checking, will it rain in toronto in the next few hours",online
"hey, how bad is the covid case numbers right now?",online
explain operator overloading in c++ with a simple example?,local
quick check on tesla stock before i trade,online
ok so is there a heat advisory in delhi today as of now,online
"hey, who won the f1 race last night before i head out",online
"Hey, traffic status on the expressway this morning",online
Quick q - chain rule in calculus for my calculus homework thanks,local
Explain quick sort with a simple example,local
Who won the india vs australia test last night for real,online
"for class tomorrow, textbook definition of generics in java thanks",local
so when should i pick memoization over graph traversal?,local
ngl traffic status on the expressway this morning tonight,online
How to solve problems using logarithm rules before my exam,local
"hey, the toll plaza conditions right now because of the storm while i'm stuck in traffic",online
Ok so the wimbledon final result just now,online
"i don't get window functions in sql, someone explain pls",local
so is the storm system offshore affecting traffic right now right now,online
Compare deadlocks and test driven development in one paragraph briefly,local
"Real talk, who won the ashes series last night",online
"real talk, the champions league final score update please just curious",online
"hey, give me a quick rundown of ancient egyptian pyramid construction?",local
"i don't get map reduce filter functions, someone explain",local
is sensex pumping or dumping today in the last hour,online
"hey, any delays on the interstate today",online
central limit theorem for my calculus homework,local
"so i don't get normalization in databases, someone explain — struggling with this",local
who's leading in the t20 world cup game currently rn,online
Quick one - bitcoin price right now no cap,online
the treaty of versailles terms summary for history class pls,local
Did eur to usd go up or down this morning this evening,online
traffic status on the interstate this morning,online
urgent - who won the nba game last night at the moment,online
what's going on with the wildfire in the hills at the moment just curious,online
Urgent - final score of the world cup qualifier,online
ok so nifty 50 market cap right now at the moment,online
the mughal empire timeline — what actually happened,local
The champions league final score update please,online
ok so is the interstate closed due to the accident this evening,online
Ok difference between TCP vs UDP and window functions in sql,local
Current congestion level on the interstate,online
"for my homework, explain the ottoman empire decline in a short paragraph with an example",local
"Quick one - just heard about the storm system offshore, what's the latest rn",online
ok explain the age of exploration key figures in a short paragraph pls,local
cardano rate as of this minute for real,online
ok so is the ipl match still playing right now just curious,online
Is the flight delayed out of sydney due to fog — need it fast,online
so give me a quick rundown of when the berlin wall fell pls,local
Nvidia stock live chart movement before my meeting,online
Central limit theorem for my calculus homework,local
so gold rate rate as of this minute?,online
"just heard about the cyclone warning, what's the latest currently",online
Normalization in databases example in python please,local
timeline of the discovery of penicillin with an example,local
Quick one - how bad is the covid case numbers right now this evening,online
derivative of a function formula and when to use it for my notes,local
Hypothesis testing — proof and intuition for my notes,local
ok law of cosines for my calculus homework in simple terms,local
current congestion level on the airport terminal,online
"just checking, the harbor bridge conditions right now because of the storm in the last hour",online
ok notes on REST vs GraphQL for my assignment before my exam,local
Is the highway flooded from the downpour right now,online
Ok practice problem using fourier transform,local
so the wimbledon final score update please asap,online
"hey, TCP vs UDP, explain like i'm a beginner coder",local
ok so how humid is it in kolkata right now just curious,online
so final score of the wimbledon final right now,online
quick q - give me a quick rundown of ancient egyptian pyramid construction pls,local
background on the theory of evolution basics for my essay,local
"fyi need to know, tcs stock rate as of this minute no cap",online
"genuinely curious, derive derivative of a function step by step pls",local
urgent - the premier league match highlights from tonight,online
derive logarithm rules step by step,local
main causes and effects of the ottoman empire decline,local
"Real talk, who's leading in the euro cup semifinal currently before my meeting",online
how would you implement REST vs GraphQL from scratch for revision,local
is the border tensions still ongoing,online
The asia cup final result just now,online
"so i don't get memoization, someone explain?",local
Current congestion level on the flyover near the city center as of now,online
"genuinely curious, difference between subqueries in sql and message queues — struggling with this",local
quick one - is the ring road closed due to the accident as of now,online
monolith vs microservices vs binary search tree which is better and when,local
so why is microservices architecture used instead of regular expressions?,local
"hey, real time quote for nasdaq this evening",online
key figures involved in the partition of india,local
ok so live score for the ufc fight card in the last hour,online
The ufc fight card result just now,online
"Genuinely curious, the silk road trade routes — what actually happened thanks",local
did the cabinet reshuffle get resolved yet currently,online
Ok explain the unification of germany in a short paragraph before my exam,local
ripple xrp market cap right now for real,online
"hey, the american civil war causes — what actually happened for my notes",local
the expressway conditions right now because of the storm,online
who's leading in the la liga clasico currently before my meeting,online
Quick one - real time quote for nvidia stock while i'm stuck in traffic,online
standard deviation formula explained with an example problem,local
ngl how bad is the election results right now,online
any delays on the expressway today this morning,online
any updates on the vaccine rollout progress happening today,online
Gradient descent math for my calculus homework thanks,local
so traffic status on the expressway this morning while i'm stuck in traffic,online
Is the vaccine rollout progress still ongoing asap,online
eigenvalues and eigenvectors for my calculus homework,local
how bad is the cabinet reshuffle right now tonight,online
"real talk, current air quality index in bangalore as of now",online
"Need this for an interview, explain the boston tea party in a short paragraph for my notes",local
Fourier transform formula and when to use it pls,local
quick q - notes on mock objects in testing for my assignment briefly,local
pros and cons of abstract class vs interface,local
ok fourier transform for my calculus homework for my notes,local
final score of the ufc fight card just curious,online
who's leading in the world cup qualifier currently,online
explain monads in haskell with a simple example pls,local
ngl final score of the grand slam tennis match,online
standard deviation formula — proof and intuition — struggling with this,local
"for my homework, test driven development example in python please",local
"hey, crude oil price rate as of this minute this morning",online
derive probability distributions step by step,local
solid overview of CAP theorem for revision,local
"hey, give me a quick rundown of the age of exploration key figures for my notes",local
is gold rate pumping or dumping today,online
background on when the berlin wall fell for my essay,local
crude oil price rate as of this minute,online
so traffic status on the airport terminal this morning,online
standard deviation formula explained with an example problem for my notes,local
"fyi need to know, the supreme court verdict — anything new in the last hour asap",online
how to solve problems using limits and continuity?,local
did the covid case numbers get resolved yet,online
so the wildfire in the hills status update please currently,online
ngl dogecoin rate as of this minute no cap,online
"Hey, the fall of the roman empire summary for history class",local
"just checking, is the tech layoffs news affecting traffic right now?",online
"need this for an interview, key figures involved in the cold war origins in simple terms",local
quick q - when should i pick topological sort over abstract class vs interface?,local
Ngl traffic status on the flyover near the city center this morning for the group chat,online
quick one - traffic status on the harbor bridge this morning as of now,online
so current valuation on ethereum currently,online
urgent - how is dow jones trending today just curious,online
Summarize docker containers in a few bullet points,local
practice problem using eigenvalues and eigenvectors?,local
any updates on the protest downtown happening today,online
taylor series expansion — proof and intuition before my exam,local
"real talk, the champions league final highlights from tonight just curious",online
quick one - traffic status on the metro line this morning for real,online
Quick one - is the ring road flooded from the downpour right now as of now,online
background on the ottoman empire decline for my essay pls,local
how to solve problems using central limit theorem in simple terms,local
the ceasefire negotiations developments as of today at the moment,online
"for my homework, explain the periodic table history in a short paragraph briefly",local
real time quote for nasdaq,online
derive the pythagorean theorem step by step,local
Walk through correlation vs causation with numbers in simple terms,local
"Fyi need to know, is the metro line closed due to the accident at the moment",online
"need this for an interview, practice problem using chain rule in calculus?",local
"Hey, the f1 race score update please just curious",online
Quick refresher on thread pools before my exam,local
Key figures involved in the silk road trade routes,local
"for class tomorrow, set theory basics for my calculus homework briefly",local
Who won the grand slam tennis match last night,online
"hey, any delays on the ring road today before i head out",online
quick one - is the cabinet reshuffle still ongoing for the group chat,online
"Need this for an interview, how to solve problems using hypothesis testing",local
Why is CAP theorem used instead of SOLID principles,local
"Need this for an interview, how to solve problems using standard deviation formula in simple terms",local
quick one - live score for the ashes series currently,online
"Hey, quick check on the s&p 500 before i trade just curious",online
Ok so the power outage in the city — anything new in the last hour before i head out,online
is the flight delayed out of seoul due to fog for the group chat,online
why did the fall of the roman empire happen,local
"just checking, traffic status on the interstate this morning asap",online
tesla stock rate as of this minute in the last hour,online
any delays on the subway line today,online
"hey, nvidia stock rate as of this minute for real",online
"hey, timeline of the russian revolution 1917 in simple terms",local
ci cd pipeline basics for dummies,local
so key figures involved in the industrial revolution key inventions pls,local
"for class tomorrow, background on ancient egyptian pyramid construction for my essay for my notes",local
quick q - laplace transform formula and when to use it for my notes,local
"Genuinely curious, i keep forgetting asynchronous programming, break it down for me",local
"hey, the highway conditions right now because of the storm for the group chat",online
"genuinely curious, REST vs GraphQL for dummies before my exam",local
"hey, final score of the t20 world cup game for real",online
how to solve problems using markov chains,local
final score of the grand slam tennis match before my meeting,online
"real talk, is the ceasefire negotiations still ongoing",online
"hey, the india vs australia test score update please right now",online
so tcs stock market cap right now just curious,online
Silver rate price action this week so far,online
"just heard about the storm system offshore, what's the latest",online
ok pros and cons of closures in javascript — struggling with this,local
"for my homework, explain stack vs heap memory with a simple example",local
"need this for an interview, ancient egyptian pyramid construction summary for history class in simple terms",local
"Need this for an interview, convex optimization basics — proof and intuition with an example",local
"for class tomorrow, how would you implement test driven development from scratch before my exam",local
"Real talk, final score of the f1 race tonight",online
"just checking, current air quality index in paris this morning",online
microservices architecture tutorial with code,local
explain the wright brothers first flight in a short paragraph in simple terms,local
ok sliding window technique vs big O notation which is better and when,local
quick one - is the metro line open or blocked at the moment at the moment,online
"Just checking, is the india vs australia test still playing right now",online
"just checking, is the flight delayed out of chennai due to fog",online
ok closures in javascript for dummies,local
"For my homework, the great depression causes — what actually happened?",local
"ok operator overloading in c++, explain like i'm a beginner coder",local
timeline of the french revolution timeline with an example,local
so limits and continuity — proof and intuition briefly,local
"genuinely curious, timeline of the russian revolution 1917",local
"just checking, is the airport terminal closed due to the accident before i head out",online
final score of the grand slam tennis match,online
Event loop in node for dummies,local
"just checking, how bad is the protest downtown right now",online
"Genuinely curious, main causes and effects of the periodic table history before my exam",local
Latest on the tech layoffs news in real time,online
"genuinely curious, matrix multiplication rules explained with an example problem",local
limits and continuity formula and when to use it with an example,local
ok how to solve problems using bayes theorem pls,local
"for class tomorrow, important dates related to the great depression causes pls",local
"need this for an interview, when the berlin wall fell — what actually happened with an example",local
Walk through logarithm rules with numbers,local
ngl who's leading in the f1 race currently,online
Did nvidia stock go up or down this morning?,online
Urgent - is the toll plaza closed due to the accident,online
How is nvidia stock trending today,online
"hey, when the berlin wall fell summary for history class?",local
so important dates related to the silk road trade routes — struggling with this,local
"I don't get event loop in node, someone explain before my exam",local
pros and cons of REST vs GraphQL,local
is it safe to drive in seoul with this storm for the group chat,online
The wildfire in the hills developments as of today before i head out,online
so textbook definition of tail recursion with an example,local
why did the boston tea party happen,local
"for class tomorrow, law of sines explained with an example problem briefly",local
solid overview of mutex vs semaphore for revision for revision,local
"hey, how to solve problems using central limit theorem for my notes",local
urgent - the euro cup semifinal highlights from tonight,online
Gold rate rate as of this minute,online
the pythagorean theorem — proof and intuition thanks,local
"hey, explain the signing of the magna carta in a short paragraph before my exam",local
Walk through permutations and combinations with numbers,local
key figures involved in the treaty of versailles terms,local
"for class tomorrow, background on the wright brothers first flight for my essay",local
"genuinely curious, derive permutations and combinations step by step thanks",local
so multiple inheritance in python — key points to remember for my notes,local
ok so the main train route conditions right now because of the storm right now,online
"real talk, the toll plaza conditions right now because of the storm for the group chat",online
the champions league final result just now,online
is the airline strike still ongoing,online
Markov chains for my calculus homework,local
live score for the wimbledon final,online
"need this for an interview, how to solve problems using markov chains for my notes",local
did the trade deal talks get resolved yet for real,online
Pros and cons of foreign key constraints,local
who is winning the election count as of now,online
Dogecoin market cap right now,online
textbook definition of TCP vs UDP,local
key figures involved in the silk road trade routes?,local
Real time quote for solana,online
"Fyi need to know, did eur to usd go up or down this morning?",online
"real talk, how is nifty 50 trending today asap",online
the ufc fight card score update please,online
difference between linked list and B-tree indexing,local
urgent - did the border tensions get resolved yet this evening,online
closures in javascript cheat sheet,local
solid overview of foreign key constraints for revision,local
"real talk, is the harbor bridge flooded from the downpour right now asap",online
Quick q - permutations and combinations explained with an example problem,local
current valuation on infosys shares for real,online
"just checking, the s&p 500 price right now before i head out",online
ok so is the subway line closed due to the accident while i'm stuck in traffic,online
"Hey, main causes and effects of the great depression causes before my exam",local
Is the harbor bridge flooded from the downpour right now this evening,online
ok so is the harbor bridge closed due to the accident asap,online
The india vs australia test score update please currently,online
give me a quick rundown of the french revolution timeline,local
urgent - traffic status on the harbor bridge this morning before i head out,online
Is the main train route open or blocked at the moment pls,online
explain when the berlin wall fell in a short paragraph — struggling with this,local
"need this for an interview, main causes and effects of ancient egyptian pyramid construction thanks",local
so the unification of germany — what actually happened,local
Urgent - did the power outage in the city get resolved yet just curious,online
Explain the american civil war causes in a short paragraph,local
"real talk, is the expressway open or blocked at the moment in the last hour",online
Urgent - reliance shares live chart movement as of now,online
"Hey, solana price action this week so far today",online
is the flyover near the city center closed due to the accident,online
key figures involved in the boston tea party,local
The vaccine rollout progress developments as of today,online
nifty 50 rate as of this minute this morning,online
who's leading in the asia cup final currently for real,online
"just checking, the wimbledon final result just now — need it fast",online
ngl is tcs stock pumping or dumping today as of now,online
quick one - is apple stock pumping or dumping today pls,online
quick q - eigenvalues and eigenvectors for my calculus homework pls,local
"just checking, is the airport terminal flooded from the downpour right now in the last hour",online
urgent - silver rate price right now before i head out,online
give me a quick rundown of the russian revolution 1917 for revision,local
Is the airport terminal flooded from the downpour right now?,online
urgent - apple stock price action this week so far before i head out,online
"hey, derive probability distributions step by step?",local
Ok compare virtual functions in c++ and heap data structure in one paragraph,local
"for class tomorrow, law of sines formula and when to use it",local
latest on the protest downtown in real time,online
So real time quote for reliance shares in the last hour,online
"fyi need to know, current congestion level on the highway just curious",online
infosys shares price right now,online
"real talk, any delays on the expressway today right now",online
"For my homework, why is monads in haskell used instead of dynamic programming before my exam",local
latest on the power outage in the city in real time,online
ngl dow jones today's high and low before i head out,online
Timeline of the mughal empire timeline?,local
"genuinely curious, why did the wright brothers first flight happen thanks",local
"fyi need to know, the central bank's rate decision status update please while i'm stuck in traffic",online
urgent - is the ring road closed due to the accident rn,online
quick q - correlation vs causation explained with an example problem thanks,local
ok walk through derivative of a function with numbers for revision,local
Ngl final score of the champions league final — need it fast,online
"hey, practice problem using probability distributions with an example",local
ngl any updates on the flood situation downtown happening today right now,online
"need this for an interview, background on the fall of the roman empire for my essay with an example",local
ok so gold rate rate as of this minute — need it fast,online
urgent - nasdaq price action this week so far no cap,online
so how to solve problems using taylor series expansion for revision,local
quick one - quick check on bitcoin before i trade no cap,online
quick q - walk through derivative of a function with numbers,local
current congestion level on the ring road for real,online
background on the unification of germany for my essay,local
key figures involved in when the berlin wall fell,local
traffic status on the subway line this morning while i'm stuck in traffic,online
give me a quick rundown of the fall of the roman empire with an example,local
"hey, did the parliament session today get resolved yet this morning",online
"need this for an interview, give me a quick rundown of when the berlin wall fell for my notes",local
"i keep forgetting asynchronous programming, break it down for me",local
Give me a quick rundown of ancient egyptian pyramid construction,local
"Hey, current valuation on apple stock currently",online
"Just checking, how is sensex trending today",online
so how to solve problems using probability distributions for revision,local
"need this for an interview, explain the american civil war causes in a short paragraph with an example",local
urgent - real time quote for gold rate just curious,online
Integration by parts formula and when to use it,local
Quick one - is gold rate pumping or dumping today this morning,online
unit testing vs integration testing tutorial with code,local
"hey, eigenvalues and eigenvectors for my calculus homework — struggling with this",local
Quick one - nifty 50 live chart movement right now,online
Is the wimbledon final still playing right now,online
Main causes and effects of when the berlin wall fell in simple terms,local
so traffic status on the expressway this morning before i head out,online
urgent - is the ring road open or blocked at the moment asap,online
ngl is there a heat advisory in seoul today for real,online
"For class tomorrow, how would you implement ACID properties from scratch for my notes",local
"just checking, the wildfire in the hills status update please — need it fast",online
my array list throws concurrentmodificationexception,local
Is there a heat advisory in singapore today,online
the subway line conditions right now because of the storm?,online
So difference between test driven development and two pointer technique pls,local
Ok so current congestion level on the subway line before my meeting,online
Central limit theorem formula and when to use it,local
the asia cup final highlights from tonight,online
why did the boston tea party happen — struggling with this,local
ngl the india vs australia test highlights from tonight while i'm stuck in traffic,online
Solana rate as of this minute,online
ngl sensex rate as of this minute at the moment,online
"fyi need to know, current valuation on gold rate rn",online
ok so current valuation on cardano while i'm stuck in traffic,online
so matrix multiplication rules — proof and intuition with an example,local
"real talk, current air quality index in mumbai for the group chat",online
ok so how is nasdaq trending today this evening,online
pros and cons of normalization forms,local
"need this for an interview, unit testing vs integration testing example in python please briefly",local
partial derivatives — proof and intuition,local
"Fyi need to know, is the metro line closed due to the accident for the group chat",online
"Genuinely curious, main causes and effects of the american civil war causes before my exam",local
ok so how is tcs stock trending today before my meeting,online
Ngl real time quote for tesla stock for the group chat,online
the french revolution timeline — what actually happened briefly,local
"hey, the asia cup final score update please asap",online
Any updates on the tech layoffs news happening today,online
who's leading in the t20 world cup game currently,online
is there a heat advisory in berlin today,online
"hey, live score for the world cup qualifier no cap",online
"for class tomorrow, the causes of world war 1 summary for history class — struggling with this",local
B-tree indexing cheat sheet,local
"for my homework, the pythagorean theorem formula and when to use it?",local
current congestion level on the toll plaza,online
Is the central bank's rate decision still ongoing,online
"just checking, is the interstate flooded from the downpour right now currently",online
"genuinely curious, key figures involved in the industrial revolution key inventions for my notes",local
Breaking news on the ceasefire negotiations,online
current congestion level on the ring road in the last hour,online
operator overloading in c++ — key points to remember,local
law of sines formula and when to use it,local
urgent - how humid is it in sydney right now tonight,online
So current valuation on crude oil price,online
"just checking, the cabinet reshuffle developments as of today asap",online
who won the f1 race last night while i'm stuck in traffic,online
derive taylor series expansion step by step,local
urgent - how is usd to inr trending today for real,online
"Need this for an interview, law of sines explained with an example problem",local
so virtual functions in c++ — key points to remember thanks,local
is the airport terminal open or blocked at the moment,online
"for class tomorrow, explain the ottoman empire decline in a short paragraph for revision",local
"I keep forgetting asynchronous programming, break it down for me",local
ngl current air quality index in new york at the moment,online
urgent - live score for the wimbledon final rn,online
"genuinely curious, real world use case for generics in java briefly",local
"fyi need to know, is the highway closed due to the accident in the last hour",online
Ngl breaking news on the parliament session today for real,online
compare abstract class vs interface and dijkstra's algorithm in one paragraph,local
ok correlation vs causation explained with an example problem pls,local
any delays on the highway today,online
"just checking, current congestion level on the subway line this morning",online
the nba game result just now,online
REST vs GraphQL cheat sheet,local
"For class tomorrow, walk me through hash map step by step?",local
"genuinely curious, subqueries in sql example in python please — struggling with this",local
"For class tomorrow, standard deviation formula explained with an example problem",local
quick one - what's going on with the cabinet reshuffle at the moment for real,online
"need this for an interview, how to solve problems using law of sines",local
"need this for an interview, background on the decolonization of africa for my essay briefly",local
who won the euro cup semifinal last night,online
"for my homework, law of cosines for my calculus homework briefly",local
"hey, operator overloading in c++ interview question breakdown with an example",local
ngl who's leading in the ashes series currently,online
how is solana trending today,online
background on the moon landing mission details for my essay,local
who's leading in the euro cup semifinal currently tonight,online
"for my homework, i keep forgetting polymorphism, break it down for me in simple terms",local
urgent - the election results developments as of today right now,online
Standard deviation formula explained with an example problem — struggling with this,local
ok explain the treaty of versailles terms in a short paragraph pls,local
so closures in javascript tutorial with code before my exam,local
Quick one - did the s&p 500 go up or down this morning,online
quick one - latest on the election results in real time right now,online
"Map reduce filter functions, explain like i'm a beginner coder",local
"just checking, current air quality index in chicago just curious",online
"just checking, is the ipl match still playing right now in the last hour",online
Ok so any updates on the trade deal talks happening today — need it fast,online
the subway line conditions right now because of the storm,online
Ngl quick check on apple stock before i trade as of now,online
so explain the mughal empire timeline in a short paragraph pls,local
"fyi need to know, who won the nba game last night rn",online
promises vs callbacks tutorial with code — struggling with this,local
main causes and effects of the renaissance key artists briefly,local
"need this for an interview, notes on CAP theorem for my assignment",local
taylor series expansion explained with an example problem?,local
"real talk, should i carry an umbrella in hyderabad today — need it fast",online
so will it rain in seoul in the next few hours right now,online
"For class tomorrow, the fall of the roman empire — what actually happened in simple terms",local
"need this for an interview, main causes and effects of the moon landing mission details?",local
"real talk, is the main train route open or blocked at the moment pls",online
quick one - sensex price action this week so far,online
real time quote for infosys shares — need it fast,online
Key figures involved in the periodic table history in simple terms,local
"fyi need to know, is the flight delayed out of paris due to fog as of now",online
"Hey, who's leading in the world cup qualifier currently today",online
greedy algorithms cheat sheet,local
"need this for an interview, solid overview of docker containers for revision thanks",local
quick q - generics in java example in python please for my notes,local
Did the central bank's rate decision get resolved yet,online
quick q - how to solve problems using laplace transform,local
Important dates related to the boston tea party,local
is the election results still ongoing,online
gradient descent math formula and when to use it with an example,local
Who's leading in the la liga clasico currently this evening,online
eur to usd today's high and low,online
"just heard about the flood situation downtown, what's the latest",online
urgent - current congestion level on the main train route right now,online
any updates on the wildfire containment right now,online
background on the boston tea party for my essay,local
"i don't get closures in javascript, someone explain",local
"Fyi need to know, the protest downtown status update please tonight",online
Derive limits and continuity step by step,local
walk me through database indexing step by step,local
quick q - thread pools vs race conditions which is better and when,local
derive eigenvalues and eigenvectors step by step for revision,local
so why is ACID properties used instead of multiple inheritance in python thanks,local
so did gold rate go up or down this morning pls,online
"hey, the partition of india — what actually happened — struggling with this",local
current valuation on ripple xrp today,online
so the flood situation downtown status update please just curious,online
did bitcoin go up or down this morning,online
ok so is the airport terminal closed due to the accident right now,online
Timeline of the boston tea party,local
How would you implement asynchronous programming from scratch,local
the nba game highlights from tonight at the moment,online
"Fyi need to know, bitcoin market cap right now for real",online
why did the ottoman empire decline happen,local
graph traversal — key points to remember,local
"Just checking, did nasdaq go up or down this morning just curious",online
"fyi need to know, is the wildfire in the hills affecting traffic right now tonight",online
ok so the cabinet reshuffle developments as of today today,online
ngl who won the india vs australia test last night currently,online
"hey, how to solve problems using bayes theorem in simple terms",local
the ring road conditions right now because of the storm asap,online
Is the flight delayed out of new york due to fog,online
quick q - observer pattern for dummies,local
infosys shares rate as of this minute asap,online
so breaking news on the supreme court verdict before my meeting,online
so key figures involved in when the berlin wall fell?,local
quick q - summarize caching strategies in a few bullet points for revision,local
did the power outage in the city get resolved yet,online
quick q - how would you implement two pointer technique from scratch — struggling with this,local
Why is asynchronous programming used instead of dijkstra's algorithm,local
"for class tomorrow, give me a quick rundown of the french revolution timeline?",local
"i keep forgetting test driven development, break it down for me",local
Integration by parts for my calculus homework,local
Traffic status on the airport terminal this morning,online
"for class tomorrow, hypothesis testing for my calculus homework",local
urgent - the ufc fight card result just now as of now,online
"unit testing vs integration testing, explain like i'm a beginner coder",local
why is process vs thread used instead of normalization in databases,local
So pros and cons of hash map pls,local
practice problem using hypothesis testing before my exam,local
"Hey, who won the la liga clasico last night",online
explain ancient egyptian pyramid construction in a short paragraph?,local
"just checking, did the border tensions get resolved yet before i head out",online
When should i pick CAP theorem over version control branching,local
"fyi need to know, the premier league match score update please while i'm stuck in traffic",online
Why is multiple inheritance in python used instead of generics in java?,local
matrix multiplication rules for my calculus homework — struggling with this,local
quick one - current congestion level on the expressway before my meeting,online
ok so is the metro line closed due to the accident just curious,online
"need this for an interview, why is ACID properties used instead of sharding for my notes",local
big O notation interview question breakdown with an example,local
"Fyi need to know, is the nba game still playing right now asap",online
"for my homework, set theory basics explained with an example problem with an example",local
Is the grand slam tennis match still playing right now,online
"need this for an interview, timeline of the periodic table history",local
ok why did the theory of evolution basics happen in simple terms,local
how to solve problems using integration by parts,local
urgent - is the ring road open or blocked at the moment pls,online
ripple xrp market cap right now,online
"Need this for an interview, monolith vs microservices vs garbage collection which is better and when",local
why is process vs thread used instead of database indexing,local
any delay reported on the harbor bridge this evening,online
"hey, convex optimization basics formula and when to use it briefly",local
ngl any updates on the flood situation downtown happening today,online
background on the causes of world war 1 for my essay,local
Ok so how is cardano trending today?,online
Ngl the flyover near the city center conditions right now because of the storm — need it fast,online
"just checking, real time quote for the s&p 500 for the group chat",online
how to solve problems using law of cosines thanks,local
Ok so solana price right now for real,online
"Fyi need to know, latest on the parliament session today in real time",online
tcs stock market cap right now while i'm stuck in traffic,online
So should i carry an umbrella in sydney today asap,online
How to solve problems using markov chains thanks,local
"Hey, the ring road conditions right now because of the storm right now",online
quick q - derive eigenvalues and eigenvectors step by step before my exam,local
The airline strike — anything new in the last hour,online
"for my homework, central limit theorem for my calculus homework pls",local
Nifty 50 today's high and low,online
ok virtual memory cheat sheet for revision,local
derive law of cosines step by step,local
"hey, key figures involved in the boston tea party thanks",local
"genuinely curious, quick refresher on two pointer technique before my exam before my exam",local
"hey, why is sliding window technique used instead of connection pooling",local
The wimbledon final highlights from tonight pls,online
so how would you implement lambda expressions from scratch,local
Practice problem using quadratic formula for revision,local
"hey, summarize TCP vs UDP in a few bullet points?",local
"for my homework, explain virtual memory with a simple example for revision",local
"genuinely curious, when should i pick operator overloading in c++ over sharding with an example",local
"hey, how to solve problems using logarithm rules pls",local
"real talk, the grand slam tennis match highlights from tonight no cap",online
is the world cup qualifier still playing right now,online
Is dogecoin pumping or dumping today in the last hour,online
"hey, who's leading in the ashes series currently tonight",online
ok so sensex live chart movement this morning,online
"real talk, is the airport terminal open or blocked at the moment this morning",online
urgent - is the highway closed due to the accident this evening,online
when the berlin wall fell summary for history class,local
quick q - main causes and effects of the fall of the roman empire before my exam,local
how to reverse a linked list iteratively,local
so is the ring road open or blocked at the moment asap,online
who won the grand slam tennis match last night?,online
"Fyi need to know, current valuation on the s&p 500 for the group chat",online
"Hey, how is silver rate trending today?",online
"real talk, the champions league final result just now while i'm stuck in traffic",online
"for class tomorrow, quick refresher on bit manipulation tricks before my exam before my exam",local
who won the world cup qualifier last night,online
derivative of a function — proof and intuition,local
Cardano market cap right now,online
"hey, is the ceasefire negotiations still ongoing this morning",online
"real talk, should i carry an umbrella in singapore today — need it fast",online
real time quote for crude oil price before my meeting,online
how bad is the parliament session today right now,online
"hey, important dates related to the causes of world war 1",local
"real talk, the euro cup semifinal score update please while i'm stuck in traffic",online
so solana rate as of this minute,online
microservices architecture example in python please in simple terms,local
ngl real time quote for cardano before my meeting,online
is the subway line closed due to the accident rn,online
is it safe to drive in toronto with this storm right now,online
"real talk, will it rain in toronto in the next few hours before my meeting",online
"fyi need to know, real time quote for apple stock this morning",online
"hey, what's going on with the covid case numbers at the moment no cap",online
Quick q - derive derivative of a function step by step pls,local
ngl the protest downtown — anything new in the last hour while i'm stuck in traffic,online
"Genuinely curious, law of cosines for my calculus homework with an example",local
ngl live score for the f1 race before my meeting,online
Main causes and effects of the wright brothers first flight,local
"need this for an interview, the cold war origins summary for history class with an example",local
"for class tomorrow, timeline of the printing press invention impact for revision",local
practice problem using chain rule in calculus,local
quick one - final score of the wimbledon final right now,online
how would you implement thread pools from scratch,local
"for class tomorrow, key figures involved in the printing press invention impact for revision",local
"Hey, walk through taylor series expansion with numbers pls",local
should i carry an umbrella in los angeles today,online
"hey, practice problem using derivative of a function",local
quick q - the moon landing mission details summary for history class,local
Quick q - the signing of the magna carta — what actually happened,local
urgent - is there a heat advisory in pune today,online
quick q - walk me through polymorphism step by step thanks,local
"hey, live score for the world cup qualifier in the last hour",online
"for class tomorrow, trie data structure vs regular expressions which is better and when with an example",local
"just checking, who won the premier league match last night this evening",online
ngl who's leading in the ufc fight card currently at the moment,online
Abstract class vs interface vs observer pattern which is better and when,local
ok so current valuation on eur to usd at the moment,online
"hey, derive hypothesis testing step by step thanks",local
set theory basics — proof and intuition briefly,local
crude oil price market cap right now asap,online
ok vector cross product — proof and intuition for revision,local
"Hey, eigenvalues and eigenvectors for my calculus homework thanks",local
explain the wright brothers first flight in a short paragraph,local
TCP vs UDP cheat sheet,local
breaking news on the cabinet reshuffle,online
give me a quick rundown of the periodic table history,local
Breaking news on the wildfire in the hills,online
walk me through event loop in node step by step,local
explain window functions in sql with a simple example,local
notes on thread pools for my assignment,local
ngl is the euro cup semifinal still playing right now this morning,online
"i don't get denormalization, someone explain for revision",local
The unification of germany summary for history class for my notes,local
"for my homework, two pointer technique cheat sheet",local
how to solve problems using gradient descent math thanks,local
"for my homework, important dates related to the great depression causes",local
ok laplace transform — proof and intuition pls,local
quick refresher on hash map before my exam,local
so who won the premier league match last night right now,online
"Need this for an interview, partial derivatives explained with an example problem pls",local
ok so bitcoin live chart movement this evening,online
quick check on apple stock before i trade just curious,online
mutex vs semaphore for dummies,local
so current valuation on usd to inr while i'm stuck in traffic,online
so when should i pick git rebase vs merge over TCP vs UDP,local
"need this for an interview, i don't get monads in haskell, someone explain briefly",local
quick q - singleton pattern vs normalization forms which is better and when in simple terms,local
Why did the moon landing mission details happen,local
Ci cd pipeline basics tutorial with code,local
notes on subqueries in sql for my assignment,local
Main causes and effects of the discovery of penicillin,local
ok so is the la liga clasico still playing right now,online
quick q - derive law of cosines step by step pls,local
"hey, laplace transform explained with an example problem in simple terms",local
Ngl any delays on the expressway today rn,online
"just checking, did the border tensions get resolved yet",online
How to solve problems using fourier transform,local
"need this for an interview, explain the american civil war causes in a short paragraph",local
The wimbledon final result just now rn,online
so central limit theorem — proof and intuition before my exam,local
ok the great depression causes — what actually happened with an example,local
"Just heard about the airline strike, what's the latest",online
eur to usd price right now,online
cardano price action this week so far,online
current valuation on ripple xrp,online
"Real talk, the harbor bridge conditions right now because of the storm",online
"Hey, is the expressway open or blocked at the moment tonight",online
Regular expressions example in python please,local
background on the mughal empire timeline for my essay,local
garbage collection vs sharding which is better and when pls,local
"genuinely curious, integration by parts formula and when to use it for revision",local
"need this for an interview, timeline of the great depression causes with an example",local
"Hey, the grand slam tennis match score update please pls",online
so practice problem using standard deviation formula briefly,local
current valuation on apple stock,online
"Genuinely curious, heap data structure vs garbage collection which is better and when briefly",local
"For my homework, operator overloading in c++ for dummies pls",local
how to solve problems using chain rule in calculus,local
Current valuation on usd to inr,online
So is the ipl match still playing right now for the group chat,online
ok compiler vs interpreter — key points to remember before my exam,local
so is the t20 world cup game still playing right now for the group chat,online
"fyi need to know, current congestion level on the interstate rn",online
"For my homework, derive integration by parts step by step before my exam",local
cardano today's high and low,online
"genuinely curious, pros and cons of map reduce filter functions for my notes",local
mutex vs semaphore cheat sheet briefly,local
so live score for the grand slam tennis match tonight,online
So quick check on crude oil price before i trade this evening,online
"real talk, did dogecoin go up or down this morning just curious",online
ok so traffic status on the subway line this morning for real,online
"just checking, the world cup qualifier highlights from tonight in the last hour",online
law of cosines explained with an example problem for my notes,local
current congestion level on the expressway?,online
give me a quick rundown of the causes of world war 1,local
abstract class vs interface tutorial with code,local
Any updates on the trade deal talks happening today,online
practice problem using permutations and combinations,local
is there a heat advisory in new york today,online
main causes and effects of when the berlin wall fell with an example,local
B-tree indexing example in python please,local
so crude oil price market cap right now as of now,online
"so i don't get linked list, someone explain briefly",local
"Genuinely curious, background on the silk road trade routes for my essay for my notes",local
ok so the nba game result just now,online
Ok the partition of india — what actually happened for revision,local
is the harbor bridge closed due to the accident for the group chat,online
The ufc fight card score update please currently,online
"for my homework, partial derivatives for my calculus homework for my notes",local
"hey, the airport terminal conditions right now because of the storm while i'm stuck in traffic",online
quick one - the t20 world cup game result just now,online
Trie data structure cheat sheet,local
the la liga clasico highlights from tonight,online
npm install fails with a peer dependency conflict,local
"For my homework, give me a quick rundown of the discovery of penicillin pls",local
Give me a quick rundown of the fall of the roman empire with an example,local
ok so the parliament session today — anything new in the last hour at the moment,online
The partition of india — what actually happened,local
"Just checking, did sensex go up or down this morning this evening",online
practice problem using logarithm rules,local
"for class tomorrow, timeline of the treaty of versailles terms briefly",local
the power outage in the city — anything new in the last hour,online
"quick one - just heard about the airline strike, what's the latest currently",online
"for class tomorrow, key figures involved in the wright brothers first flight for my notes",local
the interstate conditions right now because of the storm,online
How would you implement inheritance vs composition from scratch,local
pros and cons of immutability in functional programming thanks,local
derive laplace transform step by step,local
quick one - current air quality index in chicago this evening,online
is the storm system offshore affecting traffic right now,online
ok so is the airport terminal flooded from the downpour right now before i head out,online
Final score of the champions league final,online
"fyi need to know, the grand slam tennis match score update please",online
The euro cup semifinal highlights from tonight,online
is the s&p 500 pumping or dumping today at the moment,online
Who won the ufc fight card last night,online
"hey, is the harbor bridge flooded from the downpour right now currently",online
the trade deal talks — anything new in the last hour just curious,online
"fyi need to know, who's leading in the grand slam tennis match currently this morning",online
traffic status on the highway this morning while i'm stuck in traffic,online
heap data structure tutorial with code,local
Walk through linear regression math with numbers,local
Tesla stock market cap right now this morning,online
"i don't get linked list, someone explain",local
"hey, standard deviation formula formula and when to use it briefly",local
derive law of sines step by step,local
how would you implement operator overloading in c++ from scratch,local
Quick q - how does process vs thread actually work under the hood,local
"real talk, is the airline strike affecting traffic right now — need it fast",online
textbook definition of docker containers,local
"quick q - i keep forgetting normalization forms, break it down for me",local
"for class tomorrow, regular expressions tutorial with code",local
"Hey, key figures involved in the causes of world war 1",local
nifty 50 price action this week so far,online
Explain the renaissance key artists in a short paragraph,local
"hey, i keep forgetting greedy algorithms, break it down for me",local
So is the expressway open or blocked at the moment in the last hour,online
linear regression math explained with an example problem,local
"real talk, the ipl match score update please no cap",online
Quick q - law of cosines — proof and intuition for revision,local
is there a power cut in my area right now,online
message queues cheat sheet,local
"For my homework, primary key vs unique key example in python please — struggling with this",local
Breaking news on the border tensions,online
quick q - convex optimization basics explained with an example problem — struggling with this,local
The supreme court verdict status update please,online
why did the causes of world war 1 happen,local
how to solve problems using logarithm rules,local
"hey, any delays on the toll plaza today?",online
So timeline of the moon landing mission details,local
logarithm rules — proof and intuition for my notes,local
Textbook definition of publish subscribe pattern,local
"hey, the expressway conditions right now because of the storm",online
Ok practice problem using integration by parts — struggling with this,local
"hey, who won the t20 world cup game last night while i'm stuck in traffic",online
"fyi need to know, the premier league match result just now currently",online
so silver rate live chart movement in the last hour,online
so how to solve problems using laplace transform — struggling with this,local
"For my homework, why did the partition of india happen",local
"fyi need to know, did solana go up or down this morning asap",online
background on the decolonization of africa for my essay,local
"For my homework, joins in sql for dummies — struggling with this",local
urgent - real time quote for bitcoin,online
apple stock price right now,online
ok so the grand slam tennis match result just now,online
solid overview of thread pools for revision,local
how is nifty 50 trending today,online
ok so will it rain in seoul in the next few hours for real,online
the earthquake near the coast status update please for the group chat,online
So derive law of cosines step by step,local
logarithm rules — proof and intuition,local
key figures involved in the cold war origins before my exam,local
"hey, how is tesla stock trending today today",online
quadratic formula formula and when to use it,local
Give me a quick rundown of the fall of the roman empire,local
who's leading in the euro cup semifinal currently today,online
Eur to usd rate as of this minute,online
tesla stock rate as of this minute while i'm stuck in traffic,online
Convex optimization basics formula and when to use it,local
"Fyi need to know, final score of the ashes series today",online
Is it safe to drive in paris with this storm — need it fast,online
urgent - is the ring road flooded from the downpour right now for real,online
"fyi need to know, current congestion level on the main train route as of now",online
Quick q - permutations and combinations formula and when to use it briefly,local
Is the power outage in the city affecting traffic right now,online
"i don't get polymorphism, someone explain",local
"just checking, silver rate price action this week so far this morning",online
quick q - notes on git rebase vs merge for my assignment briefly,local
Compare virtual memory and linked list in one paragraph,local
Key figures involved in the periodic table history,local
any delays on the interstate today,online
quick one - how is eur to usd trending today,online
"need this for an interview, the industrial revolution key inventions — what actually happened",local
How is dow jones trending today,online
practice problem using markov chains in simple terms,local
"Genuinely curious, give me a quick rundown of the wright brothers first flight thanks",local
the ottoman empire decline — what actually happened,local
Current valuation on silver rate,online
Ngl is the premier league match still playing right now no cap,online
why is compiler vs interpreter used instead of generics in java,local
walk through derivative of a function with numbers,local
"real talk, current valuation on nifty 50 before my meeting",online
why did the unification of germany happen,local
quick one - the asia cup final result just now — need it fast,online
Ok so apple stock live chart movement just curious,online
"genuinely curious, joins in sql, explain like i'm a beginner coder for my notes",local
"For my homework, how would you implement publish subscribe pattern from scratch before my exam",local
explain binary search tree with a simple example,local
why does my for loop skip every other element when i remove items,local
background on the fall of the roman empire for my essay thanks,local
Real time quote for bitcoin,online
main causes and effects of the cold war origins,local
Walk through law of sines with numbers,local
"hey, bitcoin price action this week so far — need it fast",online
so how is crude oil price trending today before my meeting,online
practice problem using matrix multiplication rules pls,local
Cardano live chart movement today,online
how would you implement compiler vs interpreter from scratch,local
Current air quality index in chicago,online
ok so is there a heat advisory in bangalore today for the group chat,online
explain when the berlin wall fell in a short paragraph,local
so integration by parts — proof and intuition before my exam,local
"fyi need to know, the interstate conditions right now because of the storm in the last hour",online
Summarize merge sort in a few bullet points in simple terms,local
"for my homework, solid overview of bit manipulation tricks for revision for revision",local
"Real talk, final score of the wimbledon final this evening",online
quick one - is the cabinet reshuffle still ongoing currently,online
so live score for the ufc fight card,online
so virtual functions in c++ example in python please?,local
"hey, the ufc fight card highlights from tonight for real",online
quick one - is the s&p 500 pumping or dumping today today,online
"Hey, practice problem using eigenvalues and eigenvectors for revision",local
urgent - did reliance shares go up or down this morning,online
limits and continuity formula and when to use it,local
Sensex rate as of this minute,online
explain ancient egyptian pyramid construction in a short paragraph,local
walk through probability distributions with numbers briefly,local
Main causes and effects of the ottoman empire decline for revision,local
Solana market cap right now for the group chat,online
walk through partial derivatives with numbers,local
"hey, how is usd to inr trending today in the last hour",online
breaking news on the flood situation downtown,online
Live score for the ipl match,online
"For class tomorrow, main causes and effects of the discovery of penicillin thanks",local
"operator overloading in c++, explain like i'm a beginner coder?",local
the wildfire in the hills status update please as of now,online
"i keep forgetting normalization in databases, break it down for me",local
quick q - real world use case for TCP vs UDP,local
"Hey, when should i pick message queues over race conditions — struggling with this",local
Timeline of the age of exploration key figures,local
quick one - is the flight delayed out of delhi due to fog right now,online
background on the russian revolution 1917 for my essay,local
pros and cons of inheritance vs composition,local
how to solve problems using vector cross product,local
so infosys shares market cap right now at the moment,online
"Genuinely curious, practice problem using vector cross product — struggling with this",local
current congestion level on the metro line,online
"need this for an interview, normalization forms — key points to remember in simple terms",local
"ngl just heard about the tech layoffs news, what's the latest while i'm stuck in traffic",online
walk through derivative of a function with numbers for revision,local
So is the wimbledon final still playing right now rn,online
quick refresher on normalization forms before my exam,local
"Fyi need to know, how humid is it in berlin right now before my meeting",online
"just checking, traffic status on the interstate this morning no cap",online
vector cross product for my calculus homework for revision,local
So key figures involved in when the berlin wall fell?,local
"hey, quick refresher on caching strategies before my exam?",local
ngl tesla stock price right now just curious,online
ok textbook definition of message queues with an example,local
the wright brothers first flight summary for history class,local
will it rain in tokyo in the next few hours in the last hour,online
when should i pick two pointer technique over hash map,local
"for class tomorrow, when the berlin wall fell — what actually happened",local
Compare CAP theorem and microservices architecture in one paragraph,local
is the nba game still playing right now for real,online
"need this for an interview, the pythagorean theorem — proof and intuition briefly",local
"real talk, is the toll plaza flooded from the downpour right now asap",online
how is infosys shares trending today,online
any delays on the highway today right now,online
is it safe to drive in paris with this storm,online
"for my homework, hypothesis testing explained with an example problem with an example",local
"fyi need to know, tesla stock live chart movement this morning",online
quick q - the discovery of penicillin summary for history class for revision,local
quick q - practice problem using partial derivatives with an example,local
Important dates related to the silk road trade routes for revision,local
"need this for an interview, i don't get virtual memory, someone explain — struggling with this",local
"just checking, dogecoin live chart movement as of now",online
laplace transform explained with an example problem,local
"for my homework, difference between big O notation and dijkstra's algorithm before my exam",local
"for my homework, the pythagorean theorem formula and when to use it thanks",local
So the champions league final result just now,online
"just checking, how bad is the parliament session today right now before i head out",online
any accident reported on the expressway this morning,online
"genuinely curious, laplace transform — proof and intuition in simple terms",local
Urgent - ethereum price right now just curious,online
"real talk, the interstate conditions right now because of the storm just curious",online
"just checking, the wildfire in the hills status update please rn",online
ngl is the earthquake near the coast affecting traffic right now — need it fast,online
"genuinely curious, compare hash map and dependency injection in one paragraph thanks",local
Quick q - walk through chain rule in calculus with numbers thanks,local
"fyi need to know, solana rate as of this minute right now",online
ngl how is apple stock trending today while i'm stuck in traffic,online
ok so current valuation on tesla stock before my meeting,online
ancient egyptian pyramid construction summary for history class,local
explain the mughal empire timeline in a short paragraph,local
live updates from the border situation,online
segmentation fault in my c program when i free memory twice,local
my regex isn't matching multiline strings the way i expect,local
"Just checking, the euro cup semifinal highlights from tonight in the last hour",online
Is the expressway closed due to the accident,online
Tail recursion interview question breakdown,local
quick one - final score of the world cup qualifier,online
"hey, vector cross product for my calculus homework?",local
tesla stock live chart movement,online
Quick refresher on ci cd pipeline basics before my exam pls,local
urgent - how is nvidia stock trending today,online
so is the interstate flooded from the downpour right now pls,online
"hey, timeline of the age of exploration key figures — struggling with this",local
"hey, practice problem using integration by parts thanks",local
so is nvidia stock pumping or dumping today this evening,online
quadratic formula formula and when to use it briefly,local
ok so live score for the f1 race in the last hour,online
Urgent - silver rate market cap right now before i head out,online
Is the expressway flooded from the downpour right now,online
quick check on apple stock before i trade,online
main causes and effects of the great depression causes for revision,local
"Fyi need to know, is the storm system offshore still ongoing asap",online
how does memoization actually work under the hood,local
the pythagorean theorem formula and when to use it,local
timeline of the cold war origins,local
compare big O notation and linked list in one paragraph,local
Who won the ashes series last night,online
Urgent - is the interstate open or blocked at the moment this evening,online
Asynchronous programming cheat sheet briefly,local
notes on eventual consistency for my assignment for revision,local
ngl the airline strike — anything new in the last hour tonight,online
ok so tcs stock price right now tonight,online
"genuinely curious, background on the causes of world war 1 for my essay pls",local
"just checking, live score for the premier league match before i head out",online
So walk through markov chains with numbers pls,local
Did silver rate go up or down this morning,online
"real talk, is the main train route open or blocked at the moment",online
summarize version control branching in a few bullet points,local
"genuinely curious, main causes and effects of the partition of india for my notes",local
Latest on the trade deal talks in real time before my meeting,online
explain the difference between shallow copy and deep copy,local
when should i pick REST vs GraphQL over race conditions briefly,local
Background on the russian revolution 1917 for my essay,local
urgent - the flyover near the city center conditions right now because of the storm asap,online
Crude oil price rate as of this minute,online
main causes and effects of the treaty of versailles terms,local
Quick one - latest on the parliament session today in real time this morning,online
Quick q - important dates related to the discovery of penicillin for revision,local
the boston tea party summary for history class,local
urgent - quick check on solana before i trade?,online
"Fyi need to know, did bitcoin go up or down this morning tonight",online
any delays on the airport terminal today,online
so CAP theorem for dummies,local
quick q - main causes and effects of when the berlin wall fell for my notes,local
practice problem using law of cosines,local
Quick q - practice problem using law of cosines thanks,local
is the interstate closed due to the accident,online
"fyi need to know, current air quality index in london just curious",online
ok solid overview of process vs thread for revision — struggling with this,local
the decolonization of africa — what actually happened for my notes,local
"for class tomorrow, asynchronous programming — key points to remember with an example",local
"hey, background on the silk road trade routes for my essay before my exam",local
So walk me through unit testing vs integration testing step by step?,local
so live score for the india vs australia test this evening,online
"for my homework, derive convex optimization basics step by step",local
Permutations and combinations formula and when to use it,local
Derive derivative of a function step by step thanks,local
current valuation on silver rate,online
urgent - is the ring road closed due to the accident this morning,online
so message queues vs recursion which is better and when — struggling with this,local
real time quote for apple stock,online
"fyi need to know, is the highway closed due to the accident before i head out",online
"genuinely curious, normalization forms — key points to remember for my notes",local
The election results developments as of today for real,online
Quick q - lambda expressions example in python please,local
"for class tomorrow, the pythagorean theorem — proof and intuition with an example",local
"just checking, how bad is the protest downtown right now — need it fast",online
"for my homework, test driven development for dummies pls",local
"Fyi need to know, sensex today's high and low pls",online
Ngl real time quote for dogecoin while i'm stuck in traffic,online
How to solve problems using logarithm rules thanks,local
So timeline of the industrial revolution key inventions?,local
quick refresher on multiple inheritance in python before my exam,local
the la liga clasico highlights from tonight this evening,online
Quick q - fourier transform — proof and intuition for my notes,local
Urgent - latest on the airline strike in real time for the group chat,online
"for class tomorrow, i keep forgetting immutability in functional programming, break it down for me for my notes",local
Ok how does observer pattern actually work under the hood for revision,local
Ok walk me through ci cd pipeline basics step by step for revision,local
"Just checking, how is infosys shares trending today at the moment",online
urgent - is the highway open or blocked at the moment before my meeting,online
who won the f1 race last night for the group chat,online
any updates on the supreme court verdict happening today,online
"real talk, the ufc fight card score update please before i head out",online
"genuinely curious, microservices architecture — key points to remember",local
lambda expressions vs load balancing which is better and when,local
so timeline of the decolonization of africa,local
the euro cup semifinal highlights from tonight rn,online
ACID properties — key points to remember pls,local
Tail recursion for dummies,local
what's going on with the trade deal talks at the moment no cap,online
Convex optimization basics — proof and intuition,local
urgent - cardano rate as of this minute right now,online
ngl how bad is the central bank's rate decision right now at the moment,online
Ok so eur to usd today's high and low for real,online
"just checking, final score of the nba game asap",online
"Need this for an interview, main causes and effects of the age of exploration key figures with an example",local
"hey, the india vs australia test score update please for real",online
"for my homework, permutations and combinations for my calculus homework before my exam",local
Traffic status on the main train route this morning,online
why is subqueries in sql used instead of dynamic programming,local
will it rain in new york in the next few hours,online
compiler vs interpreter interview question breakdown,local
"fyi need to know, the grand slam tennis match score update please tonight",online
so background on the great depression causes for my essay thanks,local
"fyi need to know, any updates on the flood situation downtown happening today before my meeting",online
Why did the american civil war causes happen,local
main causes and effects of the signing of the magna carta for revision,local
so is there a heat advisory in paris today?,online
"fyi need to know, any delays on the expressway today no cap",online
"for my homework, give me a quick rundown of when the berlin wall fell pls",local
"mock objects in testing, explain like i'm a beginner coder",local
How to solve problems using derivative of a function,local
"fyi need to know, the highway conditions right now because of the storm for real",online
Tesla stock price action this week so far,online
Quick one - is the toll plaza open or blocked at the moment this evening,online
so current valuation on the s&p 500 rn,online
real time quote for ethereum,online
"Fyi need to know, quick check on apple stock before i trade",online
the nba game highlights from tonight before i head out,online
"hey, linear regression math formula and when to use it for revision",local
"hey, derive convex optimization basics step by step for my notes",local
eigenvalues and eigenvectors formula and when to use it?,local
"quick q - pointers vs references, explain like i'm a beginner coder?",local
background on the american civil war causes for my essay,local
quick one - live score for the asia cup final today,online
so real time quote for infosys shares rn,online
ok so did crude oil price go up or down this morning just curious,online
"hey, practice problem using bayes theorem briefly",local
quick one - real time quote for ripple xrp as of now,online
write a function to check if a string is a palindrome,local
"multithreading in java, explain like i'm a beginner coder",local
why is merge sort used instead of git rebase vs merge,local
how does B-tree indexing actually work under the hood,local
"for class tomorrow, give me a quick rundown of the periodic table history?",local
"Genuinely curious, laplace transform — proof and intuition?",local
how is tcs stock trending today,online
"just checking, who won the ashes series last night just curious",online
"Real talk, is the expressway flooded from the downpour right now this morning",online
The t20 world cup game score update please,online
"hey, how is the s&p 500 trending today while i'm stuck in traffic",online
partial derivatives — proof and intuition?,local
"Hey, practice problem using central limit theorem?",local
is the main train route open or blocked at the moment this morning,online
Practice problem using probability distributions,local
"hey, the asia cup final highlights from tonight as of now",online
The periodic table history summary for history class for revision,local
ngl how is apple stock trending today,online
The discovery of penicillin — what actually happened pls,local
"just checking, any delays on the metro line today before i head out",online
Why did the partition of india happen for revision,local
Background on the french revolution timeline for my essay pls,local
"hey, is the metro line closed due to the accident before i head out",online
eigenvalues and eigenvectors formula and when to use it,local
so who won the champions league final last night currently,online
git rebase vs merge cheat sheet,local
"i keep forgetting two pointer technique, break it down for me",local
Key figures involved in the russian revolution 1917 before my exam,local
so is the flyover near the city center closed due to the accident in the last hour,online
ngl is the premier league match still playing right now pls,online
Is dow jones pumping or dumping today,online
"For class tomorrow, the theory of evolution basics — what actually happened thanks",local
sensex live chart movement,online
"need this for an interview, explain monolith vs microservices with a simple example for my notes",local
ok key figures involved in the boston tea party,local
breaking news on the airline strike,online
"real talk, cardano market cap right now in the last hour",online
Ok derive hypothesis testing step by step,local
urgent - is the ceasefire negotiations affecting traffic right now while i'm stuck in traffic,online
ok so silver rate price action this week so far just curious,online
Ripple xrp market cap right now rn,online
"need this for an interview, solid overview of git rebase vs merge for revision",local
"genuinely curious, monads in haskell vs inheritance vs composition which is better and when",local
"just checking, how is sensex trending today for the group chat",online
quick one - the harbor bridge conditions right now because of the storm as of now,online
Ngl nasdaq price right now,online
textbook definition of foreign key constraints,local
Ok so is dow jones pumping or dumping today for the group chat,online
So why did the theory of evolution basics happen briefly,local
Is ripple xrp pumping or dumping today,online
Normalization forms example in python please,local
Practice problem using convex optimization basics thanks,local
"Just heard about the protest downtown, what's the latest",online
Ok so quick check on the s&p 500 before i trade as of now,online
"hey, who won the wimbledon final last night for real",online
"For class tomorrow, difference between recursion and asynchronous programming",local
ok so how is sensex trending today,online
my dp solution gives wrong answer for the knapsack edge case,local
timeline of the moon landing mission details,local
"Genuinely curious, deadlocks — key points to remember for my notes",local
The wildfire in the hills status update please in the last hour,online
Quick q - how would you implement generics in java from scratch,local
Multithreading in java for dummies for revision,local
so practice problem using hypothesis testing,local
who's leading in the champions league final currently,online
Should i carry an umbrella in los angeles today,online
"Real talk, is the protest downtown still ongoing at the moment",online
Ok walk through fourier transform with numbers for revision,local
"For my homework, central limit theorem for my calculus homework",local
"for class tomorrow, why did the causes of world war 1 happen thanks",local
dogecoin today's high and low,online
Is the flight delayed out of pune due to fog,online
"for class tomorrow, probability distributions for my calculus homework with an example",local
current air quality index in paris,online
is the subway line open or blocked at the moment,online
ok so the wimbledon final result just now,online
urgent - is the ring road closed due to the accident at the moment,online
quick one - final score of the asia cup final in the last hour,online
practice problem using gradient descent math,local
urgent - quick check on sensex before i trade this morning,online
so who won the t20 world cup game last night before i head out,online
"genuinely curious, textbook definition of connection pooling",local
Breaking news on the cyclone warning,online
merge sort interview question breakdown,local
Main causes and effects of the boston tea party,local
who's leading in the premier league match currently,online
"just checking, is the subway line closed due to the accident while i'm stuck in traffic",online
when should i pick race conditions over sliding window technique,local
bit manipulation tricks — key points to remember?,local
the euro cup semifinal result just now,online
urgent - the ufc fight card score update please in the last hour,online
database indexing — key points to remember,local
"fyi need to know, who won the champions league final last night at the moment",online
"hey, explain ancient egyptian pyramid construction in a short paragraph",local
is the power outage in the city affecting traffic right now,online
"genuinely curious, how to solve problems using markov chains briefly",local
"for class tomorrow, why is docker containers used instead of mutex vs semaphore with an example",local
quick refresher on virtual memory before my exam,local
"For class tomorrow, the silk road trade routes — what actually happened in simple terms",local
urgent - tesla stock today's high and low this evening,online
how is sensex trending today,online
"just checking, gold rate today's high and low",online
So is there a heat advisory in singapore today,online
How is ripple xrp trending today,online
"genuinely curious, walk through eigenvalues and eigenvectors with numbers thanks",local
merge sort for dummies,local
"for class tomorrow, derive fourier transform step by step",local
"fyi need to know, the euro cup semifinal highlights from tonight?",online
"Just checking, who's leading in the wimbledon final currently at the moment",online
"real talk, current congestion level on the metro line as of now",online
ngl current valuation on infosys shares for the group chat,online
ethereum market cap right now,online
"hey, silver rate market cap right now — need it fast",online
so is nvidia stock pumping or dumping today tonight,online
the thread deadlocks when two locks are acquired in different order,local
quick one - live score for the grand slam tennis match pls,online
Monolith vs microservices interview question breakdown,local
the periodic table history summary for history class,local
"just checking, did dow jones go up or down this morning tonight",online
"fyi need to know, usd to inr rate as of this minute no cap",online
"Real talk, live score for the premier league match",online
Ok important dates related to the cold war origins for revision,local
why is static vs dynamic typing used instead of monads in haskell,local
"real talk, current congestion level on the toll plaza?",online
Final score of the ufc fight card this evening,online
"need this for an interview, why did the partition of india happen in simple terms",local
so current air quality index in tokyo,online
important dates related to the discovery of penicillin,local
did tesla stock go up or down this morning,online
"hey, cardano price right now at the moment",online
"just checking, silver rate rate as of this minute before my meeting",online
"hey, derivative of a function formula and when to use it briefly",local
silver rate live chart movement,online
Ok when should i pick git rebase vs merge over big O notation briefly,local
how does message queues actually work under the hood for my notes,local
Urgent - quick check on silver rate before i trade today,online
"Need this for an interview, the great depression causes — what actually happened",local
dow jones price right now asap,online
notes on hash map for my assignment briefly,local
solid overview of message queues for revision for revision,local
quick one - is the airport terminal closed due to the accident while i'm stuck in traffic,online
"real talk, is the harbor bridge open or blocked at the moment",online
the champions league final score update please,online
textbook definition of SOLID principles in simple terms,local
"So i don't get trie data structure, someone explain",local
"for class tomorrow, walk through markov chains with numbers for revision",local
"real talk, the harbor bridge conditions right now because of the storm for the group chat",online
when should i pick regular expressions over mock objects in testing — struggling with this,local
Quick check on usd to inr before i trade,online
caching strategies example in python please,local
ok so real time quote for the s&p 500 this evening,online
"hey, is tesla stock pumping or dumping today as of now",online
ok so did the tech layoffs news get resolved yet this evening,online
"need this for an interview, key figures involved in the silk road trade routes",local
Is the asia cup final still playing right now,online
did the airline strike get resolved yet,online
bitcoin today's high and low right now,online
The premier league match score update please rn,online
textbook definition of microservices architecture,local
the flyover near the city center conditions right now because of the storm currently,online
urgent - apple stock rate as of this minute,online
"Just checking, is the election results still ongoing this morning",online
Ok static vs dynamic typing example in python please in simple terms,local
Ok so breaking news on the parliament session today just curious,online
quick one - usd to inr price right now as of now,online
central limit theorem formula and when to use it,local
"caching strategies, explain like i'm a beginner coder",local
any updates on the airline strike happening today,online
urgent - the cabinet reshuffle developments as of today this evening,online
the silk road trade routes — what actually happened with an example,local
explain mutex vs semaphore with a simple example,local
ethereum rate as of this minute,online
Practice problem using chain rule in calculus,local
"Fyi need to know, the s&p 500 market cap right now at the moment",online
"just checking, current congestion level on the airport terminal",online
"Genuinely curious, big O notation vs singleton pattern which is better and when for revision",local
"genuinely curious, chain rule in calculus explained with an example problem for my notes",local
key figures involved in the signing of the magna carta,local
quick q - set theory basics formula and when to use it,local
so how is silver rate trending today before my meeting,online
Regular expressions interview question breakdown,local
"I don't get asynchronous programming, someone explain",local
Trie data structure for dummies,local
"for class tomorrow, walk through markov chains with numbers for my notes",local
The pythagorean theorem — proof and intuition,local
ok timeline of the mughal empire timeline — struggling with this,local
"just checking, sensex price right now?",online
TCP vs UDP for dummies,local
how to solve problems using partial derivatives with an example,local
how is bitcoin trending today no cap,online
"hey, who won the ufc fight card last night currently",online
derive integration by parts step by step with an example,local
"need this for an interview, event loop in node tutorial with code for revision",local
key figures involved in the discovery of penicillin,local
"for class tomorrow, main causes and effects of ancient egyptian pyramid construction briefly",local
The india vs australia test result just now this evening,online
Urgent - ripple xrp live chart movement before i head out,online
difference between pointers vs references and subqueries in sql,local
"need this for an interview, give me a quick rundown of the decolonization of africa for revision",local
"just checking, live score for the ipl match for real",online
did dogecoin go up or down this morning before my meeting,online
Quick q - textbook definition of monolith vs microservices briefly,local
how would you implement generics in java from scratch,local
big O notation vs compiler vs interpreter which is better and when pls,local
practice problem using the pythagorean theorem in simple terms,local
Explain big O notation with a simple example,local
the f1 race score update please before i head out,online
real world use case for mutex vs semaphore,local
who's leading in the euro cup semifinal currently,online
Real time quote for cardano,online
big O notation interview question breakdown,local
quick q - notes on connection pooling for my assignment briefly,local
matrix multiplication rules for my calculus homework,local
The s&p 500 market cap right now,online
"need this for an interview, real world use case for multithreading in java for revision",local
quick q - hypothesis testing for my calculus homework thanks,local
How to solve problems using permutations and combinations,local
"For my homework, derive central limit theorem step by step pls",local
"Hey, current congestion level on the metro line before i head out",online
ok how to solve problems using taylor series expansion briefly,local
so give me a quick rundown of the mughal empire timeline for my notes,local
"Hey, is infosys shares pumping or dumping today before my meeting",online
"Genuinely curious, compare immutability in functional programming and unit testing vs integration testing in one paragraph?",local
Is the champions league final still playing right now pls,online
ok why did the theory of evolution basics happen pls,local
did eur to usd go up or down this morning in the last hour,online
"just checking, is the premier league match still playing right now this morning",online
Compare memoization and version control branching in one paragraph,local
"i keep forgetting memoization, break it down for me",local
"genuinely curious, explain backtracking algorithms with a simple example thanks",local
chain rule in calculus for my calculus homework,local
"hey, tcs stock today's high and low this evening",online
Quick one - is the subway line closed due to the accident,online
important dates related to the industrial revolution key inventions?,local
so current congestion level on the main train route before i head out,online
current air quality index in chicago,online
"just checking, the central bank's rate decision — anything new in the last hour",online
Ok how does pointers vs references actually work under the hood for my notes,local
so gradient descent math explained with an example problem for revision,local
explain database indexing with a simple example,local
"For class tomorrow, the silk road trade routes summary for history class thanks",local
"need this for an interview, practice problem using bayes theorem in simple terms",local
ok timeline of the unification of germany thanks,local
is the harbor bridge closed due to the accident before my meeting,online
So tcs stock price action this week so far pls,online
Is the subway line closed due to the accident,online
"Fyi need to know, did cardano go up or down this morning for the group chat",online
"Real talk, how is cardano trending today before my meeting",online
background on the age of exploration key figures for my essay before my exam,local
ok so is the vaccine rollout progress affecting traffic right now?,online
ACID properties vs load balancing which is better and when,local
"hey, tesla stock price right now asap",online
is the airport terminal open or blocked at the moment before i head out,online
solid overview of sharding for revision,local
ok timeline of the russian revolution 1917,local
"for class tomorrow, when the berlin wall fell — what actually happened?",local
Quick one - is the flight delayed out of san francisco due to fog,online
quick one - current valuation on sensex,online
quick one - current air quality index in toronto no cap,online
solid overview of observer pattern for revision,local
the trade deal talks developments as of today,online
"fyi need to know, who's leading in the wimbledon final currently asap",online
"just checking, is the flyover near the city center flooded from the downpour right now asap",online
give me a quick rundown of the american civil war causes,local
permutations and combinations explained with an example problem,local
"real talk, the metro line conditions right now because of the storm",online
"real talk, breaking news on the wildfire in the hills for the group chat",online
greedy algorithms tutorial with code,local
did silver rate go up or down this morning as of now,online
give me a quick rundown of the treaty of versailles terms for revision,local
What's going on with the cyclone warning at the moment,online
did crude oil price go up or down this morning,online
the wimbledon final highlights from tonight,online
tcs stock price action this week so far before my meeting,online
Solid overview of process vs thread for revision,local
urgent - did the election results get resolved yet in the last hour,online
"real talk, bitcoin price right now for real",online
REST vs GraphQL — key points to remember,local
summarize race conditions in a few bullet points,local
how would you implement dependency injection from scratch before my exam,local
current valuation on eur to usd,online
Ok so dow jones rate as of this minute right now,online
ok so is the harbor bridge open or blocked at the moment no cap,online
"For class tomorrow, difference between dynamic programming and regular expressions pls",local
nifty 50 price right now tonight,online
urgent - how is nifty 50 trending today while i'm stuck in traffic,online
ok so the supreme court verdict status update please before i head out,online
Is the airport terminal flooded from the downpour right now,online
important dates related to the causes of world war 1,local
Is infosys shares pumping or dumping today,online
"i keep forgetting compiler vs interpreter, break it down for me",local
Walk me through caching strategies step by step with an example,local
who won the champions league final last night before my meeting,online
"hey, explain the treaty of versailles terms in a short paragraph",local
"for my homework, important dates related to the partition of india",local
so key figures involved in the fall of the roman empire with an example,local
did apple stock go up or down this morning,online
is the expressway open or blocked at the moment,online
quick q - fourier transform for my calculus homework thanks,local
so practice problem using central limit theorem,local
derivative of a function explained with an example problem,local
why did the treaty of versailles terms happen,local
quick q - why is REST vs GraphQL used instead of B-tree indexing?,local
current congestion level on the airport terminal before my meeting,online
joins in sql interview question breakdown,local
explain backtracking algorithms with a simple example,local
explain the industrial revolution key inventions in a short paragraph,local
ok why is denormalization used instead of lambda expressions for revision,local
timeline of the russian revolution 1917 for my notes,local
who won the la liga clasico last night,online
ngl the asia cup final highlights from tonight in the last hour,online
Quick q - key figures involved in the russian revolution 1917 before my exam,local
quick one - any delays on the main train route today at the moment,online
Subqueries in sql cheat sheet in simple terms,local
"hey, background on the renaissance key artists for my essay thanks",local
Is the trade deal talks affecting traffic right now no cap,online
permutations and combinations for my calculus homework,local
quick q - practice problem using correlation vs causation for revision,local
so the asia cup final highlights from tonight,online
so the nba game score update please asap,online
current congestion level on the subway line,online
ok real world use case for singleton pattern,local
"for class tomorrow, solid overview of monads in haskell for revision thanks",local
key figures involved in the theory of evolution basics,local
"i keep forgetting map reduce filter functions, break it down for me?",local
"Just checking, current valuation on solana this morning",online
the harbor bridge conditions right now because of the storm this evening,online
"Hey, nvidia stock today's high and low for the group chat",online
the recursive fibonacci function is too slow for n over 40,local
static vs dynamic typing — key points to remember?,local
So probability distributions explained with an example problem for my notes,local
topological sort example in python please,local
background on the silk road trade routes for my essay,local
is gold rate pumping or dumping today tonight,online
"i don't get observer pattern, someone explain",local
"Need this for an interview, timeline of the fall of the roman empire",local
why did the partition of india happen,local
"Hey, ripple xrp live chart movement for the group chat",online
"Need this for an interview, main causes and effects of the printing press invention impact",local
"fyi need to know, latest on the storm system offshore in real time",online
"hey, the supreme court verdict developments as of today pls",online
"Genuinely curious, bayes theorem formula and when to use it",local
important dates related to ancient egyptian pyramid construction,local
"genuinely curious, practice problem using permutations and combinations for revision",local
"real talk, is the la liga clasico still playing right now — need it fast",online
quick q - how would you implement backtracking algorithms from scratch for my notes,local
"need this for an interview, derive the pythagorean theorem step by step?",local
"Genuinely curious, set theory basics formula and when to use it?",local
inheritance vs composition for dummies for my notes,local
latest on the flood situation downtown in real time before i head out,online
ngl the world cup qualifier result just now asap,online
walk me through ci cd pipeline basics step by step,local
Ok so current congestion level on the toll plaza right now,online
"fyi need to know, the ipl match result just now rn",online
Bitcoin rate as of this minute,online
So the central bank's rate decision — anything new in the last hour,online
Is the subway line flooded from the downpour right now right now,online
So important dates related to the french revolution timeline,local
bitcoin price right now,online
how is gold rate trending today,online
The discovery of penicillin summary for history class,local
background on the cold war origins for my essay,local
so ancient egyptian pyramid construction summary for history class pls,local
"for my homework, fourier transform — proof and intuition pls",local
so current congestion level on the ring road no cap,online
explain asynchronous programming with a simple example,local
why did the french revolution timeline happen,local
The india vs australia test result just now,online
quick one - is crude oil price pumping or dumping today for real,online
quick one - should i carry an umbrella in los angeles today while i'm stuck in traffic,online
"fyi need to know, is the storm system offshore still ongoing for real",online
"I don't get mock objects in testing, someone explain",local
so is the metro line flooded from the downpour right now just curious,online
"need this for an interview, important dates related to the age of exploration key figures in simple terms",local
quick refresher on git rebase vs merge before my exam with an example,local
"Real talk, current congestion level on the main train route",online
Is it safe to drive in pune with this storm,online
did ethereum go up or down this morning before i head out,online
"real talk, did tcs stock go up or down this morning at the moment",online
The cold war origins summary for history class for revision,local
ok so any delays on the metro line today pls,online
Is the india vs australia test still playing right now,online
connection pooling tutorial with code,local
So traffic status on the ring road this morning for real,online
so is the airport terminal closed due to the accident as of now,online
"for class tomorrow, practice problem using correlation vs causation thanks",local
"Hey, the vaccine rollout progress developments as of today no cap",online
ok so current congestion level on the airport terminal pls,online
"ci cd pipeline basics, explain like i'm a beginner coder briefly",local
so is the toll plaza closed due to the accident in the last hour,online
So the moon landing mission details — what actually happened,local
compare B-tree indexing and bit manipulation tricks in one paragraph,local
"real talk, is the ring road open or blocked at the moment no cap",online
explain tail recursion with a simple example for revision,local
Walk me through SOLID principles step by step,local
"real talk, is there a heat advisory in delhi today currently",online
is ethereum gas fee high right now,online
"Real talk, is the flyover near the city center flooded from the downpour right now before my meeting",online
so the ufc fight card result just now pls,online
quick check on ripple xrp before i trade,online
what's going on with the airline strike at the moment,online
urgent - who's leading in the nba game currently before i head out,online
normalization in databases example in python please,local
"need this for an interview, dynamic programming example in python please with an example",local
Ngl any delays on the ring road today no cap,online
compare backtracking algorithms and monads in haskell in one paragraph,local
Important dates related to the american civil war causes,local
quick one - did the cabinet reshuffle get resolved yet — need it fast,online
"for class tomorrow, immutability in functional programming, explain like i'm a beginner coder for revision",local
"quick one - just heard about the heatwave alert, what's the latest before i head out",online
"just checking, quick check on dow jones before i trade",online
the wimbledon final score update please at the moment,online
"hey, the heatwave alert developments as of today in the last hour",online
how does ci cd pipeline basics actually work under the hood pls,local
ok so any updates on the tech layoffs news happening today this evening,online
did the champions league final go to penalties,online
How to solve problems using probability distributions for my notes,local
ngl the euro cup semifinal score update please before my meeting,online
Nifty 50 rate as of this minute,online
"hey, is the subway line flooded from the downpour right now no cap",online
Current valuation on ethereum,online
quick q - timeline of the unification of germany with an example,local
"fyi need to know, who won the world cup qualifier last night asap",online
the ipl match score update please pls,online
so the expressway conditions right now because of the storm,online
the highway conditions right now because of the storm,online
is the ufc fight card still playing right now,online
"hey, what's going on with the power outage in the city at the moment as of now",online
the ring road conditions right now because of the storm,online
"ok i keep forgetting REST vs GraphQL, break it down for me briefly",local
Quick one - is it safe to drive in new york with this storm while i'm stuck in traffic,online
ok law of sines explained with an example problem with an example,local
"genuinely curious, i keep forgetting docker containers, break it down for me pls",local
the s&p 500 today's high and low,online
Derive permutations and combinations step by step before my exam,local
urgent - current congestion level on the harbor bridge while i'm stuck in traffic,online
current congestion level on the ring road tonight,online
The la liga clasico result just now,online
live score for the ipl match,online
traffic status on the main train route this morning,online
"hey, is the main train route closed due to the accident before my meeting",online
Quick q - markov chains for my calculus homework?,local
Joins in sql for dummies,local
"fyi need to know, is the harbor bridge open or blocked at the moment — need it fast",online
quick refresher on caching strategies before my exam,local
"genuinely curious, how would you implement test driven development from scratch",local
timeline of the unification of germany,local
is infosys shares pumping or dumping today,online
"Genuinely curious, why did the partition of india happen in simple terms",local
the cyclone warning developments as of today while i'm stuck in traffic,online
breaking news on the ceasefire negotiations this evening,online
"for my homework, key figures involved in the printing press invention impact for revision",local
Is the cyclone warning affecting traffic right now,online
timeline of the discovery of penicillin,local
The covid case numbers status update please,online
how is ripple xrp trending today,online
quick refresher on version control branching before my exam with an example,local
"Real talk, the ipl match result just now tonight",online
Current congestion level on the flyover near the city center,online
"genuinely curious, explain the unification of germany in a short paragraph with an example",local
how do I loop backwards through an array list in Java,local
difference between load balancing and mock objects in testing before my exam,local
"hey, any updates on the storm system offshore happening today — need it fast",online
"need this for an interview, explain the american civil war causes in a short paragraph thanks",local
"need this for an interview, practice problem using vector cross product pls",local
"genuinely curious, give me a quick rundown of the unification of germany for revision",local
Difference between SOLID principles and closures in javascript,local
the election results status update please,online
latest on the election results in real time,online
timeline of the french revolution timeline,local
quick sort vs B-tree indexing which is better and when,local
how would you implement window functions in sql from scratch,local
"Genuinely curious, connection pooling interview question breakdown with an example",local
Difference between merge sort and abstract class vs interface,local
so will it rain in bangalore in the next few hours for the group chat,online
The wildfire in the hills status update please,online
key figures involved in the unification of germany with an example,local
Tesla stock rate as of this minute,online
crude oil price live chart movement before my meeting,online
compare version control branching and connection pooling in one paragraph,local
"Real talk, the la liga clasico highlights from tonight",online
is the flight delayed out of chennai due to fog?,online
ok partial derivatives formula and when to use it for revision,local
"need this for an interview, derivative of a function formula and when to use it thanks",local
"Genuinely curious, docker containers for dummies thanks",local
"hey, permutations and combinations — proof and intuition before my exam",local
how does quick sort actually work under the hood,local
quick one - current congestion level on the interstate tonight,online
So practice problem using bayes theorem — struggling with this,local
quick q - background on the boston tea party for my essay before my exam,local
limits and continuity — proof and intuition,local
explain the mughal empire timeline in a short paragraph for revision,local
notes on compiler vs interpreter for my assignment,local
Multiple inheritance in python tutorial with code,local
so real world use case for dijkstra's algorithm — struggling with this,local
Ngl real time quote for the s&p 500 rn,online
normalization in databases interview question breakdown,local
the great depression causes — what actually happened with an example,local
Quick q - practice problem using integration by parts before my exam,local
"for class tomorrow, timeline of the wright brothers first flight",local
how does operator overloading in c++ actually work under the hood,local
"need this for an interview, how to solve problems using gradient descent math — struggling with this",local
live score for the la liga clasico?,online
"need this for an interview, walk through integration by parts with numbers thanks",local
Tcs stock price action this week so far,online
"hey, ripple xrp rate as of this minute just curious",online
Is infosys shares pumping or dumping today rn,online
ngl is usd to inr pumping or dumping today just curious,online
ok central limit theorem formula and when to use it briefly,local
CAP theorem vs singleton pattern which is better and when,local
so is the main train route open or blocked at the moment right now,online
"For my homework, when should i pick test driven development over dijkstra's algorithm",local
important dates related to the printing press invention impact?,local
"Need this for an interview, explain the french revolution timeline in a short paragraph?",local
urgent - latest on the cabinet reshuffle in real time no cap,online
quick one - current congestion level on the harbor bridge before my meeting,online
"real talk, breaking news on the parliament session today no cap",online
how is dogecoin trending today no cap,online
how to solve problems using set theory basics thanks,local
"fyi need to know, breaking news on the vaccine rollout progress tonight",online
"real talk, the s&p 500 market cap right now this evening",online
why did the treaty of versailles terms happen before my exam,local
Any updates on the wildfire in the hills happening today as of now,online
ok walk through law of sines with numbers?,local
ok so is the metro line closed due to the accident,online
"hey, background on the american civil war causes for my essay for my notes",local
law of cosines formula and when to use it,local
current congestion level on the flyover near the city center as of now,online
quick check on nasdaq before i trade pls,online
"hey, give me a quick rundown of the great depression causes pls",local
"For class tomorrow, walk through fourier transform with numbers briefly",local
"Hey, tcs stock price right now this evening",online
infosys shares price action this week so far for real,online
difference between docker containers and lambda expressions,local
how bad is the trade deal talks right now tonight,online
So any updates on the cyclone warning happening today for real,online
the subway line conditions right now because of the storm pls,online
quick one - is the ring road closed due to the accident,online
so bitcoin market cap right now no cap,online
"Hey, timeline of the fall of the roman empire before my exam",local
ok big O notation vs lambda expressions which is better and when thanks,local
Solana price right now,online
"fyi need to know, is the ashes series still playing right now",online
Is nasdaq pumping or dumping today,online
"Hey, eur to usd today's high and low before my meeting",online
ok real world use case for virtual functions in c++,local
quick q - walk through markov chains with numbers with an example,local
quick one - real time quote for the s&p 500 as of now,online
"fyi need to know, is the highway closed due to the accident at the moment",online
Will it rain in singapore in the next few hours this morning,online
ok so is the f1 race still playing right now tonight,online
Urgent - did infosys shares go up or down this morning this morning,online
Quick q - the partition of india — what actually happened — struggling with this,local
"Need this for an interview, set theory basics for my calculus homework thanks",local
so why did the decolonization of africa happen pls,local
"need this for an interview, correlation vs causation — proof and intuition pls",local
"for class tomorrow, give me a quick rundown of the decolonization of africa",local
"genuinely curious, partial derivatives explained with an example problem for my notes",local
how is dogecoin trending today,online
"need this for an interview, primary key vs unique key for dummies pls",local
current valuation on tesla stock,online
timeline of the causes of world war 1,local
Timeline of the industrial revolution key inventions,local
The euro cup semifinal score update please,online
Walk through standard deviation formula with numbers,local
how bad is the border tensions right now no cap,online
"Real talk, current air quality index in kolkata this morning",online
"real talk, any updates on the heatwave alert happening today this morning",online
"just checking, breaking news on the protest downtown?",online
"hey, explain the renaissance key artists in a short paragraph pls",local
"genuinely curious, vector cross product for my calculus homework pls",local
practice problem using set theory basics thanks,local
ngl the earthquake near the coast status update please today,online
"for my homework, derive law of sines step by step",local
background on the signing of the magna carta for my essay,local
"Hey, walk through linear regression math with numbers pls",local
"Genuinely curious, the pythagorean theorem for my calculus homework — struggling with this",local
real time quote for tcs stock before i head out,online
"For my homework, derive fourier transform step by step?",local
"Just checking, eur to usd today's high and low no cap",online
pros and cons of load balancing?,local
"for my homework, event loop in node for dummies",local
so the russian revolution 1917 summary for history class for revision,local
textbook definition of bit manipulation tricks,local
ok so any delays on the flyover near the city center today for real,online
Is the earthquake near the coast still ongoing,online
quick q - give me a quick rundown of the partition of india pls,local
"hey, real time quote for tesla stock just curious",online
getting circular import error between two python modules,local
urgent - crude oil price live chart movement while i'm stuck in traffic,online
"fyi need to know, who's leading in the wimbledon final currently right now",online
"so primary key vs unique key, explain like i'm a beginner coder with an example",local
ACID properties interview question breakdown,local
urgent - final score of the f1 race no cap,online
"Hey, difference between regular expressions and dijkstra's algorithm thanks",local
urgent - the s&p 500 live chart movement asap,online
explain the french revolution timeline in a short paragraph,local
"need this for an interview, compare TCP vs UDP and joins in sql in one paragraph before my exam",local
latest on the flood situation downtown in real time,online
Is the subway line flooded from the downpour right now in the last hour,online
"for my homework, important dates related to the moon landing mission details",local
urgent - who's leading in the la liga clasico currently this evening,online
did the protest downtown get resolved yet,online
"genuinely curious, the age of exploration key figures — what actually happened with an example",local
Kubernetes pods example in python please?,local
urgent - dogecoin live chart movement,online
Latest on the parliament session today in real time,online
"genuinely curious, explain the silk road trade routes in a short paragraph in simple terms",local
"hey, key figures involved in the russian revolution 1917 for revision",local
latest on the cabinet reshuffle in real time,online
latest on the wildfire in the hills in real time for real,online
how humid is it in chennai right now,online
backtracking algorithms cheat sheet,local
ok partial derivatives explained with an example problem,local
summarize dynamic programming in a few bullet points,local
did nvidia stock go up or down this morning asap,online
"hey, did the ceasefire negotiations get resolved yet before my meeting",online
so connection pooling for dummies,local
law of cosines for my calculus homework,local
compare foreign key constraints and SOLID principles in one paragraph,local
so when should i pick monolith vs microservices over race conditions for my notes,local
ok quick refresher on trie data structure before my exam for my notes,local
ok so gold rate rate as of this minute this morning,online
Quick q - key figures involved in the periodic table history for revision,local
current congestion level on the interstate right now,online
so is the flight delayed out of san francisco due to fog tonight,online
Set theory basics formula and when to use it for my notes,local
compare normalization forms and microservices architecture in one paragraph,local
"need this for an interview, primary key vs unique key tutorial with code pls",local
the industrial revolution key inventions summary for history class pls,local
background on the moon landing mission details for my essay before my exam,local
derive correlation vs causation step by step,local
Is the champions league final still playing right now,online
Final score of the premier league match,online
nasdaq price action this week so far,online
how is cardano trending today,online
"for class tomorrow, main causes and effects of the industrial revolution key inventions with an example",local
Urgent - ethereum price right now tonight,online
two pointer technique for dummies,local
Tesla stock market cap right now asap,online
"fyi need to know, real time quote for tcs stock just curious",online
"Just checking, is the ring road flooded from the downpour right now pls",online
"just checking, who's leading in the wimbledon final currently — need it fast",online
ngl traffic status on the expressway this morning this morning,online
The printing press invention impact — what actually happened before my exam,local
"for class tomorrow, why is sharding used instead of stack vs heap memory briefly",local
"for class tomorrow, derive gradient descent math step by step thanks",local
Inheritance vs composition — key points to remember,local
"genuinely curious, integration by parts for my calculus homework",local
explain singleton pattern with a simple example,local
is the ring road closed due to the accident,online
"Just checking, what's going on with the ceasefire negotiations at the moment in the last hour",online
Quick q - derive set theory basics step by step,local
practice problem using probability distributions,local
so monolith vs microservices — key points to remember thanks,local
How humid is it in los angeles right now,online
How does unit testing vs integration testing actually work under the hood in simple terms,local
"just checking, infosys shares live chart movement as of now",online
background on the partition of india for my essay — struggling with this,local
quick one - should i carry an umbrella in hyderabad today no cap,online
the nba game highlights from tonight,online
Who's leading in the nba game currently,online
why is two pointer technique used instead of deadlocks,local
"need this for an interview, when should i pick CAP theorem over bit manipulation tricks for revision",local
"Fyi need to know, final score of the champions league final tonight",online
"just checking, traffic status on the metro line this morning just curious",online
practice problem using correlation vs causation,local
who won the premier league match last night,online
Final score of the ufc fight card,online
Walk through set theory basics with numbers,local
"hey, give me a quick rundown of the age of exploration key figures for revision",local
usd to inr rate as of this minute at the moment,online
fourier transform explained with an example problem,local
is the main train route flooded from the downpour right now,online
urgent - the grand slam tennis match score update please at the moment,online
"Hey, practice problem using partial derivatives in simple terms",local
ngl is the wildfire in the hills still ongoing tonight,online
main causes and effects of the printing press invention impact,local
"Just heard about the protest downtown, what's the latest rn",online
is the election results still ongoing this morning,online
"hey, background on the ottoman empire decline for my essay",local
quick q - derive law of sines step by step briefly,local
"need this for an interview, difference between denormalization and ACID properties for my notes",local
tesla stock market cap right now asap,online
integration by parts explained with an example problem,local
"need this for an interview, explain the wright brothers first flight in a short paragraph thanks",local
The t20 world cup game highlights from tonight,online
summarize backtracking algorithms in a few bullet points with an example,local
Quick one - the vaccine rollout progress — anything new in the last hour currently,online
primary key vs unique key tutorial with code,local
so final score of the t20 world cup game before my meeting,online
quick q - explain the signing of the magna carta in a short paragraph for revision,local
main causes and effects of when the berlin wall fell for my notes,local
"real talk, live score for the ufc fight card in the last hour",online
write pseudocode for binary search,local
quick q - pros and cons of message queues for revision,local
"real talk, is the toll plaza flooded from the downpour right now in the last hour",online
so eur to usd price right now tonight,online
"hey, is the t20 world cup game still playing right now rn",online
"fyi need to know, eur to usd today's high and low this evening",online
"fyi need to know, is nasdaq pumping or dumping today today",online
is the metro line flooded from the downpour right now,online
the s&p 500 price action this week so far for real,online
quick one - is the t20 world cup game still playing right now right now,online
Solid overview of big O notation for revision before my exam,local
compare polymorphism and normalization forms in one paragraph in simple terms,local
important dates related to the boston tea party,local
Quick q - trie data structure cheat sheet for my notes,local
Quick check on reliance shares before i trade,online
is the nba game still playing right now,online
so abstract class vs interface vs promises vs callbacks which is better and when,local
Load balancing for dummies,local
is there a heat advisory in toronto today,online
"just checking, how is bitcoin trending today no cap",online
"hey, any delays on the harbor bridge today currently",online
"for my homework, garbage collection example in python please — struggling with this",local
ethereum live chart movement,online
The cold war origins — what actually happened,local
main causes and effects of the decolonization of africa pls,local
"fyi need to know, is the main train route flooded from the downpour right now no cap",online
"for class tomorrow, compare virtual memory and memoization in one paragraph briefly",local
"real talk, is it safe to drive in chicago with this storm while i'm stuck in traffic",online
integration by parts formula and when to use it for revision,local
Ok derive partial derivatives step by step,local
key figures involved in the ottoman empire decline briefly,local
"genuinely curious, fourier transform for my calculus homework in simple terms",local
"Hey, the highway conditions right now because of the storm in the last hour",online
The boston tea party — what actually happened briefly,local
the euro cup semifinal highlights from tonight no cap,online
"hey, summarize normalization forms in a few bullet points pls",local
"need this for an interview, textbook definition of multithreading in java",local
real world use case for binary search tree,local
quick one - tcs stock rate as of this minute currently,online
"fyi need to know, final score of the premier league match today",online
quick one - quick check on eur to usd before i trade tonight,online
"need this for an interview, main causes and effects of the age of exploration key figures for revision",local
Ok so bitcoin live chart movement this morning,online
Quick one - the grand slam tennis match score update please tonight,online
"i keep forgetting garbage collection, break it down for me",local
Who won the wimbledon final last night,online
"fyi need to know, the ufc fight card result just now currently",online
Real world use case for dijkstra's algorithm,local
"genuinely curious, how would you implement virtual functions in c++ from scratch in simple terms",local
eventual consistency interview question breakdown,local
quick one - real time quote for sensex — need it fast,online
Explain the mughal empire timeline in a short paragraph,local
walk through standard deviation formula with numbers,local
my binary search returns wrong index for even length arrays,local
How to solve problems using logarithm rules,local
"real talk, who won the t20 world cup game last night this evening",online
Is the ipl match still playing right now for real,online
who won the ufc fight card last night,online
The euro cup semifinal result just now,online
"need this for an interview, important dates related to the french revolution timeline",local
The f1 race result just now for real,online
"hey, walk through integration by parts with numbers — struggling with this",local
who won the t20 world cup game last night just curious,online
"hey, is nasdaq pumping or dumping today",online
"genuinely curious, inheritance vs composition tutorial with code",local
traffic status on the flyover near the city center this morning tonight,online
"fyi need to know, what's going on with the election results at the moment just curious",online
logarithm rules for my calculus homework in simple terms,local
"for class tomorrow, important dates related to the partition of india pls",local
quick q - key figures involved in the treaty of versailles terms before my exam,local
"real talk, traffic status on the harbor bridge this morning currently",online
practice problem using set theory basics?,local
how does observer pattern actually work under the hood,local
ok so gold rate market cap right now,online
quick q - pros and cons of foreign key constraints — struggling with this,local
"hey, is silver rate pumping or dumping today",online
quick q - derive eigenvalues and eigenvectors step by step thanks,local
"just checking, the metro line conditions right now because of the storm",online
Quick q - stack vs heap memory cheat sheet?,local
"real talk, live score for the la liga clasico currently",online
how to solve problems using linear regression math before my exam,local
is there a heat advisory in bangalore today,online
my linked list reversal function loses the tail node,local
"Fyi need to know, the airport terminal conditions right now because of the storm",online
"Real talk, who's leading in the wimbledon final currently at the moment",online
publish subscribe pattern tutorial with code with an example,local
compiler vs interpreter vs unit testing vs integration testing which is better and when,local
is the t20 world cup game still playing right now as of now,online
current congestion level on the highway while i'm stuck in traffic,online
quick one - how bad is the cabinet reshuffle right now before my meeting,online
"genuinely curious, background on the renaissance key artists for my essay in simple terms",local
quick q - notes on database indexing for my assignment,local
quick one - did silver rate go up or down this morning?,online
"Fyi need to know, the asia cup final score update please just curious",online
"hey, garbage collection for dummies",local
how would you implement lambda expressions from scratch,local
so important dates related to when the berlin wall fell pls,local
Quick one - final score of the champions league final tonight,online
"need this for an interview, real world use case for virtual memory pls",local
Nasdaq price right now,online
quick one - the election results — anything new in the last hour rn,online
immutability in functional programming interview question breakdown,local
the trade deal talks status update please,online
compiler vs interpreter for dummies,local
walk through logarithm rules with numbers,local
integration by parts formula and when to use it,local
Fourier transform for my calculus homework,local
current valuation on tesla stock tonight,online
"hey, is the flight delayed out of bangalore due to fog as of now",online
"hey, the euro cup semifinal result just now at the moment",online
ok so cardano today's high and low while i'm stuck in traffic,online
crude oil price today's high and low — need it fast,online
Who's leading in the la liga clasico currently before i head out,online
when should i pick git rebase vs merge over normalization forms,local
Foreign key constraints — key points to remember,local
Is the flight delayed out of san francisco due to fog,online
so main causes and effects of the periodic table history,local
Give me a quick rundown of the treaty of versailles terms,local
correlation vs causation explained with an example problem,local
"Fyi need to know, any delays on the harbor bridge today this morning",online
"i don't get immutability in functional programming, someone explain",local
"fyi need to know, is it safe to drive in seoul with this storm before my meeting",online
ngl how is silver rate trending today for the group chat,online
"for my homework, linear regression math — proof and intuition before my exam",local
quick check on reliance shares before i trade pls,online
How does multiple inheritance in python actually work under the hood,local
"need this for an interview, normalization in databases vs dynamic programming which is better and when before my exam",local
Mutex vs semaphore tutorial with code,local
Urgent - is the airport terminal closed due to the accident tonight,online
Current congestion level on the toll plaza,online
urgent - ripple xrp price right now in the last hour,online
why is subqueries in sql used instead of foreign key constraints,local
"Need this for an interview, summarize docker containers in a few bullet points thanks",local
reliance shares price action this week so far today,online
"hey, who's leading in the ufc fight card currently in the last hour",online
Quick q - compare race conditions and dependency injection in one paragraph,local
when should i pick merge sort over monolith vs microservices before my exam,local
urgent - is the subway line flooded from the downpour right now pls,online
ok the french revolution timeline summary for history class in simple terms,local
Traffic status on the toll plaza this morning,online
Is the interstate flooded from the downpour right now,online
"hey, is the subway line closed due to the accident today",online
correlation vs causation for my calculus homework for revision,local
how is cardano trending today before my meeting,online
walk me through regular expressions step by step,local
"Just checking, solana market cap right now right now",online
How bad is the power outage in the city right now,online
quick q - how to solve problems using chain rule in calculus,local
"hey, traffic status on the main train route this morning — need it fast",online
quick one - current valuation on usd to inr this evening,online
Probability distributions formula and when to use it,local
So pros and cons of test driven development in simple terms,local
why is hash map used instead of stack vs heap memory,local
"hey, pros and cons of memoization for my notes",local
ok so traffic status on the flyover near the city center this morning just curious,online
so when should i pick abstract class vs interface over bit manipulation tricks briefly,local
"Just checking, is the euro cup semifinal still playing right now",online
so nvidia stock live chart movement before my meeting,online
Ngl nifty 50 rate as of this minute in the last hour,online
"for class tomorrow, how would you implement big O notation from scratch thanks",local
the euro cup semifinal score update please,online
"genuinely curious, why is normalization forms used instead of merge sort",local
Ok when should i pick multithreading in java over observer pattern with an example,local
Standard deviation formula explained with an example problem,local
"For class tomorrow, pros and cons of dynamic programming for revision",local
why did the age of exploration key figures happen,local
"for class tomorrow, background on the discovery of penicillin for my essay",local
Solana market cap right now while i'm stuck in traffic,online
quick one - who's leading in the euro cup semifinal currently rn,online
Real time quote for tesla stock for the group chat,online
fourier transform explained with an example problem pls,local
Dogecoin today's high and low,online
Pros and cons of microservices architecture thanks,local
"Just checking, traffic status on the ring road this morning — need it fast",online
explain the boston tea party in a short paragraph,local
How humid is it in paris right now before my meeting,online
cardano live chart movement,online
ok background on the unification of germany for my essay?,local
Ok so is the main train route closed due to the accident for the group chat,online
Ngl is the airport terminal flooded from the downpour right now this evening,online
is the expressway open or blocked at the moment in the last hour,online
main causes and effects of the russian revolution 1917,local
why did the periodic table history happen?,local
summarize foreign key constraints in a few bullet points,local
Explain the unification of germany in a short paragraph,local
"hey, current congestion level on the flyover near the city center right now",online
"fyi need to know, final score of the world cup qualifier at the moment",online
"Fyi need to know, nifty 50 price action this week so far",online
the supreme court verdict developments as of today today,online
nvidia stock live chart movement — need it fast,online
"For my homework, why did the treaty of versailles terms happen for my notes",local
Walk through probability distributions with numbers,local
how is tesla stock trending today,online
how to solve problems using logarithm rules before my exam,local
"for class tomorrow, give me a quick rundown of the printing press invention impact pls",local
quick check on nasdaq before i trade as of now,online
quick q - the wright brothers first flight summary for history class for revision,local
"just checking, the la liga clasico score update please as of now",online
nifty 50 rate as of this minute as of now,online
"fyi need to know, real time quote for dogecoin at the moment",online
"fyi need to know, current congestion level on the airport terminal just curious",online
"linked list, explain like i'm a beginner coder",local
should i carry an umbrella in bangalore today right now,online
"Need this for an interview, the american civil war causes summary for history class for my notes",local
key figures involved in the russian revolution 1917,local
Ok so breaking news on the covid case numbers before i head out,online
silver rate live chart movement this evening,online
Standard deviation formula for my calculus homework,local
"need this for an interview, why is monads in haskell used instead of virtual functions in c++ for my notes",local
ok so is the ashes series still playing right now,online
Law of cosines for my calculus homework,local
"hey, current congestion level on the expressway this morning",online
Important dates related to the printing press invention impact in simple terms,local
"Just checking, is the t20 world cup game still playing right now rn",online
ok so what's going on with the central bank's rate decision at the moment in the last hour,online
Solid overview of test driven development for revision,local
Background on ancient egyptian pyramid construction for my essay,local
"Need this for an interview, walk me through recursion step by step for revision",local
"for class tomorrow, fourier transform explained with an example problem — struggling with this",local
is the metro line open or blocked at the moment rn,online
"Fyi need to know, silver rate rate as of this minute tonight",online
Quick one - did solana go up or down this morning right now,online
"Need this for an interview, solid overview of test driven development for revision — struggling with this",local
"just checking, who's leading in the f1 race currently currently",online
quick one - the ashes series result just now no cap,online
"hey, the champions league final highlights from tonight currently",online
quick one - who won the grand slam tennis match last night,online
quick one - real time quote for nvidia stock currently,online
ok so real time quote for bitcoin rn,online
"I don't get load balancing, someone explain — struggling with this",local
So eigenvalues and eigenvectors — proof and intuition — struggling with this,local
"Hey, how does hash map actually work under the hood briefly",local
The euro cup semifinal result just now in the last hour,online
usd to inr market cap right now,online
explain dependency injection with a simple example,local
"Just checking, solana market cap right now currently",online
"fyi need to know, any delays on the interstate today while i'm stuck in traffic",online
"Hey, derive limits and continuity step by step for revision",local
Ok so live score for the nba game currently,online
ok give me a quick rundown of the ottoman empire decline,local
convex optimization basics — proof and intuition with an example,local
Pros and cons of singleton pattern pls,local
so give me a quick rundown of the great depression causes before my exam,local
Ok walk through taylor series expansion with numbers thanks,local
so the parliament session today status update please for the group chat,online
Current valuation on nvidia stock this evening,online
the central bank's rate decision developments as of today at the moment,online
Explain the age of exploration key figures in a short paragraph,local
so who's leading in the ashes series currently while i'm stuck in traffic,online
process vs thread tutorial with code,local
so crude oil price price right now tonight,online
"Genuinely curious, quadratic formula formula and when to use it in simple terms",local
"For my homework, thread pools vs message queues which is better and when briefly",local
"real talk, the premier league match result just now for the group chat",online
vector cross product formula and when to use it with an example,local
any updates on the cabinet reshuffle happening today,online
getting a null pointer exception in java when i loop through a list,local
quick one - will it rain in tokyo in the next few hours for the group chat,online
"Real talk, cardano market cap right now right now",online
urgent - final score of the india vs australia test in the last hour,online
Walk through taylor series expansion with numbers,local
Urgent - current valuation on nasdaq in the last hour,online
quick one - the vaccine rollout progress developments as of today — need it fast,online
how does recursion actually work under the hood pls,local
the decolonization of africa — what actually happened,local
"hey, key figures involved in the unification of germany?",local
"Ok so just heard about the border tensions, what's the latest just curious",online
ok notes on binary search tree for my assignment,local
is the euro cup semifinal still playing right now,online
ok so current congestion level on the subway line today,online
Ok why is dynamic programming used instead of caching strategies pls,local
ok how to solve problems using laplace transform for revision,local
"genuinely curious, compare trie data structure and multiple inheritance in python in one paragraph in simple terms",local
"fyi need to know, traffic status on the flyover near the city center this morning today",online
"For class tomorrow, textbook definition of B-tree indexing with an example",local
heap data structure cheat sheet,local
how to solve problems using derivative of a function for revision,local
quick one - who won the nba game last night before my meeting,online
so the harbor bridge conditions right now because of the storm,online
"Hey, solid overview of process vs thread for revision",local
"for my homework, why did the unification of germany happen",local
quick one - any updates on the earthquake near the coast happening today,online
ngl who won the premier league match last night tonight,online
"for my homework, limits and continuity — proof and intuition for my notes",local
Quick q - matrix multiplication rules — proof and intuition with an example,local
Who's leading in the asia cup final currently rn,online
the russian revolution 1917 — what actually happened,local
quick q - walk through markov chains with numbers?,local
"real talk, is the parliament session today still ongoing",online
important dates related to the industrial revolution key inventions — struggling with this,local
when should i pick database indexing over monolith vs microservices,local
"real talk, real time quote for tcs stock before i head out",online
quick check on usd to inr before i trade,online
so derive quadratic formula step by step thanks,local
breaking news on the border tensions,online
"observer pattern, explain like i'm a beginner coder",local
explain the signing of the magna carta in a short paragraph,local
"real talk, is the f1 race still playing right now just curious",online
"for my homework, the wright brothers first flight summary for history class",local
any delays on the metro line today asap,online
Real time quote for crude oil price,online
how does asynchronous programming actually work under the hood,local
promises vs callbacks tutorial with code,local
how to solve problems using permutations and combinations,local
"fyi need to know, current congestion level on the metro line",online
current congestion level on the flyover near the city center before i head out,online
"for class tomorrow, timeline of the partition of india?",local
"Fyi need to know, the harbor bridge conditions right now because of the storm no cap",online
"genuinely curious, monolith vs microservices, explain like i'm a beginner coder in simple terms",local
textbook definition of static vs dynamic typing,local
"fyi need to know, current congestion level on the subway line asap",online
breaking news on the central bank's rate decision,online
why did the wright brothers first flight happen,local
is the highway open or blocked at the moment no cap,online
"Hey, current congestion level on the flyover near the city center while i'm stuck in traffic",online
is the toll plaza flooded from the downpour right now this morning,online
so main causes and effects of the mughal empire timeline thanks,local
how to solve problems using bayes theorem,local
so is the interstate open or blocked at the moment right now,online
the causes of world war 1 — what actually happened,local
typeerror cannot read property of undefined in my js code,local
quick refresher on trie data structure before my exam,local
"fyi need to know, the subway line conditions right now because of the storm right now",online
"fyi need to know, who's leading in the ufc fight card currently just curious",online
"genuinely curious, compare publish subscribe pattern and static vs dynamic typing in one paragraph pls",local
practice problem using set theory basics in simple terms,local
so is the expressway closed due to the accident rn,online
central limit theorem explained with an example problem with an example,local
who's leading in the ufc fight card currently,online
How does singleton pattern actually work under the hood,local
ok explain garbage collection with a simple example,local
Current valuation on bitcoin today,online
"genuinely curious, notes on version control branching for my assignment",local
the cabinet reshuffle status update please,online
hash map cheat sheet,local
important dates related to the fall of the roman empire,local
quick refresher on generics in java before my exam,local
ok important dates related to the silk road trade routes in simple terms,local
Is the flight delayed out of dubai due to fog,online
quick check on usd to inr before i trade today,online
urgent - breaking news on the power outage in the city for the group chat,online
Apple stock price right now?,online
quick refresher on garbage collection before my exam,local
"hey, walk through bayes theorem with numbers",local
quick check on cardano before i trade currently,online
"just checking, the tech layoffs news — anything new in the last hour pls",online
"hey, walk through partial derivatives with numbers thanks",local
"For my homework, linear regression math explained with an example problem before my exam",local
"hey, practice problem using chain rule in calculus",local
the metro line conditions right now because of the storm,online
the covid case numbers status update please while i'm stuck in traffic,online
"hey, summarize message queues in a few bullet points — struggling with this",local
is the toll plaza open or blocked at the moment rn,online
"For class tomorrow, practice problem using taylor series expansion?",local
ngl did the earthquake near the coast get resolved yet at the moment,online
quick one - any delays on the harbor bridge today right now,online
Summarize stack vs heap memory in a few bullet points,local
"Hey, how to solve problems using bayes theorem for my notes",local
Eigenvalues and eigenvectors formula and when to use it,local
ok so quick check on apple stock before i trade,online
"need this for an interview, how does microservices architecture actually work under the hood thanks",local
bit manipulation tricks interview question breakdown,local
"hey, logarithm rules formula and when to use it — struggling with this",local
"for my homework, how to solve problems using convex optimization basics",local
"for my homework, solid overview of graph traversal for revision",local
Timeline of the moon landing mission details,local
The asia cup final score update please,online
current congestion level on the interstate?,online
ngl who won the ashes series last night just curious,online
"genuinely curious, why is race conditions used instead of compiler vs interpreter in simple terms",local
the central bank's rate decision — anything new in the last hour,online
nvidia stock market cap right now,online
"need this for an interview, correlation vs causation explained with an example problem in simple terms",local
"hey, central limit theorem formula and when to use it — struggling with this",local
"For class tomorrow, version control branching — key points to remember briefly",local
quick q - permutations and combinations formula and when to use it,local
"For class tomorrow, explain ancient egyptian pyramid construction in a short paragraph with an example",local
"just checking, is the ufc fight card still playing right now — need it fast",online
urgent - ethereum market cap right now?,online
How is tesla stock trending today right now,online
"for my homework, how to solve problems using matrix multiplication rules with an example",local
practice problem using taylor series expansion,local
"for class tomorrow, derive quadratic formula step by step",local
Derive set theory basics step by step,local
"fyi need to know, quick check on eur to usd before i trade for real",online
so explain the causes of world war 1 in a short paragraph thanks,local
how is apple stock trending today,online
regular expressions cheat sheet,local
"for my homework, i keep forgetting B-tree indexing, break it down for me with an example",local
Generics in java — key points to remember thanks,local
"fyi need to know, who won the world cup qualifier last night tonight",online
how humid is it in singapore right now today,online
is the flight delayed out of mumbai due to fog this evening,online
dow jones rate as of this minute,online
promises vs callbacks — key points to remember,local
is the interstate flooded from the downpour right now before my meeting,online
Give me a quick rundown of the causes of world war 1,local
the theory of evolution basics — what actually happened with an example,local
practice problem using the pythagorean theorem,local
"Hey, is the metro line open or blocked at the moment — need it fast",online
So observer pattern interview question breakdown in simple terms,local
Quick check on solana before i trade,online
Integration by parts — proof and intuition,local
"need this for an interview, vector cross product for my calculus homework",local
quick one - real time quote for ethereum just curious,online
so important dates related to ancient egyptian pyramid construction?,local
Is the airport terminal open or blocked at the moment this morning,online
give me a quick rundown of the signing of the magna carta,local
explain the age of exploration key figures in a short paragraph before my exam,local
"just checking, is the subway line flooded from the downpour right now tonight",online
Is the storm system offshore affecting traffic right now,online
ok background on ancient egyptian pyramid construction for my essay,local
how to detect a cycle in a linked list,local
How would you implement REST vs GraphQL from scratch for revision,local
the la liga clasico score update please before i head out,online
how does publish subscribe pattern actually work under the hood,local
so how is sensex trending today today,online
Any delays on the expressway today,online
"genuinely curious, textbook definition of map reduce filter functions",local
ngl any delays on the flyover near the city center today today,online
ok so the harbor bridge conditions right now because of the storm in the last hour,online
current congestion level on the toll plaza — need it fast,online
explain B-tree indexing with a simple example,local
so current air quality index in los angeles while i'm stuck in traffic,online
How would you implement B-tree indexing from scratch briefly,local
"hey, important dates related to the signing of the magna carta before my exam",local
Live score for the wimbledon final right now,online
"for my homework, markov chains for my calculus homework thanks",local
ok explain microservices architecture with a simple example in simple terms,local
"for class tomorrow, pros and cons of topological sort briefly",local
Tcs stock live chart movement pls,online
"need this for an interview, important dates related to the decolonization of africa in simple terms",local
"fyi need to know, is the airport terminal flooded from the downpour right now this morning",online
Did tcs stock go up or down this morning,online
final score of the nba game just curious,online
"for class tomorrow, how does virtual functions in c++ actually work under the hood briefly",local
ngl is the vaccine rollout progress affecting traffic right now no cap,online
"need this for an interview, derive eigenvalues and eigenvectors step by step for my notes",local
real time quote for the s&p 500 pls,online
when should i pick observer pattern over heap data structure,local
walk me through git rebase vs merge step by step,local
"Ngl just heard about the flood situation downtown, what's the latest",online
is there a heat advisory in hyderabad today,online
Explain thread pools with a simple example — struggling with this,local
ngl will it rain in london in the next few hours for real,online
Explain the moon landing mission details in a short paragraph,local
"Genuinely curious, derive law of sines step by step for my notes",local
how bad is the airline strike right now,online
Denormalization interview question breakdown,local
current valuation on ripple xrp tonight,online
quick one - the ufc fight card highlights from tonight this evening,online
"Need this for an interview, compare closures in javascript and subqueries in sql in one paragraph thanks",local
quick q - summarize topological sort in a few bullet points pls,local
Is the interstate closed due to the accident currently,online
explain inheritance vs composition with a simple example,local
so final score of the nba game,online
so is the covid case numbers affecting traffic right now for real,online
Urgent - the f1 race result just now?,online
ngl live score for the ipl match?,online
"for class tomorrow, real world use case for ci cd pipeline basics before my exam",local
who's leading in the f1 race currently for real,online
Is the subway line flooded from the downpour right now at the moment,online
so live score for the champions league final this evening,online
when should i pick primary key vs unique key over ci cd pipeline basics,local
"just checking, quick check on usd to inr before i trade currently",online
"hey, how bad is the trade deal talks right now?",online
"hey, important dates related to the industrial revolution key inventions for revision",local
"fyi need to know, the main train route conditions right now because of the storm currently",online
final score of the ufc fight card,online
ethereum price action this week so far,online
ok so silver rate price right now currently,online
"need this for an interview, partial derivatives for my calculus homework briefly",local
Correlation vs causation explained with an example problem for my notes,local
"fyi need to know, the f1 race result just now",online
Quick q - key figures involved in the decolonization of africa,local
why is bit manipulation tricks used instead of operator overloading in c++,local
ok so the asia cup final score update please this morning,online
"need this for an interview, law of cosines explained with an example problem?",local
urgent - final score of the t20 world cup game,online
solid overview of singleton pattern for revision,local
"hey, the la liga clasico highlights from tonight for real",online
ok how does virtual memory actually work under the hood for revision,local
"Real talk, the highway conditions right now because of the storm rn",online
quick q - law of sines for my calculus homework thanks,local
ngl current valuation on crude oil price pls,online
Matrix multiplication rules — proof and intuition thanks,local
"hey, is usd to inr pumping or dumping today before my meeting",online
how does stack vs heap memory actually work under the hood,local
current air quality index in hyderabad,online
"genuinely curious, give me a quick rundown of the treaty of versailles terms",local
why is operator overloading in c++ used instead of tail recursion,local
explain how a hash table resolves collisions,local
how to solve problems using matrix multiplication rules before my exam,local
explain the great depression causes in a short paragraph — struggling with this,local
ok generics in java interview question breakdown,local
"Genuinely curious, important dates related to the renaissance key artists for my notes",local
so the nba game highlights from tonight before i head out,online
"hey, is the t20 world cup game still playing right now in the last hour",online
so current air quality index in bangalore today,online
"real talk, any updates on the trade deal talks happening today",online
real world use case for heap data structure before my exam,local
the airport terminal conditions right now because of the storm this evening,online
"For my homework, quick refresher on ci cd pipeline basics before my exam thanks",local
"hey, did sensex go up or down this morning at the moment",online
why did the mughal empire timeline happen,local
"need this for an interview, why did the ottoman empire decline happen for my notes",local
"Fyi need to know, current valuation on ethereum",online
"i don't get primary key vs unique key, someone explain",local
main causes and effects of the ottoman empire decline?,local
The airport terminal conditions right now because of the storm,online
current air quality index in dubai,online
so practice problem using taylor series expansion — struggling with this,local
final score of the world cup qualifier as of now,online
"Real talk, is the ashes series still playing right now before my meeting",online
"for class tomorrow, fourier transform for my calculus homework",local
"for class tomorrow, timeline of the renaissance key artists with an example",local
"hey, explain the treaty of versailles terms in a short paragraph with an example",local
"genuinely curious, observer pattern, explain like i'm a beginner coder thanks",local
"Just checking, is the earthquake near the coast affecting traffic right now right now",online
quick one - how humid is it in kolkata right now,online
is the local highway flooded from the downpour right now,online
git rebase vs merge example in python please?,local
so is the flyover near the city center flooded from the downpour right now no cap,online
urgent - who won the grand slam tennis match last night pls,online
when should i pick two pointer technique over asynchronous programming,local
"hey, the causes of world war 1 — what actually happened briefly",local
Crude oil price price right now,online
walk through correlation vs causation with numbers,local
"for class tomorrow, practice problem using matrix multiplication rules",local
"Need this for an interview, standard deviation formula for my calculus homework?",local
"generics in java, explain like i'm a beginner coder",local
the pythagorean theorem formula and when to use it — struggling with this,local
quadratic formula — proof and intuition,local
ok derive quadratic formula step by step with an example,local
Walk me through pointers vs references step by step,local
urgent - dogecoin price right now,online
Quick one - final score of the f1 race pls,online
Is the highway open or blocked at the moment before my meeting,online
ok law of sines explained with an example problem thanks,local
Important dates related to the unification of germany before my exam,local
operator overloading in c++ tutorial with code briefly,local
Ok real world use case for mock objects in testing in simple terms,local
ok so is it safe to drive in san francisco with this storm,online
ngl the cyclone warning developments as of today,online
The s&p 500 today's high and low in the last hour,online
the wildfire in the hills developments as of today,online
Is the election results affecting traffic right now,online
Infosys shares today's high and low,online
notes on pointers vs references for my assignment,local
"Hey, how to solve problems using correlation vs causation briefly",local
why did the mughal empire timeline happen for my notes,local
"for class tomorrow, how to solve problems using fourier transform",local
quadratic formula — proof and intuition in simple terms,local
quick one - reliance shares today's high and low pls,online
"need this for an interview, when should i pick binary search tree over multiple inheritance in python",local
apple stock price action this week so far,online
quick one - real time quote for the s&p 500 just curious,online
Is the toll plaza flooded from the downpour right now asap,online
"need this for an interview, explain the printing press invention impact in a short paragraph?",local
Matrix multiplication rules for my calculus homework,local
ok so infosys shares rate as of this minute at the moment,online
ok summarize B-tree indexing in a few bullet points for revision,local
Quick check on tcs stock before i trade,online
so permutations and combinations for my calculus homework,local
the premier league match result just now today,online
"real talk, the f1 race result just now this evening",online
"For my homework, how to solve problems using the pythagorean theorem",local
ok so the asia cup final highlights from tonight right now,online
quick one - will it rain in chennai in the next few hours for the group chat,online
difference between window functions in sql and thread pools,local
urgent - is the toll plaza flooded from the downpour right now this morning,online
Important dates related to the industrial revolution key inventions for revision,local
"Fyi need to know, how is gold rate trending today rn",online
so final score of the grand slam tennis match in the last hour,online
set theory basics for my calculus homework,local
Urgent - any updates on the heatwave alert happening today at the moment,online
stack vs heap memory — key points to remember,local
urgent - the wimbledon final result just now pls,online
final score of the la liga clasico this morning,online
Ok so is the india vs australia test still playing right now before i head out,online
"Genuinely curious, how to solve problems using central limit theorem — struggling with this",local
real time quote for nifty 50 just curious,online
"so just heard about the cyclone warning, what's the latest pls",online
"for class tomorrow, background on the moon landing mission details for my essay for my notes",local
"just checking, the toll plaza conditions right now because of the storm no cap",online
quick one - is the airline strike affecting traffic right now — need it fast,online
"Real talk, is the highway closed due to the accident this evening",online
"i don't get generics in java, someone explain",local
infosys shares market cap right now,online
so derive derivative of a function step by step pls,local
is the flyover near the city center closed due to the accident?,online
the airport terminal conditions right now because of the storm,online
Ok so tesla stock rate as of this minute,online
how to solve problems using correlation vs causation pls,local
fourier transform — proof and intuition,local
logarithm rules explained with an example problem,local
ok so the premier league match highlights from tonight right now,online
quick one - is solana pumping or dumping today before i head out,online
explain the ottoman empire decline in a short paragraph pls,local
trie data structure example in python please,local
quick one - is the nba game still playing right now this morning,online
"real talk, latest on the vaccine rollout progress in real time currently",online
quick check on bitcoin before i trade in the last hour,online
crude oil price price right now this evening,online
ok so is the harbor bridge flooded from the downpour right now in the last hour,online
so walk through probability distributions with numbers pls,local
Give me a quick rundown of the great depression causes,local
"Need this for an interview, race conditions example in python please",local
"Need this for an interview, how does sliding window technique actually work under the hood with an example",local
How to solve problems using law of sines briefly,local
urgent - did crude oil price go up or down this morning,online
Compare database indexing and trie data structure in one paragraph,local
urgent - current congestion level on the subway line — need it fast,online
ok background on the cold war origins for my essay before my exam,local
any updates on the earthquake near the coast happening today,online
SOLID principles example in python please briefly,local
"for my homework, give me a quick rundown of the periodic table history for revision",local
real world use case for subqueries in sql pls,local
ok walk through chain rule in calculus with numbers,local
"Just checking, quick check on nifty 50 before i trade rn",online
urgent - what's going on with the protest downtown at the moment this evening,online
CAP theorem interview question breakdown,local
"hey, why did when the berlin wall fell happen briefly",local
so is the power outage in the city still ongoing,online
is cardano pumping or dumping today in the last hour,online
"real talk, traffic status on the subway line this morning as of now",online
"just checking, the ipl match highlights from tonight today",online
"genuinely curious, foreign key constraints cheat sheet for revision",local
so topological sort vs dynamic programming which is better and when,local
so any updates on the border tensions happening today before i head out,online
"for my homework, why did the industrial revolution key inventions happen",local
Give me a quick rundown of the boston tea party,local
"for class tomorrow, how would you implement TCP vs UDP from scratch briefly",local
"real talk, the central bank's rate decision status update please at the moment",online
urgent - is the airline strike affecting traffic right now in the last hour,online
How to solve problems using hypothesis testing,local
how bad is the covid case numbers right now,online
Will it rain in dubai in the next few hours,online
"need this for an interview, real world use case for tail recursion?",local
How does subqueries in sql actually work under the hood,local
is solana pumping or dumping today this morning,online
"fyi need to know, did nasdaq go up or down this morning this morning",online
Quick one - who won the ashes series last night pls,online
"hey, is the ring road open or blocked at the moment before i head out",online
"so just heard about the central bank's rate decision, what's the latest before my meeting",online
is the metro running on schedule this evening,online
SOLID principles cheat sheet pls,local
urgent - will it rain in tokyo in the next few hours tonight,online
How is tesla stock trending today currently,online
"just checking, quick check on bitcoin before i trade right now",online
so real world use case for subqueries in sql before my exam,local
Ngl the wimbledon final score update please for real,online
quick one - how is infosys shares trending today,online
kubernetes pods example in python please,local
final score of the ashes series rn,online
Urgent - live score for the ufc fight card for real,online
"genuinely curious, derive standard deviation formula step by step thanks",local
Is tesla stock pumping or dumping today,online
"fyi need to know, is the toll plaza closed due to the accident at the moment",online
"quick q - heap data structure, explain like i'm a beginner coder briefly",local
"hey, how to solve problems using gradient descent math before my exam",local
solid overview of greedy algorithms for revision,local
the s&p 500 market cap right now,online
ok walk through permutations and combinations with numbers with an example,local
ok so is the subway line open or blocked at the moment this morning,online
"for my homework, how does mutex vs semaphore actually work under the hood before my exam",local
quick q - the boston tea party — what actually happened for my notes,local
so pros and cons of message queues pls,local
Quick q - give me a quick rundown of the discovery of penicillin for revision,local
quick one - is there a heat advisory in los angeles today before i head out,online
the nba game score update please,online
ngl who's leading in the ufc fight card currently pls,online
"Hey, integration by parts formula and when to use it",local
ngl how bad is the storm system offshore right now for the group chat,online
how does garbage collection work in the jvm,local
Should i carry an umbrella in seoul today,online
quick one - traffic status on the toll plaza this morning before my meeting,online
"fyi need to know, is the toll plaza flooded from the downpour right now this evening",online
ok so how humid is it in bangalore right now currently,online
Is the metro line flooded from the downpour right now just curious,online
"just checking, is the grand slam tennis match still playing right now for the group chat",online
urgent - the f1 race highlights from tonight,online
"real talk, is the expressway flooded from the downpour right now in the last hour",online
so important dates related to the french revolution timeline,local
Why did the theory of evolution basics happen,local
caching strategies tutorial with code,local
Quick q - central limit theorem formula and when to use it thanks,local
difference between load balancing and normalization forms,local
quick q - markov chains explained with an example problem pls,local
"for class tomorrow, explain the causes of world war 1 in a short paragraph pls",local
Silver rate market cap right now,online
"genuinely curious, background on the causes of world war 1 for my essay",local
Main causes and effects of the age of exploration key figures,local
"real talk, the champions league final score update please currently",online
"just checking, live score for the champions league final while i'm stuck in traffic",online
multithreading in java cheat sheet,local
textbook definition of process vs thread,local
Ngl is the metro line closed due to the accident,online
so timeline of the theory of evolution basics?,local
The la liga clasico result just now this evening,online
"I keep forgetting generics in java, break it down for me",local
Practice problem using central limit theorem thanks,local
any delays on the flyover near the city center today — need it fast,online
Nasdaq today's high and low,online
explain sliding window technique with a simple example before my exam,local
current air quality index in tokyo,online
gradient descent math — proof and intuition,local
"hey, explain the ottoman empire decline in a short paragraph briefly",local
Ngl is there a heat advisory in bangalore today rn,online
"genuinely curious, logarithm rules formula and when to use it thanks",local
"fyi need to know, any updates on the wildfire in the hills happening today before i head out",online
Nifty 50 market cap right now,online
quick q - markov chains formula and when to use it,local
"fyi need to know, the earthquake near the coast status update please at the moment",online
"need this for an interview, important dates related to the age of exploration key figures?",local
"Real talk, any updates on the central bank's rate decision happening today before my meeting",online
Timeline of the french revolution timeline,local
Summarize regular expressions in a few bullet points,local
"hey, timeline of ancient egyptian pyramid construction before my exam",local
"just checking, who's leading in the t20 world cup game currently right now",online
"for class tomorrow, taylor series expansion explained with an example problem pls",local
how bad is the trade deal talks right now,online
urgent - current congestion level on the toll plaza just curious,online
the parliament session today — anything new in the last hour,online
quick q - how to solve problems using chain rule in calculus for revision,local
ngl current air quality index in tokyo pls,online
so solid overview of ACID properties for revision in simple terms,local
"just checking, just heard about the central bank's rate decision, what's the latest rn",online
quick refresher on singleton pattern before my exam,local
is nifty 50 pumping or dumping today,online
ACID properties — key points to remember,local
quick one - the t20 world cup game score update please currently,online
"need this for an interview, pros and cons of publish subscribe pattern",local
"for class tomorrow, matrix multiplication rules explained with an example problem",local
ok how would you implement dependency injection from scratch for my notes,local
"for my homework, derive set theory basics step by step with an example",local
"real talk, breaking news on the wildfire in the hills currently",online
The russian revolution 1917 — what actually happened — struggling with this,local
"for class tomorrow, markov chains explained with an example problem thanks",local
who's leading in the nba game currently asap,online
"For class tomorrow, main causes and effects of the treaty of versailles terms briefly",local
is there a heat advisory in tokyo today,online
"Real talk, quick check on bitcoin before i trade currently",online
Quick check on crude oil price before i trade no cap,online
why did the moon landing mission details happen briefly,local
ok the russian revolution 1917 summary for history class,local
"For my homework, i keep forgetting multiple inheritance in python, break it down for me",local
Traffic status on the ring road this morning for the group chat,online
sensex price action this week so far at the moment,online
"For my homework, monolith vs microservices interview question breakdown",local
"fyi need to know, how is eur to usd trending today as of now",online
"need this for an interview, how would you implement event loop in node from scratch for revision",local
"i keep forgetting race conditions, break it down for me",local
Quick q - stack vs heap memory — key points to remember?,local
"genuinely curious, unit testing vs integration testing tutorial with code",local
The india vs australia test score update please before my meeting,online
ngl live score for the ipl match pls,online
"event loop in node, explain like i'm a beginner coder",local
Final score of the grand slam tennis match today,online
is the metro line flooded from the downpour right now this evening,online
important dates related to the russian revolution 1917,local
ok so is the india vs australia test still playing right now,online
quick check on infosys shares before i trade,online
pros and cons of tail recursion for revision,local
"genuinely curious, main causes and effects of the treaty of versailles terms pls",local
"real talk, final score of the ipl match at the moment",online
"Just checking, who won the champions league final last night",online
What's going on with the tech layoffs news at the moment in the last hour,online
"for class tomorrow, probability distributions — proof and intuition before my exam",local
key figures involved in the printing press invention impact,local
solid overview of bit manipulation tricks for revision thanks,local
kubernetes pods tutorial with code,local
"fyi need to know, the parliament session today status update please for the group chat",online
"hey, the main train route conditions right now because of the storm just curious",online
quick one - the world cup qualifier highlights from tonight pls,online
ok so is apple stock pumping or dumping today at the moment,online
so solana today's high and low pls,online
Is there a heat advisory in bangalore today this evening,online
"I don't get database indexing, someone explain",local
Why did the russian revolution 1917 happen,local
latest on the supreme court verdict in real time,online
urgent - the india vs australia test result just now this evening,online
SOLID principles — key points to remember,local
"For class tomorrow, important dates related to the moon landing mission details pls",local
"hey, latest on the ceasefire negotiations in real time",online
"For my homework, textbook definition of REST vs GraphQL",local
"Need this for an interview, the industrial revolution key inventions summary for history class for my notes",local
compare race conditions and eventual consistency in one paragraph,local
Central limit theorem — proof and intuition,local
so give me a quick rundown of the theory of evolution basics,local
normalization forms cheat sheet,local
explain the american civil war causes in a short paragraph,local
So quick check on infosys shares before i trade rn,online
Process vs thread vs graph traversal which is better and when,local
how to solve problems using the pythagorean theorem,local
"genuinely curious, main causes and effects of the french revolution timeline briefly",local
real world use case for subqueries in sql thanks,local
"hey, the pythagorean theorem explained with an example problem",local
foreign key constraints cheat sheet,local
Current congestion level on the flyover near the city center right now,online
"need this for an interview, partial derivatives for my calculus homework",local
Quick one - current congestion level on the main train route — need it fast,online
"hey, cardano price right now",online
"genuinely curious, the theory of evolution basics — what actually happened before my exam",local
is the earthquake near the coast affecting traffic right now,online
any delays on the flyover near the city center today pls,online
Laplace transform explained with an example problem,local
key figures involved in the decolonization of africa,local
So important dates related to ancient egyptian pyramid construction for revision,local
"hey, explain the age of exploration key figures in a short paragraph briefly",local
"Fyi need to know, the cabinet reshuffle — anything new in the last hour just curious",online
"Real talk, is nifty 50 pumping or dumping today",online
walk me through version control branching step by step,local
"Fyi need to know, is it safe to drive in los angeles with this storm this morning",online
"Genuinely curious, compare dependency injection and SOLID principles in one paragraph with an example",local
Summarize kubernetes pods in a few bullet points,local
"fyi need to know, live score for the euro cup semifinal asap",online
summarize merge sort in a few bullet points,local
main causes and effects of the fall of the roman empire,local
The s&p 500 today's high and low,online
Crude oil price price action this week so far for real,online
The theory of evolution basics summary for history class with an example,local
current status of the ceasefire talks,online
"For class tomorrow, practice problem using limits and continuity?",local
Laplace transform — proof and intuition,local
"Process vs thread, explain like i'm a beginner coder",local
"need this for an interview, main causes and effects of the wright brothers first flight in simple terms",local
"for my homework, practice problem using set theory basics with an example",local
who's leading in the ashes series currently as of now,online
"for my homework, important dates related to the renaissance key artists with an example",local
urgent - the expressway conditions right now because of the storm at the moment,online
"hey, any delays on the toll plaza today today",online
live score for the f1 race,online
"For class tomorrow, trie data structure — key points to remember with an example",local
trie data structure — key points to remember,local
"just checking, is the expressway closed due to the accident asap",online
Is the ufc fight card still playing right now,online
immutability in functional programming example in python please thanks,local
urgent - the flood situation downtown developments as of today at the moment,online
so who won the india vs australia test last night today,online
Ok logarithm rules explained with an example problem,local
practice problem using set theory basics,local
"for class tomorrow, practice problem using probability distributions",local
How would you implement dijkstra's algorithm from scratch for my notes,local
"hey, live score for the nba game",online
probability distributions formula and when to use it,local
notes on dynamic programming for my assignment,local
"just checking, is the harbor bridge flooded from the downpour right now",online
How is cardano trending today,online
"Real talk, live score for the india vs australia test tonight",online
is the vaccine rollout progress still ongoing,online
why is compiler vs interpreter used instead of recursion,local
urgent - silver rate market cap right now rn,online
how bad is the vaccine rollout progress right now at the moment,online
Tesla stock live chart movement asap,online
urgent - live score for the euro cup semifinal today,online
The theory of evolution basics summary for history class,local
Any delays on the flyover near the city center today,online
how does observer pattern actually work under the hood for revision,local
pros and cons of deadlocks,local
crude oil price market cap right now before my meeting,online
quick one - is it safe to drive in paris with this storm tonight,online
"hey, real time quote for gold rate currently",online
derive gradient descent math step by step before my exam,local
"Need this for an interview, derive standard deviation formula step by step",local
"for class tomorrow, the great depression causes — what actually happened for my notes",local
so main causes and effects of the industrial revolution key inventions before my exam,local
"fyi need to know, nasdaq price action this week so far?",online
Background on when the berlin wall fell for my essay,local
Derive fourier transform step by step,local
ngl breaking news on the election results rn,online
"greedy algorithms, explain like i'm a beginner coder thanks",local
walk me through denormalization step by step before my exam,local
"I keep forgetting test driven development, break it down for me",local
practice problem using quadratic formula,local
real world use case for observer pattern,local
ok so the harbor bridge conditions right now because of the storm asap,online
"Just checking, real time quote for infosys shares before i head out",online
quick one - current congestion level on the expressway just curious,online
final score of the champions league final as of now,online
"hey, the pythagorean theorem for my calculus homework pls",local
"genuinely curious, quick refresher on generics in java before my exam",local
is there a heat advisory in delhi today in the last hour,online
"Fyi need to know, the f1 race score update please",online
quick one - the la liga clasico highlights from tonight before i head out,online
"need this for an interview, permutations and combinations formula and when to use it for revision",local
"hey, walk me through primary key vs unique key step by step in simple terms",local
ripple xrp price action this week so far,online
my flask app throws 500 error on post request only,local
why is static vs dynamic typing used instead of ci cd pipeline basics,local
ok timeline of the french revolution timeline — struggling with this,local
caching strategies — key points to remember,local
"hey, quick refresher on joins in sql before my exam",local
how would you implement foreign key constraints from scratch,local
is eur to usd pumping or dumping today,online
dogecoin live chart movement,online
Quick one - who's leading in the wimbledon final currently just curious,online
is the metro line closed due to the accident,online
Timeline of the ottoman empire decline,local
So how to solve problems using gradient descent math,local
so why did the signing of the magna carta happen for my notes,local
did cardano go up or down this morning for the group chat,online
"Fyi need to know, what's going on with the wildfire in the hills at the moment rn",online
"For class tomorrow, how to solve problems using central limit theorem?",local
hypothesis testing explained with an example problem,local
so solana price action this week so far tonight,online
timeline of the age of exploration key figures,local
quick one - final score of the champions league final as of now,online
How bad is the ceasefire negotiations right now this evening,online
how does closures in javascript actually work under the hood before my exam,local
ok pros and cons of message queues,local
difference between garbage collection and REST vs GraphQL,local
ok important dates related to the causes of world war 1,local
quick one - how humid is it in new york right now no cap,online
ok practice problem using hypothesis testing,local
walk through hypothesis testing with numbers with an example,local
"hey, did the vaccine rollout progress get resolved yet?",online
ngl usd to inr today's high and low no cap,online
key figures involved in the renaissance key artists,local
latest on the covid case numbers in real time,online
So the flyover near the city center conditions right now because of the storm today,online
Urgent - ethereum market cap right now while i'm stuck in traffic,online
"need this for an interview, why did the discovery of penicillin happen with an example",local
quick one - who won the t20 world cup game last night no cap,online
Practice problem using eigenvalues and eigenvectors,local
traffic status on the ring road this morning for real,online
Ok so how humid is it in kolkata right now as of now,online
Is the main train route flooded from the downpour right now today,online
how humid is it in berlin right now,online
"hey, law of sines for my calculus homework pls",local
so any delays on the main train route today pls,online
"just checking, the india vs australia test result just now pls",online
infosys shares live chart movement just curious,online
urgent - is the premier league match still playing right now,online
"Fyi need to know, how is reliance shares trending today while i'm stuck in traffic",online
"fyi need to know, current congestion level on the main train route no cap",online
How to solve problems using chain rule in calculus,local
quick q - practice problem using set theory basics in simple terms,local
"hey, traffic status on the ring road this morning?",online
what's going on with the heatwave alert at the moment,online
"for class tomorrow, walk through linear regression math with numbers before my exam",local
is the toll plaza open or blocked at the moment while i'm stuck in traffic,online
pros and cons of static vs dynamic typing pls,local
So key figures involved in the periodic table history,local
"for class tomorrow, textbook definition of database indexing for my notes",local
tesla stock market cap right now while i'm stuck in traffic,online
ok timeline of the periodic table history,local
"hey, the wildfire in the hills developments as of today — need it fast",online
"for my homework, important dates related to the age of exploration key figures with an example",local
"for my homework, how would you implement compiler vs interpreter from scratch — struggling with this",local
"need this for an interview, derive taylor series expansion step by step in simple terms",local
ok logarithm rules for my calculus homework?,local
"need this for an interview, the treaty of versailles terms summary for history class",local
the power outage in the city status update please,online
walk me through mock objects in testing step by step for my notes,local
"Genuinely curious, how to solve problems using hypothesis testing briefly",local
ok key figures involved in the discovery of penicillin,local
"real talk, solana today's high and low tonight",online
ok notes on normalization forms for my assignment,local
"Hey, is the harbor bridge closed due to the accident",online
Key figures involved in the causes of world war 1,local
"Hey, cardano rate as of this minute asap",online
is the election results affecting traffic right now in the last hour,online
difference between map reduce filter functions and virtual memory,local
urgent - real time quote for usd to inr while i'm stuck in traffic,online
Who's leading in the f1 race currently asap,online
timeline of the american civil war causes,local
notes on thread pools for my assignment in simple terms,local
"need this for an interview, key figures involved in the theory of evolution basics — struggling with this",local
"just checking, sensex price action this week so far as of now",online
"for class tomorrow, the causes of world war 1 — what actually happened pls",local
So should i carry an umbrella in pune today currently,online
"just checking, who won the f1 race last night at the moment",online
"just checking, is the toll plaza closed due to the accident today",online
"hey, i keep forgetting inheritance vs composition, break it down for me",local
"need this for an interview, walk through set theory basics with numbers for revision",local
hypothesis testing — proof and intuition,local
"genuinely curious, difference between binary search tree and backtracking algorithms before my exam",local
urgent - the world cup qualifier score update please?,online
real world use case for closures in javascript,local
"genuinely curious, background on the cold war origins for my essay briefly",local
walk me through inheritance vs composition step by step,local
"for class tomorrow, derive hypothesis testing step by step",local
current valuation on bitcoin for real,online
Is it safe to drive in new york with this storm,online
is the ufc fight card still playing right now in the last hour,online
"need this for an interview, difference between recursion and immutability in functional programming before my exam",local
Urgent - is the ipl match still playing right now before i head out,online
Urgent - is the grand slam tennis match still playing right now as of now,online
give me a quick rundown of the fall of the roman empire,local
"just checking, did nasdaq go up or down this morning currently",online
the vaccine rollout progress — anything new in the last hour,online
"just checking, just heard about the border tensions, what's the latest before my meeting",online
why is git rebase vs merge used instead of normalization in databases in simple terms,local
"real talk, is the interstate open or blocked at the moment",online
solid overview of connection pooling for revision,local
did nvidia stock jump after the earnings call,online
"just checking, dogecoin price right now?",online
ok tail recursion interview question breakdown in simple terms,local
quick q - main causes and effects of the russian revolution 1917 before my exam,local
is it safe to drive in sydney with this storm,online
"fyi need to know, current air quality index in delhi this evening",online
Practice problem using convex optimization basics,local
Background on the age of exploration key figures for my essay,local
Ok the great depression causes — what actually happened for my notes,local
The ufc fight card score update please,online
important dates related to the silk road trade routes,local
how humid is it in kolkata right now before i head out,online
"for class tomorrow, difference between CAP theorem and big O notation with an example",local
The wright brothers first flight — what actually happened,local
The cabinet reshuffle status update please,online
"real talk, the ring road conditions right now because of the storm today",online
final score of the ashes series as of now,online
Ok so the subway line conditions right now because of the storm before i head out,online
vector cross product for my calculus homework,local
when should i pick TCP vs UDP over linked list with an example,local
partial derivatives for my calculus homework,local
Dogecoin today's high and low this evening,online
How bad is the earthquake near the coast right now,online
ok so the champions league final result just now as of now,online
"for class tomorrow, derive probability distributions step by step before my exam",local
So the partition of india — what actually happened?,local
"real talk, the cabinet reshuffle status update please for the group chat",online
quick one - crude oil price market cap right now tonight,online
explain time complexity of nested loops,local
The storm system offshore — anything new in the last hour,online
final score of the euro cup semifinal while i'm stuck in traffic,online
the la liga clasico highlights from tonight right now,online
Summarize TCP vs UDP in a few bullet points,local
"need this for an interview, set theory basics explained with an example problem?",local
main causes and effects of when the berlin wall fell thanks,local
Quick one - is the ring road open or blocked at the moment just curious,online
ok walk through law of sines with numbers in simple terms,local
"just checking, current congestion level on the highway before my meeting",online
thread pools tutorial with code,local
practice problem using fourier transform briefly,local
solid overview of mock objects in testing for revision,local
is dow jones pumping or dumping today,online
ok so the ashes series score update please just curious,online
practice problem using bayes theorem briefly,local
ok partial derivatives — proof and intuition before my exam,local
how to solve problems using set theory basics for revision,local
quick one - the euro cup semifinal highlights from tonight?,online
"Just checking, is the subway line closed due to the accident no cap",online
"just checking, ethereum price action this week so far before my meeting",online
walk me through CAP theorem step by step,local
explain the renaissance key artists in a short paragraph for my notes,local
"just checking, quick check on bitcoin before i trade pls",online
Is the flood situation downtown still ongoing,online
current congestion level on the highway,online
quick one - who's leading in the la liga clasico currently right now,online
Ok derive limits and continuity step by step pls,local
ok main causes and effects of the french revolution timeline before my exam,local
what's going on with the election results at the moment at the moment,online
Who won the ashes series last night currently,online
who's leading in the ipl match currently,online
what's going on with the cabinet reshuffle at the moment,online
so timeline of the printing press invention impact thanks,local
Important dates related to the moon landing mission details for revision,local
The boston tea party — what actually happened,local
"just checking, how is ethereum trending today this morning",online
bitcoin rate as of this minute?,online
how would you implement kubernetes pods from scratch thanks,local
"for my homework, fourier transform — proof and intuition",local
"hey, partial derivatives formula and when to use it",local
ok so how is nvidia stock trending today before i head out,online
Main causes and effects of the theory of evolution basics,local
"Just checking, is it safe to drive in pune with this storm currently",online
quick one - final score of the wimbledon final before my meeting,online
"for my homework, timeline of ancient egyptian pyramid construction",local
"fyi need to know, is the flyover near the city center closed due to the accident this evening",online
Textbook definition of backtracking algorithms before my exam,local
"Need this for an interview, derive law of sines step by step before my exam",local
"I don't get bit manipulation tricks, someone explain",local
quick refresher on test driven development before my exam,local
"real talk, who won the grand slam tennis match last night just curious",online
quick one - reliance shares today's high and low at the moment,online
"genuinely curious, the ottoman empire decline summary for history class in simple terms",local
"i don't get message queues, someone explain",local
key figures involved in the partition of india in simple terms,local
The asia cup final highlights from tonight tonight,online
Hypothesis testing explained with an example problem,local
The partition of india summary for history class,local
monolith vs microservices tutorial with code,local
"real talk, apple stock price right now",online
so notes on static vs dynamic typing for my assignment before my exam,local
ok practice problem using partial derivatives with an example,local
microservices architecture cheat sheet before my exam,local
is the storm system offshore still ongoing,online
solid overview of subqueries in sql for revision,local
the s&p 500 rate as of this minute,online
how would you implement recursion from scratch?,local
"for class tomorrow, binary search tree — key points to remember for my notes",local
traffic status on the highway this morning,online
ok derive permutations and combinations step by step,local
ok compiler vs interpreter vs polymorphism which is better and when in simple terms,local
current valuation on sensex this morning,online
"I keep forgetting git rebase vs merge, break it down for me",local
so quick check on reliance shares before i trade,online
"Need this for an interview, key figures involved in the printing press invention impact with an example",local
"For my homework, practice problem using hypothesis testing in simple terms",local
the american civil war causes summary for history class before my exam,local
Ok so is the india vs australia test still playing right now?,online
latest on the trade deal talks in real time,online
Ok walk me through merge sort step by step in simple terms,local
quick one - did sensex go up or down this morning right now,online
"fyi need to know, is the toll plaza closed due to the accident while i'm stuck in traffic",online
"fyi need to know, current valuation on dogecoin before i head out",online
"for class tomorrow, timeline of the printing press invention impact thanks",local
The industrial revolution key inventions — what actually happened,local
"fyi need to know, the parliament session today — anything new in the last hour before i head out",online
real world use case for trie data structure,local
eigenvalues and eigenvectors for my calculus homework — struggling with this,local
current air quality index in toronto while i'm stuck in traffic,online
urgent - any delays on the main train route today at the moment,online
so current valuation on nasdaq currently,online
ngl any delays on the highway today while i'm stuck in traffic,online
ok so current valuation on the s&p 500 in the last hour,online
Test driven development interview question breakdown briefly,local
walk me through virtual memory step by step,local
ok how does kubernetes pods actually work under the hood pls,local
ethereum price right now before i head out,online
quick q - why did the mughal empire timeline happen — struggling with this,local
the wimbledon final result just now,online
Ok important dates related to the partition of india,local
is the flight delayed out of new york due to fog for the group chat,online
so sharding for dummies in simple terms,local
"fyi need to know, is the premier league match still playing right now rn",online
"just checking, is the flyover near the city center open or blocked at the moment pls",online
the flyover near the city center conditions right now because of the storm,online
derive quadratic formula step by step,local
So the india vs australia test score update please rn,online
so is there a heat advisory in berlin today for real,online
ok so how is ripple xrp trending today this evening,online
So is the harbor bridge closed due to the accident right now,online
important dates related to the great depression causes,local
set theory basics formula and when to use it,local
"for class tomorrow, the pythagorean theorem explained with an example problem",local
"just checking, the subway line conditions right now because of the storm this evening",online
"for my homework, walk through gradient descent math with numbers?",local
Ok so the ashes series highlights from tonight just curious,online
Ngl live score for the f1 race right now,online
ok so the premier league match result just now?,online
explain the renaissance key artists in a short paragraph,local
Quick one - real time quote for cardano as of now,online
practice problem using integration by parts,local
silver rate market cap right now?,online
ok so did gold rate go up or down this morning this evening,online
"need this for an interview, give me a quick rundown of the signing of the magna carta",local
quick one - is tcs stock pumping or dumping today today,online
Real time quote for ripple xrp,online
ngl the highway conditions right now because of the storm?,online
"hey, is apple stock pumping or dumping today",online
"fyi need to know, the border tensions status update please for the group chat",online
"genuinely curious, i keep forgetting regular expressions, break it down for me for my notes",local
Apple stock today's high and low,online
ngl final score of the grand slam tennis match asap,online
background on the ottoman empire decline for my essay,local
Promises vs callbacks for dummies,local
did dogecoin go up or down this morning right now,online
summarize virtual functions in c++ in a few bullet points,local
Breaking news on the wildfire in the hills for the group chat,online
Final score of the world cup qualifier,online
ok when should i pick CAP theorem over asynchronous programming for my notes,local
quick q - timeline of when the berlin wall fell thanks,local
the covid case numbers status update please,online
trie data structure tutorial with code,local
"for my homework, derive partial derivatives step by step",local
Did the power outage in the city get resolved yet,online
is there a heat advisory in singapore today while i'm stuck in traffic,online
"Hey, is it safe to drive in los angeles with this storm at the moment",online
"real talk, tcs stock price right now before my meeting",online
derive matrix multiplication rules step by step,local
"just checking, who's leading in the india vs australia test currently pls",online
"Hey, how humid is it in mumbai right now before i head out",online
"Just checking, did crude oil price go up or down this morning for real",online
"For my homework, the treaty of versailles terms summary for history class pls",local
git rebase vs merge interview question breakdown,local
is the wildfire in the hills still ongoing,online
"fyi need to know, how bad is the ceasefire negotiations right now",online
is the ipl match still playing right now,online
The protest downtown — anything new in the last hour rn,online
central limit theorem — proof and intuition,local
"i keep forgetting monads in haskell, break it down for me",local
quick one - dogecoin market cap right now?,online
the signing of the magna carta — what actually happened,local
dogecoin today's high and low currently,online
Ok so bitcoin rate as of this minute currently,online
Derive laplace transform step by step — struggling with this,local
solana rate as of this minute,online
"fyi need to know, traffic status on the interstate this morning",online
"Real talk, who won the premier league match last night pls",online
Important dates related to the printing press invention impact,local
the ring road conditions right now because of the storm — need it fast,online
"genuinely curious, important dates related to the fall of the roman empire before my exam",local
"just checking, traffic status on the expressway this morning",online
bayes theorem formula and when to use it,local
"just checking, current valuation on the s&p 500 just curious",online
"for class tomorrow, derive the pythagorean theorem step by step before my exam",local
"real talk, traffic status on the interstate this morning before my meeting",online
"Need this for an interview, practice problem using central limit theorem for revision",local
so how to solve problems using convex optimization basics for revision,local
"Real talk, current congestion level on the metro line pls",online
latest on the heatwave alert in real time,online
Timeline of the theory of evolution basics,local
who won the la liga clasico last night tonight,online
the flood situation downtown status update please,online
Usd to inr market cap right now,online
"Just checking, the border tensions developments as of today currently",online
"need this for an interview, give me a quick rundown of the renaissance key artists — struggling with this",local
"Hey, who's leading in the euro cup semifinal currently this evening",online
"fyi need to know, who's leading in the premier league match currently as of now",online
quick q - solid overview of polymorphism for revision,local
"hey, the renaissance key artists — what actually happened?",local
Why did the signing of the magna carta happen,local
So the t20 world cup game result just now for the group chat,online
"fyi need to know, is apple stock pumping or dumping today before i head out",online
did ethereum go up or down this morning,online
"hey, apple stock today's high and low before my meeting",online
"for my homework, the causes of world war 1 summary for history class for revision",local
abstract class vs interface — key points to remember,local
Quick one - live score for the premier league match asap,online
so derive standard deviation formula step by step — struggling with this,local
"i don't get virtual memory, someone explain?",local
urgent - cardano price right now,online
"hey, is the highway open or blocked at the moment asap",online
"need this for an interview, i don't get dijkstra's algorithm, someone explain for revision",local
"fyi need to know, the s&p 500 market cap right now this evening",online
The world cup qualifier score update please this evening,online
ok so is the toll plaza flooded from the downpour right now before my meeting,online
any protest blocking the main road today,online
how humid is it in singapore right now,online
The ipl match highlights from tonight,online
"real talk, traffic status on the airport terminal this morning this evening",online
so how to solve problems using matrix multiplication rules in simple terms,local
urgent - is it safe to drive in tokyo with this storm — need it fast,online
"for class tomorrow, notes on B-tree indexing for my assignment briefly",local
"real talk, is the wimbledon final still playing right now for the group chat",online
ok timeline of the causes of world war 1 pls,local
"genuinely curious, important dates related to the ottoman empire decline for revision",local
quick one - the central bank's rate decision status update please for real,online
Ngl traffic status on the interstate this morning?,online
ok so dow jones price right now?,online
"hey, why did the periodic table history happen before my exam",local
"need this for an interview, key figures involved in the age of exploration key figures — struggling with this",local
quick one - did the supreme court verdict get resolved yet?,online
quick refresher on static vs dynamic typing before my exam,local
Current congestion level on the subway line,online
ngl the world cup qualifier score update please before my meeting,online
"for class tomorrow, walk through logarithm rules with numbers pls",local
Eur to usd price action this week so far,online
so how does abstract class vs interface actually work under the hood with an example,local
any updates on the tech layoffs news happening today tonight,online
"hey, is the cyclone warning affecting traffic right now as of now",online
Current valuation on crude oil price,online
how to solve problems using law of sines,local
how to solve problems using central limit theorem?,local
ngl the ashes series score update please at the moment,online
law of sines — proof and intuition,local
Explain mutex vs semaphore with a simple example,local
bitcoin today's high and low,online
urgent - is the toll plaza open or blocked at the moment just curious,online
"genuinely curious, thread pools for dummies before my exam",local
"for my homework, how would you implement foreign key constraints from scratch pls",local
"for my homework, the industrial revolution key inventions summary for history class for my notes",local
ngl who won the ufc fight card last night at the moment,online
ok so eur to usd today's high and low just curious,online
Ok explain the causes of world war 1 in a short paragraph in simple terms,local
"real talk, the highway conditions right now because of the storm asap",online
"Hey, dijkstra's algorithm, explain like i'm a beginner coder pls",local
reliance shares live chart movement today,online
So main causes and effects of the partition of india with an example,local
the s&p 500 live chart movement,online
is it safe to drive in san francisco with this storm,online
so the mughal empire timeline summary for history class in simple terms,local
quick q - how would you implement mock objects in testing from scratch — struggling with this,local
"hey, will it rain in tokyo in the next few hours",online
"for class tomorrow, walk through partial derivatives with numbers",local
the wimbledon final score update please,online
"hey, real world use case for docker containers?",local
"Just checking, infosys shares live chart movement while i'm stuck in traffic",online
"need this for an interview, microservices architecture vs primary key vs unique key which is better and when with an example",local
difference between eventual consistency and monads in haskell,local
"real talk, live score for the wimbledon final for real",online
"for my homework, the treaty of versailles terms — what actually happened with an example",local
"Hey, give me a quick rundown of the great depression causes",local
The decolonization of africa — what actually happened thanks,local
so walk through markov chains with numbers,local
"Fyi need to know, is the interstate closed due to the accident for real",online
"for my homework, derive convex optimization basics step by step for revision",local
"need this for an interview, the russian revolution 1917 summary for history class — struggling with this",local
Bitcoin market cap right now,online
"genuinely curious, summarize virtual functions in c++ in a few bullet points",local
Ngl dow jones price right now before i head out,online
"just checking, real time quote for infosys shares",online
ngl usd to inr today's high and low today,online
Latest on the border tensions in real time,online
important dates related to the signing of the magna carta,local
"i keep forgetting lambda expressions, break it down for me",local
ngl who won the india vs australia test last night at the moment,online
usd to inr today's high and low,online
"hey, important dates related to the theory of evolution basics pls",local
"just heard about the supreme court verdict, what's the latest",online
walk through markov chains with numbers,local
Live score for the t20 world cup game no cap,online
"for my homework, why is B-tree indexing used instead of immutability in functional programming",local
is the premier league match still playing right now,online
"for my homework, summarize message queues in a few bullet points",local
Is there a heat advisory in chennai today,online
urgent - is the flyover near the city center closed due to the accident at the moment,online
subqueries in sql example in python please,local
"fyi need to know, the world cup qualifier score update please",online
Ok so is the interstate closed due to the accident while i'm stuck in traffic,online
Urgent - who's leading in the euro cup semifinal currently,online
crude oil price price action this week so far?,online
explain the partition of india in a short paragraph,local
"For my homework, summarize generics in java in a few bullet points",local
the ashes series score update please,online
Live score for the india vs australia test,online
so how to solve problems using permutations and combinations — struggling with this,local
"Fyi need to know, gold rate market cap right now no cap",online
"need this for an interview, important dates related to ancient egyptian pyramid construction for my notes",local
ok so current congestion level on the airport terminal while i'm stuck in traffic,online
gold rate today morning session,online
ok so the flyover near the city center conditions right now because of the storm?,online
Urgent - the t20 world cup game result just now before my meeting,online
"hey, live score for the ashes series at the moment",online
current air quality index in london,online
"For my homework, integration by parts formula and when to use it?",local
"For my homework, how to solve problems using convex optimization basics for my notes",local
"so TCP vs UDP, explain like i'm a beginner coder in simple terms",local
Quick check on solana before i trade rn,online
So latest on the trade deal talks in real time as of now,online
current valuation on eur to usd just curious,online
"real talk, is nvidia stock pumping or dumping today",online
Pointers vs references interview question breakdown,local
"for class tomorrow, explain the signing of the magna carta in a short paragraph for revision",local
infosys shares rate as of this minute rn,online
Ok the signing of the magna carta summary for history class,local
so how humid is it in singapore right now currently,online
is the earthquake near the coast still ongoing as of now,online
"fyi need to know, is the ring road flooded from the downpour right now at the moment",online
"for my homework, partial derivatives explained with an example problem?",local
Final score of the asia cup final,online
ngl real time quote for ripple xrp asap,online
"Need this for an interview, why did the renaissance key artists happen",local
recursion tutorial with code before my exam,local
so who won the ufc fight card last night while i'm stuck in traffic,online
Fourier transform for my calculus homework before my exam,local
urgent - is the flyover near the city center closed due to the accident just curious,online
breaking news on the cyclone warning,online
"race conditions, explain like i'm a beginner coder",local
"real talk, final score of the asia cup final before my meeting",online
"for class tomorrow, practice problem using matrix multiplication rules for my notes",local
quick one - any delays on the airport terminal today while i'm stuck in traffic,online
"for my homework, law of sines — proof and intuition — struggling with this",local
quick one - is the highway open or blocked at the moment for the group chat,online
"Hey, notes on observer pattern for my assignment thanks",local
Difference between process vs thread and binary search tree in simple terms,local
"need this for an interview, eigenvalues and eigenvectors formula and when to use it before my exam",local
The central bank's rate decision — anything new in the last hour,online
walk me through SOLID principles step by step?,local
So is the metro line open or blocked at the moment this evening,online
"for my homework, the printing press invention impact summary for history class — struggling with this",local
"for class tomorrow, publish subscribe pattern tutorial with code with an example",local
"Need this for an interview, walk through bayes theorem with numbers thanks",local
quick q - quick refresher on lambda expressions before my exam before my exam,local
quick q - how to solve problems using law of sines with an example,local
current valuation on ripple xrp before my meeting,online
quick q - how to solve problems using standard deviation formula for revision,local
"need this for an interview, timeline of the theory of evolution basics for my notes",local
is the toll plaza flooded from the downpour right now,online
solana price action this week so far,online
walk through taylor series expansion with numbers,local
"just checking, current valuation on gold rate rn",online
"need this for an interview, solid overview of mutex vs semaphore for revision with an example",local
"Need this for an interview, practice problem using central limit theorem",local
current valuation on apple stock — need it fast,online
Ancient egyptian pyramid construction summary for history class,local
tesla stock rate as of this minute,online
ok so sensex rate as of this minute currently,online
is the subway line flooded from the downpour right now right now,online
quick one - traffic status on the expressway this morning in the last hour,online
give me a quick rundown of the silk road trade routes briefly,local
"just heard about the ceasefire negotiations, what's the latest for the group chat",online
"Real talk, crude oil price price right now no cap",online
"Genuinely curious, explain the french revolution timeline in a short paragraph?",local
"just checking, will it rain in mumbai in the next few hours",online
Current valuation on eur to usd,online
ngl is it safe to drive in chicago with this storm,online
Urgent - real time quote for ripple xrp today,online
ngl the ashes series result just now currently,online
ngl the ipl match highlights from tonight in the last hour,online
is the flyover near the city center closed due to the accident today,online
solid overview of closures in javascript for revision,local
"fyi need to know, is the airport terminal flooded from the downpour right now for real",online
current valuation on dow jones,online
"for my homework, background on ancient egyptian pyramid construction for my essay",local
how is eur to usd trending today,online
"i don't get B-tree indexing, someone explain",local
who's leading in the india vs australia test currently currently,online
is sensex pumping or dumping today,online
"genuinely curious, the discovery of penicillin summary for history class — struggling with this",local
Is the interstate closed due to the accident,online
"for class tomorrow, how to solve problems using logarithm rules for my notes",local
who's leading in the la liga clasico currently,online
solid overview of graph traversal for revision,local
explain the periodic table history in a short paragraph,local
how humid is it in hyderabad right now,online
compare connection pooling and foreign key constraints in one paragraph,local
"so i don't get monolith vs microservices, someone explain — struggling with this",local
"genuinely curious, singleton pattern example in python please",local
"for class tomorrow, deadlocks tutorial with code for revision",local
"Need this for an interview, derive quadratic formula step by step pls",local
Solid overview of bit manipulation tricks for revision,local
"For my homework, laplace transform explained with an example problem for my notes",local
explain recursion with a simple example,local
"need this for an interview, derivative of a function for my calculus homework — struggling with this",local
Important dates related to the theory of evolution basics,local
so is the asia cup final still playing right now,online
"hey, quick check on nifty 50 before i trade rn",online
current valuation on nvidia stock for real,online
"hey, gold rate rate as of this minute at the moment",online
ngl did cardano go up or down this morning currently,online
Bitcoin today's high and low today,online
what's going on with the tech layoffs news at the moment,online
solana today's high and low,online
solid overview of B-tree indexing for revision,local
The expressway conditions right now because of the storm for real,online
so laplace transform explained with an example problem?,local
ngl real time quote for nasdaq this evening,online
is the parliament session today affecting traffic right now,online
Heap data structure for dummies pls,local
"hey, bayes theorem formula and when to use it for revision",local
"need this for an interview, explain when the berlin wall fell in a short paragraph with an example",local
"need this for an interview, immutability in functional programming, explain like i'm a beginner coder pls",local
ok main causes and effects of the russian revolution 1917 for revision,local
"hey, why did the moon landing mission details happen with an example",local
is the main train route closed due to the accident,online
"fyi need to know, real time quote for nasdaq",online
"just checking, the flood situation downtown status update please pls",online
ok so the earthquake near the coast status update please tonight,online
"fyi need to know, tesla stock market cap right now for the group chat",online
Key figures involved in the discovery of penicillin,local
"for class tomorrow, summarize publish subscribe pattern in a few bullet points thanks",local
so matrix multiplication rules explained with an example problem for my notes,local
"For class tomorrow, explain joins in sql with a simple example for revision",local
who won the ipl match last night?,online
"hey, how to solve problems using fourier transform briefly",local
the grand slam tennis match result just now,online
who won the t20 world cup game last night,online
urgent - current congestion level on the toll plaza asap,online
"Just checking, infosys shares market cap right now",online
ok background on the russian revolution 1917 for my essay pls,local
infosys shares live chart movement,online
The la liga clasico score update please,online
how to solve problems using linear regression math,local
"for my homework, quick refresher on immutability in functional programming before my exam in simple terms",local
main causes and effects of the boston tea party with an example,local
the trade deal talks — anything new in the last hour,online
"need this for an interview, solid overview of connection pooling for revision thanks",local
"fyi need to know, just heard about the border tensions, what's the latest while i'm stuck in traffic",online
"i keep forgetting pointers vs references, break it down for me",local
what's going on with the vaccine rollout progress at the moment — need it fast,online
"just checking, the ashes series highlights from tonight this evening",online
"fyi need to know, cardano price right now",online
Final score of the india vs australia test,online
ok the pythagorean theorem — proof and intuition for my notes,local
the ring road conditions right now because of the storm right now,online
ok why did the causes of world war 1 happen in simple terms,local
Is it safe to drive in san francisco with this storm,online
background on the renaissance key artists for my essay pls,local
"for my homework, timeline of the unification of germany",local
So is the tech layoffs news affecting traffic right now no cap,online
"Hey, did dogecoin go up or down this morning this morning",online
Ok so did tcs stock go up or down this morning tonight,online
message queues cheat sheet before my exam,local
"Real talk, what's going on with the border tensions at the moment for the group chat",online
Static vs dynamic typing vs test driven development which is better and when,local
"need this for an interview, set theory basics explained with an example problem with an example",local
is the election results still ongoing just curious,online
is the ipl match still playing right now asap,online
is the wildfire in the hills affecting traffic right now,online
so main causes and effects of the russian revolution 1917 briefly,local
"For class tomorrow, multiple inheritance in python for dummies",local
urgent - the nba game result just now today,online
"real talk, is the wimbledon final still playing right now right now",online
ok so is reliance shares pumping or dumping today asap,online
Quick one - silver rate price right now rn,online
"Real talk, what's going on with the central bank's rate decision at the moment as of now",online
Ngl solana today's high and low — need it fast,online
quadratic formula for my calculus homework,local
"real talk, the subway line conditions right now because of the storm asap",online
so live score for the india vs australia test at the moment,online
So main causes and effects of the ottoman empire decline,local
did the cabinet reshuffle get resolved yet this morning,online
Ok so current valuation on nasdaq this evening,online
current valuation on eur to usd asap,online
"For class tomorrow, explain the age of exploration key figures in a short paragraph?",local
"fyi need to know, just heard about the cyclone warning, what's the latest?",online
walk through matrix multiplication rules with numbers,local
nvidia stock live chart movement for the group chat,online
difference between primary key vs unique key and dynamic programming,local
"Need this for an interview, matrix multiplication rules for my calculus homework with an example",local
the causes of world war 1 summary for history class before my exam,local
breaking news on the ceasefire negotiations,online
So summarize database indexing in a few bullet points with an example,local
is the parliament session today still ongoing,online
Traffic status on the harbor bridge this morning,online
multithreading in java vs foreign key constraints which is better and when,local
how humid is it in paris right now,online
"hey, current congestion level on the harbor bridge?",online
"hey, who's leading in the ufc fight card currently right now",online
"genuinely curious, standard deviation formula explained with an example problem before my exam",local
the ipl match score update please right now,online
walk through correlation vs causation with numbers pls,local
explain how python's gil affects multithreading,local
Background on the fall of the roman empire for my essay,local
"real talk, what's going on with the wildfire in the hills at the moment tonight",online
difference between CAP theorem and caching strategies,local
Who won the india vs australia test last night,online
Why is ACID properties used instead of virtual functions in c++ in simple terms,local
did tcs stock go up or down this morning as of now,online
real time quote for silver rate for real,online
final score of the india vs australia test while i'm stuck in traffic,online
hypothesis testing — proof and intuition for revision,local
"hey, law of cosines — proof and intuition for my notes",local
"hey, any delays on the highway today as of now",online
so is the flyover near the city center flooded from the downpour right now in the last hour,online
derive law of sines step by step briefly,local
"just checking, is the airport terminal flooded from the downpour right now as of now",online
Quick one - is the toll plaza open or blocked at the moment?,online
is the border tensions affecting traffic right now,online
Ok so who won the f1 race last night as of now,online
"I keep forgetting merge sort, break it down for me",local
"real talk, is the expressway flooded from the downpour right now tonight",online
ngl latest on the cabinet reshuffle in real time?,online
So is the premier league match still playing right now rn,online
So current congestion level on the interstate this morning,online
quick q - the mughal empire timeline — what actually happened — struggling with this,local
so did the heatwave alert get resolved yet,online
"Hey, main causes and effects of the moon landing mission details — struggling with this",local
The mughal empire timeline — what actually happened,local
The pythagorean theorem for my calculus homework,local
the tech layoffs news status update please right now,online
"need this for an interview, notes on normalization in databases for my assignment — struggling with this",local
connection pooling example in python please,local
Quick one - is there a heat advisory in chicago today currently,online
nifty 50 rate as of this minute,online
practice problem using derivative of a function,local
Ok so is the toll plaza closed due to the accident — need it fast,online
"for class tomorrow, probability distributions explained with an example problem with an example",local
urgent - traffic status on the flyover near the city center this morning rn,online
"hey, quick check on silver rate before i trade at the moment",online
"hey, the ring road conditions right now because of the storm?",online
"Just heard about the trade deal talks, what's the latest before my meeting",online
"Hey, who's leading in the f1 race currently rn",online
so quick check on the s&p 500 before i trade just curious,online
"fyi need to know, how humid is it in sydney right now rn",online
"For class tomorrow, limits and continuity for my calculus homework before my exam",local
"fyi need to know, who's leading in the t20 world cup game currently asap",online
cardano price right now this morning,online
so practice problem using bayes theorem — struggling with this,local
"for my homework, important dates related to the silk road trade routes with an example",local
traffic status on the highway this morning for real,online
"real talk, quick check on nvidia stock before i trade tonight",online
ok so nvidia stock price action this week so far,online
"Just checking, tesla stock market cap right now as of now",online
Abstract class vs interface cheat sheet,local
"for class tomorrow, generics in java, explain like i'm a beginner coder for my notes",local
ok logarithm rules explained with an example problem — struggling with this,local
"i don't get regular expressions, someone explain",local
quick one - how is infosys shares trending today tonight,online
Is the toll plaza open or blocked at the moment,online
"hey, timeline of the periodic table history for my notes",local
difference between immutability in functional programming and TCP vs UDP,local
Quick one - what's going on with the earthquake near the coast at the moment,online
"for class tomorrow, pros and cons of tail recursion — struggling with this",local
"fyi need to know, any updates on the border tensions happening today for the group chat",online
ok so how is ripple xrp trending today while i'm stuck in traffic,online
So main causes and effects of the decolonization of africa with an example,local
ok so any delays on the expressway today this morning,online
did the vaccine rollout progress get resolved yet this evening,online
ok so quick check on cardano before i trade while i'm stuck in traffic,online
The grand slam tennis match highlights from tonight,online
"hey, apple stock today's high and low while i'm stuck in traffic",online
"genuinely curious, difference between linked list and race conditions",local
"real talk, the earthquake near the coast developments as of today",online
"need this for an interview, the treaty of versailles terms — what actually happened",local
ethereum price right now no cap,online
"just heard about the vaccine rollout progress, what's the latest while i'm stuck in traffic",online
"Real talk, current valuation on nasdaq rn",online
current valuation on reliance shares today,online
So pros and cons of merge sort,local
when should i pick hash map over memoization,local
final score of the t20 world cup game asap,online
dogecoin price action this week so far,online
"for class tomorrow, important dates related to the printing press invention impact briefly",local
"real talk, is the cabinet reshuffle still ongoing today",online
ok so the highway conditions right now because of the storm,online
"genuinely curious, explain deadlocks with a simple example — struggling with this",local
denormalization tutorial with code — struggling with this,local
"for class tomorrow, explain load balancing with a simple example with an example",local
"for my homework, how to solve problems using convex optimization basics with an example",local
explain map reduce filter functions with a simple example,local
ok how to solve problems using vector cross product pls,local
"hey, key figures involved in the printing press invention impact for my notes",local
how bad is the central bank's rate decision right now for real,online
quick one - any delays on the interstate today before i head out,online
the treaty of versailles terms summary for history class,local
"hey, is the cyclone warning still ongoing tonight",online
Ngl any updates on the cabinet reshuffle happening today right now,online
Any updates on the power outage in the city happening today,online
"For my homework, thread pools tutorial with code — struggling with this",local
any new covid variant news this week,online
"Just checking, the asia cup final result just now no cap",online
breaking news on the wildfire in the hills,online
so vector cross product formula and when to use it for revision,local
when should i pick monads in haskell over recursion,local
why did the silk road trade routes happen thanks,local
current congestion level on the metro line?,online
important dates related to the mughal empire timeline thanks,local
Urgent - quick check on the s&p 500 before i trade today,online
quick one - is the nba game still playing right now before i head out,online
B-tree indexing — key points to remember,local
"just checking, quick check on solana before i trade for real",online
quick q - walk me through generics in java step by step?,local
Current congestion level on the expressway in the last hour,online
"Fyi need to know, the euro cup semifinal highlights from tonight this evening",online
so who's leading in the asia cup final currently just curious,online
quick q - how to solve problems using convex optimization basics,local
Latest on the election results in real time today,online
Is the border tensions affecting traffic right now for real,online
How humid is it in tokyo right now asap,online
"hey, the champions league final highlights from tonight this evening",online
practice problem using eigenvalues and eigenvectors in simple terms,local
"need this for an interview, event loop in node example in python please in simple terms",local
"need this for an interview, the wright brothers first flight summary for history class",local
Important dates related to the unification of germany,local
how does primary key vs unique key actually work under the hood briefly,local
"real talk, usd to inr live chart movement",online
"hey, important dates related to the renaissance key artists for my notes",local
urgent - ripple xrp price right now for the group chat,online
ok correlation vs causation explained with an example problem — struggling with this,local
"Fyi need to know, traffic status on the highway this morning at the moment",online
current valuation on silver rate rn,online
the euro cup semifinal score update please today,online
quick check on nifty 50 before i trade,online
"fyi need to know, crude oil price rate as of this minute asap",online
Key figures involved in the wright brothers first flight,local
Graph traversal cheat sheet,local
quick one - current congestion level on the harbor bridge rn,online
cardano price action this week so far while i'm stuck in traffic,online
Quick q - gradient descent math formula and when to use it thanks,local
the industrial revolution key inventions summary for history class,local
"Hey, is the toll plaza closed due to the accident currently",online
"fyi need to know, who won the ashes series last night rn",online
"normalization forms, explain like i'm a beginner coder for revision",local
Pros and cons of inheritance vs composition,local
the la liga clasico highlights from tonight before i head out,online
ok how does thread pools actually work under the hood briefly,local
"I keep forgetting promises vs callbacks, break it down for me",local
is the ashes series still playing right now — need it fast,online
silver rate price right now for real,online
"hey, current valuation on eur to usd this morning",online
real world use case for sliding window technique,local
quick one - is there a heat advisory in new york today before i head out,online
ripple xrp price right now,online
the ipl match score update please,online
"Genuinely curious, important dates related to the boston tea party",local
"for my homework, deadlocks cheat sheet",local
mutex vs semaphore example in python please,local
"for my homework, how to solve problems using taylor series expansion for my notes",local
Ok standard deviation formula explained with an example problem,local
practice problem using vector cross product briefly,local
"genuinely curious, linear regression math explained with an example problem",local
Current congestion level on the main train route,online
So the boston tea party summary for history class for my notes,local
traffic status on the interstate this morning just curious,online
walk me through load balancing step by step,local
"need this for an interview, the moon landing mission details summary for history class with an example",local
Real world use case for greedy algorithms pls,local
walk me through promises vs callbacks step by step,local
quick q - main causes and effects of ancient egyptian pyramid construction?,local
tcs stock price action this week so far for the group chat,online
ngl how is tcs stock trending today today,online
"ok i don't get foreign key constraints, someone explain pls",local
"fyi need to know, is the central bank's rate decision still ongoing this evening",online
why did ancient egyptian pyramid construction happen,local
"fyi need to know, who's leading in the f1 race currently before my meeting",online
quick refresher on binary search tree before my exam,local
so how to solve problems using law of cosines with an example,local
"Ok i keep forgetting dijkstra's algorithm, break it down for me for my notes",local
standard deviation formula formula and when to use it briefly,local
current congestion level on the interstate in the last hour,online
"fyi need to know, who won the asia cup final last night right now",online
Quick q - why did the silk road trade routes happen in simple terms,local
"genuinely curious, convex optimization basics — proof and intuition with an example",local
so deadlocks cheat sheet?,local
traffic status on the expressway this morning while i'm stuck in traffic,online
Derive hypothesis testing step by step briefly,local
The decolonization of africa summary for history class,local
"genuinely curious, probability distributions — proof and intuition",local
"genuinely curious, derive limits and continuity step by step pls",local
final score of the grand slam tennis match no cap,online
"Just checking, the expressway conditions right now because of the storm for the group chat",online
"hey, the f1 race highlights from tonight while i'm stuck in traffic",online
difference between mutex vs semaphore and monolith vs microservices,local
ok give me a quick rundown of the moon landing mission details briefly,local
"just checking, is the trade deal talks still ongoing asap",online
"For my homework, walk me through linked list step by step — struggling with this",local
"for class tomorrow, walk me through ci cd pipeline basics step by step",local
ok explain the partition of india in a short paragraph for my notes,local
is there a heat advisory in london today,online
"Need this for an interview, derive limits and continuity step by step",local
Is the world cup qualifier still playing right now before i head out,online
difference between two pointer technique and virtual functions in c++,local
the great depression causes summary for history class,local
"hey, how is cardano trending today for real",online
key figures involved in ancient egyptian pyramid construction in simple terms,local
urgent - any delays on the metro line today before i head out,online
usd to inr today's high and low before i head out,online
Timeline of the wright brothers first flight,local
Quick q - difference between pointers vs references and abstract class vs interface in simple terms,local
ngl ethereum today's high and low for the group chat,online
Is the t20 world cup game still playing right now,online
"real talk, current congestion level on the subway line?",online
How bad is the cabinet reshuffle right now,online
"genuinely curious, convex optimization basics explained with an example problem in simple terms",local
ok practice problem using laplace transform pls,local
"just checking, who won the f1 race last night?",online
"Just checking, who's leading in the india vs australia test currently no cap",online
how is silver rate trending today,online
how does dependency injection actually work under the hood,local
give me a quick rundown of the industrial revolution key inventions,local
is the ring road closed due to the accident tonight,online
"Need this for an interview, derive matrix multiplication rules step by step",local
quick one - how is infosys shares trending today as of now,online
"hey, how does dependency injection actually work under the hood",local
silver rate market cap right now before my meeting,online
Difference between event loop in node and CAP theorem,local
"Hey, quick check on cardano before i trade before i head out",online
summarize monads in haskell in a few bullet points,local
ngl final score of the premier league match,online
how to solve problems using limits and continuity before my exam,local
Ngl is the expressway flooded from the downpour right now no cap,online
"hey, who's leading in the wimbledon final currently",online
compare compiler vs interpreter and closures in javascript in one paragraph,local
laplace transform formula and when to use it,local
Derive hypothesis testing step by step,local
real time quote for dogecoin,online
taylor series expansion explained with an example problem in simple terms,local
traffic status on the ring road this morning this morning,online
ok timeline of the moon landing mission details briefly,local
"for class tomorrow, how to solve problems using taylor series expansion before my exam",local
is the protest downtown still ongoing for the group chat,online
"so just heard about the earthquake near the coast, what's the latest",online
"I keep forgetting normalization forms, break it down for me pls",local
Ngl is there a heat advisory in paris today — need it fast,online
"fyi need to know, quick check on eur to usd before i trade today",online
real time quote for eur to usd,online
"genuinely curious, how to solve problems using linear regression math",local
"need this for an interview, sharding — key points to remember thanks",local
explain the silk road trade routes in a short paragraph — struggling with this,local
"just heard about the airline strike, what's the latest",online
who's leading in the nba game currently,online
"just heard about the trade deal talks, what's the latest",online
"Real talk, current valuation on tesla stock today",online
how to solve problems using vector cross product thanks,local
"for my homework, important dates related to the silk road trade routes?",local
difference between B-tree indexing and linked list for my notes,local
is the flood situation downtown affecting traffic right now,online
"fyi need to know, latest on the storm system offshore in real time at the moment",online
The nba game highlights from tonight,online
urgent - is the flyover near the city center open or blocked at the moment currently,online
"Real talk, the ipl match highlights from tonight this morning",online
the quicksort implementation crashes on already sorted arrays,local
Walk through matrix multiplication rules with numbers,local
so did the trade deal talks get resolved yet today,online
ok practice problem using linear regression math briefly,local
"For my homework, solid overview of joins in sql for revision with an example",local
so probability distributions formula and when to use it — struggling with this,local
quick q - taylor series expansion for my calculus homework?,local
main causes and effects of the american civil war causes,local
Main causes and effects of ancient egyptian pyramid construction,local
the wright brothers first flight — what actually happened — struggling with this,local
quick q - walk through hypothesis testing with numbers briefly,local
how humid is it in kolkata right now,online
The printing press invention impact — what actually happened,local
"just checking, how humid is it in los angeles right now",online
so textbook definition of pointers vs references thanks,local
"Hey, compare kubernetes pods and virtual memory in one paragraph",local
"Just checking, ripple xrp price right now",online
ok so did the parliament session today get resolved yet asap,online
The signing of the magna carta — what actually happened,local
is the cyclone warning still ongoing,online
"real talk, current valuation on dow jones for the group chat",online
ok give me a quick rundown of the industrial revolution key inventions thanks,local
so should i carry an umbrella in london today while i'm stuck in traffic,online
is the vaccine rollout progress affecting traffic right now,online
Quick q - important dates related to the treaty of versailles terms with an example,local
"so just heard about the tech layoffs news, what's the latest asap",online
The nba game result just now,online
quick one - bitcoin price action this week so far at the moment,online
"Fyi need to know, the ashes series result just now for real",online
"for class tomorrow, why did the printing press invention impact happen thanks",local
so is the toll plaza open or blocked at the moment,online
Explain the decolonization of africa in a short paragraph,local
The ipl match result just now,online
walk through hypothesis testing with numbers,local
will it rain in san francisco in the next few hours,online
"for my homework, practice problem using chain rule in calculus for revision",local
"Genuinely curious, practice problem using markov chains?",local
Why did the discovery of penicillin happen?,local
"fyi need to know, the ashes series highlights from tonight",online
what's going on with the flood situation downtown at the moment,online
quick q - load balancing example in python please for revision,local
Current valuation on reliance shares,online
"real talk, how is apple stock trending today",online
Ok why did the age of exploration key figures happen — struggling with this,local
"for class tomorrow, timeline of the discovery of penicillin",local
so who's leading in the india vs australia test currently rn,online
Bitcoin live chart movement at the moment,online
walk through vector cross product with numbers,local
Current valuation on nifty 50,online
Quick one - current valuation on nasdaq pls,online
The premier league match score update please at the moment,online
"for my homework, bayes theorem explained with an example problem for my notes",local
quick q - important dates related to the periodic table history — struggling with this,local
Ci cd pipeline basics vs event loop in node which is better and when,local
"for my homework, law of cosines explained with an example problem",local
tail recursion cheat sheet — struggling with this,local
"hey, derive bayes theorem step by step",local
"Fyi need to know, nasdaq today's high and low for real",online
"genuinely curious, key figures involved in the cold war origins for my notes",local
quick q - background on the discovery of penicillin for my essay before my exam,local
Derive permutations and combinations step by step,local
quick q - fourier transform formula and when to use it thanks,local
important dates related to when the berlin wall fell,local
monolith vs microservices interview question breakdown,local
ok so is the t20 world cup game still playing right now no cap,online
ok practice problem using standard deviation formula?,local
"ok virtual functions in c++, explain like i'm a beginner coder?",local
Solid overview of quick sort for revision,local
"Just checking, will it rain in toronto in the next few hours",online
how bad is the central bank's rate decision right now this morning,online
Current congestion level on the main train route this morning,online
Solid overview of generics in java for revision,local
"i keep forgetting load balancing, break it down for me",local
traffic status on the harbor bridge this morning,online
probability distributions explained with an example problem,local
"need this for an interview, real world use case for abstract class vs interface briefly",local
so breaking news on the flood situation downtown for real,online
Logarithm rules formula and when to use it,local
"fyi need to know, how bad is the tech layoffs news right now as of now",online
quick one - is the flight delayed out of los angeles due to fog tonight,online
Merge sort tutorial with code,local
Breaking news on the central bank's rate decision,online
how would you implement ci cd pipeline basics from scratch briefly,local
the ashes series highlights from tonight,online
How would you implement binary search tree from scratch,local
who's leading in the world cup qualifier currently for real,online
quick q - practice problem using laplace transform?,local
quick one - crude oil price today's high and low in the last hour,online
Quick one - real time quote for dogecoin tonight,online
"need this for an interview, walk through convex optimization basics with numbers thanks",local
"genuinely curious, deadlocks cheat sheet for revision",local
linear regression math formula and when to use it,local
"for class tomorrow, key figures involved in the french revolution timeline?",local
"just checking, is the airport terminal open or blocked at the moment before my meeting",online
the age of exploration key figures — what actually happened,local
ngl is the border tensions affecting traffic right now currently,online
Current air quality index in los angeles,online
matrix multiplication rules explained with an example problem,local
"hey, the cabinet reshuffle status update please no cap",online
ACID properties for dummies,local
Standard deviation formula — proof and intuition,local
ok so final score of the grand slam tennis match for real,online
Give me a quick rundown of the cold war origins,local
so final score of the world cup qualifier tonight,online
"Real talk, dow jones live chart movement",online
"Real talk, the grand slam tennis match score update please as of now",online
The world cup qualifier result just now,online
current valuation on reliance shares,online
sliding window technique interview question breakdown,local
the premier league match score update please,online
the wright brothers first flight — what actually happened briefly,local
is the metro line closed due to the accident right now,online
so is it safe to drive in new york with this storm,online
ngl is the wildfire in the hills still ongoing as of now,online
urgent - is the main train route closed due to the accident just curious,online
the t20 world cup game highlights from tonight,online
"for class tomorrow, notes on dynamic programming for my assignment?",local
ngl the nba game result just now this morning,online
Derivative of a function — proof and intuition,local
probability distributions explained with an example problem for my notes,local
Urgent - the ipl match result just now no cap,online
Urgent - real time quote for nasdaq no cap,online
Live score for the nba game,online
"need this for an interview, walk through gradient descent math with numbers",local
Ngl live score for the asia cup final asap,online
Ok so latest on the vaccine rollout progress in real time — need it fast,online
Who won the nba game last night,online
"For my homework, give me a quick rundown of the russian revolution 1917 for revision",local
is crude oil price pumping or dumping today,online
is the toll plaza closed due to the accident currently,online
"ok dynamic programming, explain like i'm a beginner coder in simple terms",local
is the subway line open or blocked at the moment no cap,online
breaking news on the heatwave alert right now,online
any train delays on the main line right now,online
how would you implement virtual memory from scratch,local
"hey, is the expressway open or blocked at the moment for real",online
"need this for an interview, explain abstract class vs interface with a simple example before my exam",local
so infosys shares price right now just curious,online
the ashes series result just now,online
so is the toll plaza open or blocked at the moment for real,online
"just checking, how bad is the central bank's rate decision right now this morning",online
monads in haskell for dummies for my notes,local
"Hey, traffic status on the highway this morning",online
"hey, the unification of germany summary for history class",local
Breaking news on the power outage in the city,online
so foreign key constraints interview question breakdown in simple terms,local
virtual memory for dummies for revision,local
"Fyi need to know, breaking news on the central bank's rate decision at the moment",online
Should i carry an umbrella in hyderabad today,online
how's the rupee doing against the dollar today,online
"for class tomorrow, main causes and effects of the boston tea party for my notes",local
Quick one - ripple xrp live chart movement tonight,online
"genuinely curious, i keep forgetting trie data structure, break it down for me thanks",local
"for class tomorrow, timeline of the decolonization of africa",local
"real talk, nifty 50 live chart movement in the last hour",online
any delays on the toll plaza today,online
"for my homework, walk me through closures in javascript step by step — struggling with this",local
"just checking, is sensex pumping or dumping today in the last hour",online
Is the s&p 500 pumping or dumping today,online
Quick one - current valuation on reliance shares before my meeting,online
"real talk, ethereum live chart movement today",online
live score for the asia cup final at the moment,online
"Genuinely curious, background on ancient egyptian pyramid construction for my essay for my notes",local
"fyi need to know, is the expressway flooded from the downpour right now rn",online
should i carry an umbrella in chicago today,online
Final score of the euro cup semifinal,online
urgent - live score for the f1 race today,online
is it safe to drive in delhi with this storm,online
"fyi need to know, any delays on the metro line today at the moment",online
why is caching strategies used instead of linked list,local
"hey, central limit theorem formula and when to use it for revision",local
Ripple xrp live chart movement,online
is nvidia stock pumping or dumping today this evening,online
tail recursion interview question breakdown,local
"hey, tail recursion, explain like i'm a beginner coder",local
urgent - how humid is it in hyderabad right now — need it fast,online
trie data structure interview question breakdown for my notes,local
The subway line conditions right now because of the storm,online
quick one - is there a heat advisory in chicago today today,online
Difference between CAP theorem and static vs dynamic typing,local
so is the flight delayed out of bangalore due to fog currently,online
who won the ufc fight card last night asap,online
Quick one - current valuation on gold rate asap,online
permutations and combinations — proof and intuition for revision,local
Tcs stock live chart movement,online
Did infosys shares go up or down this morning,online
"For class tomorrow, how to solve problems using markov chains with an example",local
Is there a heat advisory in hyderabad today,online
"real talk, breaking news on the vaccine rollout progress tonight",online
Breaking news on the storm system offshore,online
"genuinely curious, markov chains for my calculus homework in simple terms",local
quick refresher on eventual consistency before my exam for my notes,local
ok so is dogecoin pumping or dumping today,online
Ok so how humid is it in pune right now — need it fast,online
"Real talk, the ring road conditions right now because of the storm before my meeting",online
"hey, live score for the ufc fight card just curious",online
"hey, why did the printing press invention impact happen?",local
quick q - give me a quick rundown of the fall of the roman empire for revision,local
"for class tomorrow, bayes theorem for my calculus homework in simple terms",local
derive correlation vs causation step by step thanks,local
urgent - the harbor bridge conditions right now because of the storm in the last hour,online
"Real talk, quick check on eur to usd before i trade as of now",online
Quick q - gradient descent math — proof and intuition for my notes,local
important dates related to the cold war origins,local
subqueries in sql vs message queues which is better and when,local
so explain the partition of india in a short paragraph for my notes,local
explain how virtual memory paging works,local
will it rain in chicago in the next few hours,online
urgent - who won the world cup qualifier last night just curious,online
derive hypothesis testing step by step?,local
"hey, caching strategies — key points to remember",local
any delays on the expressway today,online
real time quote for sensex,online
Did crude oil price go up or down this morning,online
Ok so dogecoin live chart movement for real,online
logarithm rules formula and when to use it,local
the election results — anything new in the last hour,online
Markov chains for my calculus homework?,local
is it safe to drive in hyderabad with this storm — need it fast,online
Is the subway line flooded from the downpour right now,online
"need this for an interview, derive standard deviation formula step by step for my notes",local
Ok why is bit manipulation tricks used instead of subqueries in sql,local
reliance shares price action this week so far,online
so the signing of the magna carta summary for history class before my exam,local
did the s&p 500 go up or down this morning,online
background on the renaissance key artists for my essay,local
real world use case for TCP vs UDP,local
"Fyi need to know, traffic status on the highway this morning currently",online
Any delays on the toll plaza today,online
ok main causes and effects of the unification of germany thanks,local
"Hey, is the ring road open or blocked at the moment pls",online
so key figures involved in the industrial revolution key inventions?,local
key figures involved in the ottoman empire decline,local
Urgent - who won the t20 world cup game last night no cap,online
quick one - cardano rate as of this minute pls,online
Mutex vs semaphore example in python please briefly,local
correlation vs causation formula and when to use it,local
ok so did tcs stock go up or down this morning before i head out,online
chain rule in calculus explained with an example problem,local
so cardano price action this week so far right now,online
"for class tomorrow, main causes and effects of the french revolution timeline — struggling with this",local
so summarize quick sort in a few bullet points for my notes,local
quick refresher on event loop in node before my exam,local
"Need this for an interview, important dates related to the signing of the magna carta",local
urgent - the ipl match result just now asap,online
Practice problem using fourier transform,local
Real world use case for connection pooling before my exam,local
ngl real time quote for dogecoin for real,online
abstract class vs interface — key points to remember in simple terms,local
The causes of world war 1 — what actually happened,local
apple stock today's high and low as of now,online
"for my homework, how does trie data structure actually work under the hood in simple terms",local
"hey, is dogecoin pumping or dumping today",online
so eur to usd market cap right now this evening,online
Give me a quick rundown of the signing of the magna carta,local
"genuinely curious, the american civil war causes summary for history class before my exam",local
Crude oil price price action this week so far,online
Urgent - is the subway line closed due to the accident,online
Current congestion level on the harbor bridge,online
"hey, real world use case for heap data structure thanks",local
async function returns a pending promise instead of the value,local
ok so traffic status on the metro line this morning in the last hour,online
"Real talk, the interstate conditions right now because of the storm just curious",online
"real talk, will it rain in kolkata in the next few hours",online
The subway line conditions right now because of the storm asap,online
ngl the premier league match score update please rn,online
main causes and effects of the discovery of penicillin,local
textbook definition of REST vs GraphQL,local
the harbor bridge conditions right now because of the storm,online
"hey, thread pools cheat sheet before my exam",local
"Hey, did the border tensions get resolved yet as of now",online
so compare window functions in sql and immutability in functional programming in one paragraph,local
live score for the ashes series,online
ok so the nba game highlights from tonight,online
ok so the grand slam tennis match result just now right now,online
Solid overview of sharding for revision,local
"for class tomorrow, pros and cons of graph traversal for revision",local
Real time quote for apple stock currently,online
quick one - final score of the nba game this morning,online
Urgent - the airline strike status update please before my meeting,online
current valuation on dogecoin,online
Latest on the covid case numbers in real time,online
"need this for an interview, practice problem using eigenvalues and eigenvectors briefly",local
Quick one - any updates on the protest downtown happening today rn,online
"Polymorphism, explain like i'm a beginner coder",local
quick q - merge sort vs hash map which is better and when for revision,local
did the vaccine rollout progress get resolved yet,online
Is the expressway open or blocked at the moment as of now,online
"need this for an interview, how to solve problems using limits and continuity",local
timeline of when the berlin wall fell — struggling with this,local
quick q - timeline of the decolonization of africa briefly,local
deadlocks — key points to remember,local
"hey, nasdaq market cap right now rn",online
Quadratic formula formula and when to use it,local
ngl traffic status on the expressway this morning before my meeting,online
Nvidia stock price action this week so far,online
tcs stock today's high and low,online
So probability distributions explained with an example problem,local
"for class tomorrow, give me a quick rundown of the cold war origins?",local
Ok so is the premier league match still playing right now?,online
The premier league match result just now,online
who won the asia cup final last night this morning,online
microservices architecture interview question breakdown,local
Urgent - who won the nba game last night tonight,online
the renaissance key artists — what actually happened thanks,local
practice problem using vector cross product — struggling with this,local
who's leading in the ashes series currently,online
regular expressions interview question breakdown,local
"Need this for an interview, the pythagorean theorem formula and when to use it for revision",local
the theory of evolution basics summary for history class,local
walk me through dependency injection step by step,local
Deadlocks vs TCP vs UDP which is better and when,local
"Need this for an interview, why is version control branching used instead of CAP theorem for revision",local
"fyi need to know, the earthquake near the coast status update please for the group chat",online
"fyi need to know, how bad is the wildfire in the hills right now rn",online
law of cosines — proof and intuition,local
quick q - explain closures in javascript with a simple example for my notes,local
Any delays on the ring road today,online
Eur to usd price right now,online
Quick q - key figures involved in the silk road trade routes,local
summarize heap data structure in a few bullet points,local
so key figures involved in the mughal empire timeline thanks,local
ok the age of exploration key figures — what actually happened with an example,local
standard deviation formula — proof and intuition,local
"hey, is it safe to drive in chennai with this storm before i head out",online
"Hey, did nvidia stock go up or down this morning tonight",online
"for my homework, walk through standard deviation formula with numbers briefly",local
sliding window technique tutorial with code,local
"for my homework, how does monolith vs microservices actually work under the hood thanks",local
"real talk, how is usd to inr trending today in the last hour",online
is there a tsunami warning issued right now,online
Did the protest downtown get resolved yet,online
quick refresher on graph traversal before my exam,local
is the flight delayed out of bangalore due to fog,online
Bayes theorem for my calculus homework,local
"Hey, current valuation on sensex no cap",online
quick one - who won the grand slam tennis match last night no cap,online
"genuinely curious, explain the printing press invention impact in a short paragraph",local
so timeline of the age of exploration key figures,local
how does primary key vs unique key actually work under the hood pls,local
how would you implement regular expressions from scratch,local
difference between dynamic programming and generics in java,local
ok why did the boston tea party happen,local
ok explain the silk road trade routes in a short paragraph for revision,local
the wildfire in the hills status update please today,online
the flood situation downtown developments as of today,online
"genuinely curious, walk through law of sines with numbers for my notes",local
Is the ring road flooded from the downpour right now,online
"fyi need to know, current air quality index in mumbai?",online
apple stock today's high and low,online
"multiple inheritance in python, explain like i'm a beginner coder",local
Quick q - background on the wright brothers first flight for my essay — struggling with this,local
"genuinely curious, important dates related to the boston tea party",local
"real talk, how bad is the wildfire in the hills right now for the group chat",online
Give me a quick rundown of the american civil war causes,local
when the berlin wall fell — what actually happened pls,local
"hey, is the champions league final still playing right now no cap",online
"hey, the harbor bridge conditions right now because of the storm in the last hour",online
live score for the euro cup semifinal,online
Ngl is it safe to drive in singapore with this storm as of now,online
"deadlocks, explain like i'm a beginner coder",local
the vaccine rollout progress developments as of today,online
quick one - final score of the euro cup semifinal this evening,online
subqueries in sql vs big O notation which is better and when,local
ngl is the parliament session today affecting traffic right now rn,online
"Need this for an interview, main causes and effects of the french revolution timeline with an example",local
"Just checking, who won the premier league match last night pls",online
background on the fall of the roman empire for my essay?,local
"Just checking, the ring road conditions right now because of the storm rn",online
So infosys shares today's high and low for the group chat,online
"just checking, is it safe to drive in los angeles with this storm today",online
"fyi need to know, did nasdaq go up or down this morning at the moment",online
"I don't get backtracking algorithms, someone explain",local
"just checking, the covid case numbers status update please before my meeting",online
"need this for an interview, i don't get REST vs GraphQL, someone explain with an example",local
quick one - any delays on the airport terminal today,online
background on the partition of india for my essay,local
"Hey, walk through markov chains with numbers pls",local
is the flight delayed out of los angeles due to fog,online
ok so is the flight delayed out of hyderabad due to fog?,online
"fyi need to know, is the main train route closed due to the accident currently",online
"For class tomorrow, publish subscribe pattern tutorial with code for revision",local
Dogecoin rate as of this minute,online
"Need this for an interview, derive hypothesis testing step by step",local
"Hey, how does virtual memory actually work under the hood pls",local
ok so infosys shares market cap right now,online
so the pythagorean theorem explained with an example problem — struggling with this,local
urgent - traffic status on the metro line this morning asap,online
quick q - law of cosines formula and when to use it before my exam,local
Ok walk through bayes theorem with numbers for revision,local
"Just checking, latest on the trade deal talks in real time this evening",online
So reliance shares price right now rn,online
will it rain in london in the next few hours,online
Who won the champions league final last night,online
"Just checking, the t20 world cup game score update please this evening",online
Urgent - is the nba game still playing right now today,online
will it rain in seoul in the next few hours,online
"fyi need to know, silver rate live chart movement just curious",online
so static vs dynamic typing tutorial with code with an example,local
derive markov chains step by step,local
main causes and effects of the renaissance key artists,local
"hey, solana rate as of this minute no cap",online
"just checking, the airport terminal conditions right now because of the storm rn",online
"hey, practice problem using derivative of a function briefly",local
silver rate market cap right now,online
so should i carry an umbrella in san francisco today as of now,online
When should i pick operator overloading in c++ over trie data structure,local
"need this for an interview, explain the moon landing mission details in a short paragraph — struggling with this",local
convex optimization basics for my calculus homework,local
Is nasdaq pumping or dumping today for real,online
"Hey, how bad is the ceasefire negotiations right now tonight",online
"Real talk, quick check on ripple xrp before i trade before i head out",online
Difference between greedy algorithms and TCP vs UDP — struggling with this,local
so who's leading in the la liga clasico currently at the moment,online
"real talk, the airport terminal conditions right now because of the storm before i head out",online
"genuinely curious, dynamic programming tutorial with code with an example",local
live score for the premier league match,online
the heatwave alert status update please,online
nasdaq today's high and low,online
"Just heard about the flood situation downtown, what's the latest before i head out",online
the industrial revolution key inventions — what actually happened,local
ok so is the nba game still playing right now as of now,online
ngl bitcoin market cap right now?,online
so important dates related to the renaissance key artists thanks,local
so traffic status on the harbor bridge this morning as of now,online
so is the interstate closed due to the accident today,online
"Hey, why did the periodic table history happen in simple terms",local
So the world cup qualifier highlights from tonight for the group chat,online
quick q - derive taylor series expansion step by step for my notes,local
Explain when the berlin wall fell in a short paragraph pls,local
"just heard about the tech layoffs news, what's the latest at the moment",online
what's going on with the trade deal talks at the moment just curious,online
"for class tomorrow, explain the printing press invention impact in a short paragraph before my exam",local
ngl any delays on the highway today tonight,online
is gold rate pumping or dumping today before my meeting,online
"Hey, is the flyover near the city center open or blocked at the moment rn",online
urgent - is the airport terminal closed due to the accident in the last hour,online
urgent - quick check on nifty 50 before i trade just curious,online
window functions in sql vs SOLID principles which is better and when,local
textbook definition of CAP theorem,local
"real talk, traffic status on the ring road this morning today",online
"just heard about the storm system offshore, what's the latest as of now",online
current valuation on ethereum,online
practice problem using law of cosines briefly,local
"hey, quick check on dogecoin before i trade in the last hour",online
"connection pooling, explain like i'm a beginner coder",local
"for my homework, practice problem using probability distributions thanks",local
"need this for an interview, explain the theory of evolution basics in a short paragraph thanks",local
Ok so is the expressway closed due to the accident asap,online
is the highway open or blocked at the moment,online
quick q - integration by parts formula and when to use it thanks,local
"Hey, chain rule in calculus formula and when to use it",local
compare normalization in databases and message queues in one paragraph for revision,local
Summarize tail recursion in a few bullet points,local
"for class tomorrow, how does generics in java actually work under the hood?",local
quick one - tesla stock rate as of this minute at the moment,online
ok so current air quality index in hyderabad — need it fast,online
when should i pick event loop in node over quick sort,local
so practice problem using matrix multiplication rules for revision,local
so the printing press invention impact summary for history class,local
ok difference between virtual functions in c++ and trie data structure for revision,local
"Just heard about the election results, what's the latest",online
Textbook definition of denormalization,local
Real time quote for silver rate,online
ok walk through central limit theorem with numbers — struggling with this,local
when should i pick asynchronous programming over topological sort,local
Logarithm rules — proof and intuition,local
"fyi need to know, is the airport terminal flooded from the downpour right now for the group chat",online
"Compiler vs interpreter, explain like i'm a beginner coder",local
is the flight delayed out of paris due to fog in the last hour,online
Current congestion level on the interstate no cap,online
how to calculate big o for a recursive function,local
Ok practice problem using limits and continuity for my notes,local
"Genuinely curious, markov chains formula and when to use it with an example",local
so explain the theory of evolution basics in a short paragraph for my notes,local
walk me through hash map step by step,local
important dates related to the printing press invention impact briefly,local
notes on window functions in sql for my assignment,local
"just checking, is the interstate flooded from the downpour right now in the last hour",online
So how to solve problems using logarithm rules before my exam,local
Compare docker containers and monolith vs microservices in one paragraph in simple terms,local
"for my homework, permutations and combinations — proof and intuition",local
derive chain rule in calculus step by step for revision,local
"fyi need to know, did crude oil price go up or down this morning — need it fast",online
"just checking, traffic status on the airport terminal this morning in the last hour",online
quick one - is tesla stock pumping or dumping today right now,online
current air quality index in los angeles,online
ngl who's leading in the world cup qualifier currently — need it fast,online
ngl any delays on the subway line today while i'm stuck in traffic,online
"for my homework, central limit theorem — proof and intuition pls",local
quick q - regular expressions interview question breakdown thanks,local
quick one - is the asia cup final still playing right now right now,online
main causes and effects of the age of exploration key figures for revision,local
Ok so is the tech layoffs news affecting traffic right now currently,online
key figures involved in the causes of world war 1 for my notes,local
so breaking news on the cyclone warning for real,online
"hey, set theory basics for my calculus homework with an example",local
compare bit manipulation tricks and database indexing in one paragraph,local
"hey, is the harbor bridge open or blocked at the moment rn",online
give me a quick rundown of the causes of world war 1 pls,local
Did the covid case numbers get resolved yet,online
ok so is the metro line closed due to the accident no cap,online
current air quality index in seoul,online
"hey, is the premier league match still playing right now",online
derive central limit theorem step by step,local
ngl live score for the f1 race rn,online
"for class tomorrow, the treaty of versailles terms — what actually happened in simple terms",local
So how to solve problems using law of cosines thanks,local
Solana live chart movement,online
is the subway line flooded from the downpour right now,online
real world use case for big O notation,local
So how to solve problems using vector cross product briefly,local
matrix multiplication rules — proof and intuition pls,local
"Need this for an interview, summarize sliding window technique in a few bullet points briefly",local
ngl is the toll plaza flooded from the downpour right now as of now,online
so real time quote for reliance shares just curious,online
Is the main train route closed due to the accident,online
REST vs GraphQL interview question breakdown,local
"hey, timeline of the silk road trade routes",local
"need this for an interview, the great depression causes summary for history class for revision",local
urgent - the ufc fight card highlights from tonight today,online
urgent - silver rate live chart movement before i head out,online
"real talk, the ipl match score update please for the group chat",online
so live score for the premier league match before my meeting,online
main causes and effects of ancient egyptian pyramid construction,local
Primary key vs unique key vs connection pooling which is better and when,local
"Just checking, current congestion level on the airport terminal this evening",online
ok so the nba game score update please this evening,online
ngl breaking news on the wildfire in the hills no cap,online
"just checking, traffic status on the harbor bridge this morning right now",online
quick q - real world use case for subqueries in sql in simple terms,local
Integration by parts — proof and intuition with an example,local
Dijkstra's algorithm example in python please,local
live score for the india vs australia test,online
Quadratic formula explained with an example problem,local
quick one - is the toll plaza closed due to the accident before my meeting,online
practice problem using laplace transform with an example,local
"genuinely curious, pros and cons of dijkstra's algorithm",local
So explain the discovery of penicillin in a short paragraph,local
tcs stock live chart movement this morning,online
is the flight delayed out of kolkata due to fog,online
"for my homework, probability distributions explained with an example problem pls",local
current status of the vaccine rollout in my state,online
"ok i don't get heap data structure, someone explain with an example",local
"just heard about the election results, what's the latest",online
The heatwave alert — anything new in the last hour,online
did nasdaq go up or down this morning,online
"real talk, who's leading in the ashes series currently while i'm stuck in traffic",online
ngl the flyover near the city center conditions right now because of the storm,online
ok partial derivatives for my calculus homework thanks,local
lambda expressions for dummies pls,local
so the grand slam tennis match result just now asap,online
joins in sql — key points to remember,local
Ngl final score of the t20 world cup game at the moment,online
Who won the nba game last night — need it fast,online
Ok quick refresher on foreign key constraints before my exam with an example,local
"for class tomorrow, denormalization example in python please for revision",local
quick q - walk me through SOLID principles step by step,local
important dates related to the french revolution timeline,local
"fyi need to know, latest on the election results in real time — need it fast",online
"for class tomorrow, law of cosines formula and when to use it for revision",local
how to solve problems using laplace transform with an example,local
"hey, solid overview of sliding window technique for revision",local
quick q - central limit theorem explained with an example problem,local
so quick check on cardano before i trade right now,online
"Hey, the grand slam tennis match result just now",online
quick one - any delays on the interstate today right now,online
Test driven development — key points to remember,local
the great depression causes summary for history class for revision,local
"Genuinely curious, derive the pythagorean theorem step by step pls",local
main causes and effects of the printing press invention impact in simple terms,local
"fyi need to know, is it safe to drive in chicago with this storm — need it fast",online
Walk me through SOLID principles step by step — struggling with this,local
ok pros and cons of deadlocks,local
is the main train route flooded from the downpour right now today,online
Quick one - tcs stock rate as of this minute this morning,online
"hey, practice problem using linear regression math pls",local
urgent - current congestion level on the expressway before my meeting,online
what's going on with the border tensions at the moment right now,online
ngl is it safe to drive in mumbai with this storm this evening,online
any delays on the flyover near the city center today,online
explain compiler vs interpreter with a simple example,local
ngl is ethereum pumping or dumping today — need it fast,online
"need this for an interview, limits and continuity formula and when to use it in simple terms",local
is the interstate flooded from the downpour right now at the moment,online
"Just heard about the tech layoffs news, what's the latest — need it fast",online
"Real talk, is the flyover near the city center open or blocked at the moment just curious",online
"For my homework, main causes and effects of the fall of the roman empire for revision",local
Solid overview of trie data structure for revision,local
"real talk, real time quote for nvidia stock for the group chat",online
compare ci cd pipeline basics and B-tree indexing in one paragraph,local
Key figures involved in the partition of india,local
"need this for an interview, give me a quick rundown of the partition of india with an example",local
quick q - main causes and effects of the decolonization of africa with an example,local
walk me through topological sort step by step — struggling with this,local
"hey, why is multiple inheritance in python used instead of mock objects in testing pls",local
main causes and effects of the ottoman empire decline before my exam,local
Markov chains formula and when to use it in simple terms,local
summarize REST vs GraphQL in a few bullet points,local
ok so nasdaq rate as of this minute,online
the tech layoffs news status update please while i'm stuck in traffic,online
what's causing the traffic jam on the ring road now,online
did crude oil price go up or down this morning rn,online
ok race conditions interview question breakdown,local
live score for the world cup qualifier — need it fast,online
Why is inheritance vs composition used instead of pointers vs references thanks,local
the ottoman empire decline — what actually happened pls,local
"For my homework, walk me through compiler vs interpreter step by step pls",local
so traffic status on the main train route this morning for the group chat,online
quick q - the pythagorean theorem for my calculus homework?,local
is the highway open or blocked at the moment rn,online
derive standard deviation formula step by step,local
"for class tomorrow, thread pools — key points to remember — struggling with this",local
The pythagorean theorem formula and when to use it,local
"Fyi need to know, will it rain in mumbai in the next few hours right now",online
textbook definition of sliding window technique,local
Gold rate live chart movement tonight,online
"mock objects in testing, explain like i'm a beginner coder pls",local
"real talk, is nifty 50 pumping or dumping today before i head out",online
quick q - the cold war origins — what actually happened,local
"hey, explain the ottoman empire decline in a short paragraph?",local
"need this for an interview, laplace transform — proof and intuition",local
quick one - any delays on the flyover near the city center today before my meeting,online
"genuinely curious, explain race conditions with a simple example for revision",local
"for my homework, derivative of a function — proof and intuition?",local
urgent - traffic status on the flyover near the city center this morning this evening,online
"just checking, the ipl match result just now just curious",online
the interstate conditions right now because of the storm today,online
"need this for an interview, timeline of the industrial revolution key inventions briefly",local
main causes and effects of the silk road trade routes,local
quick one - the f1 race result just now for real,online
final score of the wimbledon final currently,online
"for class tomorrow, foreign key constraints for dummies before my exam",local
"for class tomorrow, ACID properties, explain like i'm a beginner coder",local
Ngl live score for the india vs australia test currently,online
ok solid overview of quick sort for revision with an example,local
"genuinely curious, publish subscribe pattern, explain like i'm a beginner coder thanks",local
How to solve problems using linear regression math,local
"need this for an interview, how does merge sort actually work under the hood in simple terms",local
Is the parliament session today still ongoing,online
"genuinely curious, explain ACID properties with a simple example for revision",local
so walk through bayes theorem with numbers thanks,local
"for my homework, why did the age of exploration key figures happen",local
current valuation on tcs stock,online
ok denormalization interview question breakdown for revision,local
law of cosines formula and when to use it before my exam,local
ok the periodic table history summary for history class for revision,local
ok so current valuation on silver rate?,online
multithreading in java for dummies before my exam,local
Compare graph traversal and static vs dynamic typing in one paragraph,local
Solid overview of window functions in sql for revision,local
the supreme court verdict — anything new in the last hour,online
any delays on the metro line today before my meeting,online
"hey, sensex rate as of this minute in the last hour",online
so connection pooling example in python please with an example,local
compiler vs interpreter cheat sheet,local
background on the cold war origins for my essay — struggling with this,local
compare caching strategies and ACID properties in one paragraph,local
urgent - live score for the asia cup final currently,online
Quick one - the wimbledon final highlights from tonight at the moment,online
"for my homework, walk through fourier transform with numbers",local
is the toll plaza jammed up right now,online
"just checking, current congestion level on the airport terminal this morning",online
so is the harbor bridge closed due to the accident at the moment,online
the russian revolution 1917 summary for history class,local
Is there a heat advisory in berlin today,online
"real talk, real time quote for ripple xrp",online
"just checking, will it rain in bangalore in the next few hours",online
ngl real time quote for dow jones before my meeting,online
quick check on nasdaq before i trade,online
the ipl match result just now currently,online
Any updates on the airline strike happening today as of now,online
"hey, pros and cons of inheritance vs composition for revision",local
"For class tomorrow, when should i pick deadlocks over multithreading in java",local
the ufc fight card score update please this morning,online
The premier league match score update please in the last hour,online
traffic status on the ring road this morning,online
the decolonization of africa summary for history class,local
So taylor series expansion explained with an example problem briefly,local
"Ok i don't get virtual memory, someone explain",local
"For class tomorrow, important dates related to the mughal empire timeline in simple terms",local
The age of exploration key figures summary for history class,local
Crude oil price market cap right now,online
explain the printing press invention impact in a short paragraph,local
urgent - how humid is it in seoul right now before my meeting,online
Real world use case for event loop in node,local
"for my homework, explain the boston tea party in a short paragraph thanks",local
"fyi need to know, how is apple stock trending today before my meeting",online
Ngl the flyover near the city center conditions right now because of the storm today,online
quick q - quadratic formula formula and when to use it briefly,local
pros and cons of pointers vs references for revision,local
"quick one - just heard about the central bank's rate decision, what's the latest as of now",online
"just checking, current congestion level on the expressway before my meeting",online
The subway line conditions right now because of the storm no cap,online
"For class tomorrow, explain map reduce filter functions with a simple example before my exam",local
practice problem using central limit theorem in simple terms,local
"just heard about the flood situation downtown, what's the latest — need it fast",online
so is the ring road flooded from the downpour right now,online
the asia cup final score update please at the moment,online
"Real talk, the wimbledon final highlights from tonight",online
Quick one - any updates on the heatwave alert happening today?,online
"just checking, final score of the la liga clasico tonight",online
Laplace transform for my calculus homework,local
nvidia stock price action this week so far pls,online
urgent - did nvidia stock go up or down this morning just curious,online
"fyi need to know, is gold rate pumping or dumping today pls",online
who won the wimbledon final last night,online
"For class tomorrow, how would you implement SOLID principles from scratch",local
Quick one - is the main train route flooded from the downpour right now this morning,online
Is the toll plaza flooded from the downpour right now,online
Solana price action this week so far,online
"fyi need to know, real time quote for cardano for the group chat",online
so the ottoman empire decline summary for history class for revision,local
urgent - did apple stock go up or down this morning at the moment,online
"just checking, real time quote for crude oil price",online
ok so is the main train route open or blocked at the moment today,online
the wright brothers first flight summary for history class — struggling with this,local
So breaking news on the parliament session today this evening,online
"hey, current congestion level on the interstate tonight",online
is reliance shares pumping or dumping today,online
"i keep forgetting stack vs heap memory, break it down for me",local
"For my homework, connection pooling for dummies?",local
Solid overview of message queues for revision,local
give me a quick rundown of the ottoman empire decline,local
Ngl who's leading in the euro cup semifinal currently in the last hour,online
urgent - who won the nba game last night while i'm stuck in traffic,online
"for class tomorrow, integration by parts formula and when to use it thanks",local
Quick refresher on regular expressions before my exam,local
"fyi need to know, dow jones today's high and low rn",online
is cardano pumping or dumping today for real,online
derive integration by parts step by step — struggling with this,local
is the airport terminal flooded from the downpour right now for real,online
"real talk, did ripple xrp go up or down this morning just curious",online
Explain the discovery of penicillin in a short paragraph,local
"for class tomorrow, walk through logarithm rules with numbers — struggling with this",local
urgent - is the flight delayed out of london due to fog rn,online
Quick one - the ipl match score update please in the last hour,online
"Need this for an interview, chain rule in calculus explained with an example problem for revision",local
quick q - practice problem using logarithm rules,local
"for class tomorrow, practice problem using convex optimization basics thanks",local
"real talk, is the la liga clasico still playing right now in the last hour",online
Is the airport terminal open or blocked at the moment,online
Walk me through map reduce filter functions step by step,local
"fyi need to know, the india vs australia test score update please at the moment",online
how does foreign key constraints actually work under the hood,local
is there a heat advisory in new york today just curious,online
so integration by parts for my calculus homework,local
ok explain the theory of evolution basics in a short paragraph pls,local
Walk me through caching strategies step by step,local
ok so how is apple stock trending today,online
"Need this for an interview, solid overview of dependency injection for revision for my notes",local
"immutability in functional programming, explain like i'm a beginner coder in simple terms",local
solid overview of deadlocks for revision,local
urgent - current congestion level on the toll plaza while i'm stuck in traffic,online
so main causes and effects of the french revolution timeline,local
Ngl quick check on gold rate before i trade in the last hour,online
Quick q - chain rule in calculus formula and when to use it in simple terms,local
"genuinely curious, correlation vs causation formula and when to use it thanks",local
promises vs callbacks vs denormalization which is better and when,local
"hey, law of cosines for my calculus homework for revision",local
ok compare process vs thread and mutex vs semaphore in one paragraph pls,local
ngl any delays on the main train route today for real,online
ok practice problem using integration by parts before my exam,local
is cardano pumping or dumping today,online
"real talk, final score of the f1 race today",online
quick q - practice problem using bayes theorem,local
walk through convex optimization basics with numbers,local
So practice problem using bayes theorem for revision,local
"Need this for an interview, textbook definition of bit manipulation tricks briefly",local
current valuation on ethereum no cap,online
solid overview of promises vs callbacks for revision?,local
"hey, is the expressway open or blocked at the moment right now",online
the india vs australia test highlights from tonight — need it fast,online
ok why is big O notation used instead of kubernetes pods,local
asynchronous programming for dummies before my exam,local
why did the renaissance key artists happen,local
"for my homework, main causes and effects of the decolonization of africa with an example",local
"just checking, the la liga clasico result just now this morning",online
Why is lambda expressions used instead of abstract class vs interface,local
quick q - important dates related to the great depression causes for revision,local
Merge sort tutorial with code?,local
Walk through convex optimization basics with numbers,local
"real talk, is the metro line open or blocked at the moment as of now",online
urgent - who's leading in the asia cup final currently — need it fast,online
Quick refresher on multiple inheritance in python before my exam,local
walk through probability distributions with numbers,local
ok why did the signing of the magna carta happen — struggling with this,local
"just checking, nasdaq today's high and low today",online
ngl nvidia stock price action this week so far right now,online
main causes and effects of the signing of the magna carta,local
live score for the t20 world cup game today,online
why did the industrial revolution key inventions happen,local
so the ashes series highlights from tonight for real,online
"Genuinely curious, pros and cons of foreign key constraints",local
is the flyover near the city center open or blocked at the moment,online
Thread pools tutorial with code,local
"For my homework, explain the industrial revolution key inventions in a short paragraph for my notes",local
So when the berlin wall fell summary for history class,local
quick q - ACID properties example in python please briefly,local
the periodic table history — what actually happened,local
the storm system offshore — anything new in the last hour,online
"need this for an interview, set theory basics — proof and intuition with an example",local
The metro line conditions right now because of the storm,online
timeline of the fall of the roman empire,local
so sensex today's high and low as of now,online
So current congestion level on the subway line today,online
test driven development for dummies,local
so practice problem using matrix multiplication rules with an example,local
ok the pythagorean theorem for my calculus homework pls,local
ngl the la liga clasico highlights from tonight,online
"just checking, current congestion level on the flyover near the city center",online
Ngl live score for the ashes series,online
"genuinely curious, why is polymorphism used instead of garbage collection briefly",local
How is bitcoin trending today while i'm stuck in traffic,online
quick one - current congestion level on the metro line,online
"fyi need to know, the euro cup semifinal result just now in the last hour",online
"fyi need to know, quick check on nasdaq before i trade while i'm stuck in traffic",online
ok so is bitcoin pumping or dumping today today,online
Ok so the s&p 500 price action this week so far,online
so derive linear regression math step by step for revision,local
important dates related to the american civil war causes,local
So how humid is it in seoul right now this evening,online
quick q - explain the age of exploration key figures in a short paragraph pls,local
walk me through bit manipulation tricks step by step,local
"Hey, is it safe to drive in bangalore with this storm currently",online
"for class tomorrow, when should i pick mutex vs semaphore over eventual consistency?",local
did dow jones go up or down this morning right now,online
urgent - the asia cup final result just now tonight,online
textbook definition of pointers vs references,local
Quick refresher on pointers vs references before my exam,local
big O notation tutorial with code,local
final score of the euro cup semifinal this evening,online
"for my homework, notes on SOLID principles for my assignment in simple terms",local
"Need this for an interview, walk through correlation vs causation with numbers for my notes",local
Chain rule in calculus formula and when to use it,local
"Fyi need to know, live score for the ipl match before i head out",online
"need this for an interview, why did the american civil war causes happen?",local
Quick refresher on promises vs callbacks before my exam,local
so quick check on gold rate before i trade as of now,online
"for class tomorrow, solid overview of lambda expressions for revision",local
main causes and effects of the great depression causes,local
"For my homework, derivative of a function for my calculus homework — struggling with this",local
summarize eventual consistency in a few bullet points,local
So pros and cons of dijkstra's algorithm thanks,local
the vaccine rollout progress status update please while i'm stuck in traffic,online
quick q - integration by parts — proof and intuition — struggling with this,local
how to solve problems using taylor series expansion — struggling with this,local
ngl who won the asia cup final last night for real,online
Urgent - the harbor bridge conditions right now because of the storm asap,online
"i keep forgetting event loop in node, break it down for me",local
notes on immutability in functional programming for my assignment pls,local
sensex rate as of this minute before my meeting,online
"hey, quadratic formula for my calculus homework?",local
Quick check on ethereum before i trade before my meeting,online
eigenvalues and eigenvectors — proof and intuition,local
"for my homework, derive bayes theorem step by step before my exam",local
How to solve problems using integration by parts,local
"for my homework, practice problem using set theory basics for my notes",local
"need this for an interview, publish subscribe pattern interview question breakdown?",local
The champions league final highlights from tonight,online
"real talk, final score of the champions league final before i head out",online
textbook definition of immutability in functional programming,local
Quick one - is the premier league match still playing right now just curious,online
When should i pick foreign key constraints over sharding,local
ok so dow jones price right now right now,online
"Hey, the wimbledon final highlights from tonight for real",online
ok so is dogecoin pumping or dumping today?,online
quick q - key figures involved in the silk road trade routes with an example,local
so is the airport terminal flooded from the downpour right now at the moment,online
the treaty of versailles terms — what actually happened,local
Live score for the la liga clasico,online
central limit theorem explained with an example problem,local
quick q - the industrial revolution key inventions summary for history class briefly,local
Summarize topological sort in a few bullet points,local
so ethereum today's high and low in the last hour,online
so ripple xrp rate as of this minute asap,online
urgent - current air quality index in san francisco right now,online
latest on the central bank's rate decision in real time,online
Why did the discovery of penicillin happen,local
"for my homework, fourier transform explained with an example problem",local
The grand slam tennis match score update please,online
nifty 50 price right now,online
quick one - what's going on with the supreme court verdict at the moment,online
is the wimbledon final still playing right now as of now,online
"genuinely curious, key figures involved in ancient egyptian pyramid construction for my notes",local
key figures involved in the wright brothers first flight,local
urgent - is the flyover near the city center flooded from the downpour right now in the last hour,online
ok so did the power outage in the city get resolved yet before i head out,online
"Fyi need to know, live score for the india vs australia test rn",online
live score for the t20 world cup game at the moment,online
urgent - infosys shares rate as of this minute this evening,online
Important dates related to the mughal empire timeline,local
So ethereum price right now currently,online
urgent - traffic status on the main train route this morning pls,online
"hey, the main train route conditions right now because of the storm?",online
"just heard about the covid case numbers, what's the latest",online
"just heard about the central bank's rate decision, what's the latest",online
"for my homework, the mughal empire timeline summary for history class pls",local
difference between ACID properties and publish subscribe pattern,local
"Hey, the periodic table history summary for history class",local
Quick q - walk me through binary search tree step by step pls,local
any delays on the toll plaza today?,online
any updates on the tech layoffs news happening today,online
"fyi need to know, usd to inr live chart movement pls",online
so solana live chart movement this morning,online
did reliance shares go up or down this morning,online
Urgent - current congestion level on the airport terminal,online
subqueries in sql for dummies,local
"just heard about the central bank's rate decision, what's the latest today",online
the harbor bridge conditions right now because of the storm just curious,online
ngl the t20 world cup game highlights from tonight — need it fast,online
"hey, probability distributions for my calculus homework for revision",local
Is the harbor bridge closed due to the accident right now,online
integration by parts for my calculus homework,local
walk through convex optimization basics with numbers before my exam,local
how is nasdaq trending today this morning,online
current status of the trade deal talks this week,online
"genuinely curious, dependency injection vs monads in haskell which is better and when",local
"Real talk, quick check on bitcoin before i trade asap",online
difference between topological sort and git rebase vs merge,local
closures in javascript for dummies,local
will it rain in chicago in the next few hours no cap,online
"just checking, is it safe to drive in los angeles with this storm for the group chat",online
"For class tomorrow, walk through probability distributions with numbers pls",local
microservices architecture vs compiler vs interpreter which is better and when with an example,local
the metro line conditions right now because of the storm as of now,online
"genuinely curious, main causes and effects of the discovery of penicillin briefly",local
ok so traffic status on the harbor bridge this morning?,online
Ok main causes and effects of the renaissance key artists,local
tcs stock today's high and low this morning,online
"for my homework, why did the fall of the roman empire happen thanks",local
how to solve problems using probability distributions pls,local
urgent - current congestion level on the ring road just curious,online
ok so cardano market cap right now for the group chat,online
quick q - the french revolution timeline — what actually happened for revision,local
How does REST vs GraphQL actually work under the hood in simple terms,local
walk through set theory basics with numbers,local
Ngl latest on the flood situation downtown in real time in the last hour,online
ngl is tcs stock pumping or dumping today before my meeting,online
Static vs dynamic typing tutorial with code,local
compare immutability in functional programming and singleton pattern in one paragraph,local
"genuinely curious, process vs thread tutorial with code for my notes",local
"hey, nifty 50 price right now for real",online
"Fyi need to know, cardano rate as of this minute for real",online
"real talk, current valuation on nasdaq before my meeting",online
Quick q - integration by parts — proof and intuition in simple terms,local
ngl is the flyover near the city center open or blocked at the moment just curious,online
ok quadratic formula explained with an example problem with an example,local
"just checking, is ethereum pumping or dumping today this evening",online
The partition of india summary for history class thanks,local
ethereum price right now today,online
So walk through bayes theorem with numbers thanks,local
"Need this for an interview, timeline of the cold war origins?",local
"I don't get two pointer technique, someone explain",local
background on the mughal empire timeline for my essay thanks,local
quick q - practice problem using limits and continuity for my notes,local
"Genuinely curious, pros and cons of asynchronous programming with an example",local
dogecoin live chart movement tonight,online
So walk through standard deviation formula with numbers thanks,local
Who won the champions league final last night as of now,online
how would you implement process vs thread from scratch,local
quick one - the india vs australia test result just now rn,online
urgent - bitcoin today's high and low while i'm stuck in traffic,online
"fyi need to know, dow jones today's high and low tonight",online
Derive the pythagorean theorem step by step,local
"just checking, the highway conditions right now because of the storm just curious",online
quick refresher on dijkstra's algorithm before my exam with an example,local
any delays on the highway today before i head out,online
so difference between lambda expressions and static vs dynamic typing briefly,local
Key figures involved in the boston tea party for my notes,local
how is cardano trending today just curious,online
"Fyi need to know, current congestion level on the ring road no cap",online
is the central bank's rate decision affecting traffic right now,online
"hey, how is nasdaq trending today today",online
"Hey, heap data structure for dummies — struggling with this",local
Urgent - the world cup qualifier result just now,online
Traffic status on the subway line this morning,online
"For class tomorrow, primary key vs unique key example in python please thanks",local
walk through limits and continuity with numbers before my exam,local
operator overloading in c++ for dummies thanks,local
"for my homework, practice problem using law of cosines for my notes",local
"for class tomorrow, timeline of the great depression causes briefly",local
Pros and cons of publish subscribe pattern — struggling with this,local
Partial derivatives for my calculus homework,local
did the ceasefire negotiations get resolved yet,online
quick q - practice problem using set theory basics for revision,local
ok the treaty of versailles terms — what actually happened in simple terms,local
"so i don't get deadlocks, someone explain",local
real world use case for abstract class vs interface,local
ngl dogecoin live chart movement just curious,online
key figures involved in ancient egyptian pyramid construction thanks,local
"hey, eigenvalues and eigenvectors for my calculus homework with an example",local
"hey, message queues — key points to remember",local
"observer pattern, explain like i'm a beginner coder briefly",local
"real talk, the champions league final result just now before my meeting",online
pros and cons of two pointer technique — struggling with this,local
traffic status on the metro line this morning,online
is the expressway flooded from the downpour right now pls,online
quick one - is silver rate pumping or dumping today pls,online
ok how would you implement polymorphism from scratch,local
Gradient descent math formula and when to use it,local
quick one - current air quality index in dubai,online
correlation vs causation — proof and intuition,local
dependency injection cheat sheet,local
infosys shares rate as of this minute currently,online
how is bitcoin trending today,online
Summarize normalization in databases in a few bullet points,local
background on the treaty of versailles terms for my essay,local
"Hey, practice problem using permutations and combinations?",local
so did eur to usd go up or down this morning,online
ok so is the nba game still playing right now tonight,online
"I keep forgetting generics in java, break it down for me briefly",local
summarize two pointer technique in a few bullet points,local
usd to inr market cap right now rn,online
practice problem using laplace transform,local
how bad is the earthquake near the coast right now tonight,online
how to solve problems using bayes theorem thanks,local
"hey, real time quote for infosys shares as of now",online
ok why did when the berlin wall fell happen pls,local
"Hey, live score for the ashes series rn",online
"Genuinely curious, background on the treaty of versailles terms for my essay with an example",local
when should i pick sharding over multiple inheritance in python,local
Ok taylor series expansion explained with an example problem — struggling with this,local
ngl any updates on the ceasefire negotiations happening today right now,online
quick q - why did the moon landing mission details happen for revision,local
is the subway line flooded from the downpour right now in the last hour,online
ngl the toll plaza conditions right now because of the storm in the last hour,online
"fyi need to know, the highway conditions right now because of the storm rn",online
is the metro line closed due to the accident as of now,online
"fyi need to know, is the highway closed due to the accident this morning",online
"Hey, explain the renaissance key artists in a short paragraph before my exam",local
"for my homework, how to solve problems using gradient descent math thanks",local
did the border tensions get resolved yet,online
Any delays on the main train route today,online
so is the harbor bridge flooded from the downpour right now,online
The trade deal talks status update please,online
so any delays on the metro line today as of now,online
"for my homework, walk through law of cosines with numbers — struggling with this",local
"hey, key figures involved in the theory of evolution basics",local
should i carry an umbrella in sydney today for real,online
"fyi need to know, the wimbledon final result just now",online
real time quote for reliance shares tonight,online
any delays on the toll plaza today for real,online
"just checking, is the t20 world cup game still playing right now just curious",online
Is the flyover near the city center open or blocked at the moment,online
walk me through lambda expressions step by step — struggling with this,local
the cold war origins summary for history class,local
Explain ci cd pipeline basics with a simple example,local
Important dates related to the ottoman empire decline,local
main causes and effects of the moon landing mission details,local
"For my homework, explain heap data structure with a simple example thanks",local
is the ceasefire negotiations still ongoing — need it fast,online
ngl sensex price right now this morning,online
The ashes series score update please,online
how bad is the wildfire in the hills right now as of now,online
is bitcoin dipping right now or just me panicking,online
so is nvidia stock pumping or dumping today currently,online
Important dates related to the russian revolution 1917,local
"Fyi need to know, dow jones market cap right now currently",online
quick check on solana before i trade,online
chain rule in calculus — proof and intuition before my exam,local
"hey, tesla stock live chart movement before my meeting",online
"fyi need to know, real time quote for gold rate for real",online
how bad is the supreme court verdict right now,online
silver rate price action this week so far,online
so how to solve problems using logarithm rules thanks,local
Quick one - the s&p 500 price action this week so far — need it fast,online
so nasdaq price action this week so far this evening,online
"for class tomorrow, derive probability distributions step by step in simple terms",local
"For my homework, textbook definition of docker containers pls",local
"need this for an interview, convex optimization basics for my calculus homework thanks",local
quick one - how is tesla stock trending today rn,online
the covid case numbers status update please for the group chat,online
"need this for an interview, how to solve problems using integration by parts with an example",local
the flyover near the city center conditions right now because of the storm before i head out,online
quick one - current valuation on ripple xrp currently,online
ok so traffic status on the subway line this morning,online
"Just checking, traffic status on the metro line this morning before my meeting",online
the highway conditions right now because of the storm as of now,online
Textbook definition of docker containers with an example,local
"need this for an interview, how does big O notation actually work under the hood",local
walk me through kubernetes pods step by step,local
"Fyi need to know, real time quote for cardano?",online
any delays on the harbor bridge today before my meeting,online
traffic status on the subway line this morning,online
the ipl match highlights from tonight before i head out,online
the s&p 500 price action this week so far,online
central limit theorem explained with an example problem for revision,local
quick one - the power outage in the city developments as of today for the group chat,online
ngl current valuation on bitcoin?,online
partial derivatives formula and when to use it,local
so dogecoin market cap right now asap,online
Difference between virtual functions in c++ and foreign key constraints,local
"Need this for an interview, how to solve problems using matrix multiplication rules thanks",local
"hey, timeline of the russian revolution 1917 — struggling with this",local
"Fyi need to know, final score of the f1 race just curious",online
"genuinely curious, main causes and effects of ancient egyptian pyramid construction briefly",local
is the metro line open or blocked at the moment,online
"for class tomorrow, timeline of the causes of world war 1 with an example",local
"urgent - just heard about the cabinet reshuffle, what's the latest no cap",online
Is the tech layoffs news affecting traffic right now,online
quick one - did dow jones go up or down this morning currently,online
"subqueries in sql, explain like i'm a beginner coder",local
"fyi need to know, ethereum market cap right now for the group chat",online
how's dogecoin doing in the last hour,online
"fyi need to know, is the tech layoffs news affecting traffic right now this evening",online
gold rate market cap right now,online
Urgent - any delays on the ring road today before i head out,online
"genuinely curious, practice problem using chain rule in calculus for my notes",local
"Urgent - just heard about the vaccine rollout progress, what's the latest at the moment",online
the silk road trade routes summary for history class,local
who's leading in the wimbledon final currently,online
Quick q - solid overview of caching strategies for revision,local
quick one - current air quality index in seoul while i'm stuck in traffic,online
any updates on the heatwave alert happening today asap,online
so subqueries in sql example in python please briefly,local
Urgent - traffic status on the ring road this morning for real,online
quick one - is there a heat advisory in sydney today at the moment,online
who won the india vs australia test last night,online
"Real talk, the cyclone warning status update please just curious",online
quick one - ethereum rate as of this minute asap,online
Key figures involved in the ottoman empire decline for my notes,local
"For class tomorrow, the causes of world war 1 summary for history class thanks",local
"genuinely curious, how does B-tree indexing actually work under the hood in simple terms",local
Partial derivatives — proof and intuition,local
quick q - important dates related to the discovery of penicillin?,local
any delays on the metro line today,online
"Need this for an interview, timeline of the ottoman empire decline?",local
eur to usd market cap right now before my meeting,online
how humid is it in san francisco right now,online
bayes theorem — proof and intuition,local
"Real talk, is the expressway open or blocked at the moment rn",online
"hey, crude oil price today's high and low pls",online
practice problem using quadratic formula pls,local
so how to solve problems using derivative of a function briefly,local
Ok how to solve problems using permutations and combinations for revision,local
"for class tomorrow, explain the industrial revolution key inventions in a short paragraph",local
"for class tomorrow, explain the wright brothers first flight in a short paragraph for revision",local
quick one - is the wimbledon final still playing right now at the moment,online
ngl the harbor bridge conditions right now because of the storm this morning,online
"for class tomorrow, main causes and effects of the age of exploration key figures for revision",local
key figures involved in the age of exploration key figures,local
so the toll plaza conditions right now because of the storm asap,online
so caching strategies interview question breakdown for my notes,local
Quick one - any delays on the main train route today currently,online
"need this for an interview, difference between subqueries in sql and event loop in node?",local
Ok the renaissance key artists summary for history class thanks,local
Did the flood situation downtown get resolved yet,online
Key figures involved in the fall of the roman empire,local
"just checking, is the harbor bridge closed due to the accident just curious",online
"genuinely curious, set theory basics formula and when to use it with an example",local
unit testing vs integration testing vs load balancing which is better and when in simple terms,local
Did reliance shares go up or down this morning before i head out,online
breaking news on the border tensions currently,online
window functions in sql cheat sheet,local
normalization in databases example in python please briefly,local
urgent - reliance shares today's high and low at the moment,online
"for class tomorrow, logarithm rules for my calculus homework before my exam",local
"so i don't get version control branching, someone explain pls",local
quick check on dow jones before i trade,online
current petrol price in my city,online
Quick q - tail recursion — key points to remember,local
The covid case numbers — anything new in the last hour,online
Quick check on bitcoin before i trade,online
window functions in sql vs hash map which is better and when,local
chain rule in calculus — proof and intuition?,local
who won the f1 race last night rn,online
urgent - quick check on the s&p 500 before i trade before i head out,online
Derive gradient descent math step by step,local
"need this for an interview, logarithm rules formula and when to use it thanks",local
"Thread pools, explain like i'm a beginner coder pls",local
"fyi need to know, current air quality index in kolkata?",online
how to solve problems using markov chains?,local
practice problem using linear regression math for revision,local
breaking news on the heatwave alert,online
urgent - the election results — anything new in the last hour today,online
ok explain the industrial revolution key inventions in a short paragraph briefly,local
ok the discovery of penicillin summary for history class briefly,local
"genuinely curious, key figures involved in the fall of the roman empire",local
tesla stock rate as of this minute today,online
Current air quality index in berlin,online
Ngl what's going on with the central bank's rate decision at the moment in the last hour,online
live score for the india vs australia test for the group chat,online
how is ripple xrp trending today this evening,online
Limits and continuity — proof and intuition,local
Laplace transform — proof and intuition briefly,local
how would you implement joins in sql from scratch,local
Main causes and effects of the mughal empire timeline,local
"for class tomorrow, key figures involved in the discovery of penicillin",local
Explain the theory of evolution basics in a short paragraph,local
Timeline of the treaty of versailles terms,local
"Hey, the la liga clasico highlights from tonight",online
Walk through eigenvalues and eigenvectors with numbers,local
did sensex go up or down this morning,online
bitcoin rate as of this minute,online
Should i carry an umbrella in tokyo today,online
Urgent - is the subway line flooded from the downpour right now rn,online
explain immutability in functional programming with a simple example in simple terms,local
ok so is the interstate flooded from the downpour right now?,online
Main causes and effects of the decolonization of africa,local
"hey, gradient descent math for my calculus homework?",local
dogecoin market cap right now tonight,online
timeline of ancient egyptian pyramid construction,local
"i keep forgetting abstract class vs interface, break it down for me",local
ngl current congestion level on the metro line today,online
"just checking, who's leading in the wimbledon final currently no cap",online
"hey, dijkstra's algorithm tutorial with code",local
ok give me a quick rundown of the periodic table history — struggling with this,local
"Genuinely curious, bayes theorem for my calculus homework briefly",local
nifty 50 rate as of this minute no cap,online
"for class tomorrow, how to solve problems using permutations and combinations in simple terms",local
quick check on cardano before i trade,online
"Real talk, real time quote for ripple xrp for real",online
ok vector cross product formula and when to use it — struggling with this,local
urgent - infosys shares market cap right now pls,online
quick one - live score for the champions league final while i'm stuck in traffic,online
ok abstract class vs interface for dummies for revision,local
"hey, is the main train route closed due to the accident — need it fast",online
ok so who's leading in the ashes series currently tonight,online
how humid is it in toronto right now,online
"just checking, silver rate price action this week so far for the group chat",online
Quick q - explain the russian revolution 1917 in a short paragraph before my exam,local
"genuinely curious, why did the boston tea party happen briefly",local
So current valuation on sensex currently,online
"Just checking, silver rate market cap right now for the group chat",online
ok so traffic status on the expressway this morning as of now,online
"For class tomorrow, main causes and effects of the fall of the roman empire?",local
Who won the asia cup final last night,online
so the ashes series highlights from tonight pls,online
"i keep forgetting kubernetes pods, break it down for me",local
Ok so current congestion level on the main train route pls,online
walk me through quick sort step by step,local
so timeline of the great depression causes for revision,local
urgent - is the toll plaza flooded from the downpour right now tonight,online
"hey, background on the fall of the roman empire for my essay for my notes",local
"Hey, the ufc fight card score update please this evening",online
Who won the euro cup semifinal last night in the last hour,online
Is it safe to drive in bangalore with this storm,online
So did cardano go up or down this morning just curious,online
ok garbage collection — key points to remember before my exam,local
"ngl just heard about the border tensions, what's the latest today",online
current congestion level on the flyover near the city center this evening,online
Explain lambda expressions with a simple example,local
"hey, did eur to usd go up or down this morning tonight",online
so practice problem using permutations and combinations,local
"genuinely curious, summarize event loop in node in a few bullet points?",local
summarize ci cd pipeline basics in a few bullet points,local
"for class tomorrow, timeline of the partition of india — struggling with this",local
difference between sliding window technique and closures in javascript,local
ok walk through partial derivatives with numbers pls,local
so derive set theory basics step by step in simple terms,local
quick q - integration by parts for my calculus homework with an example,local
walk me through observer pattern step by step,local
"hey, background on the discovery of penicillin for my essay thanks",local
"hey, who won the india vs australia test last night?",online
the interstate conditions right now because of the storm?,online
quick one - real time quote for apple stock?,online
Textbook definition of map reduce filter functions,local
so the flyover near the city center conditions right now because of the storm,online
give me a quick rundown of the renaissance key artists,local
ngl is the s&p 500 pumping or dumping today tonight,online
"For my homework, integration by parts formula and when to use it briefly",local
standard deviation formula formula and when to use it,local
quick refresher on greedy algorithms before my exam,local
gradient descent math formula and when to use it,local
is the ceasefire negotiations affecting traffic right now,online
"hey, is the protest downtown still ongoing rn",online
give me a quick rundown of the moon landing mission details pls,local
notes on docker containers for my assignment,local
important dates related to the boston tea party for my notes,local
urgent - current congestion level on the metro line asap,online
"For my homework, practice problem using partial derivatives",local
derive hypothesis testing step by step,local
ok so how humid is it in mumbai right now while i'm stuck in traffic,online
"need this for an interview, i keep forgetting sliding window technique, break it down for me — struggling with this",local
"genuinely curious, why is memoization used instead of dynamic programming",local
"Need this for an interview, normalization forms, explain like i'm a beginner coder for revision",local
ok so real time quote for the s&p 500 as of now,online
"fyi need to know, breaking news on the protest downtown asap",online
bayes theorem for my calculus homework,local
urgent - should i carry an umbrella in paris today,online
pros and cons of merge sort,local
walk me through sliding window technique step by step,local
"hey, who's leading in the nba game currently right now",online
"real talk, is the airport terminal closed due to the accident at the moment",online
so is the tech layoffs news still ongoing this evening,online
ok set theory basics explained with an example problem briefly,local
how humid is it in dubai right now,online
urgent - nvidia stock today's high and low this morning,online
"Hey, is the flyover near the city center closed due to the accident before my meeting",online
limits and continuity explained with an example problem,local
Urgent - who won the ashes series last night pls,online
"Hey, is the ring road closed due to the accident at the moment",online
quick q - bayes theorem explained with an example problem in simple terms,local
so background on the unification of germany for my essay before my exam,local
So did the parliament session today get resolved yet asap,online
"Just checking, is eur to usd pumping or dumping today before i head out",online
Solid overview of pointers vs references for revision,local
Ok so eur to usd price right now as of now,online
quick one - is the f1 race still playing right now,online
"hey, did cardano go up or down this morning asap",online
Ngl is the toll plaza open or blocked at the moment,online
"for my homework, practice problem using chain rule in calculus thanks",local
Urgent - traffic status on the interstate this morning asap,online
Practice problem using integration by parts,local
Current congestion level on the toll plaza — need it fast,online
"For my homework, i keep forgetting thread pools, break it down for me with an example",local
"need this for an interview, trie data structure cheat sheet with an example",local
quick one - traffic status on the harbor bridge this morning,online
urgent - how is reliance shares trending today this morning,online
"just checking, traffic status on the toll plaza this morning in the last hour",online
Did cardano go up or down this morning,online
"just checking, did ripple xrp go up or down this morning",online
the renaissance key artists summary for history class,local
How to solve problems using markov chains briefly,local
Notes on static vs dynamic typing for my assignment,local
gold rate live chart movement,online
quick check on crude oil price before i trade,online
Urgent - cardano price action this week so far just curious,online
current congestion level on the interstate this morning,online
Pros and cons of CAP theorem,local
quick check on ethereum before i trade,online
derive bayes theorem step by step,local
set theory basics explained with an example problem,local
"hey, breaking news on the wildfire in the hills for real",online
"for class tomorrow, the signing of the magna carta — what actually happened with an example",local
"genuinely curious, practice problem using matrix multiplication rules before my exam",local
is the expressway flooded from the downpour right now,online
so live score for the t20 world cup game tonight,online
ok so the ipl match score update please for real,online
who's leading in the f1 race currently no cap,online
ok explain the renaissance key artists in a short paragraph thanks,local
ngl who's leading in the f1 race currently for the group chat,online
"fyi need to know, is the subway line open or blocked at the moment",online
is the harbor bridge closed due to the accident asap,online
Ngl did the s&p 500 go up or down this morning for the group chat,online
how does two pointer technique actually work under the hood,local
"hey, when should i pick heap data structure over observer pattern — struggling with this",local
why did the silk road trade routes happen,local
"For class tomorrow, explain the american civil war causes in a short paragraph for my notes",local
"Hey, vector cross product for my calculus homework?",local
Ethereum today's high and low,online
the subway line conditions right now because of the storm — need it fast,online
nifty 50 today's high and low before i head out,online
ok when should i pick merge sort over load balancing — struggling with this,local
Ok partial derivatives formula and when to use it?,local
how does trie data structure actually work under the hood,local
Quick one - usd to inr market cap right now for real,online
"for my homework, timeline of the moon landing mission details before my exam",local
"hey, main causes and effects of the industrial revolution key inventions for revision",local
"need this for an interview, how to solve problems using central limit theorem pls",local
"fyi need to know, traffic status on the subway line this morning no cap",online
why did the russian revolution 1917 happen,local
"real talk, the metro line conditions right now because of the storm tonight",online
the ring road conditions right now because of the storm tonight,online
"for class tomorrow, why did the printing press invention impact happen?",local
usd to inr price action this week so far,online
Urgent - is the flood situation downtown still ongoing,online
Give me a quick rundown of the age of exploration key figures briefly,local
"Real talk, current valuation on nasdaq for the group chat",online
"need this for an interview, practice problem using law of sines for revision",local
walk me through generics in java step by step for revision,local
"linked list, explain like i'm a beginner coder — struggling with this",local
urgent - is there a heat advisory in kolkata today,online
the ashes series highlights from tonight for the group chat,online
Is the flyover near the city center closed due to the accident as of now,online
so background on the renaissance key artists for my essay thanks,local
timeline of the ottoman empire decline with an example,local
Ngl live score for the champions league final asap,online
markov chains for my calculus homework,local
So practice problem using linear regression math,local
Taylor series expansion for my calculus homework,local
Textbook definition of bit manipulation tricks,local
Did nasdaq go up or down this morning,online
"genuinely curious, load balancing cheat sheet",local
so when should i pick denormalization over CAP theorem for revision,local
abstract class vs interface — key points to remember with an example,local
is the india vs australia test still playing right now this morning,online
So any delays on the toll plaza today no cap,online
"for class tomorrow, timeline of the theory of evolution basics — struggling with this",local
The tech layoffs news — anything new in the last hour currently,online
"real talk, how is cardano trending today right now",online
quick q - derive set theory basics step by step in simple terms,local
"real talk, tesla stock price action this week so far just curious",online
ok the wright brothers first flight summary for history class for my notes,local
timeline of the silk road trade routes,local
"real talk, live score for the premier league match rn",online
main causes and effects of the treaty of versailles terms pls,local
ok so live score for the premier league match — need it fast,online
Textbook definition of monads in haskell,local
cardano rate as of this minute,online
ngl is the india vs australia test still playing right now at the moment,online
is the flight delayed out of sydney due to fog,online
key figures involved in the moon landing mission details,local
"need this for an interview, practice problem using convex optimization basics",local
is the cabinet reshuffle affecting traffic right now,online
"Hey, is the euro cup semifinal still playing right now for real",online
how would you implement promises vs callbacks from scratch,local
"hey, timeline of the renaissance key artists briefly",local
"Hey, the la liga clasico result just now before i head out",online
docker containers vs joins in sql which is better and when,local
traffic status on the main train route this morning this morning,online
quick one - nvidia stock price right now no cap,online
quick q - the discovery of penicillin summary for history class thanks,local
"hey, is the border tensions affecting traffic right now?",online
limits and continuity for my calculus homework,local
"just checking, who's leading in the ashes series currently right now",online
"fyi need to know, nifty 50 price right now while i'm stuck in traffic",online
ok give me a quick rundown of the signing of the magna carta,local
"Just checking, is the protest downtown still ongoing right now",online
textbook definition of heap data structure,local
ok matrix multiplication rules for my calculus homework for my notes,local
the ufc fight card highlights from tonight,online
"hey, explain regular expressions with a simple example with an example",local
Ok so who's leading in the t20 world cup game currently today,online
ci cd pipeline basics tutorial with code,local
"hey, key figures involved in the wright brothers first flight thanks",local
ngl will it rain in sydney in the next few hours just curious,online
Quick q - explain caching strategies with a simple example,local
live score for the premier league match for the group chat,online
the ottoman empire decline — what actually happened — struggling with this,local
Quick q - difference between stack vs heap memory and docker containers in simple terms,local
"for my homework, set theory basics — proof and intuition",local
key figures involved in the russian revolution 1917 before my exam,local
why did the theory of evolution basics happen,local
"fyi need to know, did the trade deal talks get resolved yet for real",online
is the parliament session today still ongoing?,online
cardano market cap right now,online
did the covid case numbers get resolved yet today,online
the toll plaza conditions right now because of the storm no cap,online
who's leading in the premier league match currently no cap,online
Ngl who's leading in the world cup qualifier currently,online
"i don't get git rebase vs merge, someone explain",local
"Just checking, the s&p 500 today's high and low rn",online
ngl traffic status on the airport terminal this morning for real,online
Is nifty 50 pumping or dumping today,online
explain the moon landing mission details in a short paragraph,local
Caching strategies tutorial with code,local
tcs stock price right now?,online
is the flight delayed out of hyderabad due to fog,online
Is there a heat advisory in toronto today for the group chat,online
so will it rain in pune in the next few hours pls,online
ok so is there a heat advisory in kolkata today currently,online
"Genuinely curious, trie data structure example in python please in simple terms",local
"real talk, quick check on eur to usd before i trade right now",online
quick check on tcs stock before i trade,online
Bit manipulation tricks — key points to remember,local
Current valuation on tesla stock,online
why did the russian revolution 1917 happen thanks,local
"need this for an interview, main causes and effects of the causes of world war 1 briefly",local
the t20 world cup game highlights from tonight asap,online
explain the fall of the roman empire in a short paragraph,local
topological sort for dummies,local
is the ring road closed due to the accident — need it fast,online
"hey, give me a quick rundown of the renaissance key artists in simple terms",local
"for class tomorrow, logarithm rules explained with an example problem",local
How to solve problems using probability distributions,local
Who won the asia cup final last night pls,online
key figures involved in the periodic table history,local
ok so the premier league match highlights from tonight,online
Pros and cons of generics in java,local
quick one - current air quality index in new york,online
urgent - the champions league final result just now rn,online
"for my homework, practice problem using vector cross product for my notes",local
The harbor bridge conditions right now because of the storm,online
How does dependency injection actually work under the hood,local
quick one - the world cup qualifier result just now for real,online
Is the covid case numbers affecting traffic right now,online
"need this for an interview, hypothesis testing explained with an example problem for revision",local
ngl should i carry an umbrella in london today right now,online
So final score of the ufc fight card just curious,online
live score for the ufc fight card,online
"for my homework, law of sines explained with an example problem — struggling with this",local
important dates related to the industrial revolution key inventions briefly,local
Is the central bank's rate decision affecting traffic right now,online
is the flight delayed out of new york due to fog,online
ok explain docker containers with a simple example with an example,local
summarize microservices architecture in a few bullet points for my notes,local
urgent - infosys shares rate as of this minute,online
"genuinely curious, main causes and effects of the american civil war causes",local
so the partition of india summary for history class in simple terms,local
tail recursion cheat sheet,local
walk through central limit theorem with numbers,local
"i don't get topological sort, someone explain briefly",local
"Real talk, who's leading in the champions league final currently",online
derivative of a function formula and when to use it,local
Urgent - is the nba game still playing right now no cap,online
current valuation on nasdaq,online
spring boot bean creation exception on startup,local
"genuinely curious, the unification of germany summary for history class for my notes",local
"hey, partial derivatives explained with an example problem",local
the french revolution timeline — what actually happened,local
"real talk, infosys shares price right now for the group chat",online
Quick q - background on the decolonization of africa for my essay,local
"for my homework, pros and cons of B-tree indexing",local
how would you implement unit testing vs integration testing from scratch with an example,local
"fyi need to know, dow jones market cap right now in the last hour",online
the euro cup semifinal result just now tonight,online
how would you implement linked list from scratch,local
"Real talk, who's leading in the ipl match currently?",online
"hey, pointers vs references for dummies",local
traffic status on the ring road this morning — need it fast,online
"hey, key figures involved in the mughal empire timeline with an example",local
"real talk, how bad is the heatwave alert right now",online
quick q - eventual consistency vs tail recursion which is better and when,local
so is the airport terminal closed due to the accident — need it fast,online
"Need this for an interview, why did when the berlin wall fell happen for revision",local
who's leading in the grand slam tennis match currently,online
quick q - event loop in node example in python please?,local
final score of the la liga clasico,online
"real talk, any delays on the harbor bridge today as of now",online
quick one - is the interstate closed due to the accident,online
chain rule in calculus for my calculus homework?,local
real world use case for event loop in node,local
Ok markov chains for my calculus homework for revision,local
Linear regression math for my calculus homework,local
ok how to solve problems using logarithm rules with an example,local
"Just checking, did solana go up or down this morning this evening",online
explain process vs thread with a simple example,local
should i carry an umbrella in mumbai today,online
is there a heat advisory in chicago today before my meeting,online
Hypothesis testing — proof and intuition,local
score update from the ongoing test match,online
"For class tomorrow, the industrial revolution key inventions summary for history class — struggling with this",local
Integration by parts formula and when to use it?,local
"hey, why did ancient egyptian pyramid construction happen thanks",local
"hey, any delays on the toll plaza today tonight",online
"real talk, any delays on the main train route today just curious",online
"hey, the mughal empire timeline summary for history class thanks",local
"for class tomorrow, give me a quick rundown of the american civil war causes",local
"Hey, current congestion level on the harbor bridge",online
"genuinely curious, why did the printing press invention impact happen briefly",local
is tesla stock pumping or dumping today for the group chat,online
"for class tomorrow, why did the great depression causes happen — struggling with this",local
"genuinely curious, important dates related to the mughal empire timeline pls",local
is the euro cup semifinal still playing right now at the moment,online
"for my homework, derive integration by parts step by step with an example",local
quick one - usd to inr live chart movement,online
How would you implement foreign key constraints from scratch,local
Is the highway open or blocked at the moment,online
Is there a heat advisory in paris today,online
"Need this for an interview, denormalization cheat sheet",local
So why did the theory of evolution basics happen thanks,local
derive set theory basics step by step,local
"for class tomorrow, explain stack vs heap memory with a simple example",local
"just checking, current congestion level on the main train route as of now",online
ok how does version control branching actually work under the hood for revision,local
"for class tomorrow, quick sort — key points to remember with an example",local
who won the india vs australia test last night rn,online
quick q - why did the great depression causes happen pls,local
tail recursion tutorial with code?,local
any delays on the subway line today before i head out,online
"Ok process vs thread, explain like i'm a beginner coder thanks",local
how bad is the vaccine rollout progress right now,online
So is bitcoin pumping or dumping today pls,online
"hey, notes on connection pooling for my assignment for revision",local
"I keep forgetting load balancing, break it down for me",local
so what's going on with the cyclone warning at the moment just curious,online
how bad is the earthquake near the coast right now,online
tesla stock price right now at the moment,online
is the subway line running late today,online
"For class tomorrow, the french revolution timeline — what actually happened?",local
"genuinely curious, taylor series expansion — proof and intuition briefly",local
breaking news on the covid case numbers,online
how to solve problems using permutations and combinations briefly,local
deadlocks for dummies,local
how bad is the tech layoffs news right now?,online
Textbook definition of REST vs GraphQL,local
ok derive the pythagorean theorem step by step with an example,local
"asynchronous programming, explain like i'm a beginner coder",local
nifty 50 market cap right now this evening,online
The wimbledon final score update please,online
ok key figures involved in the partition of india with an example,local
so important dates related to the ottoman empire decline thanks,local
sensex live chart movement this morning,online
law of cosines for my calculus homework for revision,local
Ngl is the ipl match still playing right now at the moment,online
the partition of india — what actually happened pls,local
Sensex price action this week so far,online
is it safe to drive in los angeles with this storm,online
"real talk, the t20 world cup game score update please right now",online
Quick q - main causes and effects of the periodic table history,local
real world use case for publish subscribe pattern with an example,local
window functions in sql — key points to remember,local
why is dependency injection used instead of ci cd pipeline basics,local
"Just checking, any delays on the main train route today right now",online
so eur to usd market cap right now?,online
"for my homework, practice problem using set theory basics",local
ngl is the nba game still playing right now asap,online
so walk through eigenvalues and eigenvectors with numbers for my notes,local
The main train route conditions right now because of the storm,online
react component re-renders infinitely and i don't know why,local
"real talk, who won the premier league match last night tonight",online
"just checking, the wimbledon final score update please asap",online
quick sort example in python please,local
Practice problem using the pythagorean theorem,local
set theory basics — proof and intuition pls,local
is the ipl match still playing right now today,online
so live score for the f1 race before i head out,online
should i carry an umbrella in seoul today,online
Practice problem using permutations and combinations,local
"real talk, nifty 50 rate as of this minute currently",online
"need this for an interview, important dates related to the mughal empire timeline for revision",local
convex optimization basics formula and when to use it,local
"hey, give me a quick rundown of the industrial revolution key inventions briefly",local
is the grand slam tennis match still playing right now,online
Ok so live score for the premier league match,online
Quick one - did usd to inr go up or down this morning,online
the fall of the roman empire — what actually happened,local
Permutations and combinations for my calculus homework,local
"fyi need to know, usd to inr market cap right now before i head out",online
so important dates related to the discovery of penicillin with an example,local
quick q - summarize abstract class vs interface in a few bullet points for revision,local
main causes and effects of the silk road trade routes in simple terms,local
Urgent - who won the f1 race last night today,online
"need this for an interview, explain primary key vs unique key with a simple example",local
"hey, laplace transform for my calculus homework",local
why did when the berlin wall fell happen,local
law of sines formula and when to use it with an example,local
urgent - did tcs stock go up or down this morning before i head out,online
the cyclone warning developments as of today right now,online
nasdaq market cap right now,online
window functions in sql example in python please,local
live score for the champions league final,online
Promises vs callbacks — key points to remember,local
ok monads in haskell for dummies with an example,local
is the flyover near the city center open or blocked at the moment right now,online
quick q - how to solve problems using linear regression math for my notes,local
Key figures involved in the french revolution timeline,local
how is cardano trending today currently,online
"For class tomorrow, the age of exploration key figures summary for history class for revision",local
"genuinely curious, quick refresher on unit testing vs integration testing before my exam",local
ngl any updates on the heatwave alert happening today before my meeting,online
ngl bitcoin market cap right now rn,online
"Hey, current air quality index in tokyo — need it fast",online
"fyi need to know, is bitcoin pumping or dumping today while i'm stuck in traffic",online
"for class tomorrow, walk through law of cosines with numbers?",local
Is the harbor bridge flooded from the downpour right now,online
"just checking, the airline strike status update please today",online
Any delays on the ring road today for real,online
ngl real time quote for nasdaq — need it fast,online
"hey, explain version control branching with a simple example pls",local
Backtracking algorithms example in python please,local
"fyi need to know, who won the ufc fight card last night?",online
How to solve problems using law of sines,local
Is solana pumping or dumping today today,online
quick q - promises vs callbacks cheat sheet?,local
"Hey, latest on the trade deal talks in real time while i'm stuck in traffic",online
ngl current congestion level on the highway before my meeting,online
is the flight delayed out of berlin due to fog while i'm stuck in traffic,online
nifty 50 price right now today,online
How would you implement multithreading in java from scratch,local
"hey, real world use case for TCP vs UDP thanks",local
"Hey, current congestion level on the subway line tonight",online
"just checking, is the metro line flooded from the downpour right now pls",online
urgent - the t20 world cup game highlights from tonight right now,online
ok REST vs GraphQL tutorial with code with an example,local
cardano rate as of this minute currently,online
The vaccine rollout progress — anything new in the last hour this morning,online
"for my homework, explain unit testing vs integration testing with a simple example with an example",local
the toll plaza conditions right now because of the storm asap,online
"for class tomorrow, promises vs callbacks example in python please thanks",local
practice problem using central limit theorem,local
bitcoin market cap right now,online
ok practice problem using law of sines with an example,local
any breaking news from the parliament session today,online
how is dow jones trending today,online
key figures involved in the partition of india with an example,local
"for my homework, practice problem using set theory basics thanks",local
"Fyi need to know, who won the india vs australia test last night",online
quick check on reliance shares before i trade,online
compare bit manipulation tricks and dijkstra's algorithm in one paragraph,local
ok why did the renaissance key artists happen briefly,local
so give me a quick rundown of the decolonization of africa with an example,local
The russian revolution 1917 summary for history class,local
ok so breaking news on the vaccine rollout progress for real,online
ok textbook definition of closures in javascript for my notes,local
Quick one - the expressway conditions right now because of the storm,online
quick q - explain thread pools with a simple example with an example,local
ok so how humid is it in chennai right now,online
"genuinely curious, give me a quick rundown of when the berlin wall fell with an example",local
how humid is it in bangalore right now in the last hour,online
So final score of the la liga clasico just curious,online
so compare monolith vs microservices and docker containers in one paragraph — struggling with this,local
"i keep forgetting unit testing vs integration testing, break it down for me",local
"need this for an interview, why did the cold war origins happen in simple terms",local
"just checking, is the toll plaza open or blocked at the moment this evening",online
urgent - the t20 world cup game highlights from tonight — need it fast,online
should i carry an umbrella in hyderabad today,online
Any updates on the central bank's rate decision happening today,online
"for my homework, linear regression math — proof and intuition with an example",local
Will it rain in pune in the next few hours,online
"Need this for an interview, integration by parts formula and when to use it thanks",local
so foreign key constraints for dummies with an example,local
"genuinely curious, walk through integration by parts with numbers — struggling with this",local
operator overloading in c++ tutorial with code,local
"real talk, the ashes series score update please — need it fast",online
practice problem using vector cross product,local
"i keep forgetting tail recursion, break it down for me",local
Vector cross product for my calculus homework,local
Quick refresher on mutex vs semaphore before my exam,local
when should i pick normalization forms over operator overloading in c++,local
ok so is the airport terminal closed due to the accident,online
Urgent - real time quote for cardano for real,online
"fyi need to know, final score of the india vs australia test this morning",online
compare multiple inheritance in python and merge sort in one paragraph,local
"hey, should i carry an umbrella in delhi today while i'm stuck in traffic",online
when should i pick linked list over thread pools,local
is the champions league final still playing right now,online
"need this for an interview, gradient descent math formula and when to use it briefly",local
solid overview of unit testing vs integration testing for revision,local
so pros and cons of event loop in node thanks,local
"Hey, breaking news on the airline strike rn",online
is the f1 race still playing right now,online
urgent - how is cardano trending today before my meeting,online
"hey, when should i pick heap data structure over inheritance vs composition thanks",local
"for my homework, i don't get version control branching, someone explain",local
"genuinely curious, the cold war origins — what actually happened before my exam",local
did the earthquake near the coast get resolved yet,online
who's leading in the ashes series currently before my meeting,online
How humid is it in singapore right now,online
should i carry an umbrella in bangalore today,online
quick one - how humid is it in san francisco right now for real,online
quick q - quadratic formula — proof and intuition before my exam,local
Primary key vs unique key — key points to remember,local
"hey, explain big O notation with a simple example for revision",local
what's the formula for calculating standard deviation,local
ngl did solana go up or down this morning asap,online
explain the cold war origins in a short paragraph pls,local
"just checking, real time quote for dogecoin pls",online
difference between kubernetes pods and garbage collection,local
key figures involved in the decolonization of africa in simple terms,local
mock objects in testing vs topological sort which is better and when,local
Reliance shares rate as of this minute for real,online
"fyi need to know, just heard about the trade deal talks, what's the latest rn",online
breaking news on the power outage in the city,online
So difference between static vs dynamic typing and primary key vs unique key with an example,local
"just checking, did the vaccine rollout progress get resolved yet",online
ok so is the wildfire in the hills affecting traffic right now — need it fast,online
"for my homework, explain the fall of the roman empire in a short paragraph",local
the ufc fight card highlights from tonight pls,online
"fyi need to know, is there a heat advisory in dubai today",online
"for my homework, pros and cons of quick sort in simple terms",local
what's going on with the border tensions at the moment,online
"genuinely curious, solid overview of test driven development for revision briefly",local
why is linked list used instead of eventual consistency briefly,local
so set theory basics for my calculus homework for revision,local
so who won the f1 race last night this morning,online
"just checking, traffic status on the subway line this morning tonight",online
key figures involved in the mughal empire timeline,local
how is tesla stock trending today asap,online
explain the russian revolution 1917 in a short paragraph briefly,local
real time quote for dogecoin this evening,online
any delays on the ring road today as of now,online
why did the periodic table history happen,local
"real talk, is the euro cup semifinal still playing right now right now",online
"need this for an interview, memoization tutorial with code",local
"real talk, is the flight delayed out of pune due to fog currently",online
"need this for an interview, give me a quick rundown of the printing press invention impact with an example",local
The boston tea party summary for history class,local
"hey, main causes and effects of the age of exploration key figures",local
"real talk, is the cabinet reshuffle still ongoing while i'm stuck in traffic",online
"i don't get dependency injection, someone explain",local
is the ashes series still playing right now before my meeting,online
practice problem using matrix multiplication rules briefly,local
the s&p 500 rate as of this minute as of now,online
"genuinely curious, walk through standard deviation formula with numbers — struggling with this",local
derive vector cross product step by step,local
Ok so live score for the ufc fight card as of now,online
"just checking, just heard about the storm system offshore, what's the latest this morning",online
why did the cold war origins happen,local
did the central bank's rate decision get resolved yet,online
ok so nasdaq market cap right now pls,online
How to solve problems using bayes theorem,local
urgent - breaking news on the cyclone warning no cap,online
"fyi need to know, traffic status on the ring road this morning right now",online
Is nifty 50 pumping or dumping today in the last hour,online
Quick one - current valuation on gold rate this evening,online
ok why is docker containers used instead of hash map before my exam,local
urgent - the flood situation downtown status update please before i head out,online
"need this for an interview, main causes and effects of the mughal empire timeline with an example",local
the periodic table history summary for history class pls,local
"Fyi need to know, traffic status on the interstate this morning for real",online
so any delays on the subway line today?,online
the grand slam tennis match result just now pls,online
derive derivative of a function step by step,local
reliance shares price right now,online
ok derive standard deviation formula step by step,local
urgent - is nifty 50 pumping or dumping today as of now,online
ok so did reliance shares go up or down this morning as of now,online
"For my homework, pros and cons of ci cd pipeline basics?",local
"Need this for an interview, walk me through polymorphism step by step briefly",local
"just checking, the airport terminal conditions right now because of the storm for the group chat",online
so heap data structure vs memoization which is better and when — struggling with this,local
"for class tomorrow, derivative of a function for my calculus homework briefly",local
"Genuinely curious, the printing press invention impact — what actually happened — struggling with this",local
sensex price right now,online
tcs stock price action this week so far,online
who won the india vs australia test last night — need it fast,online
should i carry an umbrella in pune today,online
Real world use case for joins in sql,local
compare sliding window technique and deadlocks in one paragraph,local
"just checking, how is tcs stock trending today",online
Who's leading in the asia cup final currently,online
is the flood situation downtown still ongoing,online
ok integration by parts formula and when to use it before my exam,local
"fyi need to know, is the storm system offshore affecting traffic right now as of now",online
background on the decolonization of africa for my essay pls,local
dow jones today's high and low,online
background on the age of exploration key figures for my essay,local
"just heard about the trade deal talks, what's the latest for the group chat",online
current valuation on the s&p 500,online
quick one - silver rate market cap right now,online
Ngl solana price right now,online
"for my homework, key figures involved in the cold war origins before my exam",local
the s&p 500 live chart movement right now,online
difference between deadlocks and race conditions,local
"Need this for an interview, markov chains formula and when to use it for my notes",local
notes on operator overloading in c++ for my assignment,local
did the cyclone warning get resolved yet,online
Quick q - the moon landing mission details — what actually happened pls,local
ok chain rule in calculus formula and when to use it,local
any updates on the border tensions happening today,online
Quick q - practice problem using linear regression math briefly,local
"fyi need to know, any delays on the interstate today?",online
"just checking, ripple xrp rate as of this minute no cap",online
"For class tomorrow, why did the renaissance key artists happen for revision",local
What's going on with the trade deal talks at the moment,online
quick one - the world cup qualifier result just now today,online
"just checking, traffic status on the highway this morning",online
Summarize virtual memory in a few bullet points,local
quick one - the election results — anything new in the last hour,online
The interstate conditions right now because of the storm,online
Did ethereum go up or down this morning,online
timeline of the decolonization of africa before my exam,local
"For class tomorrow, derive law of sines step by step with an example",local
Breaking news on the vaccine rollout progress,online
"fyi need to know, the ashes series highlights from tonight right now",online
multithreading in java interview question breakdown,local
quick one - apple stock live chart movement,online
quick one - real time quote for dow jones just curious,online
the causes of world war 1 summary for history class,local
"Hey, walk me through closures in javascript step by step with an example",local
how would you implement connection pooling from scratch,local
Urgent - current congestion level on the metro line as of now,online
Topological sort for dummies,local
"For my homework, timeline of the treaty of versailles terms for revision",local
"hey, derivative of a function explained with an example problem for revision",local
what's going on with the earthquake near the coast at the moment,online
summarize deadlocks in a few bullet points with an example,local
integration by parts — proof and intuition thanks,local
Quick q - gradient descent math formula and when to use it for revision,local
the la liga clasico result just now,online
Set theory basics formula and when to use it with an example,local
the great depression causes — what actually happened,local
"Need this for an interview, the mughal empire timeline summary for history class before my exam",local
notes on ACID properties for my assignment for revision,local
Reliance shares today's high and low,online
so is the border tensions affecting traffic right now right now,online
virtual memory — key points to remember,local
"hey, who won the ufc fight card last night asap",online
markov chains formula and when to use it,local
the cyclone warning developments as of today,online
"hey, the ipl match score update please in the last hour",online
practice problem using matrix multiplication rules,local
so is the flyover near the city center open or blocked at the moment this evening,online
"just checking, quick check on tcs stock before i trade this evening",online
the merge sort function drops the last element sometimes,local
how does merge sort actually work under the hood,local
Is sensex pumping or dumping today currently,online
walk through convex optimization basics with numbers — struggling with this,local
how to solve problems using probability distributions,local
who's leading in the premier league match currently — need it fast,online
ok how does joins in sql actually work under the hood,local
quick one - any delays on the metro line today right now,online
ok so current valuation on ripple xrp no cap,online
"for class tomorrow, the pythagorean theorem formula and when to use it briefly",local
"fyi need to know, bitcoin today's high and low tonight",online
"need this for an interview, why did the french revolution timeline happen briefly",local
ngl current valuation on sensex,online
ok so how is eur to usd trending today currently,online
give me a quick rundown of the ottoman empire decline briefly,local
the ashes series result just now before i head out,online
"Hey, any delays on the interstate today right now",online
"hey, correlation vs causation explained with an example problem in simple terms",local
markov chains for my calculus homework thanks,local
"hey, derive quadratic formula step by step",local
"Real talk, dow jones price right now",online
"For class tomorrow, how to solve problems using the pythagorean theorem briefly",local
"just heard about the cabinet reshuffle, what's the latest",online
did gold rate go up or down this morning,online
ok so breaking news on the vaccine rollout progress currently,online
Current valuation on apple stock?,online
dogecoin market cap right now,online
"ok so just heard about the parliament session today, what's the latest at the moment",online
"Need this for an interview, key figures involved in the cold war origins pls",local
key figures involved in the silk road trade routes,local
ngl did nasdaq go up or down this morning rn,online
"need this for an interview, explain git rebase vs merge with a simple example",local
Closures in javascript tutorial with code,local
"For class tomorrow, timeline of the french revolution timeline before my exam",local
is nifty 50 pumping or dumping today before i head out,online
"Hey, the s&p 500 market cap right now tonight",online
dijkstra's algorithm vs foreign key constraints which is better and when pls,local
"need this for an interview, give me a quick rundown of the causes of world war 1?",local
"genuinely curious, background on the american civil war causes for my essay thanks",local
urgent - final score of the grand slam tennis match for real,online
ok derive markov chains step by step with an example,local
solana rate as of this minute for the group chat,online
So important dates related to the theory of evolution basics before my exam,local
"hey, the flyover near the city center conditions right now because of the storm this morning",online
final score of the nba game for the group chat,online
how humid is it in pune right now,online
compare two pointer technique and thread pools in one paragraph,local
"real talk, quick check on sensex before i trade as of now",online
quick q - set theory basics — proof and intuition before my exam,local
"hey, partial derivatives — proof and intuition",local
the boston tea party — what actually happened,local
"for class tomorrow, how to solve problems using permutations and combinations",local
Ok eigenvalues and eigenvectors for my calculus homework for my notes,local
did silver rate go up or down this morning,online
so chain rule in calculus formula and when to use it thanks,local
main causes and effects of when the berlin wall fell pls,local
Who's leading in the ipl match currently,online
"genuinely curious, background on the ottoman empire decline for my essay with an example",local
"need this for an interview, big O notation, explain like i'm a beginner coder",local
graph traversal cheat sheet,local
so important dates related to the printing press invention impact before my exam,local
linear regression math explained with an example problem?,local
"Fyi need to know, is the protest downtown affecting traffic right now in the last hour",online
urgent - final score of the wimbledon final while i'm stuck in traffic,online
"just checking, the champions league final result just now",online
"Fyi need to know, bitcoin price action this week so far this evening",online
matrix multiplication rules formula and when to use it,local
urgent - the nba game score update please currently,online
"real talk, will it rain in berlin in the next few hours in the last hour",online
latest on the parliament session today in real time,online
The nba game score update please,online
notes on polymorphism for my assignment,local
"for class tomorrow, quick refresher on joins in sql before my exam in simple terms",local
"Database indexing, explain like i'm a beginner coder",local
"need this for an interview, dijkstra's algorithm cheat sheet",local
what's going on with the covid case numbers at the moment,online
"real talk, is the interstate open or blocked at the moment this evening",online
quick check on nifty 50 before i trade currently,online
"hey, limits and continuity — proof and intuition pls",local
current valuation on usd to inr,online
"for class tomorrow, derive integration by parts step by step pls",local
"For my homework, when should i pick joins in sql over caching strategies",local
difference between trie data structure and denormalization,local
Solid overview of process vs thread for revision thanks,local
ngl the s&p 500 today's high and low for real,online
"just checking, live score for the grand slam tennis match as of now",online
so ancient egyptian pyramid construction summary for history class,local
ngl live score for the t20 world cup game,online
So key figures involved in the periodic table history with an example,local
"Need this for an interview, practice problem using law of sines for revision",local
Urgent - bitcoin price right now before i head out,online
ok law of cosines for my calculus homework?,local
"genuinely curious, when the berlin wall fell — what actually happened",local
notes on virtual memory for my assignment,local
"For class tomorrow, how to solve problems using gradient descent math",local
the age of exploration key figures summary for history class,local
how humid is it in chicago right now,online
"For my homework, taylor series expansion — proof and intuition for revision",local
Ok so is gold rate pumping or dumping today,online
The ottoman empire decline summary for history class,local
"just heard about the cyclone warning, what's the latest asap",online
did usd to inr go up or down this morning currently,online
ok walk me through joins in sql step by step in simple terms,local
so is the vaccine rollout progress still ongoing currently,online
how bad is the earthquake near the coast right now this morning,online
what's going on with the power outage in the city at the moment,online
so breaking news on the election results currently,online
"real talk, is the interstate open or blocked at the moment for real",online
pros and cons of immutability in functional programming,local
"just checking, is the border tensions affecting traffic right now for the group chat",online
Chain rule in calculus for my calculus homework,local
"genuinely curious, why did the american civil war causes happen before my exam",local
"just checking, is the champions league final still playing right now this evening",online
So important dates related to the american civil war causes for revision,local
"for class tomorrow, the age of exploration key figures summary for history class before my exam",local
Timeline of the mughal empire timeline pls,local
Key figures involved in the mughal empire timeline,local
thread pools cheat sheet,local
Ngl is the harbor bridge closed due to the accident in the last hour,online
"For class tomorrow, mock objects in testing interview question breakdown in simple terms",local
quick one - who's leading in the t20 world cup game currently in the last hour,online
"Fyi need to know, final score of the la liga clasico this morning",online
walk me through process vs thread step by step,local
dogecoin rate as of this minute,online
"Just checking, who's leading in the champions league final currently",online
how is usd to inr trending today just curious,online
"for class tomorrow, textbook definition of process vs thread before my exam",local
final score of the f1 race,online
the champions league final highlights from tonight no cap,online
traffic status on the flyover near the city center this morning before my meeting,online
"i keep forgetting monolith vs microservices, break it down for me",local
Quick q - timeline of the printing press invention impact briefly,local
so limits and continuity explained with an example problem thanks,local
"just checking, is infosys shares pumping or dumping today",online
ok so the asia cup final highlights from tonight asap,online
is the harbor bridge closed due to the accident,online
so practice problem using standard deviation formula,local
how to solve problems using correlation vs causation,local
Is it safe to drive in toronto with this storm,online
important dates related to the partition of india,local
explain operator overloading in c++ with a simple example for revision,local
Important dates related to the discovery of penicillin,local
"fyi need to know, current valuation on apple stock before i head out",online
"just checking, the la liga clasico score update please in the last hour",online
"For my homework, walk through hypothesis testing with numbers",local
"For my homework, derive integration by parts step by step thanks",local
walk through eigenvalues and eigenvectors with numbers,local
urgent - the premier league match score update please asap,online
real world use case for caching strategies,local
"real talk, final score of the ashes series before i head out",online
derive permutations and combinations step by step,local
central limit theorem for my calculus homework for my notes,local
"for my homework, summarize monolith vs microservices in a few bullet points before my exam",local
quick refresher on monads in haskell before my exam with an example,local
When should i pick virtual memory over merge sort,local
"For my homework, i keep forgetting ACID properties, break it down for me",local
"Just checking, solana price action this week so far for real",online
ok so how bad is the supreme court verdict right now this evening,online
"Hey, walk through set theory basics with numbers before my exam",local
real time quote for tesla stock,online
quick one - tesla stock price action this week so far asap,online
urgent - final score of the ashes series before i head out,online
Ok immutability in functional programming example in python please?,local
quick one - how is reliance shares trending today right now,online
current air quality index in bangalore,online
"fyi need to know, the india vs australia test score update please pls",online
notes on static vs dynamic typing for my assignment,local
The s&p 500 price action this week so far,online
"fyi need to know, is the highway closed due to the accident",online
textbook definition of operator overloading in c++,local
important dates related to the ottoman empire decline,local
ngl real time quote for gold rate in the last hour,online
"hey, compare thread pools and big O notation in one paragraph — struggling with this",local
Real time quote for nasdaq,online
Why is subqueries in sql used instead of monolith vs microservices,local
"Real talk, cardano price right now — need it fast",online
real time quote for nvidia stock,online
Current congestion level on the main train route today,online
ngl live score for the f1 race as of now,online
the signing of the magna carta — what actually happened for revision,local
"Real talk, how bad is the trade deal talks right now",online
"fyi need to know, is the cyclone warning still ongoing right now",online
quick q - generics in java — key points to remember for revision,local
ok so tesla stock live chart movement before my meeting,online
ngl the wimbledon final score update please,online
"two pointer technique, explain like i'm a beginner coder",local
"fyi need to know, is the highway closed due to the accident?",online
ngl how is ethereum trending today rn,online
"for class tomorrow, practice problem using laplace transform",local
"genuinely curious, background on the american civil war causes for my essay before my exam",local
current valuation on nifty 50,online
ngl did the cabinet reshuffle get resolved yet asap,online
convex optimization basics for my calculus homework with an example,local
final score of the t20 world cup game,online
ok law of cosines — proof and intuition before my exam,local
real time quote for infosys shares,online
Urgent - the earthquake near the coast status update please right now,online
So the ufc fight card highlights from tonight asap,online
"just checking, is the storm system offshore affecting traffic right now today",online
Is the flight delayed out of los angeles due to fog,online
current congestion level on the toll plaza pls,online
ok set theory basics explained with an example problem — struggling with this,local
ok pros and cons of bit manipulation tricks,local
Important dates related to the industrial revolution key inventions,local
quick refresher on microservices architecture before my exam briefly,local
Ok ci cd pipeline basics for dummies with an example,local
"need this for an interview, background on the periodic table history for my essay in simple terms",local
when should i pick subqueries in sql over binary search tree,local
What's going on with the protest downtown at the moment,online
so logarithm rules formula and when to use it thanks,local
current congestion level on the harbor bridge just curious,online
Singleton pattern tutorial with code,local
Should i carry an umbrella in mumbai today,online
"need this for an interview, the age of exploration key figures — what actually happened",local
Any updates on the tech layoffs news happening today no cap,online
"Observer pattern, explain like i'm a beginner coder",local
compare dijkstra's algorithm and topological sort in one paragraph,local
"for my homework, how to solve problems using logarithm rules for my notes",local
pros and cons of monads in haskell,local
give me a quick rundown of the silk road trade routes,local
"I don't get normalization forms, someone explain",local
Law of cosines — proof and intuition,local
urgent - how is tesla stock trending today no cap,online
derive convex optimization basics step by step,local
did the stock market open green or red today,online
Race conditions — key points to remember — struggling with this,local
"Hey, linear regression math for my calculus homework for my notes",local
Textbook definition of garbage collection,local
"genuinely curious, multiple inheritance in python vs map reduce filter functions which is better and when before my exam",local
summarize TCP vs UDP in a few bullet points,local
Main causes and effects of the signing of the magna carta,local
compare message queues and sharding in one paragraph,local
"genuinely curious, SOLID principles tutorial with code before my exam",local
any delays on the flyover near the city center today this evening,online
so real time quote for tesla stock rn,online
"hey, is there a heat advisory in london today — need it fast",online
Real world use case for lambda expressions in simple terms,local
ok background on the industrial revolution key inventions for my essay for revision,local
the f1 race highlights from tonight,online
"hey, apple stock price right now",online
"need this for an interview, fourier transform explained with an example problem pls",local
textbook definition of foreign key constraints?,local
key figures involved in the fall of the roman empire — struggling with this,local
"Need this for an interview, why is generics in java used instead of publish subscribe pattern?",local
foreign key constraints tutorial with code thanks,local
explain virtual memory with a simple example for revision,local
"Hey, who won the wimbledon final last night for real",online
Any delays on the harbor bridge today,online
So how humid is it in paris right now just curious,online
"need this for an interview, why is multiple inheritance in python used instead of SOLID principles with an example",local
the moon landing mission details — what actually happened,local
so real time quote for ripple xrp before i head out,online
"for my homework, the silk road trade routes summary for history class with an example",local
walk me through lambda expressions step by step,local
"quick one - just heard about the election results, what's the latest for real",online
so why did the ottoman empire decline happen before my exam,local
"for class tomorrow, probability distributions for my calculus homework",local
"real talk, quick check on sensex before i trade this morning",online
the ceasefire negotiations — anything new in the last hour,online
so hypothesis testing for my calculus homework for my notes,local
"genuinely curious, explain the ottoman empire decline in a short paragraph thanks",local
"Hey, is the ceasefire negotiations affecting traffic right now rn",online
"greedy algorithms, explain like i'm a beginner coder",local
ngl quick check on bitcoin before i trade,online
Background on the signing of the magna carta for my essay,local
is the metro line flooded from the downpour right now for real,online
ok give me a quick rundown of the mughal empire timeline — struggling with this,local
the pythagorean theorem formula and when to use it for revision,local
"hey, how does ci cd pipeline basics actually work under the hood in simple terms",local
so timeline of the periodic table history thanks,local
the s&p 500 live chart movement this evening,online
ngl is the subway line flooded from the downpour right now — need it fast,online
"hey, traffic status on the subway line this morning rn",online
"genuinely curious, fourier transform explained with an example problem — struggling with this",local
"just checking, how humid is it in paris right now right now",online
"Genuinely curious, give me a quick rundown of the decolonization of africa — struggling with this",local
current valuation on sensex,online
"just checking, the ashes series score update please — need it fast",online
Textbook definition of dependency injection,local
Who's leading in the euro cup semifinal currently before i head out,online
"Need this for an interview, compare topological sort and immutability in functional programming in one paragraph?",local
urgent - is the protest downtown affecting traffic right now for real,online
ok so who's leading in the la liga clasico currently just curious,online
"for my homework, timeline of the unification of germany before my exam",local
"Genuinely curious, standard deviation formula explained with an example problem pls",local
ok so current congestion level on the toll plaza,online
ngl the ufc fight card highlights from tonight pls,online
"real talk, who's leading in the f1 race currently asap",online
Quick q - main causes and effects of the industrial revolution key inventions,local
Quadratic formula for my calculus homework,local
quick refresher on docker containers before my exam,local
current congestion level on the subway line before my meeting,online
"ok i keep forgetting backtracking algorithms, break it down for me",local
who won the world cup qualifier last night as of now,online
bayes theorem formula and when to use it with an example,local
is the election results still ongoing at the moment,online
explain greedy algorithms with a simple example for revision,local
Linear regression math explained with an example problem in simple terms,local
Quick one - the asia cup final score update please pls,online
quick one - gold rate rate as of this minute for the group chat,online
real world use case for hash map,local
ok so is the expressway flooded from the downpour right now rn,online
so reliance shares today's high and low right now,online
give me a quick rundown of the treaty of versailles terms in simple terms,local
"genuinely curious, how to solve problems using hypothesis testing",local
quick one - ripple xrp market cap right now for real,online
When should i pick trie data structure over memoization,local
fourier transform — proof and intuition briefly,local
"need this for an interview, important dates related to the causes of world war 1?",local
generics in java example in python please — struggling with this,local
Is the flight delayed out of tokyo due to fog,online
"fyi need to know, real time quote for eur to usd — need it fast",online
"Hey, textbook definition of connection pooling in simple terms",local
"hey, is the main train route open or blocked at the moment",online
The silk road trade routes summary for history class,local
ok so is solana pumping or dumping today tonight,online
"Fyi need to know, quick check on nasdaq before i trade rn",online
who won the asia cup final last night,online
quick q - background on the great depression causes for my essay pls,local
urgent - who won the grand slam tennis match last night asap,online
quick one - how bad is the airline strike right now at the moment,online
Urgent - the vaccine rollout progress — anything new in the last hour at the moment,online
ngl final score of the t20 world cup game no cap,online
monads in haskell cheat sheet,local
compare docker containers and heap data structure in one paragraph,local
Derive central limit theorem step by step — struggling with this,local
Urgent - is it safe to drive in hyderabad with this storm today,online
"hey, TCP vs UDP example in python please before my exam",local
urgent - nvidia stock rate as of this minute this morning,online
derive limits and continuity step by step with an example,local
Chain rule in calculus — proof and intuition,local
background on the french revolution timeline for my essay,local
"Hey, final score of the champions league final right now",online
quick one - the trade deal talks status update please asap,online
race conditions for dummies,local
"just checking, what's going on with the trade deal talks at the moment in the last hour",online
is there a train delay on the express route right now,online
quick q - textbook definition of merge sort — struggling with this,local
urgent - dow jones market cap right now tonight,online
"real talk, the grand slam tennis match highlights from tonight — need it fast",online
ok window functions in sql tutorial with code,local
"just checking, is the flyover near the city center closed due to the accident before i head out",online
"for my homework, practice problem using law of sines with an example",local
"For class tomorrow, background on the cold war origins for my essay before my exam",local
"just checking, is the india vs australia test still playing right now",online
"just checking, real time quote for tesla stock just curious",online
ok eigenvalues and eigenvectors — proof and intuition before my exam,local
is the internet outage affecting my area still,online
Set theory basics explained with an example problem briefly,local
"for class tomorrow, set theory basics explained with an example problem pls",local
compare asynchronous programming and monolith vs microservices in one paragraph pls,local
Is the main train route open or blocked at the moment,online
urgent - current congestion level on the highway while i'm stuck in traffic,online
"For class tomorrow, real world use case for multiple inheritance in python for revision",local
"hey, how bad is the cabinet reshuffle right now",online
ok so is the harbor bridge closed due to the accident no cap,online
ci cd pipeline basics cheat sheet,local
getting a memory leak in my c++ program after profiling,local
"fyi need to know, should i carry an umbrella in delhi today while i'm stuck in traffic",online
"need this for an interview, B-tree indexing vs publish subscribe pattern which is better and when",local
is the la liga clasico still playing right now,online
final score of the champions league final before my meeting,online
walk me through multithreading in java step by step,local
law of sines for my calculus homework,local
urgent - any updates on the storm system offshore happening today asap,online
"Just checking, nasdaq today's high and low asap",online
compare ci cd pipeline basics and publish subscribe pattern in one paragraph,local
the s&p 500 today's high and low just curious,online
who won the champions league final last night,online
quick q - derive derivative of a function step by step,local
give me a quick rundown of the treaty of versailles terms for my notes,local
monolith vs microservices cheat sheet,local
Real world use case for microservices architecture,local
is the toll plaza open or blocked at the moment today,online
"For my homework, background on the moon landing mission details for my essay — struggling with this",local
Who won the premier league match last night,online
quick q - hypothesis testing — proof and intuition briefly,local
latest on the vaccine rollout progress in real time,online
"just checking, is it safe to drive in toronto with this storm currently",online
quick refresher on foreign key constraints before my exam briefly,local
quick refresher on lambda expressions before my exam,local
"genuinely curious, timeline of the causes of world war 1 for my notes",local
"Need this for an interview, how to solve problems using central limit theorem before my exam",local
"fyi need to know, live score for the wimbledon final this evening",online
Quick check on dow jones before i trade,online
so set theory basics for my calculus homework pls,local
Law of sines explained with an example problem,local
"for my homework, derive standard deviation formula step by step thanks",local
final score of the india vs australia test pls,online
Final score of the nba game,online
any updates on the election results happening today,online
"hey, the india vs australia test result just now just curious",online
Probability distributions for my calculus homework,local
solid overview of race conditions for revision,local
ok so the t20 world cup game score update please for the group chat,online
"fyi need to know, is the interstate closed due to the accident",online
"genuinely curious, B-tree indexing for dummies in simple terms",local
the ottoman empire decline summary for history class,local
how does event loop in node actually work under the hood briefly,local
live score for the wimbledon final as of now,online
ok quadratic formula for my calculus homework?,local
is the asia cup final still playing right now,online
ngl crude oil price market cap right now just curious,online
"real talk, nifty 50 price right now just curious",online
"for my homework, partial derivatives for my calculus homework",local
Quick refresher on immutability in functional programming before my exam,local
Normalization forms cheat sheet,local
so why is promises vs callbacks used instead of graph traversal,local
Urgent - the border tensions developments as of today this morning,online
"for my homework, timeline of the age of exploration key figures?",local
ripple xrp live chart movement,online
Quick q - compare thread pools and heap data structure in one paragraph,local
the airport terminal conditions right now because of the storm pls,online
quick one - is the subway line open or blocked at the moment before my meeting,online
"just checking, the asia cup final score update please?",online
quick q - why did the american civil war causes happen before my exam,local
"genuinely curious, textbook definition of backtracking algorithms",local
real world use case for normalization in databases,local
"Real talk, is nasdaq pumping or dumping today just curious",online
"so i keep forgetting git rebase vs merge, break it down for me with an example",local
quick one - the harbor bridge conditions right now because of the storm currently,online
is there a heat advisory in chicago today,online
Chain rule in calculus — proof and intuition for my notes,local
is the strike still affecting flights today,online
"for class tomorrow, compare trie data structure and sharding in one paragraph before my exam",local
Ok so the t20 world cup game highlights from tonight asap,online
ok so is the t20 world cup game still playing right now this morning,online
dependency injection cheat sheet?,local
Latest on the ceasefire negotiations in real time asap,online
so key figures involved in the discovery of penicillin before my exam,local
is the metro line open or blocked at the moment pls,online
infosys shares price action this week so far,online
Current valuation on silver rate asap,online
derive limits and continuity step by step before my exam,local
"fyi need to know, live score for the la liga clasico while i'm stuck in traffic",online
So explain the mughal empire timeline in a short paragraph — struggling with this,local
How bad is the trade deal talks right now,online
"for my homework, vector cross product for my calculus homework",local
"Genuinely curious, important dates related to the renaissance key artists?",local
"for my homework, why is joins in sql used instead of two pointer technique in simple terms",local
the s&p 500 rate as of this minute currently,online
"so just heard about the covid case numbers, what's the latest while i'm stuck in traffic",online
practice problem using standard deviation formula,local
silver rate rate as of this minute,online
taylor series expansion explained with an example problem,local
so is the harbor bridge closed due to the accident asap,online
Ok so is the wimbledon final still playing right now,online
how humid is it in london right now,online
so walk through correlation vs causation with numbers with an example,local
ngl current valuation on gold rate while i'm stuck in traffic,online
Solid overview of greedy algorithms for revision,local
urgent - live score for the world cup qualifier no cap,online
real world use case for garbage collection,local
so who won the wimbledon final last night no cap,online
"Hey, the toll plaza conditions right now because of the storm currently",online
"for class tomorrow, why did the signing of the magna carta happen thanks",local
so quick refresher on merge sort before my exam before my exam,local
why is stack vs heap memory used instead of mutex vs semaphore,local
background on the russian revolution 1917 for my essay briefly,local
"hey, partial derivatives for my calculus homework before my exam",local
quick q - how does backtracking algorithms actually work under the hood — struggling with this,local
walk me through B-tree indexing step by step,local
did the election results get resolved yet no cap,online
multiple inheritance in python for dummies,local
Why is backtracking algorithms used instead of normalization in databases,local
Important dates related to the renaissance key artists,local
Practice problem using partial derivatives — struggling with this,local
pros and cons of quick sort,local
"Genuinely curious, explain linked list with a simple example — struggling with this",local
The t20 world cup game result just now before my meeting,online
tesla stock price right now,online
urgent - final score of the euro cup semifinal tonight,online
explain lambda expressions with a simple example in simple terms,local
the partition of india summary for history class?,local
"for my homework, linked list interview question breakdown before my exam",local
Urgent - is the asia cup final still playing right now just curious,online
is the harbor bridge closed due to the accident for real,online
closures in javascript — key points to remember,local
breaking news on the tech layoffs news,online
how bad is the ceasefire negotiations right now,online
urgent - is the covid case numbers still ongoing this evening,online
is there a heat advisory in san francisco today,online
how would you implement topological sort from scratch,local
correlation vs causation for my calculus homework,local
"just checking, latest on the central bank's rate decision in real time",online
backtracking algorithms tutorial with code with an example,local
current valuation on solana,online
Real time quote for cardano while i'm stuck in traffic,online
quick one - live score for the la liga clasico asap,online
Is the subway line closed due to the accident before my meeting,online
why is polymorphism used instead of asynchronous programming,local
"for class tomorrow, textbook definition of binary search tree for revision",local
"just checking, the ceasefire negotiations developments as of today at the moment",online
"hey, solid overview of recursion for revision?",local
"just checking, is the subway line closed due to the accident no cap",online
ok so the premier league match result just now at the moment,online
Ngl how is the s&p 500 trending today rn,online
quick q - compare heap data structure and compiler vs interpreter in one paragraph — struggling with this,local
Ok so traffic status on the expressway this morning before i head out,online
background on the silk road trade routes for my essay with an example,local
so who won the champions league final last night for real,online
Any delays on the interstate today,online
"genuinely curious, main causes and effects of the theory of evolution basics thanks",local
Urgent - any updates on the power outage in the city happening today today,online
ok so who's leading in the ashes series currently?,online
Traffic status on the airport terminal this morning at the moment,online
"Just checking, any delays on the expressway today this morning",online
"fyi need to know, crude oil price price right now pls",online
quick one - real time quote for bitcoin for real,online
So live score for the la liga clasico at the moment,online
"genuinely curious, background on the great depression causes for my essay",local
traffic status on the main train route this morning?,online
Ok walk through chain rule in calculus with numbers thanks,local
current congestion level on the subway line while i'm stuck in traffic,online
greedy algorithms tutorial with code — struggling with this,local
quick one - cardano price action this week so far currently,online
traffic status on the flyover near the city center this morning — need it fast,online
ok the wright brothers first flight summary for history class briefly,local
"need this for an interview, notes on lambda expressions for my assignment briefly",local
"Hey, derive taylor series expansion step by step?",local
quick one - any delays on the toll plaza today?,online
ok so should i carry an umbrella in bangalore today as of now,online
"Just checking, traffic status on the flyover near the city center this morning before i head out",online
is the power outage in the city still ongoing,online
"for my homework, derive fourier transform step by step",local
who won the wimbledon final last night no cap,online
so explain the industrial revolution key inventions in a short paragraph,local
Is the ashes series still playing right now,online
urgent - the world cup qualifier result just now pls,online
"genuinely curious, probability distributions — proof and intuition briefly",local
quick one - current congestion level on the metro line this morning,online
Explain the industrial revolution key inventions in a short paragraph,local
why is regular expressions used instead of merge sort,local
ok timeline of the boston tea party?,local
difference between virtual functions in c++ and process vs thread,local
urgent - current congestion level on the airport terminal in the last hour,online
"real talk, is the airport terminal closed due to the accident while i'm stuck in traffic",online
"fyi need to know, current congestion level on the expressway for real",online
asynchronous programming — key points to remember for revision,local
"fyi need to know, bitcoin price action this week so far right now",online
"just checking, the expressway conditions right now because of the storm asap",online
is the airport terminal closed due to the accident while i'm stuck in traffic,online
so the t20 world cup game score update please while i'm stuck in traffic,online
"for my homework, pros and cons of binary search tree — struggling with this",local
"genuinely curious, main causes and effects of the silk road trade routes — struggling with this",local
"normalization forms, explain like i'm a beginner coder",local
"for class tomorrow, i keep forgetting kubernetes pods, break it down for me thanks",local
Urgent - current congestion level on the metro line before my meeting,online
"just checking, who's leading in the champions league final currently right now",online
"hey, the covid case numbers developments as of today while i'm stuck in traffic",online
ok derive gradient descent math step by step?,local
the french revolution timeline — what actually happened thanks,local
"hey, nvidia stock live chart movement for the group chat",online
ok so reliance shares price right now in the last hour,online
"i don't get virtual memory, someone explain",local
explain test driven development with a simple example,local
"Hey, textbook definition of big O notation?",local
"hey, is the euro cup semifinal still playing right now rn",online
Real time quote for tcs stock,online
"for class tomorrow, why did the renaissance key artists happen for revision",local
"for my homework, walk through probability distributions with numbers before my exam",local
quick q - timeline of the signing of the magna carta in simple terms,local
ok so should i carry an umbrella in singapore today while i'm stuck in traffic,online
The champions league final result just now,online
"Just checking, any delays on the flyover near the city center today in the last hour",online
Breaking news on the supreme court verdict,online
what's going on with the protest downtown at the moment,online
"just checking, tesla stock market cap right now in the last hour",online
quick one - any delays on the expressway today for real,online
urgent - is the main train route closed due to the accident currently,online
cardano price right now as of now,online
Law of cosines explained with an example problem,local
Ok eigenvalues and eigenvectors formula and when to use it,local
compare backtracking algorithms and compiler vs interpreter in one paragraph,local
how does SOLID principles actually work under the hood,local
the supreme court verdict developments as of today,online
What's going on with the parliament session today at the moment,online
real time quote for nifty 50,online
Ok background on the great depression causes for my essay before my exam,local
urgent - any updates on the central bank's rate decision happening today,online
"Real talk, is gold rate pumping or dumping today before i head out",online
ok background on the industrial revolution key inventions for my essay — struggling with this,local
so practice problem using law of cosines thanks,local
urgent - live score for the f1 race before i head out,online
"for my homework, heap data structure vs test driven development which is better and when — struggling with this",local
How bad is the storm system offshore right now,online
Derive laplace transform step by step,local
"Urgent - just heard about the supreme court verdict, what's the latest",online
is the interstate flooded from the downpour right now just curious,online
main causes and effects of ancient egyptian pyramid construction briefly,local
give me a quick rundown of the unification of germany,local
How does event loop in node actually work under the hood,local
Why did the wright brothers first flight happen with an example,local
will it rain in dubai in the next few hours,online
urgent - real time quote for the s&p 500 just curious,online
"genuinely curious, derive markov chains step by step",local
the signing of the magna carta summary for history class for my notes,local
quick one - final score of the world cup qualifier this evening,online
"for class tomorrow, give me a quick rundown of the ottoman empire decline",local
"i keep forgetting foreign key constraints, break it down for me in simple terms",local
so explain the treaty of versailles terms in a short paragraph in simple terms,local
"Hey, real time quote for bitcoin?",online
"hey, is the ufc fight card still playing right now for the group chat",online
"need this for an interview, practice problem using vector cross product with an example",local
so law of cosines formula and when to use it for my notes,local
current congestion level on the main train route,online
ngl is the tech layoffs news affecting traffic right now for the group chat,online
"just checking, infosys shares market cap right now before i head out",online
"hey, walk me through TCP vs UDP step by step?",local
quick q - joins in sql — key points to remember for revision,local
Live score for the f1 race,online
explain pointers vs references with a simple example — struggling with this,local
how bad is the supreme court verdict right now?,online
quick q - multiple inheritance in python for dummies pls,local
is the toll plaza open or blocked at the moment as of now,online
Tcs stock price right now for real,online
Ok so latest on the parliament session today in real time this morning,online
pros and cons of pointers vs references thanks,local
Deadlocks vs message queues which is better and when,local
"Hey, quick check on nasdaq before i trade as of now",online
"For class tomorrow, practice problem using the pythagorean theorem",local
quick q - main causes and effects of when the berlin wall fell briefly,local
the tech layoffs news — anything new in the last hour right now,online
urgent - traffic status on the subway line this morning no cap,online
final score of the india vs australia test,online
key figures involved in the unification of germany,local
ok so the ufc fight card result just now,online
"hey, is there a heat advisory in dubai today for the group chat",online
is the toll plaza open or blocked at the moment,online
the euro cup semifinal highlights from tonight,online
the nba game result just now this evening,online
is the tech layoffs news affecting traffic right now before i head out,online
"genuinely curious, the russian revolution 1917 — what actually happened for revision",local
"fyi need to know, how humid is it in chicago right now in the last hour",online
"real talk, is it safe to drive in chicago with this storm this evening",online
"fyi need to know, current congestion level on the main train route before my meeting",online
"genuinely curious, explain TCP vs UDP with a simple example briefly",local
is the ring road flooded from the downpour right now,online
"just checking, just heard about the flood situation downtown, what's the latest — need it fast",online
microservices architecture for dummies,local
"For class tomorrow, walk through vector cross product with numbers in simple terms",local
"fyi need to know, should i carry an umbrella in los angeles today pls",online
will it rain in toronto in the next few hours,online
So any delays on the harbor bridge today currently,online
current valuation on bitcoin charts,online
how to solve problems using fourier transform,local
Quick one - is the toll plaza flooded from the downpour right now at the moment,online
Current congestion level on the expressway rn,online
reliance shares live chart movement,online
Ok why did ancient egyptian pyramid construction happen with an example,local
gradient descent math explained with an example problem,local
"hey, foreign key constraints — key points to remember for revision",local
so linear regression math for my calculus homework with an example,local
is it safe to drive in tokyo with this storm,online
"For my homework, derive matrix multiplication rules step by step briefly",local
is the flight delayed out of tokyo due to fog,online
Polymorphism example in python please,local
Eigenvalues and eigenvectors — proof and intuition,local
the heatwave alert developments as of today,online
mock objects in testing vs immutability in functional programming which is better and when,local
any delays on the harbor bridge today,online
"for my homework, explain publish subscribe pattern with a simple example for revision",local
urgent - the ipl match result just now as of now,online
ok so is tcs stock pumping or dumping today before i head out,online
compare microservices architecture and quick sort in one paragraph,local
"just checking, current valuation on nvidia stock in the last hour",online
ok how would you implement unit testing vs integration testing from scratch,local
tesla stock rate as of this minute asap,online
So is the storm system offshore affecting traffic right now currently,online
"Need this for an interview, key figures involved in the fall of the roman empire for revision",local
real world use case for bit manipulation tricks before my exam,local
so is cardano pumping or dumping today at the moment,online
How to solve problems using fourier transform in simple terms,local
"hey, who won the asia cup final last night",online
"Hey, the ashes series highlights from tonight tonight",online
"For class tomorrow, how to solve problems using permutations and combinations with an example",local
"fyi need to know, dogecoin live chart movement tonight",online
quick refresher on multiple inheritance in python before my exam thanks,local
"window functions in sql, explain like i'm a beginner coder",local
"for my homework, timeline of the age of exploration key figures",local
Recursion for dummies,local
so live score for the world cup qualifier this morning,online
closures in javascript example in python please for revision,local
ok so real time quote for nasdaq while i'm stuck in traffic,online
the heatwave alert developments as of today rn,online
explain the russian revolution 1917 in a short paragraph,local
ok compare asynchronous programming and version control branching in one paragraph briefly,local
"hey, real time quote for nifty 50 this evening",online
"hey, timeline of the russian revolution 1917",local
so give me a quick rundown of the theory of evolution basics?,local
ngl final score of the f1 race while i'm stuck in traffic,online
any delays on the ring road today at the moment,online
"for my homework, set theory basics for my calculus homework before my exam",local
quick q - timeline of the industrial revolution key inventions for my notes,local
"Real talk, is the ufc fight card still playing right now this morning",online
"just checking, nvidia stock today's high and low before i head out",online
"hey, markov chains for my calculus homework — struggling with this",local
so did the protest downtown get resolved yet as of now,online
Ok so live score for the f1 race right now,online
partial derivatives for my calculus homework?,local
"real talk, the asia cup final score update please in the last hour",online
important dates related to the unification of germany with an example,local
"just checking, bitcoin live chart movement no cap",online
final score of the t20 world cup game for real,online
difference between REST vs GraphQL and singleton pattern for my notes,local
"just checking, any updates on the vaccine rollout progress happening today for real",online
"Need this for an interview, walk through law of cosines with numbers pls",local
is the main train route open or blocked at the moment,online
"need this for an interview, how to solve problems using set theory basics?",local
"For my homework, quadratic formula formula and when to use it",local
Derive vector cross product step by step,local
"for my homework, permutations and combinations formula and when to use it pls",local
Is the ring road closed due to the accident?,online
hypothesis testing formula and when to use it,local
quick refresher on dynamic programming before my exam,local
ngl live score for the wimbledon final no cap,online
Ok solid overview of git rebase vs merge for revision?,local
"need this for an interview, quadratic formula — proof and intuition",local
ngl quick check on solana before i trade,online
the world cup qualifier highlights from tonight,online
"for my homework, give me a quick rundown of the printing press invention impact with an example",local
Final score of the la liga clasico while i'm stuck in traffic,online
"hey, ACID properties vs caching strategies which is better and when",local
"Genuinely curious, key figures involved in the russian revolution 1917 thanks",local
is the main train route closed due to the accident today,online
background on the age of exploration key figures for my essay?,local
Is the toll plaza closed due to the accident,online
did the flood situation downtown get resolved yet before i head out,online
"for class tomorrow, ancient egyptian pyramid construction — what actually happened — struggling with this",local
derive derivative of a function step by step before my exam,local
Real world use case for normalization in databases,local
apple stock rate as of this minute,online
"hey, did bitcoin go up or down this morning at the moment",online
how to solve problems using limits and continuity,local
quick one - infosys shares price right now today,online
is the central bank's rate decision still ongoing this morning,online
Ok difference between ci cd pipeline basics and singleton pattern thanks,local
difference between generics in java and virtual functions in c++,local
Is the flight delayed out of seoul due to fog this evening,online
"genuinely curious, walk through taylor series expansion with numbers — struggling with this",local
Practice problem using hypothesis testing,local
Explain eventual consistency with a simple example,local
ok so final score of the india vs australia test for real,online
is the airport terminal closed due to the accident no cap,online
"for my homework, practice problem using hypothesis testing with an example",local
"need this for an interview, explain the discovery of penicillin in a short paragraph in simple terms",local
who won the grand slam tennis match last night,online
quick one - the india vs australia test highlights from tonight right now,online
textbook definition of git rebase vs merge,local
"just checking, how is crude oil price trending today in the last hour",online
Derive law of sines step by step,local
Limits and continuity formula and when to use it,local
ok so quick check on ethereum before i trade in the last hour,online
"for class tomorrow, give me a quick rundown of the signing of the magna carta pls",local
"need this for an interview, bayes theorem — proof and intuition",local
real time quote for silver rate as of now,online
"genuinely curious, important dates related to the partition of india for my notes",local
quick one - current valuation on sensex as of now,online
"sliding window technique, explain like i'm a beginner coder",local
"Real talk, is the airline strike affecting traffic right now in the last hour",online
latest on the tech layoffs news in real time tonight,online
So final score of the champions league final asap,online
"for my homework, timeline of the ottoman empire decline — struggling with this",local
is the expressway flooded from the downpour right now tonight,online
So explain the moon landing mission details in a short paragraph briefly,local
how humid is it in dubai right now pls,online
ngl nvidia stock live chart movement in the last hour,online
quick check on tesla stock before i trade in the last hour,online
Quick one - the trade deal talks — anything new in the last hour this morning,online
walk through taylor series expansion with numbers before my exam,local
"for my homework, gradient descent math formula and when to use it",local
reliance shares today's high and low,online
Promises vs callbacks example in python please,local
ngl any delays on the main train route today in the last hour,online
Ok abstract class vs interface interview question breakdown with an example,local
so is the highway closed due to the accident no cap,online
real world use case for trie data structure for my notes,local
"hey, hypothesis testing formula and when to use it",local
did the central bank tweak interest margins this morning,online
laplace transform for my calculus homework,local
The ufc fight card highlights from tonight,online
current congestion level on the interstate,online
ngl the tech layoffs news — anything new in the last hour asap,online
Who's leading in the india vs australia test currently,online
"fyi need to know, live score for the ufc fight card pls",online
why is monads in haskell used instead of database indexing,local
Explain backtracking algorithms with a simple example,local
the ufc fight card result just now rn,online
"just checking, did dogecoin go up or down this morning at the moment",online
should i carry an umbrella in delhi today,online
"real talk, nasdaq rate as of this minute",online
latest on the earthquake near the coast in real time,online
So will it rain in sydney in the next few hours,online
ngl the tech layoffs news developments as of today asap,online
Correlation vs causation — proof and intuition,local
"genuinely curious, walk through bayes theorem with numbers — struggling with this",local
"for class tomorrow, how to solve problems using convex optimization basics pls",local
connection pooling cheat sheet,local
timeline of the signing of the magna carta,local
"I don't get promises vs callbacks, someone explain",local
is the harbor bridge open or blocked at the moment,online
"hey, is the interstate open or blocked at the moment in the last hour",online
"so heap data structure, explain like i'm a beginner coder?",local
"fyi need to know, how is tesla stock trending today",online
Is the nba game still playing right now,online
so why is unit testing vs integration testing used instead of quick sort for my notes,local
Set theory basics for my calculus homework,local
ngl the tech layoffs news status update please right now,online
so the ashes series highlights from tonight just curious,online
any updates on the parliament session today happening today rn,online
final score of the world cup qualifier,online
How to solve problems using hypothesis testing in simple terms,local
Is it safe to drive in mumbai with this storm,online
quick one - final score of the f1 race just curious,online
"hey, explain the age of exploration key figures in a short paragraph",local
CAP theorem — key points to remember,local
textbook definition of event loop in node,local
Compare graph traversal and multiple inheritance in python in one paragraph before my exam,local
"for class tomorrow, background on the theory of evolution basics for my essay with an example",local
"Need this for an interview, immutability in functional programming tutorial with code thanks",local
bitcoin live chart movement rn,online
the storm system offshore developments as of today,online
ok so final score of the asia cup final this morning,online
should i carry an umbrella in san francisco today,online
"Just checking, is the subway line closed due to the accident before i head out",online
urgent - final score of the india vs australia test while i'm stuck in traffic,online
"just checking, is the highway flooded from the downpour right now rn",online
ngl gold rate live chart movement while i'm stuck in traffic,online
Background on the printing press invention impact for my essay,local
quick q - practice problem using probability distributions,local
The grand slam tennis match result just now,online
"hey, derive hypothesis testing step by step for revision",local
ngl live score for the nba game right now,online
Gold rate today's high and low,online
quick one - quick check on tcs stock before i trade as of now,online
Urgent - is the main train route flooded from the downpour right now right now,online
Is the ipl match still playing right now,online
"just checking, infosys shares price action this week so far tonight",online
who's leading in the f1 race currently,online
"for my homework, how to solve problems using limits and continuity in simple terms",local
Pros and cons of mock objects in testing,local
"need this for an interview, walk me through immutability in functional programming step by step thanks",local
ok so is the interstate closed due to the accident before i head out,online
"Just heard about the trade deal talks, what's the latest",online
key figures involved in the cold war origins,local
is the election results affecting traffic right now,online
"hey, sensex market cap right now just curious",online
So is ethereum pumping or dumping today today,online
the election results developments as of today,online
Ok law of sines — proof and intuition,local
eigenvalues and eigenvectors — proof and intuition briefly,local
quick one - is the metro line closed due to the accident while i'm stuck in traffic,online
ngl the expressway conditions right now because of the storm this evening,online
"just checking, who won the t20 world cup game last night this morning",online
"genuinely curious, difference between microservices architecture and mock objects in testing",local
how does recursion actually work under the hood thanks,local
ngl the s&p 500 price action this week so far pls,online
urgent - who's leading in the asia cup final currently no cap,online
Ok so how is nasdaq trending today in the last hour,online
SOLID principles for dummies,local
"genuinely curious, key figures involved in the discovery of penicillin with an example",local
why did the american civil war causes happen,local
Current congestion level on the ring road,online
sensex live chart movement as of now,online
ok the decolonization of africa — what actually happened — struggling with this,local
"Just checking, live score for the grand slam tennis match this morning",online
textbook definition of joins in sql,local
"hey, final score of the f1 race before i head out",online
the api call works in postman but fails from my frontend code,local
How to solve problems using quadratic formula thanks,local
How bad is the tech layoffs news right now this evening,online
so walk through logarithm rules with numbers with an example,local
"just checking, who won the euro cup semifinal last night pls",online
Urgent - is the heatwave alert affecting traffic right now before my meeting,online
urgent - who won the premier league match last night while i'm stuck in traffic,online
"hey, how to solve problems using derivative of a function for revision",local
the discovery of penicillin — what actually happened,local
"i keep forgetting mutex vs semaphore, break it down for me",local
did nasdaq go up or down this morning — need it fast,online
Gradient descent math formula and when to use it thanks,local
Urgent - any delays on the interstate today,online
practice problem using fourier transform,local
who won the ashes series last night,online
Who's leading in the ipl match currently — need it fast,online
apple stock market cap right now right now,online
the f1 race score update please while i'm stuck in traffic,online
quick one - is the expressway flooded from the downpour right now as of now,online
urgent - any delays on the metro line today this evening,online
so gradient descent math — proof and intuition briefly,local
quick one - the main train route conditions right now because of the storm this morning,online
real time quote for eur to usd this morning,online
So key figures involved in the ottoman empire decline for revision,local
"hey, is the expressway flooded from the downpour right now this evening",online
quick one - any delays on the harbor bridge today this morning,online
"need this for an interview, derive matrix multiplication rules step by step in simple terms",local
"Fyi need to know, current congestion level on the interstate just curious",online
so did ripple xrp go up or down this morning pls,online
Quick q - how would you implement inheritance vs composition from scratch?,local
why did the great depression causes happen,local
"Hey, who's leading in the nba game currently — need it fast",online
Did the s&p 500 go up or down this morning today,online
quick one - what's going on with the covid case numbers at the moment tonight,online
quick one - bitcoin today's high and low asap,online
Explain when the berlin wall fell in a short paragraph,local
ngl reliance shares live chart movement while i'm stuck in traffic,online
ok background on the printing press invention impact for my essay?,local
"real talk, is the interstate closed due to the accident this evening",online
"ok i don't get regular expressions, someone explain before my exam",local
correlation vs causation formula and when to use it in simple terms,local
the t20 world cup game highlights from tonight at the moment,online
"Fyi need to know, did tesla stock go up or down this morning pls",online
current congestion level on the metro line right now,online
"fyi need to know, solana live chart movement for real",online
timeline of the russian revolution 1917,local
"I keep forgetting singleton pattern, break it down for me",local
is the airport terminal flooded from the downpour right now,online
"just checking, is the metro line open or blocked at the moment",online
eigenvalues and eigenvectors explained with an example problem with an example,local
ok so is the expressway flooded from the downpour right now right now,online
"real talk, apple stock today's high and low tonight",online
notes on promises vs callbacks for my assignment,local
explain kubernetes pods with a simple example,local
how humid is it in tokyo right now,online
"hey, how would you implement window functions in sql from scratch",local
The silk road trade routes — what actually happened,local
quick one - the s&p 500 market cap right now while i'm stuck in traffic,online
Explain the french revolution timeline in a short paragraph?,local
nvidia stock price right now,online
Quick check on the s&p 500 before i trade for real,online
ok how to solve problems using standard deviation formula before my exam,local
Urgent - tcs stock market cap right now for the group chat,online
"caching strategies, explain like i'm a beginner coder for revision",local
Law of sines for my calculus homework,local
Quick one - any delays on the harbor bridge today before i head out,online
so what's going on with the cyclone warning at the moment for real,online
Ngl will it rain in singapore in the next few hours rn,online
tesla stock price action this week so far,online
"Need this for an interview, background on the partition of india for my essay pls",local
Summarize observer pattern in a few bullet points — struggling with this,local
"need this for an interview, why is SOLID principles used instead of monolith vs microservices for my notes",local
current status of the cyclone approaching the coast,online
walk me through message queues step by step,local
So gradient descent math — proof and intuition with an example,local
how to convert a decimal number to binary manually,local
Quick one - the asia cup final result just now tonight,online
The periodic table history — what actually happened,local
walk through gradient descent math with numbers,local
walk through bayes theorem with numbers,local
"Real talk, is it safe to drive in san francisco with this storm tonight",online
give me a quick rundown of the decolonization of africa,local
"real talk, is the airport terminal flooded from the downpour right now pls",online
quick check on silver rate before i trade,online
sliding window technique for dummies,local
ok pros and cons of test driven development,local
"hey, practice problem using gradient descent math thanks",local
"for class tomorrow, important dates related to the ottoman empire decline?",local
the ufc fight card result just now,online
"need this for an interview, practice problem using fourier transform",local
thread pools for dummies,local
Traffic status on the interstate this morning,online
Practice problem using law of cosines,local
"just checking, apple stock price right now no cap",online
"just checking, who won the la liga clasico last night rn",online
the central bank's rate decision status update please,online
Dow jones live chart movement — need it fast,online
"genuinely curious, publish subscribe pattern, explain like i'm a beginner coder before my exam",local
"real talk, the india vs australia test result just now for the group chat",online
The wimbledon final result just now,online
"for my homework, practice problem using law of sines briefly",local
Timeline of the renaissance key artists,local
"hey, breaking news on the border tensions rn",online
"just checking, final score of the euro cup semifinal right now",online
Quick refresher on hash map before my exam,local
Ethereum market cap right now rn,online
"for my homework, real world use case for caching strategies",local
Practice problem using derivative of a function,local
"for class tomorrow, give me a quick rundown of the boston tea party in simple terms",local
"real talk, quick check on nifty 50 before i trade today",online
urgent - is there a heat advisory in new york today before i head out,online
"hey, give me a quick rundown of the printing press invention impact in simple terms",local
Ngl final score of the ufc fight card?,online
"hey, dow jones rate as of this minute this morning",online
"hey, final score of the premier league match right now",online
Ngl traffic status on the metro line this morning just curious,online
ngl the airline strike developments as of today for real,online
live score for the asia cup final today,online
walk through standard deviation formula with numbers?,local
"need this for an interview, key figures involved in the industrial revolution key inventions?",local
urgent - is it safe to drive in toronto with this storm before i head out,online
quick q - background on the moon landing mission details for my essay pls,local
who's leading in the india vs australia test currently,online
timeline of the renaissance key artists,local
Gold rate price action this week so far asap,online
quick refresher on SOLID principles before my exam briefly,local
quick one - how humid is it in delhi right now at the moment,online
Quick check on dogecoin before i trade,online
the mughal empire timeline — what actually happened pls,local
"hey, nvidia stock today's high and low tonight",online
Solana price right now no cap,online
"Need this for an interview, microservices architecture, explain like i'm a beginner coder",local
Pros and cons of closures in javascript,local
taylor series expansion for my calculus homework,local
Monolith vs microservices for dummies,local
Quick check on ethereum before i trade,online
"genuinely curious, mock objects in testing example in python please thanks",local
ok so tesla stock market cap right now at the moment,online
Solana market cap right now?,online
"Genuinely curious, law of cosines — proof and intuition — struggling with this",local
did eur to usd go up or down this morning,online
"genuinely curious, walk through law of cosines with numbers before my exam",local
so bitcoin market cap right now just curious,online
"for class tomorrow, the ottoman empire decline — what actually happened thanks",local
Quick one - is the ring road flooded from the downpour right now before my meeting,online
is the harbor bridge closed due to the accident?,online
quick one - current valuation on dow jones?,online
"fyi need to know, will it rain in paris in the next few hours before i head out",online
Urgent - traffic status on the interstate this morning before i head out,online
"hey, who won the ashes series last night for real",online
"just checking, is the t20 world cup game still playing right now currently",online
how is nifty 50 trending today?,online
should i carry an umbrella in pune today no cap,online
notes on SOLID principles for my assignment,local
infosys shares market cap right now in the last hour,online
solid overview of multiple inheritance in python for revision,local
"for class tomorrow, background on the american civil war causes for my essay briefly",local
Ok difference between immutability in functional programming and dependency injection,local
"hey, why did the unification of germany happen briefly",local
"just checking, silver rate market cap right now today",online
Markov chains explained with an example problem,local
background on the periodic table history for my essay,local
Live score for the world cup qualifier,online
when should i pick TCP vs UDP over foreign key constraints,local
git rebase vs merge example in python please,local
Quick check on infosys shares before i trade,online
how humid is it in toronto right now before my meeting,online
Key figures involved in the industrial revolution key inventions — struggling with this,local
gold rate price action this week so far,online
so derive derivative of a function step by step in simple terms,local
Dow jones price right now,online
so the f1 race result just now currently,online
"for my homework, quick refresher on hash map before my exam",local
"need this for an interview, main causes and effects of the theory of evolution basics",local
"hey, when should i pick version control branching over graph traversal for revision",local
why did when the berlin wall fell happen in simple terms,local
"real talk, any updates on the cabinet reshuffle happening today at the moment",online
How does dynamic programming actually work under the hood,local
so sensex today's high and low no cap,online
ok the silk road trade routes summary for history class,local
Difference between abstract class vs interface and big O notation,local
quick one - is the asia cup final still playing right now this morning,online
ancient egyptian pyramid construction — what actually happened,local
"for class tomorrow, big O notation tutorial with code",local
how does database indexing actually work under the hood,local
ok so traffic status on the ring road this morning pls,online
"real talk, the interstate conditions right now because of the storm in the last hour",online
urgent - is the subway line closed due to the accident just curious,online
ngl will it rain in chennai in the next few hours as of now,online
live score for the la liga clasico,online
ok so is the flight delayed out of chennai due to fog for real,online
"need this for an interview, hypothesis testing for my calculus homework",local
Who's leading in the euro cup semifinal currently,online
the ceasefire negotiations developments as of today while i'm stuck in traffic,online
"Need this for an interview, correlation vs causation formula and when to use it briefly",local
dynamic programming vs promises vs callbacks which is better and when,local
Quick refresher on heap data structure before my exam,local
Bayes theorem formula and when to use it,local
so explain event loop in node with a simple example?,local
quick one - the ipl match score update please for the group chat,online
Did infosys shares go up or down this morning as of now,online
ngl any delays on the harbor bridge today currently,online
important dates related to the periodic table history,local
so why did the treaty of versailles terms happen for my notes,local
quick one - quick check on dogecoin before i trade before i head out,online
is ethereum pumping or dumping today,online
summarize microservices architecture in a few bullet points before my exam,local
"hey, derivative of a function for my calculus homework",local
"genuinely curious, main causes and effects of the mughal empire timeline for revision",local
main causes and effects of the theory of evolution basics with an example,local
any updates on the heatwave alert happening today,online
"need this for an interview, derive vector cross product step by step",local
how to solve problems using partial derivatives,local
quick refresher on load balancing before my exam,local
real time quote for bitcoin,online
Background on the cold war origins for my essay for revision,local
main causes and effects of the signing of the magna carta pls,local
so the premier league match highlights from tonight currently,online
ok important dates related to the fall of the roman empire before my exam,local
Ngl current congestion level on the highway just curious,online
docker containers — key points to remember,local
is the heatwave alert affecting traffic right now,online
Breaking news on the covid case numbers,online
"real talk, silver rate rate as of this minute at the moment",online
the s&p 500 price right now,online
Should i carry an umbrella in dubai today as of now,online
Denormalization vs monolith vs microservices which is better and when,local
"genuinely curious, matrix multiplication rules for my calculus homework before my exam",local
traffic status on the expressway this morning,online
Dogecoin market cap right now?,online
textbook definition of stack vs heap memory,local
walk me through big O notation step by step,local
Walk me through recursion step by step,local
"for my homework, how to solve problems using set theory basics",local
"just checking, any delays on the expressway today pls",online
ngl is the flight delayed out of london due to fog currently,online
ok so current congestion level on the highway as of now,online
ok set theory basics — proof and intuition briefly,local
"i don't get version control branching, someone explain",local
"real talk, the la liga clasico highlights from tonight right now",online
"genuinely curious, practice problem using partial derivatives",local
"real talk, current congestion level on the interstate before i head out",online
compare asynchronous programming and closures in javascript in one paragraph,local
"genuinely curious, vector cross product for my calculus homework briefly",local
give me a quick rundown of the theory of evolution basics pls,local
how to solve problems using law of cosines with an example,local
"for class tomorrow, main causes and effects of when the berlin wall fell pls",local
how to solve problems using derivative of a function with an example,local
Ok set theory basics for my calculus homework,local
"real talk, dow jones price right now this morning",online
Law of sines explained with an example problem for revision,local
ok so ripple xrp live chart movement pls,online
"for class tomorrow, give me a quick rundown of ancient egyptian pyramid construction?",local
Walk me through heap data structure step by step,local
"for class tomorrow, timeline of the partition of india",local
"Real talk, live score for the nba game just curious",online
the power outage in the city developments as of today,online
Ok so how is nvidia stock trending today pls,online
"for class tomorrow, important dates related to the printing press invention impact?",local
Derive bayes theorem step by step,local
Is there a heat advisory in san francisco today,online
"fyi need to know, live score for the asia cup final before my meeting",online
"for my homework, give me a quick rundown of the mughal empire timeline",local
vector cross product formula and when to use it,local
main causes and effects of the wright brothers first flight,local
ngl is the toll plaza flooded from the downpour right now just curious,online
"Genuinely curious, textbook definition of two pointer technique?",local
"For my homework, give me a quick rundown of the wright brothers first flight",local
"Fyi need to know, who won the t20 world cup game last night pls",online
"need this for an interview, taylor series expansion — proof and intuition for my notes",local
ok so final score of the wimbledon final for real,online
"real talk, traffic status on the subway line this morning currently",online
"genuinely curious, vector cross product formula and when to use it for my notes",local
so apple stock live chart movement in the last hour,online
Who won the f1 race last night,online
quick one - live score for the grand slam tennis match for the group chat,online
Ngl did dow jones go up or down this morning — need it fast,online
walk me through greedy algorithms step by step,local
Real time quote for silver rate no cap,online
"Hey, the toll plaza conditions right now because of the storm",online
"genuinely curious, markov chains for my calculus homework for revision",local
"fyi need to know, is the subway line flooded from the downpour right now tonight",online
"for my homework, how to solve problems using linear regression math for my notes",local
event loop in node example in python please,local
ok gradient descent math explained with an example problem — struggling with this,local
So any delays on the interstate today right now,online
"hey, quick refresher on graph traversal before my exam briefly",local
main causes and effects of the french revolution timeline — struggling with this,local
real world use case for dependency injection,local
Walk through law of cosines with numbers,local
race conditions — key points to remember,local
quick q - why is topological sort used instead of normalization forms pls,local
"fyi need to know, dogecoin rate as of this minute currently",online
how is tesla stock trending today this morning,online
How would you implement big O notation from scratch,local
any delays on the flyover near the city center today no cap,online
Urgent - is it safe to drive in toronto with this storm for real,online
"need this for an interview, practice problem using hypothesis testing for revision",local
quick refresher on version control branching before my exam,local
Explain git rebase vs merge with a simple example,local
Urgent - any delays on the highway today in the last hour,online
vector cross product — proof and intuition with an example,local
real time quote for usd to inr,online
score right now for the ongoing cricket match,online
ok why did the industrial revolution key inventions happen,local
key figures involved in the treaty of versailles terms thanks,local
compare unit testing vs integration testing and docker containers in one paragraph,local
explain the printing press invention impact in a short paragraph for revision,local
is crude oil price pumping or dumping today while i'm stuck in traffic,online
"for class tomorrow, notes on normalization in databases for my assignment for my notes",local
so will it rain in pune in the next few hours — need it fast,online
real world use case for graph traversal,local
how bad is the heatwave alert right now,online
quick q - why did the silk road trade routes happen before my exam,local
so who's leading in the ufc fight card currently rn,online
quick refresher on TCP vs UDP before my exam,local
quick q - derivative of a function formula and when to use it,local
urgent - current valuation on nifty 50 rn,online
hypothesis testing for my calculus homework,local
ngl the border tensions developments as of today currently,online
Difference between asynchronous programming and sliding window technique,local
"hey, how would you implement message queues from scratch before my exam",local
the cyclone warning status update please,online
the premier league match result just now,online
final score of the asia cup final,online
is the parliament session today affecting traffic right now?,online
Ok so is the airport terminal open or blocked at the moment right now,online
important dates related to the moon landing mission details,local
why did the partition of india happen?,local
Derive partial derivatives step by step,local
any delays on the expressway today asap,online
walk through integration by parts with numbers pls,local
Give me a quick rundown of the discovery of penicillin,local
is the flight delayed out of delhi due to fog,online
Ancient egyptian pyramid construction summary for history class briefly,local
is the earthquake near the coast still ongoing,online
Ok chain rule in calculus explained with an example problem,local
"Need this for an interview, important dates related to when the berlin wall fell pls",local
"fyi need to know, breaking news on the storm system offshore as of now",online
Why did the fall of the roman empire happen?,local
walk through law of sines with numbers,local
so crude oil price today's high and low tonight,online
"need this for an interview, practice problem using central limit theorem",local
tcs stock live chart movement,online
is the cyclone warning affecting traffic right now,online
quick check on usd to inr before i trade for real,online
"fyi need to know, will it rain in mumbai in the next few hours before my meeting",online
quick q - main causes and effects of the age of exploration key figures?,local
quick refresher on observer pattern before my exam,local
practice problem using law of sines,local
current valuation on gold rate,online
"i keep forgetting dynamic programming, break it down for me",local
"just checking, the euro cup semifinal highlights from tonight pls",online
ripple xrp price action this week so far asap,online
Ngl current air quality index in hyderabad as of now,online
quick one - the subway line conditions right now because of the storm asap,online
is the flight delayed out of london due to fog,online
"for class tomorrow, pros and cons of docker containers",local
"need this for an interview, quick refresher on polymorphism before my exam?",local
"Hey, tesla stock market cap right now at the moment",online
practice problem using convex optimization basics?,local
Who's leading in the ashes series currently,online
urgent - is the subway line flooded from the downpour right now in the last hour,online
ethereum today's high and low,online
nifty 50 market cap right now?,online
who won the t20 world cup game last night in the last hour,online
the treaty of versailles terms summary for history class thanks,local
"just checking, infosys shares price action this week so far",online
how to solve problems using standard deviation formula with an example,local
the decolonization of africa summary for history class for my notes,local
so what's going on with the heatwave alert at the moment before i head out,online
give me a quick rundown of the discovery of penicillin,local
latest on the power outage in the city in real time today,online
is the expressway closed due to the accident,online
"hey, permutations and combinations formula and when to use it — struggling with this",local
is the expressway closed due to the accident — need it fast,online
So timeline of the american civil war causes before my exam,local
Quick check on nvidia stock before i trade,online
crude oil price price right now,online
"hey, explain the american civil war causes in a short paragraph with an example",local
eur to usd market cap right now,online
matrix multiplication rules for my calculus homework briefly,local
"fyi need to know, live score for the asia cup final this morning",online
"need this for an interview, practice problem using hypothesis testing for my notes",local
the pythagorean theorem — proof and intuition,local
Event loop in node interview question breakdown,local
When should i pick polymorphism over test driven development,local
nvidia stock today's high and low,online
"Need this for an interview, fourier transform explained with an example problem",local
Ok textbook definition of dynamic programming with an example,local
"Just checking, current air quality index in hyderabad today",online
"fyi need to know, the champions league final result just now asap",online
"hey, window functions in sql — key points to remember for revision",local
message queues — key points to remember,local
"real talk, any updates on the cabinet reshuffle happening today rn",online
the t20 world cup game result just now before i head out,online
the pythagorean theorem explained with an example problem,local
urgent - the central bank's rate decision developments as of today for the group chat,online
the american civil war causes summary for history class,local
"for my homework, set theory basics explained with an example problem",local
ok so should i carry an umbrella in tokyo today for the group chat,online
give me a quick rundown of ancient egyptian pyramid construction,local
is the flight delayed out of mumbai due to fog before my meeting,online
"hey, how does event loop in node actually work under the hood",local
the india vs australia test highlights from tonight pls,online
"Hey, is it safe to drive in berlin with this storm just curious",online
Practice problem using correlation vs causation pls,local
Solana today's high and low rn,online
"for class tomorrow, real world use case for microservices architecture thanks",local
walk through limits and continuity with numbers,local
traffic status on the ring road this morning?,online
so the champions league final result just now as of now,online
"for class tomorrow, walk through partial derivatives with numbers for revision",local
quick one - apple stock live chart movement?,online
Ok so sensex rate as of this minute in the last hour,online
urgent - how humid is it in mumbai right now tonight,online
traffic status on the ring road this morning at the moment,online
urgent - silver rate today's high and low this morning,online
The storm system offshore status update please,online
"hey, the ipl match result just now for real",online
"just checking, should i carry an umbrella in hyderabad today",online
quick q - important dates related to the signing of the magna carta — struggling with this,local
quick one - traffic status on the flyover near the city center this morning before i head out,online
quick one - tcs stock price right now,online
"for my homework, main causes and effects of the periodic table history",local
ok so is the main train route closed due to the accident for real,online
is ripple xrp pumping or dumping today,online
Did the tech layoffs news get resolved yet,online
is there a heat advisory in mumbai today,online
Usd to inr price action this week so far,online
"abstract class vs interface, explain like i'm a beginner coder",local
"fyi need to know, is silver rate pumping or dumping today asap",online
"real talk, the s&p 500 live chart movement",online
did sensex go up or down this morning before my meeting,online
"hey, any delays on the highway today at the moment",online
how would you implement big O notation from scratch,local
ngl did gold rate go up or down this morning while i'm stuck in traffic,online
traffic status on the airport terminal this morning,online
the grand slam tennis match highlights from tonight,online
Urgent - is the harbor bridge open or blocked at the moment?,online
quick q - logarithm rules explained with an example problem — struggling with this,local
should i carry an umbrella in seoul today rn,online
how does monads in haskell actually work under the hood,local
ok so the covid case numbers — anything new in the last hour for real,online
Silver rate rate as of this minute,online
quick refresher on B-tree indexing before my exam,local
who's leading in the asia cup final currently,online
how bad is the cyclone warning right now,online
quick q - taylor series expansion for my calculus homework with an example,local
"just checking, is the ashes series still playing right now while i'm stuck in traffic",online
is the airport terminal flooded from the downpour right now in the last hour,online
quick one - how bad is the covid case numbers right now just curious,online
so the tech layoffs news developments as of today rn,online
"Hey, walk through fourier transform with numbers thanks",local
"for class tomorrow, markov chains for my calculus homework for my notes",local
compiler vs interpreter example in python please,local
"For my homework, correlation vs causation explained with an example problem",local
"just checking, should i carry an umbrella in san francisco today no cap",online
urgent - how bad is the earthquake near the coast right now pls,online
The french revolution timeline summary for history class,local
ok logarithm rules explained with an example problem in simple terms,local
"hey, eur to usd rate as of this minute just curious",online
Logarithm rules formula and when to use it in simple terms,local
CAP theorem example in python please for revision,local
ok so nifty 50 live chart movement while i'm stuck in traffic,online
so derive markov chains step by step with an example,local
"just checking, tesla stock rate as of this minute no cap",online
Solid overview of pointers vs references for revision briefly,local
ok so is the highway flooded from the downpour right now while i'm stuck in traffic,online
Quick one - who's leading in the premier league match currently right now,online
did infosys shares go up or down this morning,online
"fyi need to know, current valuation on tesla stock today",online
how to solve problems using hypothesis testing for my notes,local
"i keep forgetting operator overloading in c++, break it down for me",local
quick one - breaking news on the cyclone warning for real,online
Notes on load balancing for my assignment,local
eur to usd live chart movement,online
"Fyi need to know, is the storm system offshore affecting traffic right now",online
Urgent - how is solana trending today rn,online
Key figures involved in the ottoman empire decline,local
the printing press invention impact — what actually happened for revision,local
"fyi need to know, quick check on silver rate before i trade today",online
"for class tomorrow, bayes theorem formula and when to use it for my notes",local
the airline strike status update please,online
"fyi need to know, the flood situation downtown — anything new in the last hour pls",online
"fyi need to know, the supreme court verdict developments as of today for the group chat",online
when should i pick topological sort over normalization forms,local
Quick q - why did the decolonization of africa happen,local
"genuinely curious, background on the decolonization of africa for my essay pls",local
so standard deviation formula explained with an example problem,local
"urgent - just heard about the earthquake near the coast, what's the latest just curious",online
"need this for an interview, derive vector cross product step by step in simple terms",local
Ok so the cyclone warning developments as of today for real,online
What's going on with the heatwave alert at the moment,online
"Just checking, the power outage in the city — anything new in the last hour before i head out",online
"Fyi need to know, sensex rate as of this minute",online
Quick one - ethereum price action this week so far today,online
final score of the nba game,online
quick q - why did the wright brothers first flight happen for my notes,local
"Just checking, ethereum rate as of this minute currently",online
"real talk, will it rain in chicago in the next few hours for real",online
so normalization forms for dummies,local
Urgent - is the nba game still playing right now at the moment,online
"Deadlocks, explain like i'm a beginner coder",local
gold rate today's high and low,online
the la liga clasico score update please before my meeting,online
Why is eventual consistency used instead of foreign key constraints,local
ngl who's leading in the grand slam tennis match currently before i head out,online
"for class tomorrow, real world use case for heap data structure",local
"need this for an interview, the pythagorean theorem formula and when to use it before my exam",local
main causes and effects of the unification of germany,local
how bad is the wildfire in the hills right now,online
Who's leading in the t20 world cup game currently,online
Urgent - breaking news on the airline strike pls,online
The nba game highlights from tonight — need it fast,online
chain rule in calculus — proof and intuition,local
the discovery of penicillin — what actually happened briefly,local
"hey, how to solve problems using gradient descent math pls",local
important dates related to the age of exploration key figures,local
walk me through sharding step by step thanks,local
ngl traffic status on the harbor bridge this morning rn,online
"need this for an interview, practice problem using fourier transform — struggling with this",local
quick one - nvidia stock market cap right now tonight,online
textbook definition of singleton pattern,local
key figures involved in the wright brothers first flight before my exam,local
real world use case for publish subscribe pattern,local
final score of the asia cup final at the moment,online
ok so how humid is it in chennai right now for real,online
"just checking, the s&p 500 today's high and low — need it fast",online
Ok so the world cup qualifier score update please for real,online
live score for the euro cup semifinal today,online
"real talk, real time quote for nasdaq",online
quick one - what's going on with the supreme court verdict at the moment this evening,online
"for class tomorrow, notes on sliding window technique for my assignment pls",local
ngl is crude oil price pumping or dumping today for real,online
singleton pattern for dummies,local
ngl real time quote for sensex just curious,online
the partition of india — what actually happened,local
how to solve problems using standard deviation formula,local
"normalization in databases, explain like i'm a beginner coder",local
walk through the pythagorean theorem with numbers,local
practice problem using markov chains,local
Main causes and effects of when the berlin wall fell,local
ok explain the discovery of penicillin in a short paragraph,local
"real talk, real time quote for eur to usd today",online
ngl cardano market cap right now pls,online
ok the cold war origins summary for history class,local
silver rate today's high and low,online
how would you implement pointers vs references from scratch in simple terms,local
Ok timeline of the cold war origins?,local
so give me a quick rundown of the american civil war causes,local
ok so nasdaq rate as of this minute this morning,online
ok so bitcoin rate as of this minute pls,online
how would you implement git rebase vs merge from scratch with an example,local
derive linear regression math step by step,local
"hey, why did the age of exploration key figures happen with an example",local
tcs stock rate as of this minute,online
Summarize ACID properties in a few bullet points,local
how does monolith vs microservices actually work under the hood briefly,local
Urgent - any delays on the interstate today in the last hour,online
"Just checking, real time quote for dogecoin rn",online
Is the airline strike affecting traffic right now,online
quick one - crude oil price price right now just curious,online
derive limits and continuity step by step,local
Tail recursion tutorial with code,local
so nasdaq price action this week so far this morning,online
"hey, is there a heat advisory in singapore today currently",online
why did the fall of the roman empire happen with an example,local
"just checking, real time quote for apple stock no cap",online
when should i pick unit testing vs integration testing over denormalization,local
"for class tomorrow, explain the silk road trade routes in a short paragraph?",local
how is ripple xrp trending today — need it fast,online
ok so is the main train route flooded from the downpour right now no cap,online
"just checking, breaking news on the earthquake near the coast at the moment",online
ok so should i carry an umbrella in london today before i head out,online
urgent - is it safe to drive in chicago with this storm rn,online
"i keep forgetting microservices architecture, break it down for me",local
did cardano go up or down this morning,online
explain the theory of evolution basics in a short paragraph,local
ngl quick check on nasdaq before i trade for the group chat,online
How to solve problems using partial derivatives,local
quick q - derive matrix multiplication rules step by step in simple terms,local
"hey, timeline of the cold war origins?",local
main causes and effects of the theory of evolution basics,local
compare test driven development and polymorphism in one paragraph,local
should i carry an umbrella in tokyo today,online
so hash map for dummies before my exam,local
"For my homework, notes on message queues for my assignment before my exam",local
explain the boston tea party in a short paragraph for my notes,local
so explain static vs dynamic typing with a simple example pls,local
"genuinely curious, the fall of the roman empire summary for history class?",local
eigenvalues and eigenvectors for my calculus homework for my notes,local
is there a flood alert for downtown right now,online
"genuinely curious, important dates related to the treaty of versailles terms before my exam",local
the s&p 500 price right now — need it fast,online
"Hey, background on the treaty of versailles terms for my essay in simple terms",local
quick q - partial derivatives — proof and intuition — struggling with this,local
"need this for an interview, important dates related to ancient egyptian pyramid construction",local
"just checking, is the highway open or blocked at the moment this morning",online
"need this for an interview, markov chains formula and when to use it for my notes",local
Is bitcoin pumping or dumping today,online
"Just checking, the s&p 500 rate as of this minute today",online
Quick q - the fall of the roman empire summary for history class,local
real world use case for monads in haskell,local
give me a quick rundown of the partition of india briefly,local
"Just checking, traffic status on the metro line this morning this morning",online
Ok so is ripple xrp pumping or dumping today asap,online
When should i pick lambda expressions over observer pattern,local
"hey, compare compiler vs interpreter and observer pattern in one paragraph for my notes",local
"for my homework, i don't get garbage collection, someone explain for my notes",local
"Fyi need to know, is the highway closed due to the accident for real",online
pros and cons of trie data structure in simple terms,local
"real talk, the highway conditions right now because of the storm tonight",online
the border tensions status update please,online
"hey, polymorphism for dummies pls",local
so the interstate conditions right now because of the storm — need it fast,online
derive logarithm rules step by step with an example,local
"Genuinely curious, the decolonization of africa — what actually happened thanks",local
ok so how humid is it in pune right now just curious,online
"for class tomorrow, real world use case for CAP theorem before my exam",local
"real talk, the champions league final result just now",online
Quick refresher on monads in haskell before my exam,local
solid overview of caching strategies for revision with an example,local
practice problem using convex optimization basics,local
"hey, crude oil price price right now just curious",online
"I keep forgetting race conditions, break it down for me",local
So dow jones today's high and low for the group chat,online
Latest on the cabinet reshuffle in real time,online
quick q - why is bit manipulation tricks used instead of SOLID principles for my notes,local
how does static vs dynamic typing actually work under the hood,local
urgent - the heatwave alert developments as of today,online
Dow jones price action this week so far,online
real world use case for tail recursion,local
backtracking algorithms tutorial with code,local
live score for the grand slam tennis match — need it fast,online
"genuinely curious, main causes and effects of the age of exploration key figures",local
"hey, the french revolution timeline — what actually happened in simple terms",local
"Fyi need to know, what's going on with the flood situation downtown at the moment as of now",online
The wright brothers first flight summary for history class,local
"Fyi need to know, is the ashes series still playing right now",online
ok so usd to inr today's high and low tonight,online
Important dates related to the french revolution timeline,local
"hey, quick check on cardano before i trade while i'm stuck in traffic",online
what's the queue like at the airport security right now,online
"denormalization, explain like i'm a beginner coder with an example",local
why did the decolonization of africa happen,local
background on the industrial revolution key inventions for my essay,local
Quick check on tesla stock before i trade,online
ok so what's going on with the storm system offshore at the moment before my meeting,online
"for my homework, i keep forgetting quick sort, break it down for me before my exam",local
vector cross product explained with an example problem,local
"just checking, the premier league match score update please as of now",online
Give me a quick rundown of the age of exploration key figures,local
the world cup qualifier score update please,online
why is docker containers used instead of B-tree indexing,local
why did the moon landing mission details happen with an example,local
ok so the euro cup semifinal score update please,online
"Fyi need to know, is there a heat advisory in chicago today?",online
did the border tensions get resolved yet tonight,online
Notes on ci cd pipeline basics for my assignment,local
"hey, notes on immutability in functional programming for my assignment?",local
ngl current valuation on the s&p 500 at the moment,online
compare pointers vs references and graph traversal in one paragraph,local
is it safe to drive in bangalore with this storm,online
Quick refresher on binary search tree before my exam,local
how would you implement caching strategies from scratch,local
"genuinely curious, walk through matrix multiplication rules with numbers thanks",local
"hey, taylor series expansion for my calculus homework — struggling with this",local
"fyi need to know, is reliance shares pumping or dumping today just curious",online
is the highway flooded from the downpour right now,online
stack vs heap memory cheat sheet,local
quick one - real time quote for gold rate right now,online
"genuinely curious, notes on sliding window technique for my assignment pls",local
"Hey, current congestion level on the flyover near the city center pls",online
Urgent - is the airport terminal flooded from the downpour right now for real,online
"need this for an interview, pros and cons of recursion for my notes",local
"genuinely curious, fourier transform explained with an example problem",local
notes on map reduce filter functions for my assignment,local
solid overview of caching strategies for revision,local
"for my homework, give me a quick rundown of the french revolution timeline in simple terms",local
timeline of the treaty of versailles terms,local
"Genuinely curious, difference between sliding window technique and two pointer technique before my exam",local
Is the ring road closed due to the accident,online
urgent - is the harbor bridge flooded from the downpour right now tonight,online
"just checking, current air quality index in hyderabad tonight",online
did reliance shares go up or down this morning just curious,online
How does generics in java actually work under the hood with an example,local
Difference between sharding and deadlocks,local
"for class tomorrow, how to solve problems using chain rule in calculus briefly",local
So how is silver rate trending today,online
Important dates related to ancient egyptian pyramid construction thanks,local
The flyover near the city center conditions right now because of the storm,online
"Fyi need to know, is the subway line flooded from the downpour right now tonight",online
compare inheritance vs composition and deadlocks in one paragraph before my exam,local
current valuation on cardano,online
The airline strike developments as of today,online
quadratic formula explained with an example problem,local
Textbook definition of load balancing,local
So law of cosines explained with an example problem,local
Did ripple xrp go up or down this morning,online
"for my homework, topological sort for dummies in simple terms",local
so central limit theorem explained with an example problem,local
ngl traffic status on the airport terminal this morning this morning,online
"hey, why did the printing press invention impact happen",local
solid overview of SOLID principles for revision in simple terms,local
"hey, the interstate conditions right now because of the storm rn",online
Quick q - derive matrix multiplication rules step by step — struggling with this,local
important dates related to the ottoman empire decline for revision,local
current congestion level on the metro line today,online
"Fyi need to know, nasdaq price right now",online
"real talk, the euro cup semifinal highlights from tonight for real",online
quick one - latest on the supreme court verdict in real time this evening,online
pros and cons of heap data structure,local
so main causes and effects of the partition of india before my exam,local
live score for the premier league match right now,online
final score of the f1 race as of now,online
So is the subway line flooded from the downpour right now for the group chat,online
will it rain in hyderabad in the next few hours,online
the silk road trade routes — what actually happened,local
"Just heard about the heatwave alert, what's the latest",online
Background on the american civil war causes for my essay,local
urgent - who won the asia cup final last night asap,online
"Genuinely curious, how does regular expressions actually work under the hood",local
real time quote for crude oil price,online
So nasdaq price right now for real,online
"hey, summarize observer pattern in a few bullet points briefly",local
difference between SOLID principles and load balancing for revision,local
"genuinely curious, solid overview of regular expressions for revision with an example",local
"just checking, live score for the premier league match currently",online
ngl any delays on the interstate today,online
so did eur to usd go up or down this morning?,online
summarize caching strategies in a few bullet points,local
"Just heard about the trade deal talks, what's the latest as of now",online
main causes and effects of the mughal empire timeline,local
key figures involved in the great depression causes briefly,local
ok practice problem using correlation vs causation,local
"real talk, is silver rate pumping or dumping today pls",online
The expressway conditions right now because of the storm,online
Did the s&p 500 go up or down this morning tonight,online
"for class tomorrow, key figures involved in the signing of the magna carta",local
Current valuation on silver rate before my meeting,online
practice problem using bayes theorem,local
so is the interstate closed due to the accident as of now,online
"just checking, the metro line conditions right now because of the storm rn",online
"just checking, ripple xrp price right now for real",online
"just checking, final score of the ashes series for real",online
is tesla stock pumping or dumping today,online
"for my homework, key figures involved in the wright brothers first flight in simple terms",local
timeline of the theory of evolution basics,local
so mutex vs semaphore for dummies pls,local
probability distributions for my calculus homework pls,local
quick one - did usd to inr go up or down this morning tonight,online
ngl is it safe to drive in bangalore with this storm right now,online
what's going on with the flood situation downtown at the moment today,online
Any updates on the flood situation downtown happening today,online
Summarize trie data structure in a few bullet points,local
how does window functions in sql actually work under the hood in simple terms,local
"Need this for an interview, the unification of germany — what actually happened for my notes",local
"genuinely curious, why did the discovery of penicillin happen for my notes",local
Timeline of when the berlin wall fell,local
"hey, the champions league final score update please this morning",online
"for my homework, timeline of the mughal empire timeline with an example",local
so the grand slam tennis match score update please while i'm stuck in traffic,online
"Just checking, final score of the wimbledon final for real",online
Ok so the ufc fight card score update please in the last hour,online
"for class tomorrow, background on the silk road trade routes for my essay in simple terms",local
"fyi need to know, the asia cup final score update please as of now",online
"just checking, real time quote for infosys shares right now",online
is the covid case count rising this week,online
ngl the la liga clasico score update please,online
will it rain in chennai in the next few hours no cap,online
"genuinely curious, the industrial revolution key inventions — what actually happened — struggling with this",local
"for class tomorrow, i don't get subqueries in sql, someone explain briefly",local
Important dates related to the silk road trade routes,local
so nvidia stock price action this week so far right now,online
is the ring road open or blocked at the moment before i head out,online
walk me through hash map step by step — struggling with this,local
is the s&p 500 pumping or dumping today,online
live score for the grand slam tennis match,online
so traffic status on the flyover near the city center this morning while i'm stuck in traffic,online
Ngl the champions league final score update please,online
so the grand slam tennis match score update please asap,online
nifty 50 today's high and low,online
Timeline of the great depression causes,local
walk me through operator overloading in c++ step by step for my notes,local
Quick q - monolith vs microservices cheat sheet thanks,local
"Hey, how is gold rate trending today this morning",online
summarize hash map in a few bullet points,local
"for my homework, the causes of world war 1 summary for history class",local
Will it rain in berlin in the next few hours,online
Why is caching strategies used instead of trie data structure,local
"need this for an interview, bayes theorem — proof and intuition before my exam",local
Urgent - quick check on ripple xrp before i trade today,online
ok set theory basics for my calculus homework thanks,local
The world cup qualifier highlights from tonight,online
"genuinely curious, immutability in functional programming, explain like i'm a beginner coder",local
"need this for an interview, pros and cons of TCP vs UDP with an example",local
Compare mutex vs semaphore and quick sort in one paragraph,local
timeline of the great depression causes,local
"Genuinely curious, backtracking algorithms cheat sheet",local
"real talk, is there a heat advisory in sydney today this evening",online
any updates on the flood situation downtown happening today,online
the fall of the roman empire summary for history class,local
Is the la liga clasico still playing right now,online
Partial derivatives explained with an example problem,local
is the storm system offshore still ongoing tonight,online
ok law of cosines formula and when to use it,local
so how to solve problems using correlation vs causation?,local
"need this for an interview, taylor series expansion — proof and intuition before my exam",local
ngl how bad is the central bank's rate decision right now right now,online
The asia cup final highlights from tonight,online
"genuinely curious, i keep forgetting sharding, break it down for me",local
who won the wimbledon final last night as of now,online
nvidia stock rate as of this minute rn,online
current air quality index in sydney,online
"For my homework, practice problem using eigenvalues and eigenvectors for revision",local
how to solve problems using set theory basics — struggling with this,local
breaking news on the storm system offshore,online
map reduce filter functions cheat sheet — struggling with this,local
compare dijkstra's algorithm and eventual consistency in one paragraph with an example,local
"genuinely curious, give me a quick rundown of the decolonization of africa thanks",local
"genuinely curious, summarize multithreading in java in a few bullet points thanks",local
ngl should i carry an umbrella in kolkata today before my meeting,online
The american civil war causes summary for history class,local
the asia cup final highlights from tonight for the group chat,online
Practice problem using hypothesis testing briefly,local
so important dates related to the partition of india for my notes,local
urgent - the central bank's rate decision developments as of today asap,online
ok practice problem using linear regression math — struggling with this,local
quick refresher on ci cd pipeline basics before my exam,local
asynchronous programming cheat sheet,local
why is race conditions used instead of operator overloading in c++ for revision,local
why did the moon landing mission details happen,local
"for class tomorrow, law of cosines explained with an example problem before my exam",local
"for my homework, the industrial revolution key inventions — what actually happened pls",local
ok the mughal empire timeline — what actually happened thanks,local
laplace transform formula and when to use it?,local
ngl the nba game score update please just curious,online
"For class tomorrow, main causes and effects of the silk road trade routes with an example",local
why did the printing press invention impact happen,local
"real talk, is the main train route flooded from the downpour right now",online
ok solid overview of garbage collection for revision for my notes,local
background on the theory of evolution basics for my essay?,local
Is the metro line flooded from the downpour right now,online
so who won the la liga clasico last night before i head out,online
latest on the vaccine rollout progress in real time this morning,online
sliding window technique vs denormalization which is better and when before my exam,local
Race conditions for dummies,local
convex optimization basics — proof and intuition,local
"Real talk, is the ceasefire negotiations still ongoing tonight",online
"hey, the ashes series highlights from tonight for the group chat",online
real world use case for quick sort for revision,local
quick q - main causes and effects of the causes of world war 1 with an example,local
Ok notes on unit testing vs integration testing for my assignment?,local
"Genuinely curious, why did the ottoman empire decline happen pls",local
"need this for an interview, walk through bayes theorem with numbers",local
Greedy algorithms cheat sheet,local
the t20 world cup game score update please,online
derive integration by parts step by step,local
"For my homework, load balancing example in python please?",local
quick q - law of cosines for my calculus homework?,local
the premier league match result just now right now,online
Ok central limit theorem formula and when to use it thanks,local
compare event loop in node and message queues in one paragraph,local
compare garbage collection and window functions in sql in one paragraph,local
"need this for an interview, important dates related to the great depression causes",local
The protest downtown — anything new in the last hour,online
"fyi need to know, any updates on the airline strike happening today pls",online
"need this for an interview, the cold war origins — what actually happened in simple terms",local
"hey, is it safe to drive in sydney with this storm?",online
quick one - is the central bank's rate decision affecting traffic right now,online
"for class tomorrow, explain the fall of the roman empire in a short paragraph",local
"hey, how to solve problems using gradient descent math for my notes",local
ngl the euro cup semifinal highlights from tonight this morning,online
real world use case for normalization forms,local
the india vs australia test highlights from tonight this morning,online
ok so did tesla stock go up or down this morning today,online
the india vs australia test result just now,online
the cold war origins — what actually happened,local
"just checking, cardano market cap right now",online
Final score of the grand slam tennis match,online
solid overview of kubernetes pods for revision before my exam,local
the wildfire in the hills status update please,online
"For my homework, walk through gradient descent math with numbers?",local
"Hey, walk through law of cosines with numbers",local
urgent - the ring road conditions right now because of the storm right now,online
How is dow jones trending today at the moment,online
give me a quick rundown of the mughal empire timeline,local
traffic status on the flyover near the city center this morning,online
how would you implement version control branching from scratch,local
"just checking, the grand slam tennis match result just now",online
"Hey, is the border tensions still ongoing this morning",online
the nba game result just now pls,online
ngl live score for the ufc fight card for the group chat,online
"need this for an interview, why did the great depression causes happen — struggling with this",local
"fyi need to know, usd to inr today's high and low asap",online
how would you implement polymorphism from scratch,local
"fyi need to know, the toll plaza conditions right now because of the storm for real",online
"hey, textbook definition of REST vs GraphQL for revision",local
ngl how humid is it in london right now today,online
"just checking, gold rate price right now for real",online
quick one - live score for the t20 world cup game?,online
quick q - pros and cons of big O notation,local
quick one - is the ceasefire negotiations still ongoing before my meeting,online
the parliament session today — anything new in the last hour asap,online
so the grand slam tennis match highlights from tonight,online
so the ring road conditions right now because of the storm today,online
"for my homework, quick refresher on dynamic programming before my exam",local
real world use case for operator overloading in c++,local
Important dates related to the cold war origins before my exam,local
vector cross product explained with an example problem thanks,local
so the t20 world cup game highlights from tonight — need it fast,online
the asia cup final score update please right now,online
background on ancient egyptian pyramid construction for my essay,local
Markov chains formula and when to use it for my notes,local
So is the ipl match still playing right now as of now,online
"genuinely curious, the unification of germany — what actually happened",local
how does sharding actually work under the hood,local
summarize merge sort in a few bullet points for my notes,local
"for class tomorrow, the french revolution timeline — what actually happened briefly",local
is the wimbledon final still playing right now,online
"for class tomorrow, notes on thread pools for my assignment briefly",local
ok so did nifty 50 go up or down this morning before my meeting,online
so the partition of india — what actually happened for revision,local
ok so is the earthquake near the coast still ongoing right now,online
"hey, the ufc fight card score update please as of now",online
difference between lambda expressions and backtracking algorithms,local
"For my homework, the discovery of penicillin — what actually happened — struggling with this",local
"for class tomorrow, why did the decolonization of africa happen?",local
Final score of the ashes series,online
Partial derivatives explained with an example problem before my exam,local
how would you implement TCP vs UDP from scratch,local
the websocket connection keeps dropping after a few seconds,local
"for class tomorrow, walk through taylor series expansion with numbers thanks",local
Walk through vector cross product with numbers,local
quick refresher on tail recursion before my exam,local
"real talk, any updates on the ceasefire negotiations happening today pls",online
Current congestion level on the toll plaza for the group chat,online
eigenvalues and eigenvectors for my calculus homework with an example,local
Background on the ottoman empire decline for my essay,local
urgent - is the highway closed due to the accident?,online
urgent - the airline strike status update please currently,online
"i keep forgetting normalization forms, break it down for me",local
is the airport terminal closed due to the accident,online
so monolith vs microservices — key points to remember briefly,local
How is tesla stock trending today before i head out,online
Important dates related to the cold war origins,local
"genuinely curious, static vs dynamic typing example in python please",local
urgent - live score for the world cup qualifier?,online
Latest on the power outage in the city in real time at the moment,online
"For class tomorrow, correlation vs causation for my calculus homework for revision",local
the wildfire in the hills status update please?,online
Quick q - important dates related to the great depression causes — struggling with this,local
"need this for an interview, practice problem using matrix multiplication rules — struggling with this",local
"just checking, how is nasdaq trending today for the group chat",online
"fyi need to know, current congestion level on the ring road",online
who won the nba game last night,online
"hey, taylor series expansion explained with an example problem in simple terms",local
So timeline of the great depression causes,local
"fyi need to know, the tech layoffs news status update please for real",online
"Hey, how to solve problems using markov chains with an example",local
"for my homework, correlation vs causation — proof and intuition for my notes",local
urgent - sensex rate as of this minute no cap,online
background on the discovery of penicillin for my essay,local
"real talk, live score for the world cup qualifier for real",online
Is the airport terminal closed due to the accident,online
ok so is silver rate pumping or dumping today this morning,online
Important dates related to the decolonization of africa,local
Ngl the ipl match result just now at the moment,online
Is the flyover near the city center flooded from the downpour right now,online
how would you implement observer pattern from scratch thanks,local
ngl is the highway open or blocked at the moment currently,online
The flyover near the city center conditions right now because of the storm asap,online
the expressway conditions right now because of the storm?,online
"Just checking, is sensex pumping or dumping today for the group chat",online
ngl current congestion level on the harbor bridge rn,online
current air quality index in mumbai before my meeting,online
the asia cup final result just now,online
quick q - how to solve problems using derivative of a function,local
urgent - is the ring road closed due to the accident,online
ngl the india vs australia test result just now before i head out,online
quick q - the periodic table history summary for history class with an example,local
nasdaq live chart movement,online
ok walk through probability distributions with numbers?,local
main causes and effects of the causes of world war 1,local
"for my homework, law of sines for my calculus homework",local
The ashes series result just now,online
quick q - operator overloading in c++ cheat sheet before my exam,local
"just checking, real time quote for cardano?",online
observer pattern for dummies,local
the ipl match score update please this evening,online
"real talk, the s&p 500 market cap right now while i'm stuck in traffic",online
so key figures involved in the industrial revolution key inventions thanks,local
Any delays on the metro line today,online
notes on REST vs GraphQL for my assignment,local
How would you implement mutex vs semaphore from scratch,local
compare multithreading in java and load balancing in one paragraph,local
How to solve problems using derivative of a function briefly,local
Is the harbor bridge flooded from the downpour right now today,online
standard deviation formula formula and when to use it with an example,local
real time quote for cardano,online
"i keep forgetting multithreading in java, break it down for me briefly",local
"hey, current congestion level on the main train route",online
main causes and effects of the decolonization of africa,local
"for class tomorrow, quadratic formula formula and when to use it — struggling with this",local
practice problem using eigenvalues and eigenvectors,local
"Real talk, traffic status on the harbor bridge this morning in the last hour",online
live score for the asia cup final,online
So the ipl match result just now before i head out,online
central limit theorem formula and when to use it with an example,local
background on the ottoman empire decline for my essay briefly,local
"hey, the partition of india — what actually happened",local
So who's leading in the t20 world cup game currently this morning,online
ok so is it safe to drive in hyderabad with this storm in the last hour,online
"Fyi need to know, the s&p 500 rate as of this minute in the last hour",online
how to solve problems using gradient descent math?,local
current congestion level on the harbor bridge,online
ok so real time quote for nvidia stock before i head out,online
"for class tomorrow, give me a quick rundown of the periodic table history in simple terms",local
Is the flight delayed out of bangalore due to fog today,online
who's leading in the nba game currently today,online
textbook definition of graph traversal,local
quick one - will it rain in new york in the next few hours,online
current air quality index in mumbai,online
what's going on with the trade deal talks at the moment,online
"genuinely curious, why did the american civil war causes happen in simple terms",local
"for my homework, real world use case for sharding for my notes",local
cardano price right now,online
"Just checking, sensex price action this week so far",online
urgent - should i carry an umbrella in hyderabad today right now,online
Breaking news on the trade deal talks,online
ok derive gradient descent math step by step thanks,local
"Genuinely curious, walk me through big O notation step by step briefly",local
so derive permutations and combinations step by step before my exam,local
the unification of germany summary for history class,local
"Hey, explain asynchronous programming with a simple example before my exam",local
ok so did ethereum go up or down this morning,online
textbook definition of mutex vs semaphore,local
"Hey, nifty 50 price right now as of now",online
ngl is usd to inr pumping or dumping today today,online
django migration fails with column already exists error,local
how to solve problems using set theory basics,local
so is the subway line flooded from the downpour right now tonight,online
Crude oil price live chart movement,online
"fyi need to know, is the airline strike still ongoing this evening",online
"for class tomorrow, give me a quick rundown of the french revolution timeline for my notes",local
ok walk through law of cosines with numbers briefly,local
"genuinely curious, main causes and effects of the treaty of versailles terms",local
"real talk, who won the asia cup final last night tonight",online
ok so silver rate live chart movement tonight,online
urgent - did silver rate go up or down this morning for the group chat,online
summarize primary key vs unique key in a few bullet points,local
so important dates related to when the berlin wall fell before my exam,local
quick one - reliance shares price action this week so far,online
CAP theorem for dummies,local
is the main train route open or blocked at the moment asap,online
urgent - who won the t20 world cup game last night while i'm stuck in traffic,online
set theory basics — proof and intuition,local
background on the moon landing mission details for my essay with an example,local
Why did the industrial revolution key inventions happen,local
Quick one - nifty 50 today's high and low this morning,online
Main causes and effects of the causes of world war 1,local
"genuinely curious, the theory of evolution basics summary for history class",local
"for class tomorrow, binary search tree example in python please in simple terms",local
so the grand slam tennis match score update please no cap,online
ok so who won the euro cup semifinal last night today,online
so key figures involved in the moon landing mission details before my exam,local
is the flight delayed out of chicago due to fog,online
Explain the russian revolution 1917 in a short paragraph,local
"real talk, reliance shares live chart movement",online
"hey, ci cd pipeline basics vs deadlocks which is better and when briefly",local
"Real talk, is the flyover near the city center open or blocked at the moment today",online
"for class tomorrow, compare microservices architecture and stack vs heap memory in one paragraph",local
"real talk, the t20 world cup game result just now tonight",online
Ok the great depression causes — what actually happened,local
is the interstate open or blocked at the moment asap,online
who won the ashes series last night just curious,online
"fyi need to know, the premier league match highlights from tonight",online
Logarithm rules explained with an example problem,local
did the finals get postponed because of rain,online
"fyi need to know, did the covid case numbers get resolved yet before my meeting",online
ok walk me through abstract class vs interface step by step before my exam,local
"hey, gradient descent math explained with an example problem",local
Ok main causes and effects of when the berlin wall fell?,local
so is the subway line closed due to the accident for real,online
gradient descent math formula and when to use it for revision,local
ngl who's leading in the asia cup final currently before i head out,online
why is multithreading in java used instead of merge sort,local
Quick q - important dates related to the wright brothers first flight with an example,local
So how to solve problems using matrix multiplication rules thanks,local
"hey, any updates on the airline strike happening today",online
Correlation vs causation formula and when to use it,local
Ngl final score of the champions league final right now,online
current air quality index in mumbai for the group chat,online
Correlation vs causation explained with an example problem,local
quick q - correlation vs causation for my calculus homework pls,local
quick q - practice problem using permutations and combinations?,local
Timeline of the silk road trade routes,local
walk me through message queues step by step with an example,local
"Hey, is usd to inr pumping or dumping today?",online
urgent - will it rain in delhi in the next few hours today,online
ngl current valuation on nasdaq pls,online
"need this for an interview, garbage collection example in python please?",local
"genuinely curious, give me a quick rundown of the american civil war causes thanks",local
"genuinely curious, background on the age of exploration key figures for my essay",local
what's the syntax for a python dictionary comprehension,local
"just checking, what's going on with the covid case numbers at the moment",online
Is usd to inr pumping or dumping today,online
what's the difference between a compiler and an assembler,local
the pythagorean theorem for my calculus homework for my notes,local
Matrix multiplication rules — proof and intuition,local
Who won the la liga clasico last night,online
Set theory basics — proof and intuition,local
is infosys shares pumping or dumping today asap,online
"for my homework, notes on monolith vs microservices for my assignment before my exam",local
"need this for an interview, timeline of the wright brothers first flight?",local
final score of the euro cup semifinal in the last hour,online
ok set theory basics formula and when to use it — struggling with this,local
quick q - main causes and effects of the mughal empire timeline thanks,local
"just checking, reliance shares market cap right now in the last hour",online
"for my homework, important dates related to the boston tea party thanks",local
"real talk, did sensex go up or down this morning asap",online
Derive linear regression math step by step,local
"hey, is the f1 race still playing right now",online
Ok so is there a heat advisory in new york today for the group chat,online
timeline of the mughal empire timeline,local
why is caching strategies used instead of backtracking algorithms,local
"For my homework, key figures involved in the decolonization of africa for my notes",local
"hey, is bitcoin pumping or dumping today",online
"For class tomorrow, why did the mughal empire timeline happen briefly",local
is the ring road open or blocked at the moment,online
quick refresher on multithreading in java before my exam pls,local
ok solid overview of process vs thread for revision with an example,local
foreign key constraints — key points to remember,local
live score for the la liga clasico just curious,online
so solid overview of monads in haskell for revision,local
"i keep forgetting connection pooling, break it down for me",local
Final score of the wimbledon final,online
quick one - nifty 50 rate as of this minute this evening,online
the french revolution timeline — what actually happened before my exam,local
"just checking, latest on the storm system offshore in real time just curious",online
Traffic status on the harbor bridge this morning before i head out,online
how to solve problems using integration by parts — struggling with this,local
"for my homework, give me a quick rundown of the industrial revolution key inventions thanks",local
Partial derivatives formula and when to use it,local
so explain the silk road trade routes in a short paragraph,local
quick one - will it rain in berlin in the next few hours — need it fast,online
"i don't get abstract class vs interface, someone explain",local
"genuinely curious, real world use case for docker containers before my exam",local
"real talk, any delays on the metro line today?",online
"just heard about the vaccine rollout progress, what's the latest",online
tcs stock market cap right now,online
notes on dijkstra's algorithm for my assignment,local
breaking news on the trade deal talks,online
traffic status on the main train route this morning before my meeting,online
current air quality index in kolkata,online
key figures involved in the great depression causes,local
quick q - laplace transform formula and when to use it thanks,local
"Real talk, how humid is it in tokyo right now at the moment",online
"Hey, quick check on crude oil price before i trade",online
is nvidia stock pumping or dumping today,online
"fyi need to know, the champions league final result just now?",online
So the central bank's rate decision developments as of today,online
"just checking, the toll plaza conditions right now because of the storm",online
"for my homework, derive chain rule in calculus step by step briefly",local
"genuinely curious, normalization in databases for dummies",local
ok give me a quick rundown of the ottoman empire decline before my exam,local
"i don't get sharding, someone explain",local
Give me a quick rundown of the theory of evolution basics briefly,local
summarize lambda expressions in a few bullet points,local
"for my homework, bayes theorem — proof and intuition briefly",local
Who won the ipl match last night,online
did dow jones go up or down this morning,online
"genuinely curious, backtracking algorithms tutorial with code with an example",local
bitcoin price right now in the last hour,online
"Real talk, current congestion level on the interstate this morning",online
final score of the wimbledon final,online
Quick one - who's leading in the grand slam tennis match currently,online
"need this for an interview, explain trie data structure with a simple example pls",local
quick one - current valuation on solana tonight,online
"real talk, the wimbledon final score update please rn",online
"just checking, sensex live chart movement before my meeting",online
"genuinely curious, give me a quick rundown of the moon landing mission details",local
pointers vs references — key points to remember,local
Did tesla stock go up or down this morning,online
So real time quote for tesla stock before my meeting,online
so lambda expressions cheat sheet for revision,local
"Hey, kubernetes pods, explain like i'm a beginner coder for my notes",local
real world use case for dynamic programming,local
the india vs australia test score update please,online
the unit test passes locally but fails in the ci pipeline,local
Quick q - derive derivative of a function step by step,local
urgent - solana price action this week so far pls,online
ok so the storm system offshore — anything new in the last hour this evening,online
"for class tomorrow, quick refresher on regular expressions before my exam in simple terms",local
"just checking, the highway conditions right now because of the storm — need it fast",online
Main causes and effects of the renaissance key artists with an example,local
how to solve problems using laplace transform,local
Current congestion level on the expressway,online
generics in java interview question breakdown thanks,local
So the f1 race score update please before my meeting,online
"for class tomorrow, the decolonization of africa summary for history class",local
"Hey, set theory basics formula and when to use it pls",local
"just checking, who won the india vs australia test last night as of now",online
difference between eventual consistency and stack vs heap memory briefly,local
cardano live chart movement before my meeting,online
"Fyi need to know, is the f1 race still playing right now right now",online
quick q - give me a quick rundown of the renaissance key artists with an example,local
Quick one - how is crude oil price trending today,online
Ancient egyptian pyramid construction — what actually happened?,local
"i keep forgetting process vs thread, break it down for me",local
"For my homework, observer pattern cheat sheet in simple terms",local
summarize quick sort in a few bullet points,local
Give me a quick rundown of the theory of evolution basics,local
breaking news on the parliament session today,online
"fyi need to know, is the supreme court verdict still ongoing no cap",online
pros and cons of normalization in databases,local
"for class tomorrow, timeline of the theory of evolution basics with an example",local
"i keep forgetting immutability in functional programming, break it down for me",local
"need this for an interview, walk me through unit testing vs integration testing step by step for revision",local
pros and cons of denormalization,local
difference between joins in sql and sliding window technique,local
"hey, what's going on with the storm system offshore at the moment tonight",online
"fyi need to know, traffic status on the airport terminal this morning no cap",online
who won the f1 race last night,online
infosys shares today's high and low,online
"real talk, apple stock today's high and low this evening",online
explain the unification of germany in a short paragraph,local
summarize asynchronous programming in a few bullet points,local
so the grand slam tennis match score update please for real,online
compare sharding and merge sort in one paragraph,local
"Real talk, the la liga clasico highlights from tonight for the group chat",online
quick check on silver rate before i trade — need it fast,online
urgent - any updates on the protest downtown happening today,online
"just checking, who's leading in the nba game currently for the group chat",online
what happens during tcp three way handshake,local
"just checking, how bad is the flood situation downtown right now this evening",online
"For class tomorrow, why did the treaty of versailles terms happen for revision",local
"real talk, the t20 world cup game score update please",online
how long is the toll plaza queue right now,online
The premier league match highlights from tonight,online
quick one - final score of the champions league final while i'm stuck in traffic,online
ngl is the election results affecting traffic right now?,online
So how is sensex trending today,online
"Hey, the earthquake near the coast status update please right now",online
notes on primary key vs unique key for my assignment,local
notes on sharding for my assignment,local
the nba game result just now no cap,online
quick one - the ring road conditions right now because of the storm this evening,online
"fyi need to know, how bad is the storm system offshore right now no cap",online
is the world cup qualifier still playing right now before my meeting,online
eur to usd price right now currently,online
so background on the cold war origins for my essay in simple terms,local
so how would you implement linked list from scratch?,local
ngl any delays on the metro line today asap,online
real time quote for solana,online
So linear regression math for my calculus homework before my exam,local
"Hey, the storm system offshore — anything new in the last hour rn",online
any updates on the trade deal talks happening today,online
Quick one - quick check on gold rate before i trade at the moment,online
any delays on the main train route today,online
"For my homework, real world use case for observer pattern",local
"Real talk, is the cabinet reshuffle still ongoing while i'm stuck in traffic",online
practice problem using vector cross product with an example,local
urgent - the euro cup semifinal score update please before i head out,online
notes on quick sort for my assignment,local
timeline of the ottoman empire decline,local
"hey, did cardano go up or down this morning currently",online
how to solve problems using taylor series expansion for my notes,local
Traffic status on the ring road this morning,online
Is the expressway open or blocked at the moment,online
Who won the wimbledon final last night before my meeting,online
normalization in databases example in python please with an example,local
Walk through correlation vs causation with numbers,local
Is the t20 world cup game still playing right now pls,online
"fyi need to know, is the flyover near the city center flooded from the downpour right now this morning",online
"fyi need to know, what's going on with the cabinet reshuffle at the moment just curious",online
"for class tomorrow, kubernetes pods interview question breakdown in simple terms",local
"For my homework, summarize greedy algorithms in a few bullet points in simple terms",local
so the wimbledon final highlights from tonight before my meeting,online
when the berlin wall fell — what actually happened,local
quick one - quick check on eur to usd before i trade right now,online
Ok so how is tesla stock trending today — need it fast,online
how would you implement stack vs heap memory from scratch,local
So summarize backtracking algorithms in a few bullet points,local
"hey, summarize ACID properties in a few bullet points thanks",local
Infosys shares rate as of this minute for real,online
how to solve problems using law of sines briefly,local
how is reliance shares trending today,online
Walk through bayes theorem with numbers,local
solid overview of connection pooling for revision before my exam,local
timeline of the printing press invention impact,local
the great depression causes summary for history class — struggling with this,local
urgent - the ufc fight card result just now just curious,online
how to solve problems using gradient descent math,local
"need this for an interview, key figures involved in the silk road trade routes pls",local
ok so the f1 race score update please?,online
quadratic formula formula and when to use it for my notes,local
ok partial derivatives for my calculus homework briefly,local
"hey, who won the champions league final last night rn",online
how bad is the flood situation downtown right now,online
"fyi need to know, any delays on the toll plaza today",online
urgent - is the ring road open or blocked at the moment,online
The la liga clasico highlights from tonight,online
give me a quick rundown of the printing press invention impact for revision,local
Traffic status on the main train route this morning for real,online
notes on TCP vs UDP for my assignment,local
"fyi need to know, is infosys shares pumping or dumping today at the moment",online
quick one - who's leading in the ufc fight card currently currently,online
Quick q - timeline of the discovery of penicillin — struggling with this,local
ok so quick check on eur to usd before i trade,online
quick one - is the airport terminal open or blocked at the moment this morning,online
"just checking, current congestion level on the flyover near the city center tonight",online
"Fyi need to know, what's going on with the ceasefire negotiations at the moment — need it fast",online
quick one - the protest downtown status update please while i'm stuck in traffic,online
"for class tomorrow, eigenvalues and eigenvectors for my calculus homework with an example",local
"fyi need to know, current valuation on gold rate no cap",online
joins in sql tutorial with code,local
quick one - who won the t20 world cup game last night asap,online
How bad is the heatwave alert right now,online
"hey, the india vs australia test score update please pls",online
"hey, infosys shares live chart movement asap",online
"Need this for an interview, timeline of when the berlin wall fell",local
"need this for an interview, practice problem using quadratic formula",local
Background on the industrial revolution key inventions for my essay,local
ok dynamic programming — key points to remember,local
live score for the nba game in the last hour,online
background on ancient egyptian pyramid construction for my essay before my exam,local
"for my homework, how to solve problems using set theory basics briefly",local
quick q - why did the mughal empire timeline happen,local
ngl did the airline strike get resolved yet just curious,online
"for class tomorrow, laplace transform for my calculus homework — struggling with this",local
how does mock objects in testing actually work under the hood,local
"fyi need to know, the champions league final result just now tonight",online
"real talk, is the protest downtown still ongoing",online
urgent - quick check on tcs stock before i trade for the group chat,online
"Real talk, current congestion level on the subway line as of now",online
So matrix multiplication rules formula and when to use it?,local
"for class tomorrow, version control branching cheat sheet",local
"Genuinely curious, walk me through lambda expressions step by step for revision",local
so real world use case for virtual functions in c++ — struggling with this,local
so key figures involved in the boston tea party in simple terms,local
"genuinely curious, solid overview of generics in java for revision",local
explain the age of exploration key figures in a short paragraph,local
"genuinely curious, walk through markov chains with numbers?",local
when should i pick heap data structure over sliding window technique,local
Quick one - is the cabinet reshuffle affecting traffic right now in the last hour,online
ngl is the expressway flooded from the downpour right now for real,online
"genuinely curious, pros and cons of promises vs callbacks",local
Current congestion level on the highway today,online
How would you implement map reduce filter functions from scratch,local
walk me through connection pooling step by step,local
urgent - the wimbledon final highlights from tonight in the last hour,online
current air quality index in singapore,online
Limits and continuity for my calculus homework — struggling with this,local
how is the s&p 500 trending today,online
quick refresher on REST vs GraphQL before my exam,local
quick q - microservices architecture for dummies,local
quick one - solana price right now,online
"fyi need to know, how bad is the cabinet reshuffle right now as of now",online
Quick q - how would you implement virtual functions in c++ from scratch before my exam,local
"hey, backtracking algorithms — key points to remember in simple terms",local
"for class tomorrow, probability distributions formula and when to use it for my notes",local
explain greedy algorithms with a simple example,local
"for class tomorrow, timeline of the french revolution timeline — struggling with this",local
quick q - timeline of the unification of germany briefly,local
"need this for an interview, give me a quick rundown of the russian revolution 1917 pls",local
breaking news on the supreme court verdict,online
background on the american civil war causes for my essay for revision,local
Traffic status on the toll plaza this morning currently,online
usd to inr rate as of this minute,online
"so just heard about the power outage in the city, what's the latest today",online
race conditions cheat sheet briefly,local
"genuinely curious, the fall of the roman empire — what actually happened?",local
"real talk, any delays on the subway line today today",online
Important dates related to the partition of india,local
Is the metro line open or blocked at the moment,online
ok explain the russian revolution 1917 in a short paragraph for my notes,local
is silver rate pumping or dumping today,online
so central limit theorem explained with an example problem for my notes,local
final score of the ashes series,online
"for class tomorrow, the pythagorean theorem formula and when to use it thanks",local
"Genuinely curious, explain big O notation with a simple example pls",local
"for my homework, heap data structure, explain like i'm a beginner coder for my notes",local
"need this for an interview, main causes and effects of the industrial revolution key inventions for revision",local
"need this for an interview, the mughal empire timeline summary for history class before my exam",local
Pros and cons of normalization forms,local
"for my homework, practice problem using matrix multiplication rules thanks",local
crude oil price rate as of this minute before my meeting,online
"Need this for an interview, derive laplace transform step by step before my exam",local
Explain the ottoman empire decline in a short paragraph with an example,local
"just heard about the trade deal talks, what's the latest at the moment",online
"Hey, main causes and effects of the mughal empire timeline briefly",local
ok so is the interstate open or blocked at the moment rn,online
quick one - is tcs stock pumping or dumping today — need it fast,online
is the trade deal talks still ongoing,online
"for my homework, TCP vs UDP tutorial with code for revision",local
Why did the cold war origins happen,local
solana today's high and low rn,online
"i don't get denormalization, someone explain",local
"hey, current valuation on nifty 50 before i head out",online
ngl who won the ufc fight card last night currently,online
law of sines — proof and intuition pls,local
Compare operator overloading in c++ and merge sort in one paragraph,local
ngl real time quote for bitcoin no cap,online
the asia cup final score update please,online
"Hey, timeline of the ottoman empire decline",local
tcs stock price right now just curious,online
ok quick refresher on quick sort before my exam with an example,local
"Hey, any delays on the expressway today this evening",online
Backtracking algorithms tutorial with code with an example,local
bayes theorem — proof and intuition thanks,local
Derive derivative of a function step by step,local
"need this for an interview, walk through quadratic formula with numbers thanks",local
"genuinely curious, why is observer pattern used instead of tail recursion — struggling with this",local
"Real talk, real time quote for tesla stock for real",online
traffic status on the toll plaza this morning,online
"hey, is the expressway open or blocked at the moment this morning",online
Traffic status on the flyover near the city center this morning,online
Urgent - the euro cup semifinal score update please in the last hour,online
the t20 world cup game result just now — need it fast,online
who's trending on twitter right now,online
so the metro line conditions right now because of the storm for the group chat,online
"need this for an interview, closures in javascript cheat sheet for revision",local
"just checking, is the flyover near the city center open or blocked at the moment",online
so how is the s&p 500 trending today,online
"just checking, current valuation on apple stock in the last hour",online
"real talk, is the interstate closed due to the accident before my meeting",online
"hey, is the premier league match still playing right now this evening",online
is the interstate open or blocked at the moment,online
"just checking, final score of the ufc fight card this morning",online
ripple xrp rate as of this minute — need it fast,online
"just checking, the ipl match highlights from tonight no cap",online
ok law of sines for my calculus homework briefly,local
who's leading in the premier league match currently right now,online
"Fyi need to know, is the cyclone warning affecting traffic right now for the group chat",online
"real talk, the asia cup final highlights from tonight at the moment",online
"Hey, give me a quick rundown of the causes of world war 1 briefly",local
So current congestion level on the airport terminal before my meeting,online
Quick q - the wright brothers first flight — what actually happened in simple terms,local
partial derivatives explained with an example problem,local
"need this for an interview, the unification of germany — what actually happened briefly",local
did dogecoin go up or down this morning,online
"Hey, give me a quick rundown of the mughal empire timeline with an example",local
"fyi need to know, is the airport terminal closed due to the accident — need it fast",online
Who's leading in the ashes series currently before i head out,online
walk me through graph traversal step by step,local
"Need this for an interview, permutations and combinations explained with an example problem before my exam",local
so linear regression math — proof and intuition pls,local
ngl nasdaq price right now as of now,online
so taylor series expansion — proof and intuition in simple terms,local
"fyi need to know, is the main train route closed due to the accident while i'm stuck in traffic",online
main causes and effects of the signing of the magna carta?,local
ok the boston tea party — what actually happened in simple terms,local
"hey, how does hash map actually work under the hood briefly",local
quick one - real time quote for apple stock pls,online
"fyi need to know, the asia cup final result just now for the group chat",online
"hey, background on the boston tea party for my essay in simple terms",local
urgent - the earthquake near the coast status update please for the group chat,online
what's going on with the wildfire in the hills at the moment,online
"need this for an interview, derive derivative of a function step by step before my exam",local
ok so the india vs australia test score update please for real,online
"for my homework, why is mutex vs semaphore used instead of normalization in databases with an example",local
the ipl match highlights from tonight,online
Is the flight delayed out of toronto due to fog,online
"hey, is the airport terminal open or blocked at the moment",online
"for my homework, practice problem using hypothesis testing — struggling with this",local
"just checking, is there a heat advisory in san francisco today just curious",online
quick one - is eur to usd pumping or dumping today at the moment,online
ok so the asia cup final score update please rn,online
"hey, nifty 50 price action this week so far no cap",online
Timeline of the discovery of penicillin,local
quick one - who won the world cup qualifier last night in the last hour,online
quick q - how to solve problems using convex optimization basics in simple terms,local
"genuinely curious, gradient descent math formula and when to use it?",local
"for class tomorrow, summarize mock objects in testing in a few bullet points — struggling with this",local
"hey, real world use case for singleton pattern — struggling with this",local
ok why did the signing of the magna carta happen in simple terms,local
ok so gold rate rate as of this minute asap,online
Is there a heat advisory in delhi today before my meeting,online
who's leading in the grand slam tennis match currently asap,online
derive gradient descent math step by step?,local
so important dates related to the russian revolution 1917 — struggling with this,local
ok so any delays on the main train route today this evening,online
Apple stock price right now,online
"Hey, infosys shares price action this week so far currently",online
Main causes and effects of the renaissance key artists,local
Difference between bit manipulation tricks and thread pools,local
So key figures involved in the printing press invention impact,local
"i don't get merge sort, someone explain — struggling with this",local
so cardano price action this week so far in the last hour,online
ok so is the earthquake near the coast still ongoing for the group chat,online
explain virtual memory with a simple example,local
ok so how is dow jones trending today while i'm stuck in traffic,online
"so just heard about the power outage in the city, what's the latest for the group chat",online
is it safe to drive in kolkata with this storm pls,online
compare thread pools and deadlocks in one paragraph,local
will it rain in bangalore in the next few hours,online
"For my homework, important dates related to the moon landing mission details pls",local
Quick one - is the storm system offshore affecting traffic right now as of now,online
So quick refresher on process vs thread before my exam for revision,local
Real time quote for nasdaq today,online
So current valuation on sensex no cap,online
Did the central bank's rate decision get resolved yet — need it fast,online
real world use case for connection pooling,local
Correlation vs causation for my calculus homework,local
the asia cup final score update please this morning,online
the airline strike — anything new in the last hour,online
ngl real time quote for crude oil price before i head out,online
is dogecoin pumping or dumping today,online
Summarize sliding window technique in a few bullet points for revision,local
is the airline strike affecting traffic right now,online
how to solve problems using integration by parts for my notes,local
"Need this for an interview, walk through laplace transform with numbers",local
so compare monolith vs microservices and version control branching in one paragraph,local
any delays on the ring road today before my meeting,online
"just checking, real time quote for tesla stock asap",online
"bit manipulation tricks, explain like i'm a beginner coder",local
"for class tomorrow, walk through logarithm rules with numbers before my exam",local
ngl crude oil price price action this week so far for the group chat,online
Tcs stock price right now this evening,online
live score for the world cup qualifier,online
"hey, how is ethereum trending today right now",online
So walk me through recursion step by step for revision,local
SOLID principles cheat sheet,local
so explain the moon landing mission details in a short paragraph in simple terms,local
The heatwave alert — anything new in the last hour pls,online
who's leading in the india vs australia test currently right now,online
Live score for the premier league match,online
"i don't get big O notation, someone explain",local
"real talk, bitcoin price action this week so far currently",online
Main causes and effects of the printing press invention impact for my notes,local
nvidia stock market cap right now while i'm stuck in traffic,online
"for my homework, normalization in databases tutorial with code for my notes",local
reliance shares today's high and low rn,online
Ok so is the india vs australia test still playing right now asap,online
Why is ACID properties used instead of denormalization,local
so quadratic formula formula and when to use it for revision,local
Will it rain in tokyo in the next few hours,online
the industrial revolution key inventions — what actually happened briefly,local
any updates on the cyclone warning happening today before i head out,online
urgent - current congestion level on the flyover near the city center currently,online
ngl will it rain in berlin in the next few hours before my meeting,online
the storm system offshore status update please,online
So quick check on gold rate before i trade before i head out,online
difference between subqueries in sql and virtual functions in c++,local
timeline of the theory of evolution basics — struggling with this,local
quick one - how humid is it in seoul right now in the last hour,online
ok why is B-tree indexing used instead of window functions in sql briefly,local
practice problem using limits and continuity,local
Urgent - quick check on solana before i trade for the group chat,online
"for class tomorrow, the russian revolution 1917 summary for history class for revision",local
Ok key figures involved in the moon landing mission details before my exam,local
monolith vs microservices — key points to remember,local
ok so is the flyover near the city center closed due to the accident?,online
live score for the ipl match before my meeting,online
ngl the metro line conditions right now because of the storm,online
is the highway closed due to the accident,online
"fyi need to know, any delays on the highway today asap",online
"For class tomorrow, regular expressions, explain like i'm a beginner coder with an example",local
"for my homework, i keep forgetting binary search tree, break it down for me thanks",local
"for my homework, practice problem using vector cross product for revision",local
"Real talk, current valuation on ripple xrp before my meeting",online
quick one - is it safe to drive in san francisco with this storm before my meeting,online
will it rain in delhi in the next few hours,online
Nvidia stock market cap right now,online
ethereum price right now,online
so latest on the flood situation downtown in real time — need it fast,online
"need this for an interview, how to solve problems using probability distributions",local
quick one - any delays on the ring road today as of now,online
key figures involved in the russian revolution 1917 with an example,local
"for class tomorrow, the theory of evolution basics — what actually happened for revision",local
important dates related to the theory of evolution basics,local
"hey, current congestion level on the airport terminal no cap",online
so walk me through garbage collection step by step thanks,local
"hey, important dates related to ancient egyptian pyramid construction — struggling with this",local
Did dogecoin go up or down this morning,online
the euro cup semifinal highlights from tonight just curious,online
so is sensex pumping or dumping today as of now,online
Explain the silk road trade routes in a short paragraph,local
merge sort interview question breakdown in simple terms,local
Urgent - the ufc fight card score update please this morning,online
ok partial derivatives — proof and intuition,local
ngl final score of the ipl match in the last hour,online
ok so real time quote for usd to inr before i head out,online
who's leading in the euro cup semifinal currently — need it fast,online
"fyi need to know, live score for the ufc fight card before i head out",online
Fourier transform explained with an example problem,local
key figures involved in the french revolution timeline,local
"need this for an interview, taylor series expansion for my calculus homework",local
"Hey, dijkstra's algorithm tutorial with code briefly",local
"Fyi need to know, infosys shares live chart movement for real",online
What's going on with the power outage in the city at the moment,online
ok so cardano live chart movement,online
nvidia stock live chart movement,online
did the flood situation downtown get resolved yet,online
urgent - is the vaccine rollout progress affecting traffic right now for the group chat,online
"just checking, the premier league match highlights from tonight tonight",online
ok practice problem using markov chains thanks,local
"for class tomorrow, permutations and combinations for my calculus homework",local
Urgent - any updates on the central bank's rate decision happening today currently,online
so how is tcs stock trending today no cap,online
Is the toll plaza flooded from the downpour right now before i head out,online
Explain the signing of the magna carta in a short paragraph,local
any updates on the heatwave alert happening today for real,online
"Fyi need to know, gold rate today's high and low asap",online
the election results status update please today,online
Give me a quick rundown of the printing press invention impact,local
so practice problem using markov chains,local
ok hypothesis testing — proof and intuition,local
"Genuinely curious, why did the treaty of versailles terms happen — struggling with this",local
when should i pick ci cd pipeline basics over greedy algorithms,local
compare primary key vs unique key and process vs thread in one paragraph,local
quick one - the ashes series result just now this morning,online
urgent - how is reliance shares trending today this evening,online
Walk me through ci cd pipeline basics step by step,local
"hey, explain the decolonization of africa in a short paragraph briefly",local
"operator overloading in c++, explain like i'm a beginner coder",local
"hey, pros and cons of thread pools?",local
derive partial derivatives step by step,local
ok so should i carry an umbrella in singapore today in the last hour,online
"genuinely curious, real world use case for foreign key constraints for revision",local
ok so any delays on the ring road today tonight,online
"for class tomorrow, markov chains explained with an example problem with an example",local
ngl is the expressway open or blocked at the moment no cap,online
The cold war origins summary for history class,local
"Fyi need to know, reliance shares rate as of this minute before my meeting",online
"for class tomorrow, derive gradient descent math step by step before my exam",local
"hey, explain foreign key constraints with a simple example before my exam",local
"hey, just heard about the covid case numbers, what's the latest for real",online
"genuinely curious, main causes and effects of the ottoman empire decline for revision",local
Heap data structure cheat sheet,local
ok pros and cons of REST vs GraphQL pls,local
law of sines for my calculus homework — struggling with this,local
Is the election results still ongoing,online
stack vs heap memory interview question breakdown,local
ok why did the renaissance key artists happen,local
"just checking, is the world cup qualifier still playing right now",online
ok explain the industrial revolution key inventions in a short paragraph in simple terms,local
"fyi need to know, quick check on nifty 50 before i trade this morning",online
main causes and effects of when the berlin wall fell,local
ok fourier transform — proof and intuition for my notes,local
ngl nasdaq market cap right now for real,online
"genuinely curious, notes on thread pools for my assignment pls",local
two pointer technique for dummies — struggling with this,local
"for class tomorrow, practice problem using central limit theorem?",local
will it rain in paris in the next few hours,online
Dow jones today's high and low rn,online
"for class tomorrow, explain the ottoman empire decline in a short paragraph before my exam",local
How to solve problems using standard deviation formula,local
"need this for an interview, linear regression math — proof and intuition for revision",local
"need this for an interview, walk through standard deviation formula with numbers for my notes",local
the world cup qualifier result just now before my meeting,online
Solid overview of SOLID principles for revision for my notes,local
quick q - the moon landing mission details summary for history class before my exam,local
practice problem using linear regression math,local
Final score of the f1 race,online
So matrix multiplication rules explained with an example problem with an example,local
"for my homework, the renaissance key artists — what actually happened",local
when should i pick sliding window technique over version control branching,local
"for class tomorrow, main causes and effects of the boston tea party — struggling with this",local
"hey, who won the f1 race last night",online
So practice problem using law of cosines thanks,local
Did the storm system offshore get resolved yet,online
Is the main train route flooded from the downpour right now this evening,online
so why did the great depression causes happen pls,local
Quick check on the s&p 500 before i trade,online
quick one - any updates on the central bank's rate decision happening today before my meeting,online
Ok important dates related to the mughal empire timeline?,local
explain the silk road trade routes in a short paragraph,local
ok practice problem using linear regression math with an example,local
"Real talk, how bad is the wildfire in the hills right now in the last hour",online
quick q - textbook definition of virtual functions in c++ in simple terms,local
the cabinet reshuffle developments as of today pls,online
Ok the ottoman empire decline — what actually happened thanks,local
Is the euro cup semifinal still playing right now,online
"Just heard about the cabinet reshuffle, what's the latest",online
how does ACID properties actually work under the hood thanks,local
"just heard about the border tensions, what's the latest this evening",online
current valuation on solana currently,online
ok so is the harbor bridge flooded from the downpour right now — need it fast,online
is cardano pumping or dumping today pls,online
is it safe to drive in chennai with this storm,online
"hey, difference between garbage collection and race conditions",local
give me a quick rundown of the treaty of versailles terms,local
"fyi need to know, is the metro line open or blocked at the moment just curious",online
"for my homework, solid overview of static vs dynamic typing for revision?",local
urgent - is the tech layoffs news affecting traffic right now as of now,online
Ok why did the ottoman empire decline happen for revision,local
Did dogecoin go up or down this morning just curious,online
"just checking, the subway line conditions right now because of the storm this morning",online
"hey, how to solve problems using correlation vs causation before my exam",local
Ok so the supreme court verdict status update please today,online
set theory basics explained with an example problem with an example,local
convex optimization basics — proof and intuition thanks,local
"Real talk, did nasdaq go up or down this morning currently",online
traffic status on the expressway this morning in the last hour,online
"fyi need to know, is usd to inr pumping or dumping today for the group chat",online
"hey, who's leading in the champions league final currently just curious",online
Did the heatwave alert get resolved yet,online
Ngl is the airport terminal open or blocked at the moment just curious,online
Quick check on sensex before i trade currently,online
So the discovery of penicillin — what actually happened with an example,local
"just checking, what's going on with the vaccine rollout progress at the moment this evening",online
ok set theory basics explained with an example problem thanks,local
ok background on the silk road trade routes for my essay?,local
How humid is it in seoul right now before i head out,online
ok so gold rate today's high and low this evening,online
the age of exploration key figures summary for history class — struggling with this,local
quick q - explain two pointer technique with a simple example with an example,local
"just checking, any updates on the power outage in the city happening today tonight",online
quick one - the nba game result just now for real,online
ngl how humid is it in mumbai right now in the last hour,online
the protest downtown — anything new in the last hour,online
"for my homework, permutations and combinations for my calculus homework?",local
ok so live score for the nba game asap,online
breaking news on the election results,online
the pythagorean theorem for my calculus homework,local
how would you implement B-tree indexing from scratch,local
Quick q - how to solve problems using hypothesis testing — struggling with this,local
"for my homework, the moon landing mission details summary for history class briefly",local
my binary tree insert function duplicates nodes on the right side,local
who's leading in the ufc fight card currently at the moment,online
"Fyi need to know, the t20 world cup game score update please pls",online
live score for the grand slam tennis match at the moment,online
ok logarithm rules for my calculus homework in simple terms,local
solid overview of tail recursion for revision,local
"just checking, the ipl match result just now today",online
"I keep forgetting greedy algorithms, break it down for me",local
"genuinely curious, practice problem using set theory basics",local
why is test driven development used instead of abstract class vs interface,local
urgent - nvidia stock price action this week so far,online
difference between static vs dynamic typing and lambda expressions,local
did the earthquake near the coast get resolved yet asap,online
Derive quadratic formula step by step,local
key figures involved in the industrial revolution key inventions,local
"for class tomorrow, the signing of the magna carta — what actually happened thanks",local
"Genuinely curious, how to solve problems using correlation vs causation",local
quick one - what's going on with the ceasefire negotiations at the moment for the group chat,online
"need this for an interview, law of sines — proof and intuition for revision",local
so current valuation on sensex right now,online
derive the pythagorean theorem step by step with an example,local
"just checking, how is the s&p 500 trending today no cap",online
Quick one - who's leading in the asia cup final currently this morning,online
The election results developments as of today,online
quick one - the la liga clasico highlights from tonight currently,online
"Genuinely curious, i don't get normalization forms, someone explain — struggling with this",local
"just heard about the border tensions, what's the latest",online
"genuinely curious, convex optimization basics explained with an example problem briefly",local
how does greedy algorithms actually work under the hood,local
is the subway line closed due to the accident,online
Notes on immutability in functional programming for my assignment,local
Walk me through observer pattern step by step,local
give me a quick rundown of the wright brothers first flight,local
The wildfire in the hills developments as of today,online
so matrix multiplication rules for my calculus homework?,local
walk me through trie data structure step by step,local
"i don't get microservices architecture, someone explain",local
"for my homework, the pythagorean theorem formula and when to use it pls",local
tail recursion vs quick sort which is better and when — struggling with this,local
Dow jones today's high and low,online
"for my homework, solid overview of CAP theorem for revision pls",local
"fyi need to know, nasdaq market cap right now?",online
the boston tea party — what actually happened thanks,local
quick one - is there a heat advisory in mumbai today right now,online
sql query returns duplicate rows after my join,local
"hey, dijkstra's algorithm example in python please — struggling with this",local
"Hey, who's leading in the asia cup final currently before my meeting",online
quick one - crude oil price market cap right now pls,online
is dogecoin pumping or dumping today tonight,online
"Genuinely curious, practice problem using logarithm rules",local
Any updates on the airline strike happening today,online
"i don't get race conditions, someone explain — struggling with this",local
"Hey, did the airline strike get resolved yet before i head out",online
"Need this for an interview, give me a quick rundown of the fall of the roman empire",local
"for my homework, solid overview of ci cd pipeline basics for revision?",local
ripple xrp live chart movement at the moment,online
"for class tomorrow, give me a quick rundown of the ottoman empire decline with an example",local
eigenvalues and eigenvectors explained with an example problem,local
"fyi need to know, who won the nba game last night currently",online
When should i pick dijkstra's algorithm over window functions in sql,local
"so just heard about the election results, what's the latest no cap",online
ok explain thread pools with a simple example?,local
quick one - gold rate rate as of this minute for real,online
The ufc fight card result just now before my meeting,online
ok practice problem using derivative of a function,local
"real talk, is the airport terminal open or blocked at the moment tonight",online
"real talk, is the grand slam tennis match still playing right now at the moment",online
quick q - derive laplace transform step by step?,local
"For class tomorrow, explain the wright brothers first flight in a short paragraph pls",local
did solana go up or down this morning,online
So the tech layoffs news developments as of today pls,online
walk through chain rule in calculus with numbers,local
Difference between connection pooling and hash map,local
notes on git rebase vs merge for my assignment,local
"genuinely curious, practice problem using standard deviation formula — struggling with this",local
the tech layoffs news developments as of today,online
"Fyi need to know, did nasdaq go up or down this morning currently",online
Eur to usd today's high and low,online
probability distributions — proof and intuition,local
"hey, is the flight delayed out of london due to fog",online
"for my homework, textbook definition of garbage collection with an example",local
matrix multiplication rules explained with an example problem for revision,local
Ok so is the expressway flooded from the downpour right now as of now,online
"just checking, final score of the champions league final?",online
difference between denormalization and virtual functions in c++,local
live score for the t20 world cup game — need it fast,online
"hey, matrix multiplication rules explained with an example problem",local
"hey, hypothesis testing formula and when to use it with an example",local
"real talk, cardano live chart movement as of now",online
did eur to usd go up or down this morning while i'm stuck in traffic,online
quick one - is the la liga clasico still playing right now for real,online
quick one - who's leading in the ashes series currently before i head out,online
"genuinely curious, B-tree indexing tutorial with code in simple terms",local
Important dates related to the signing of the magna carta,local
"for my homework, derivative of a function — proof and intuition for my notes",local
walk through permutations and combinations with numbers,local
Reliance shares market cap right now,online
"hey, the decolonization of africa summary for history class for revision",local
"just checking, current congestion level on the flyover near the city center rn",online
"dynamic programming, explain like i'm a beginner coder",local
Latest on the earthquake near the coast in real time no cap,online
ok so traffic status on the flyover near the city center this morning this evening,online
textbook definition of load balancing,local
ok so is the protest downtown affecting traffic right now — need it fast,online
textbook definition of backtracking algorithms,local
The moon landing mission details — what actually happened,local
pros and cons of topological sort,local
"for class tomorrow, main causes and effects of ancient egyptian pyramid construction for my notes",local
Current valuation on tcs stock,online
did the cabinet reshuffle get resolved yet just curious,online
Textbook definition of lambda expressions in simple terms,local
Is nasdaq pumping or dumping today this evening,online
the toll plaza conditions right now because of the storm,online
"for my homework, law of cosines formula and when to use it briefly",local
timeline of the mughal empire timeline?,local
key figures involved in the causes of world war 1,local
"Need this for an interview, when should i pick subqueries in sql over graph traversal with an example",local
so polymorphism tutorial with code with an example,local
"real talk, quick check on nasdaq before i trade while i'm stuck in traffic",online
final score of the euro cup semifinal,online
"need this for an interview, how does window functions in sql actually work under the hood with an example",local
how to solve problems using convex optimization basics,local
The cyclone warning — anything new in the last hour while i'm stuck in traffic,online
is there a heat advisory in dubai today,online
urgent - is the subway line flooded from the downpour right now today,online
Any delays on the toll plaza today currently,online
"hey, tcs stock price action this week so far today",online
Walk me through mock objects in testing step by step,local
is it safe to drive in chicago with this storm,online
Main causes and effects of the discovery of penicillin pls,local
Live score for the ashes series,online
"i keep forgetting multiple inheritance in python, break it down for me",local
current valuation on dow jones before my meeting,online
"fyi need to know, is the airport terminal closed due to the accident just curious",online
the india vs australia test highlights from tonight,online
Quick q - caching strategies cheat sheet before my exam,local
"for class tomorrow, database indexing tutorial with code before my exam",local
"hey, the main train route conditions right now because of the storm — need it fast",online
Ngl did the parliament session today get resolved yet pls,online
"Hey, difference between git rebase vs merge and monads in haskell in simple terms",local
static vs dynamic typing vs two pointer technique which is better and when,local
quick one - real time quote for solana for real,online
So walk through gradient descent math with numbers — struggling with this,local
"genuinely curious, how to solve problems using linear regression math — struggling with this",local
"hey, any delays on the expressway today just curious",online
derivative of a function for my calculus homework,local
Ngl final score of the nba game for real,online
textbook definition of window functions in sql with an example,local
so tesla stock rate as of this minute pls,online
"Quick q - i don't get ACID properties, someone explain",local
ok so cardano price action this week so far no cap,online
Ok the moon landing mission details summary for history class,local
"fyi need to know, is the la liga clasico still playing right now — need it fast",online
so matrix multiplication rules explained with an example problem — struggling with this,local
Urgent - how humid is it in hyderabad right now this evening,online
how is dogecoin trending today rn,online
"need this for an interview, derive standard deviation formula step by step for revision",local
urgent - gold rate rate as of this minute asap,online
current congestion level on the expressway — need it fast,online
"for my homework, background on the age of exploration key figures for my essay with an example",local
What's going on with the election results at the moment,online
ngl is the metro line closed due to the accident right now,online
"hey, how to solve problems using quadratic formula with an example",local
real time quote for reliance shares,online
"Hey, ethereum today's high and low no cap",online
"I don't get regular expressions, someone explain",local
"For class tomorrow, walk through laplace transform with numbers in simple terms",local
ngl the la liga clasico highlights from tonight no cap,online
How would you implement eventual consistency from scratch,local
explain the wright brothers first flight in a short paragraph pls,local
"For my homework, integration by parts formula and when to use it before my exam",local
"genuinely curious, derive central limit theorem step by step for my notes",local
walk through law of cosines with numbers,local
So should i carry an umbrella in kolkata today right now,online
taylor series expansion — proof and intuition,local
"Need this for an interview, practice problem using matrix multiplication rules with an example",local
is it safe to drive in pune with this storm,online
how does a bloom filter work,local
ok main causes and effects of the signing of the magna carta,local
quick q - derive fourier transform step by step — struggling with this,local
ok the wright brothers first flight — what actually happened for my notes,local
so two pointer technique interview question breakdown,local
did usd to inr go up or down this morning,online
who's leading in the world cup qualifier currently asap,online
pros and cons of version control branching,local
Did the s&p 500 go up or down this morning asap,online
"i don't get promises vs callbacks, someone explain",local
"hey, the tech layoffs news — anything new in the last hour",online
ngl real time quote for bitcoin asap,online
"for class tomorrow, main causes and effects of the signing of the magna carta",local
quick one - current air quality index in chicago,online
live score for the ashes series asap,online
Quick q - law of sines — proof and intuition,local
Quick q - real world use case for git rebase vs merge,local
"genuinely curious, why did the decolonization of africa happen — struggling with this",local
explain the causes of world war 1 in a short paragraph,local
Background on the mughal empire timeline for my essay,local
"i don't get hash map, someone explain",local
give me a quick rundown of the wright brothers first flight pls,local
Permutations and combinations explained with an example problem,local
Urgent - the wimbledon final score update please asap,online
So how to solve problems using markov chains for revision,local
"just checking, is it safe to drive in sydney with this storm pls",online
Quick one - the cyclone warning — anything new in the last hour for the group chat,online
Will it rain in paris in the next few hours today,online
"genuinely curious, permutations and combinations — proof and intuition in simple terms",local
so why is singleton pattern used instead of bit manipulation tricks before my exam,local
logarithm rules for my calculus homework,local
"fyi need to know, current congestion level on the airport terminal this evening",online
"genuinely curious, timeline of the unification of germany before my exam",local
is the flyover near the city center closed due to the accident for real,online
final score of the champions league final,online
"hey, just heard about the storm system offshore, what's the latest today",online
so the main train route conditions right now because of the storm no cap,online
infosys shares rate as of this minute,online
ok gradient descent math for my calculus homework pls,local
quick check on dogecoin before i trade,online
"fyi need to know, breaking news on the central bank's rate decision before my meeting",online
"fyi need to know, did crude oil price go up or down this morning today",online
is the central bank's rate decision affecting traffic right now?,online
"real talk, will it rain in london in the next few hours currently",online
Did reliance shares go up or down this morning,online
Any updates on the storm system offshore happening today,online
quick one - will it rain in singapore in the next few hours — need it fast,online
"caching strategies, explain like i'm a beginner coder in simple terms",local
dogecoin price action this week so far in the last hour,online
"for class tomorrow, taylor series expansion — proof and intuition",local
ok linear regression math explained with an example problem thanks,local
ok polymorphism cheat sheet,local
difference between CAP theorem and memoization,local
"genuinely curious, taylor series expansion explained with an example problem — struggling with this",local
Quick one - the subway line conditions right now because of the storm,online
Ngl is the interstate flooded from the downpour right now for the group chat,online
urgent - how humid is it in london right now before my meeting,online
so when the berlin wall fell — what actually happened in simple terms,local
tesla stock live chart movement for the group chat,online
Walk through convex optimization basics with numbers with an example,local
quick one - who's leading in the asia cup final currently just curious,online
ok so who won the champions league final last night tonight,online
ok walk me through deadlocks step by step briefly,local
is there a heat advisory in los angeles today,online
"hey, static vs dynamic typing tutorial with code?",local
Did the wildfire in the hills get resolved yet,online
quick one - current congestion level on the toll plaza right now,online
"quick q - i don't get static vs dynamic typing, someone explain?",local
Ok so current congestion level on the highway no cap,online
the boston tea party summary for history class thanks,local
ngl the flyover near the city center conditions right now because of the storm for real,online
Urgent - gold rate live chart movement as of now,online
current valuation on ripple xrp while i'm stuck in traffic,online
test driven development vs graph traversal which is better and when,local
ok so current valuation on nasdaq at the moment,online
"just checking, is there a heat advisory in los angeles today",online
so solid overview of hash map for revision,local
dependency injection tutorial with code,local
urgent - the india vs australia test score update please currently,online
the wildfire in the hills — anything new in the last hour,online
explain race conditions with a simple example,local
So the t20 world cup game score update please asap,online
so silver rate price action this week so far for the group chat,online
"Genuinely curious, the french revolution timeline — what actually happened briefly",local
Quick q - markov chains explained with an example problem?,local
ok integration by parts explained with an example problem,local
ngl how is solana trending today?,online
"Hey, is the flight delayed out of tokyo due to fog this evening",online
So will it rain in kolkata in the next few hours before i head out,online
the cold war origins summary for history class — struggling with this,local
Who's leading in the ufc fight card currently,online
so current congestion level on the toll plaza while i'm stuck in traffic,online
the central bank's rate decision developments as of today,online
Backtracking algorithms tutorial with code,local
So derive quadratic formula step by step — struggling with this,local
live score for the nba game,online
how humid is it in chennai right now — need it fast,online
"need this for an interview, garbage collection tutorial with code thanks",local
the airline strike developments as of today,online
fourier transform for my calculus homework,local
is the flight delayed out of san francisco due to fog,online
"fyi need to know, how bad is the election results right now tonight",online
Notes on foreign key constraints for my assignment,local
"for my homework, topological sort — key points to remember",local
ok derive correlation vs causation step by step for my notes,local
quick one - the la liga clasico score update please for real,online
so notes on REST vs GraphQL for my assignment with an example,local
quick one - who's leading in the euro cup semifinal currently this evening,online
difference between joins in sql and SOLID principles,local
"Hey, why did the boston tea party happen for revision",local
current congestion level on the metro line pls,online
any updates on the covid case numbers happening today,online
Quick one - latest on the election results in real time this morning,online
ngl who's leading in the nba game currently pls,online
Is the euro cup semifinal still playing right now while i'm stuck in traffic,online
Topological sort cheat sheet,local
"just checking, the la liga clasico highlights from tonight?",online
summarize connection pooling in a few bullet points for revision,local
walk me through mock objects in testing step by step pls,local
Virtual memory for dummies,local
Current congestion level on the airport terminal,online
so timeline of when the berlin wall fell thanks,local
Walk through limits and continuity with numbers,local
"real talk, who won the nba game last night?",online
Derive convex optimization basics step by step,local
"hey, solana price action this week so far before my meeting",online
"Fyi need to know, the ipl match highlights from tonight for the group chat",online
convex optimization basics explained with an example problem,local
compare tail recursion and operator overloading in c++ in one paragraph,local
ngl will it rain in singapore in the next few hours as of now,online
so give me a quick rundown of the theory of evolution basics thanks,local
real world use case for docker containers,local
sensex market cap right now,online
Quick q - practice problem using taylor series expansion in simple terms,local
"Hey, textbook definition of stack vs heap memory",local
"real talk, final score of the nba game for the group chat",online
quick one - how bad is the cyclone warning right now right now,online
is solana pumping or dumping today,online
asynchronous programming interview question breakdown,local
how would you implement virtual functions in c++ from scratch for my notes,local
"for my homework, hypothesis testing — proof and intuition",local
"hey, who won the t20 world cup game last night tonight",online
breaking news on the cabinet reshuffle before my meeting,online
how does topological sort actually work under the hood,local
Ngl traffic status on the metro line this morning pls,online
ok binary search tree example in python please,local
quick q - give me a quick rundown of the fall of the roman empire pls,local
give me a quick rundown of ancient egyptian pyramid construction before my exam,local
urgent - the ufc fight card highlights from tonight for real,online
"hey, is the expressway open or blocked at the moment asap",online
So stack vs heap memory cheat sheet in simple terms,local
quick refresher on monolith vs microservices before my exam,local
quick q - textbook definition of ACID properties for revision,local
any delays on the subway line today at the moment,online
"Hey, important dates related to the renaissance key artists",local
bitcoin price action this week so far,online
Why did the renaissance key artists happen,local
who won the ipl match last night,online
is the expressway open or blocked at the moment just curious,online
"for my homework, how would you implement normalization in databases from scratch before my exam",local
linked list cheat sheet with an example,local
urgent - current valuation on solana,online
Urgent - the ipl match result just now as of now,online
so the partition of india summary for history class thanks,local
so how would you implement caching strategies from scratch for revision,local
any delays on the ring road today,online
"real talk, sensex price right now",online
Current congestion level on the interstate pls,online
"for my homework, practice problem using standard deviation formula — struggling with this",local
is the harbor bridge open or blocked at the moment while i'm stuck in traffic,online
"Just checking, is the premier league match still playing right now",online
so walk me through linked list step by step thanks,local
so quick check on nifty 50 before i trade as of now,online
"fyi need to know, the asia cup final result just now just curious",online
derive the pythagorean theorem step by step before my exam,local
Why did the decolonization of africa happen before my exam,local
"fyi need to know, is the flight delayed out of paris due to fog this evening",online
my dockerfile build fails at the pip install step,local
"for class tomorrow, key figures involved in the industrial revolution key inventions",local
Give me a quick rundown of the moon landing mission details thanks,local
quick one - sensex rate as of this minute asap,online
Walk through the pythagorean theorem with numbers,local
Ok so quick check on nasdaq before i trade rn,online
"hey, practice problem using laplace transform pls",local
Ok so did the protest downtown get resolved yet just curious,online
Current air quality index in paris,online
"just checking, did the ceasefire negotiations get resolved yet pls",online
The moon landing mission details — what actually happened?,local
the flood situation downtown — anything new in the last hour,online
Real time quote for the s&p 500 right now,online
"need this for an interview, key figures involved in the age of exploration key figures",local
is the cabinet reshuffle still ongoing currently,online
Standard deviation formula formula and when to use it,local
the india vs australia test score update please this morning,online
"For class tomorrow, how to solve problems using hypothesis testing with an example",local
quick one - who's leading in the ashes series currently pls,online
so pros and cons of operator overloading in c++ thanks,local
"just checking, how humid is it in paris right now",online
so final score of the grand slam tennis match,online
Cardano rate as of this minute,online
ok explain when the berlin wall fell in a short paragraph in simple terms,local
"hey, derive standard deviation formula step by step briefly",local
Taylor series expansion formula and when to use it — struggling with this,local
"just checking, final score of the ashes series tonight",online
Any delays on the interstate today this evening,online
"genuinely curious, practice problem using convex optimization basics pls",local
Urgent - quick check on ripple xrp before i trade this evening,online
"for class tomorrow, compare bit manipulation tricks and sharding in one paragraph for my notes",local
Limits and continuity for my calculus homework,local
urgent - how is ripple xrp trending today at the moment,online
window functions in sql vs linked list which is better and when for my notes,local
main causes and effects of the periodic table history thanks,local
"for my homework, i keep forgetting window functions in sql, break it down for me briefly",local
"real talk, is the expressway closed due to the accident right now",online
apple stock live chart movement,online
version control branching interview question breakdown,local
Quick q - the partition of india — what actually happened pls,local
notes on binary search tree for my assignment with an example,local
so traffic status on the toll plaza this morning right now,online
"hey, test driven development example in python please",local
How to solve problems using limits and continuity,local
"for my homework, garbage collection tutorial with code — struggling with this",local
Quick q - notes on hash map for my assignment for my notes,local
"i keep forgetting version control branching, break it down for me?",local
so give me a quick rundown of the silk road trade routes pls,local
"For class tomorrow, ancient egyptian pyramid construction summary for history class",local
"hey, timeline of the causes of world war 1 for revision",local
"For my homework, how does generics in java actually work under the hood in simple terms",local
Explain the printing press invention impact in a short paragraph,local
law of sines explained with an example problem,local
ok explain the printing press invention impact in a short paragraph for revision,local
infosys shares rate as of this minute this evening,online
Should i carry an umbrella in berlin today,online
Walk through fourier transform with numbers,local
notes on race conditions for my assignment,local
should i carry an umbrella in london today,online
"Genuinely curious, give me a quick rundown of the renaissance key artists for revision",local
so dow jones market cap right now,online
"fyi need to know, is eur to usd pumping or dumping today rn",online
the premier league match highlights from tonight,online
"Genuinely curious, foreign key constraints for dummies",local
the discovery of penicillin summary for history class,local
eur to usd rate as of this minute,online
compare compiler vs interpreter and race conditions in one paragraph,local
"real talk, live score for the nba game just curious",online
any updates on the power outage in the city happening today,online
the parliament session today status update please,online
quick one - who won the ufc fight card last night — need it fast,online
So did the cabinet reshuffle get resolved yet right now,online
logarithm rules explained with an example problem for revision,local
Timeline of the unification of germany for my notes,local
"need this for an interview, derive law of cosines step by step",local
explain the decolonization of africa in a short paragraph,local
explain the producer consumer problem,local
notes on recursion for my assignment,local
practice problem using bayes theorem for my notes,local
so give me a quick rundown of the russian revolution 1917 — struggling with this,local
so who's leading in the premier league match currently rn,online
chain rule in calculus formula and when to use it pls,local
ok publish subscribe pattern example in python please pls,local
did the trade deal talks get resolved yet,online
Ethereum price action this week so far,online
"hey, mutex vs semaphore, explain like i'm a beginner coder",local
"genuinely curious, timeline of the discovery of penicillin",local
Urgent - is the wildfire in the hills still ongoing for the group chat,online
Infosys shares rate as of this minute,online
"for my homework, markov chains formula and when to use it for my notes",local
"hey, the silk road trade routes — what actually happened for revision",local
"For my homework, how does connection pooling actually work under the hood before my exam",local
"genuinely curious, set theory basics explained with an example problem briefly",local
"fyi need to know, the nba game score update please — need it fast",online
"genuinely curious, i keep forgetting normalization in databases, break it down for me before my exam",local
"hey, quick check on usd to inr before i trade?",online
"hey, notes on topological sort for my assignment for revision",local
crude oil price price action this week so far,online
"hey, is the subway line closed due to the accident",online
"for class tomorrow, compare joins in sql and kubernetes pods in one paragraph in simple terms",local
matrix multiplication rules — proof and intuition briefly,local
dogecoin rate as of this minute rn,online
"fyi need to know, final score of the champions league final today",online
apple stock market cap right now,online
quick check on nasdaq before i trade at the moment,online
is usd to inr pumping or dumping today no cap,online
"real talk, is silver rate pumping or dumping today this morning",online
Quick one - live score for the euro cup semifinal just curious,online
"for my homework, walk through partial derivatives with numbers",local
"Need this for an interview, why did the mughal empire timeline happen for revision",local
notes on test driven development for my assignment,local
Ok so the flyover near the city center conditions right now because of the storm for real,online
explain the cold war origins in a short paragraph,local
timeline of the wright brothers first flight,local
how would you implement operator overloading in c++ from scratch in simple terms,local
Current valuation on the s&p 500 today,online
so why is normalization forms used instead of pointers vs references,local
compare B-tree indexing and primary key vs unique key in one paragraph,local
eur to usd price right now just curious,online
"Fyi need to know, who's leading in the euro cup semifinal currently — need it fast",online
"genuinely curious, timeline of the silk road trade routes briefly",local
so pros and cons of compiler vs interpreter for my notes,local
Infosys shares live chart movement,online
urgent - the grand slam tennis match result just now this morning,online
Gradient descent math — proof and intuition,local
ok so is the cyclone warning affecting traffic right now no cap,online
Did gold rate go up or down this morning,online
Sensex price right now,online
ngl silver rate rate as of this minute pls,online
ok so real time quote for the s&p 500 this morning,online
dow jones price action this week so far,online
Is it safe to drive in chennai with this storm,online
logarithm rules explained with an example problem for my notes,local
"just checking, is the toll plaza closed due to the accident pls",online
"real talk, any updates on the airline strike happening today before i head out",online
quick one - is the flyover near the city center flooded from the downpour right now currently,online
Quick refresher on observer pattern before my exam,local
Derive standard deviation formula step by step,local
"hey, is the subway line closed due to the accident this morning",online
is the expressway flooded from the downpour right now at the moment,online
"real talk, the grand slam tennis match score update please today",online
Solid overview of immutability in functional programming for revision,local
"need this for an interview, timeline of the printing press invention impact",local
Ok so real time quote for the s&p 500 in the last hour,online
"need this for an interview, race conditions, explain like i'm a beginner coder",local
ngl the t20 world cup game highlights from tonight,online
the nba game score update please rn,online
"Genuinely curious, i keep forgetting heap data structure, break it down for me pls",local
Nifty 50 live chart movement,online
"real talk, latest on the central bank's rate decision in real time before my meeting",online
solana market cap right now,online
urgent - is there a heat advisory in new york today tonight,online
Who's leading in the wimbledon final currently,online
ok explain the silk road trade routes in a short paragraph with an example,local
explain the industrial revolution key inventions in a short paragraph pls,local
tesla stock market cap right now,online
Quick one - is sensex pumping or dumping today currently,online
"genuinely curious, how would you implement virtual functions in c++ from scratch",local
"real talk, live score for the euro cup semifinal tonight",online
Practice problem using fourier transform with an example,local
"For my homework, the fall of the roman empire — what actually happened",local
Real time quote for ripple xrp right now,online
urgent - the grand slam tennis match score update please while i'm stuck in traffic,online
"For my homework, textbook definition of stack vs heap memory for my notes",local
"Hey, explain docker containers with a simple example pls",local
Quick one - is the flyover near the city center flooded from the downpour right now in the last hour,online
ngl the india vs australia test result just now — need it fast,online
reliance shares market cap right now,online
did the election results get resolved yet,online
quick q - how does monads in haskell actually work under the hood for revision,local
"hey, is the airport terminal closed due to the accident",online
"real talk, final score of the premier league match",online
main causes and effects of the partition of india,local
explain the unification of germany in a short paragraph — struggling with this,local
"Fyi need to know, real time quote for cardano pls",online
"for my homework, derive matrix multiplication rules step by step?",local
the covid case numbers — anything new in the last hour today,online
what's going on with the ceasefire negotiations at the moment,online
"hey, matrix multiplication rules explained with an example problem in simple terms",local
quick one - the premier league match result just now rn,online
ngl live score for the ufc fight card at the moment,online
solid overview of trie data structure for revision,local
so who won the wimbledon final last night?,online
"hey, background on the russian revolution 1917 for my essay before my exam",local
"Need this for an interview, practice problem using law of cosines for my notes",local
Derivative of a function formula and when to use it,local
derive fourier transform step by step,local
So background on the cold war origins for my essay,local
When should i pick publish subscribe pattern over subqueries in sql,local
how does garbage collection actually work under the hood,local
ngl who won the india vs australia test last night today,online
"Need this for an interview, pros and cons of abstract class vs interface pls",local
"fyi need to know, is the ring road open or blocked at the moment pls",online
"hey, current air quality index in paris pls",online
the moon landing mission details summary for history class,local
"need this for an interview, why did the treaty of versailles terms happen thanks",local
"need this for an interview, why did the silk road trade routes happen",local
is there a heat advisory in delhi today,online
summarize database indexing in a few bullet points,local
Garbage collection for dummies in simple terms,local
my recursive function keeps hitting a stack overflow,local
"Genuinely curious, the periodic table history — what actually happened",local
real world use case for topological sort,local
Quick q - give me a quick rundown of the signing of the magna carta,local
the world cup qualifier result just now,online
Traffic status on the metro line this morning no cap,online
Current air quality index in pune,online
markov chains — proof and intuition,local
Derive probability distributions step by step,local
"for class tomorrow, greedy algorithms interview question breakdown with an example",local
"genuinely curious, foreign key constraints for dummies for my notes",local
bayes theorem explained with an example problem before my exam,local
"for my homework, i keep forgetting mock objects in testing, break it down for me before my exam",local
"fyi need to know, final score of the ipl match tonight",online
"real talk, is the ring road flooded from the downpour right now as of now",online
live score for the la liga clasico tonight,online
"need this for an interview, why did the periodic table history happen for my notes",local
quick one - nifty 50 market cap right now no cap,online
so current valuation on sensex tonight,online
"real talk, nasdaq price right now?",online
Quick check on the s&p 500 before i trade before i head out,online
ok so how is gold rate trending today,online
ngl the highway conditions right now because of the storm asap,online
gradient descent math for my calculus homework,local
"just checking, the s&p 500 rate as of this minute at the moment",online
the unification of germany — what actually happened,local
Dow jones live chart movement,online
timeline of the boston tea party,local
ok walk through eigenvalues and eigenvectors with numbers,local
"hey, live score for the ufc fight card at the moment",online
quick one - live score for the euro cup semifinal rn,online
"genuinely curious, timeline of the treaty of versailles terms for revision",local
vector cross product — proof and intuition,local
so quick check on crude oil price before i trade tonight,online
the f1 race result just now just curious,online
hash map for dummies,local
ok so live score for the la liga clasico for real,online
Background on the causes of world war 1 for my essay for my notes,local
"Need this for an interview, walk through laplace transform with numbers briefly",local
is it safe to drive in london with this storm,online
give me a quick rundown of the russian revolution 1917,local
"ok ci cd pipeline basics, explain like i'm a beginner coder pls",local
should i carry an umbrella in new york today,online
explain ACID properties with a simple example,local
ok so is the main train route closed due to the accident as of now,online
"Just checking, crude oil price price right now for real",online
"genuinely curious, markov chains for my calculus homework with an example",local
Ok so current valuation on solana just curious,online
"fyi need to know, quick check on gold rate before i trade this morning",online
Mutex vs semaphore for dummies,local
is the flight from mumbai to delhi on time today,online
so what's going on with the ceasefire negotiations at the moment before my meeting,online
"for class tomorrow, real world use case for dynamic programming for revision",local
So any delays on the highway today this morning,online
quick q - hypothesis testing explained with an example problem thanks,local
"hey, background on the mughal empire timeline for my essay?",local
ok so did the earthquake near the coast get resolved yet rn,online
The asia cup final score update please tonight,online
explain deadlocks with a simple example,local
"Genuinely curious, summarize lambda expressions in a few bullet points",local
ok so the ufc fight card highlights from tonight in the last hour,online
Did the earthquake near the coast get resolved yet,online
How to solve problems using taylor series expansion,local
any delays on the metro line today at the moment,online
normalization in databases for dummies,local
quick one - did silver rate go up or down this morning,online
walk through linear regression math with numbers,local
"Just checking, latest on the supreme court verdict in real time?",online
"i don't get inheritance vs composition, someone explain before my exam",local
so important dates related to the great depression causes for my notes,local
textbook definition of map reduce filter functions,local
give me a quick rundown of the great depression causes,local
quick one - is the interstate open or blocked at the moment rn,online
"real talk, final score of the grand slam tennis match no cap",online
How to solve problems using laplace transform,local
"fyi need to know, current valuation on bitcoin",online
how to solve problems using law of cosines,local
the champions league final highlights from tonight before my meeting,online
Key figures involved in the treaty of versailles terms,local
"Need this for an interview, pros and cons of docker containers before my exam",local
ok explain the causes of world war 1 in a short paragraph with an example,local
so pros and cons of virtual functions in c++ for revision,local
ngl is the airport terminal closed due to the accident,online
ok logarithm rules — proof and intuition in simple terms,local
real world use case for multithreading in java,local
live score for the champions league final in the last hour,online
Ok so tesla stock market cap right now while i'm stuck in traffic,online
important dates related to the periodic table history for my notes,local
"genuinely curious, derive law of sines step by step briefly",local
"I don't get binary search tree, someone explain",local
why is multithreading in java used instead of load balancing,local
Give me a quick rundown of the treaty of versailles terms?,local
explain the ottoman empire decline in a short paragraph,local
any news on the tech layoffs happening today,online
ok main causes and effects of the causes of world war 1 for my notes,local
quick q - standard deviation formula formula and when to use it?,local
"For class tomorrow, real world use case for closures in javascript — struggling with this",local
"Hey, nifty 50 today's high and low for real",online
Key figures involved in the printing press invention impact,local
"Genuinely curious, the moon landing mission details — what actually happened thanks",local
"hey, memoization interview question breakdown thanks",local
"Real talk, real time quote for gold rate — need it fast",online
"Just heard about the flood situation downtown, what's the latest just curious",online
ngl is there a heat advisory in los angeles today for real,online
ok the causes of world war 1 — what actually happened thanks,local
Is the airport terminal closed due to the accident right now,online
"i don't get binary search tree, someone explain",local
"for my homework, why did the signing of the magna carta happen pls",local
"genuinely curious, logarithm rules formula and when to use it pls",local
"for my homework, process vs thread example in python please before my exam",local
give me a quick rundown of the partition of india,local
"Genuinely curious, practice problem using matrix multiplication rules thanks",local
Why is window functions in sql used instead of dijkstra's algorithm,local
ripple xrp market cap right now rn,online
Ok quadratic formula for my calculus homework,local
Ok so who won the india vs australia test last night while i'm stuck in traffic,online
The causes of world war 1 summary for history class,local
"fyi need to know, is the tech layoffs news affecting traffic right now — need it fast",online
"hey, why did the cold war origins happen briefly",local
heap data structure — key points to remember,local
the airport terminal conditions right now because of the storm rn,online
any delays on the ring road today this morning,online
"fyi need to know, eur to usd market cap right now",online
the ipl match highlights from tonight this evening,online
Nasdaq market cap right now,online
"just checking, who won the t20 world cup game last night just curious",online
what's the difference between synchronous and asynchronous io,local
Is the ceasefire negotiations affecting traffic right now,online
so did usd to inr go up or down this morning rn,online
Urgent - is the main train route closed due to the accident before i head out,online
breaking news on the border tensions for the group chat,online
practice problem using hypothesis testing,local
"for class tomorrow, how does CAP theorem actually work under the hood — struggling with this",local
usd to inr price right now,online
"Genuinely curious, walk me through linked list step by step thanks",local
why is database indexing used instead of SOLID principles,local
Quick q - key figures involved in the signing of the magna carta thanks,local
pros and cons of caching strategies,local
quick q - laplace transform for my calculus homework in simple terms,local
"hey, standard deviation formula formula and when to use it in simple terms",local
Quick q - why did ancient egyptian pyramid construction happen pls,local
Mutex vs semaphore example in python please,local
"I keep forgetting joins in sql, break it down for me",local
B-tree indexing for dummies,local
so laplace transform formula and when to use it?,local
explain the silk road trade routes in a short paragraph with an example,local
ok how would you implement operator overloading in c++ from scratch in simple terms,local
quick q - process vs thread — key points to remember for my notes,local
traffic status on the interstate this morning pls,online
ngl breaking news on the trade deal talks for real,online
"need this for an interview, important dates related to the industrial revolution key inventions in simple terms",local
"genuinely curious, the pythagorean theorem formula and when to use it — struggling with this",local
"Just checking, the election results — anything new in the last hour rn",online
Why did the ottoman empire decline happen pls,local
how to solve problems using partial derivatives pls,local
Walk through markov chains with numbers,local
crude oil price market cap right now,online
"just checking, the interstate conditions right now because of the storm in the last hour",online
So how would you implement generics in java from scratch?,local
Who's leading in the premier league match currently,online
the airport terminal conditions right now because of the storm right now,online
so how does map reduce filter functions actually work under the hood with an example,local
final score of the t20 world cup game — need it fast,online
"fyi need to know, who won the ufc fight card last night currently",online
"just checking, traffic status on the flyover near the city center this morning currently",online
Laplace transform for my calculus homework before my exam,local
Will it rain in bangalore in the next few hours,online
"just checking, who's leading in the grand slam tennis match currently",online
Ok so is cardano pumping or dumping today,online
so why did the partition of india happen pls,local
did ripple xrp go up or down this morning,online
"for class tomorrow, central limit theorem explained with an example problem",local
how to solve problems using hypothesis testing,local
"hey, compare memoization and thread pools in one paragraph",local
markov chains explained with an example problem,local
"for class tomorrow, important dates related to the russian revolution 1917",local
the power outage in the city developments as of today rn,online
"fyi need to know, how bad is the cabinet reshuffle right now for the group chat",online
Ripple xrp rate as of this minute,online
"genuinely curious, compare caching strategies and CAP theorem in one paragraph thanks",local
how to solve problems using quadratic formula briefly,local
"just checking, is the expressway open or blocked at the moment just curious",online
"Genuinely curious, timeline of ancient egyptian pyramid construction thanks",local
The ipl match result just now while i'm stuck in traffic,online
quick one - traffic status on the airport terminal this morning at the moment,online
"hey, how is infosys shares trending today before i head out",online
"need this for an interview, why did the printing press invention impact happen",local
urgent - is the metro line closed due to the accident asap,online
so important dates related to when the berlin wall fell briefly,local
"Fyi need to know, final score of the grand slam tennis match this morning",online
"inheritance vs composition, explain like i'm a beginner coder",local
breaking news on the earthquake near the coast,online
walk through gradient descent math with numbers before my exam,local
final score of the premier league match currently,online
"genuinely curious, walk through central limit theorem with numbers with an example",local
"hey, the airport terminal conditions right now because of the storm",online
"hey, the wimbledon final result just now",online
dependency injection for dummies,local
"for my homework, key figures involved in the periodic table history briefly",local
"genuinely curious, chain rule in calculus — proof and intuition?",local
"just checking, nvidia stock price action this week so far",online
is it safe to drive in singapore with this storm,online
quick q - probability distributions formula and when to use it — struggling with this,local
"just checking, final score of the asia cup final for real",online
"real talk, the ufc fight card result just now for the group chat",online
quick q - how does normalization forms actually work under the hood thanks,local
urgent - the heatwave alert — anything new in the last hour before my meeting,online
is the harbor bridge flooded from the downpour right now at the moment,online
"need this for an interview, derive integration by parts step by step pls",local
fourier transform formula and when to use it,local
Markov chains formula and when to use it,local
so walk through correlation vs causation with numbers thanks,local
python throws indexerror out of range in my for loop,local
so is the ring road closed due to the accident today,online
"hey, traffic status on the subway line this morning while i'm stuck in traffic",online
Give me a quick rundown of the unification of germany,local
"real talk, traffic status on the toll plaza this morning this evening",online
any delays on the ring road today pls,online
will it rain in seoul in the next few hours rn,online
partial derivatives explained with an example problem in simple terms,local
is the india vs australia test still playing right now,online
is the trade deal talks affecting traffic right now,online
"real talk, any updates on the cabinet reshuffle happening today no cap",online
"just checking, is the subway line closed due to the accident currently",online
Give me a quick rundown of the signing of the magna carta?,local
how to solve problems using taylor series expansion thanks,local
Sensex market cap right now,online
"For my homework, notes on recursion for my assignment?",local
Is there a heat advisory in london today,online
what's going on with the storm system offshore at the moment,online
"real talk, the grand slam tennis match score update please right now",online
the ufc fight card score update please for the group chat,online
Singleton pattern — key points to remember,local
So quick check on tcs stock before i trade as of now,online
live score for the f1 race pls,online
so matrix multiplication rules formula and when to use it for revision,local
Practice problem using limits and continuity,local
"for class tomorrow, pros and cons of bit manipulation tricks — struggling with this",local
So should i carry an umbrella in toronto today,online
the printing press invention impact summary for history class,local
Gradient descent math explained with an example problem pls,local
"hey, explain the periodic table history in a short paragraph",local
"hey, give me a quick rundown of the age of exploration key figures pls",local
ngl is the subway line closed due to the accident just curious,online
"genuinely curious, how does monolith vs microservices actually work under the hood?",local
"need this for an interview, how does TCP vs UDP actually work under the hood briefly",local
ok so eur to usd price right now before i head out,online
so any delays on the metro line today,online
walk through quadratic formula with numbers,local
"genuinely curious, practice problem using limits and continuity",local
"genuinely curious, pros and cons of virtual memory for revision",local
How would you implement promises vs callbacks from scratch,local
Asynchronous programming — key points to remember,local
urgent - is the metro line closed due to the accident this evening,online
walk through laplace transform with numbers,local
"just checking, just heard about the protest downtown, what's the latest rn",online
So who won the t20 world cup game last night for the group chat,online
urgent - bitcoin price right now rn,online
"for class tomorrow, pros and cons of caching strategies",local
ripple xrp price right now rn,online
so important dates related to the age of exploration key figures — struggling with this,local
main causes and effects of the french revolution timeline,local
Quick refresher on closures in javascript before my exam,local
ok why did the ottoman empire decline happen with an example,local
ok so final score of the ipl match while i'm stuck in traffic,online
Is the main train route flooded from the downpour right now,online
load balancing tutorial with code,local
"real talk, who's leading in the la liga clasico currently right now",online
So is the harbor bridge open or blocked at the moment tonight,online
"need this for an interview, timeline of the decolonization of africa for revision",local
quick q - main causes and effects of the fall of the roman empire,local
"need this for an interview, background on the decolonization of africa for my essay in simple terms",local
"genuinely curious, central limit theorem for my calculus homework with an example",local
solid overview of kubernetes pods for revision,local
the metro line conditions right now because of the storm?,online
"hey, heap data structure for dummies briefly",local
ok pros and cons of garbage collection for my notes,local
ok so who's leading in the t20 world cup game currently,online
urgent - the covid case numbers — anything new in the last hour this evening,online
Crude oil price market cap right now — need it fast,online
explain the treaty of versailles terms in a short paragraph,local
"hey, convex optimization basics formula and when to use it — struggling with this",local
ngl gold rate price action this week so far?,online
summarize heap data structure in a few bullet points thanks,local
is it safe to drive in berlin with this storm,online
ok why is race conditions used instead of deadlocks in simple terms,local
"for my homework, probability distributions — proof and intuition in simple terms",local
"Genuinely curious, i keep forgetting recursion, break it down for me for my notes",local
urgent - crude oil price price action this week so far no cap,online
"real talk, the harbor bridge conditions right now because of the storm — need it fast",online
The highway conditions right now because of the storm,online
"hey, walk me through multiple inheritance in python step by step",local
the border tensions developments as of today,online
Ok so apple stock market cap right now,online
explain the discovery of penicillin in a short paragraph,local
the india vs australia test result just now no cap,online
dogecoin price right now,online
Current valuation on sensex,online
"real talk, live score for the india vs australia test at the moment",online
Background on the discovery of penicillin for my essay,local
"for class tomorrow, real world use case for REST vs GraphQL",local
"hey, who's leading in the premier league match currently at the moment",online
"just checking, tcs stock price right now right now",online
so the wildfire in the hills developments as of today — need it fast,online
"real talk, how is sensex trending today today",online
"for my homework, summarize linked list in a few bullet points thanks",local
Background on the partition of india for my essay,local
"genuinely curious, derivative of a function explained with an example problem",local
"genuinely curious, derive vector cross product step by step",local
"Need this for an interview, timeline of the decolonization of africa briefly",local
"For class tomorrow, give me a quick rundown of the unification of germany — struggling with this",local
"For class tomorrow, timeline of the moon landing mission details for my notes",local
"genuinely curious, main causes and effects of the discovery of penicillin in simple terms",local
the f1 race result just now before my meeting,online
"for class tomorrow, the mughal empire timeline summary for history class?",local
derive gradient descent math step by step,local
merge sort for dummies with an example,local
ok so who won the la liga clasico last night for real,online
ngl breaking news on the election results no cap,online
urgent - any updates on the airline strike happening today pls,online
probability distributions explained with an example problem thanks,local
live score for the f1 race?,online
the ufc fight card result just now for real,online
who won the ashes series last night while i'm stuck in traffic,online
"need this for an interview, practice problem using correlation vs causation",local
"for my homework, walk through linear regression math with numbers",local
"need this for an interview, denormalization tutorial with code for my notes",local
so the premier league match highlights from tonight today,online
virtual memory example in python please,local
quick check on nvidia stock before i trade,online
"genuinely curious, timeline of the renaissance key artists with an example",local
"for my homework, derive partial derivatives step by step briefly",local
Quick q - main causes and effects of the french revolution timeline,local
the airport terminal conditions right now because of the storm this morning,online
"For my homework, give me a quick rundown of the ottoman empire decline with an example",local
"Hey, quick check on ripple xrp before i trade this morning",online
the decolonization of africa summary for history class pls,local
Walk me through tail recursion step by step for revision,local
how does mutex vs semaphore actually work under the hood,local
"real talk, how is solana trending today as of now",online
joins in sql for dummies,local
"for class tomorrow, solid overview of asynchronous programming for revision thanks",local
infosys shares price action this week so far while i'm stuck in traffic,online
the trade deal talks — anything new in the last hour before i head out,online
ngl is the euro cup semifinal still playing right now,online
"hey, timeline of the cold war origins pls",local
"Real talk, is the ufc fight card still playing right now rn",online
breaking news on the tech layoffs news this morning,online
so key figures involved in the signing of the magna carta with an example,local
Who's leading in the la liga clasico currently,online
ok laplace transform — proof and intuition with an example,local
Is the earthquake near the coast affecting traffic right now,online
"real talk, quick check on crude oil price before i trade?",online
"for my homework, partial derivatives explained with an example problem with an example",local
breaking news on the earthquake near the coast rn,online
quick one - did the covid case numbers get resolved yet before i head out,online
usd to inr live chart movement,online
Any updates on the heatwave alert happening today,online
law of sines for my calculus homework thanks,local
"just checking, current congestion level on the harbor bridge just curious",online
any delays on the interstate today before my meeting,online
"Real talk, the asia cup final score update please before my meeting",online
how is nasdaq trending today,online
So give me a quick rundown of the mughal empire timeline,local
"i keep forgetting backtracking algorithms, break it down for me",local
"real talk, the s&p 500 rate as of this minute",online
Permutations and combinations formula and when to use it briefly,local
quick q - ancient egyptian pyramid construction — what actually happened?,local
ngl current valuation on nifty 50 before my meeting,online
"Hey, when should i pick operator overloading in c++ over topological sort briefly",local
Quick one - the euro cup semifinal highlights from tonight asap,online
So important dates related to the boston tea party in simple terms,local
"Need this for an interview, important dates related to the causes of world war 1 for revision",local
breaking news on the parliament session today?,online
"For my homework, probability distributions formula and when to use it",local
Main causes and effects of the periodic table history,local
how bad is the election results right now,online
is the covid case numbers affecting traffic right now,online
ok so is the interstate open or blocked at the moment?,online
Final score of the la liga clasico,online
the fall of the roman empire summary for history class pls,local
ngl live score for the world cup qualifier before my meeting,online
why is microservices architecture used instead of docker containers,local
"for my homework, timeline of when the berlin wall fell for my notes",local
"fyi need to know, is the flight delayed out of paris due to fog today",online
logarithm rules — proof and intuition thanks,local
"for my homework, main causes and effects of the signing of the magna carta — struggling with this",local
matrix multiplication rules — proof and intuition,local
so background on the age of exploration key figures for my essay in simple terms,local
quick one - is the expressway open or blocked at the moment no cap,online
"just checking, who won the wimbledon final last night pls",online
"fyi need to know, nifty 50 rate as of this minute this morning",online
Current valuation on tcs stock currently,online
timeline of when the berlin wall fell,local
Who's leading in the f1 race currently,online
ok connection pooling interview question breakdown before my exam,local
"need this for an interview, how to solve problems using chain rule in calculus briefly",local
"hey, gold rate market cap right now for the group chat",online
ok derive the pythagorean theorem step by step,local
the cabinet reshuffle developments as of today,online
so the wimbledon final score update please no cap,online
Gold rate live chart movement,online
Bayes theorem — proof and intuition,local
"fyi need to know, is the subway line closed due to the accident this evening",online
Compare git rebase vs merge and lambda expressions in one paragraph,local
"real talk, is the harbor bridge open or blocked at the moment in the last hour",online
"real talk, the grand slam tennis match highlights from tonight",online
Quick one - quick check on gold rate before i trade while i'm stuck in traffic,online
pros and cons of operator overloading in c++,local
is the ashes series still playing right now before i head out,online
"for my homework, main causes and effects of the mughal empire timeline for my notes",local
convex optimization basics explained with an example problem in simple terms,local
the border tensions status update please tonight,online
why is git rebase vs merge used instead of monads in haskell,local
ngl real time quote for apple stock right now,online
quick q - key figures involved in the partition of india — struggling with this,local
ok so final score of the ashes series just curious,online
Key figures involved in the great depression causes,local
how would you implement dependency injection from scratch,local
Did nvidia stock go up or down this morning,online
"for my homework, i keep forgetting B-tree indexing, break it down for me",local
the la liga clasico score update please,online
"for my homework, timeline of the industrial revolution key inventions pls",local
"i don't get eventual consistency, someone explain",local
So the world cup qualifier score update please — need it fast,online
"hey, walk through law of sines with numbers before my exam",local
"need this for an interview, main causes and effects of the silk road trade routes in simple terms",local
when should i pick stack vs heap memory over microservices architecture,local
"need this for an interview, multithreading in java, explain like i'm a beginner coder",local
"For my homework, how to solve problems using bayes theorem",local
so multithreading in java — key points to remember for my notes,local
"fyi need to know, current congestion level on the flyover near the city center",online
Eur to usd price action this week so far asap,online
traffic status on the toll plaza this morning while i'm stuck in traffic,online
Ngl who's leading in the premier league match currently for real,online
sharding vs observer pattern which is better and when,local
Why did the printing press invention impact happen,local
important dates related to the treaty of versailles terms,local
Sliding window technique interview question breakdown,local
bayes theorem explained with an example problem in simple terms,local
"Virtual memory, explain like i'm a beginner coder",local
mock objects in testing — key points to remember,local
ok so is the interstate closed due to the accident no cap,online
will it rain in mumbai in the next few hours,online
Ok unit testing vs integration testing tutorial with code for revision,local
"hey, is the expressway flooded from the downpour right now as of now",online
summarize mock objects in testing in a few bullet points for revision,local
so main causes and effects of the moon landing mission details in simple terms,local
gold rate price right now rn,online
ripple xrp today's high and low,online
so is it safe to drive in seoul with this storm right now,online
how would you implement denormalization from scratch,local
how to implement a stack using two queues,local
ok so the central bank's rate decision status update please currently,online
ok hash map interview question breakdown,local
"fyi need to know, should i carry an umbrella in toronto today before my meeting",online
"hey, why is version control branching used instead of thread pools for revision",local
"Genuinely curious, walk me through normalization in databases step by step with an example",local
is there a heat advisory in sydney today,online
"just checking, is the toll plaza open or blocked at the moment asap",online
quick one - ethereum today's high and low rn,online
thread pools example in python please,local
so probability distributions explained with an example problem,local
regular expressions example in python please,local
"real talk, is the highway flooded from the downpour right now before i head out",online
ok so the champions league final result just now this evening,online
"just heard about the vaccine rollout progress, what's the latest before my meeting",online
Timeline of the renaissance key artists — struggling with this,local
summarize window functions in sql in a few bullet points,local
so main causes and effects of the wright brothers first flight,local
Final score of the t20 world cup game,online
So background on the industrial revolution key inventions for my essay — struggling with this,local
quick q - kubernetes pods vs deadlocks which is better and when,local
timeline of the wright brothers first flight — struggling with this,local
"for class tomorrow, compare joins in sql and big O notation in one paragraph",local
quick check on eur to usd before i trade,online
"Fyi need to know, how is dogecoin trending today as of now",online
ok so live score for the ufc fight card today,online
ok so the la liga clasico highlights from tonight today,online
background on when the berlin wall fell for my essay in simple terms,local
"fyi need to know, is infosys shares pumping or dumping today currently",online
why is unit testing vs integration testing used instead of mock objects in testing,local
"hey, the vaccine rollout progress developments as of today for real",online
"Hey, convex optimization basics formula and when to use it thanks",local
Who's leading in the ashes series currently?,online
"quick q - i keep forgetting unit testing vs integration testing, break it down for me",local
Who won the world cup qualifier last night,online
Practice problem using central limit theorem,local
"hey, how is solana trending today asap",online
"real talk, is the expressway open or blocked at the moment rn",online
"fyi need to know, is the t20 world cup game still playing right now before my meeting",online
ngl how is nifty 50 trending today,online
Is the subway line closed due to the accident — need it fast,online
is nasdaq pumping or dumping today,online
"need this for an interview, fourier transform for my calculus homework — struggling with this",local
"Just checking, silver rate live chart movement before i head out",online
urgent - is the metro line open or blocked at the moment in the last hour,online
"Real talk, did ripple xrp go up or down this morning rn",online
quick q - main causes and effects of the russian revolution 1917,local
"genuinely curious, give me a quick rundown of the renaissance key artists briefly",local
"for my homework, textbook definition of garbage collection — struggling with this",local
quick one - final score of the nba game at the moment,online
so how does mock objects in testing actually work under the hood before my exam,local
real time quote for reliance shares no cap,online
"hey, is dogecoin pumping or dumping today this morning",online
"fyi need to know, quick check on sensex before i trade while i'm stuck in traffic",online
load balancing example in python please,local
Practice problem using laplace transform,local
main causes and effects of the age of exploration key figures,local
current congestion level on the expressway,online
quick one - current congestion level on the airport terminal this morning,online
urgent - the ipl match score update please for the group chat,online
"Hey, who won the grand slam tennis match last night for the group chat",online
is the ashes series still playing right now,online
the ipl match result just now,online
difference between CAP theorem and kubernetes pods,local
"hey, should i carry an umbrella in berlin today tonight",online
"real talk, the world cup qualifier highlights from tonight this evening",online
give me a quick rundown of the boston tea party,local
dow jones market cap right now,online
"window functions in sql, explain like i'm a beginner coder?",local
ok compiler vs interpreter — key points to remember — struggling with this,local
The premier league match highlights from tonight just curious,online
ngl current valuation on tesla stock for the group chat,online
Explain the fall of the roman empire in a short paragraph,local
is ripple xrp pumping or dumping today before my meeting,online
when should i pick unit testing vs integration testing over kubernetes pods,local
tail recursion tutorial with code in simple terms,local
"just checking, is nifty 50 pumping or dumping today pls",online
urgent - is the airport terminal open or blocked at the moment this evening,online
ngl usd to inr live chart movement in the last hour,online
"genuinely curious, give me a quick rundown of the cold war origins briefly",local
the printing press invention impact — what actually happened,local
"for class tomorrow, walk through correlation vs causation with numbers pls",local
how would you implement memoization from scratch,local
"Just checking, reliance shares price action this week so far in the last hour",online
breaking news on the vaccine rollout progress,online
quick q - why is virtual memory used instead of recursion — struggling with this,local
how would you implement graph traversal from scratch,local
Binary search tree interview question breakdown,local
traffic status on the toll plaza this morning rn,online
quick q - important dates related to the printing press invention impact,local
give me a quick rundown of when the berlin wall fell,local
"quick sort, explain like i'm a beginner coder",local
"just checking, traffic status on the flyover near the city center this morning pls",online
Practice problem using logarithm rules for my notes,local
"genuinely curious, main causes and effects of the boston tea party in simple terms",local
did ethereum go up or down this morning for real,online
chain rule in calculus formula and when to use it,local
solid overview of bit manipulation tricks for revision,local
Explain dynamic programming with a simple example,local
ok so will it rain in tokyo in the next few hours,online
ok so live score for the asia cup final rn,online
The central bank's rate decision developments as of today,online
urgent - is the main train route flooded from the downpour right now,online
"Genuinely curious, docker containers, explain like i'm a beginner coder for my notes",local
current valuation on nifty 50 currently,online
Is the protest downtown still ongoing,online
"hey, important dates related to the mughal empire timeline in simple terms",local
ok so tesla stock market cap right now just curious,online
So derive laplace transform step by step briefly,local
"fyi need to know, final score of the ipl match this evening",online
Virtual memory — key points to remember,local
greedy algorithms for dummies,local
Ok compare CAP theorem and microservices architecture in one paragraph,local
is the toll plaza closed due to the accident,online
Memoization interview question breakdown?,local
quick one - live score for the champions league final today,online
quick one - should i carry an umbrella in berlin today pls,online
the protest downtown developments as of today,online
Compare immutability in functional programming and CAP theorem in one paragraph,local
ok compare static vs dynamic typing and monads in haskell in one paragraph with an example,local
the heatwave alert — anything new in the last hour,online
"fyi need to know, traffic status on the toll plaza this morning before my meeting",online
why is SOLID principles used instead of TCP vs UDP,local
ok explain the boston tea party in a short paragraph,local
ok so any delays on the harbor bridge today just curious,online
the grand slam tennis match score update please,online
ok so any delays on the metro line today at the moment,online
notes on caching strategies for my assignment,local
so eur to usd market cap right now before my meeting,online
ok law of cosines for my calculus homework thanks,local
Is the toll plaza open or blocked at the moment currently,online
Quick check on nasdaq before i trade,online
"need this for an interview, how to solve problems using markov chains — struggling with this",local
"Need this for an interview, singleton pattern cheat sheet briefly",local
Ok difference between backtracking algorithms and observer pattern,local
merge sort example in python please,local
walk through fourier transform with numbers,local
heap data structure for dummies,local
Ripple xrp market cap right now,online
"real talk, the s&p 500 today's high and low tonight",online
quick one - crude oil price live chart movement pls,online
ok correlation vs causation — proof and intuition before my exam,local
"need this for an interview, topological sort, explain like i'm a beginner coder thanks",local
Explain the great depression causes in a short paragraph,local
"For class tomorrow, vector cross product for my calculus homework pls",local
"For my homework, main causes and effects of ancient egyptian pyramid construction thanks",local
"just checking, is the ring road open or blocked at the moment while i'm stuck in traffic",online
nifty 50 market cap right now,online
real world use case for ACID properties,local
"real talk, how humid is it in chicago right now before i head out",online
ngl did the tech layoffs news get resolved yet while i'm stuck in traffic,online
nasdaq rate as of this minute for the group chat,online
Timeline of the fall of the roman empire,local
Background on the decolonization of africa for my essay,local
should i carry an umbrella in sydney today,online
"genuinely curious, timeline of the industrial revolution key inventions — struggling with this",local
Ngl is the harbor bridge open or blocked at the moment,online
any delays on the airport terminal today this evening,online
The theory of evolution basics — what actually happened,local
urgent - cardano live chart movement for the group chat,online
"Genuinely curious, give me a quick rundown of the american civil war causes thanks",local
Ok important dates related to the decolonization of africa,local
current congestion level on the ring road,online
integration by parts — proof and intuition,local
ngl reliance shares rate as of this minute pls,online
"hey, infosys shares market cap right now",online
"just checking, crude oil price price action this week so far at the moment",online
"for my homework, how to solve problems using quadratic formula thanks",local
urgent - the grand slam tennis match score update please right now,online
important dates related to the decolonization of africa,local
Derive integration by parts step by step,local
so who's leading in the f1 race currently before i head out,online
Ngl is the border tensions still ongoing before i head out,online
urgent - dogecoin price right now no cap,online