query,label
talk to me in italian from now on,local
what is the correct spelling of judgment,local
does chili's take reservations,online
please respond in latin from now on,local
i'm going out of the country and need to notify my bank,online
Traffic status on the interstate this morning,online
"just checking, who won the t20 world cup game last night this morning",online
Ngl is the airport terminal open or blocked at the moment just curious,online
ngl the t20 world cup game highlights from tonight — need it fast,online
ngl is the election results affecting traffic right now?,online
what are some funny things about food,local
current congestion level on the main train route,online
Background on the american civil war causes for my essay,local
current air quality index in mumbai,online
"no, that can't be right",local
please talk quietly,local
what subjects are you versed in,local
what entity is your boss,local
Real time quote for nasdaq,online
live score for the premier league match right now,online
"for class tomorrow, give me a quick rundown of the ottoman empire decline with an example",local
"hey, quick check on solana before i trade as of now",online
spell potato,local
"fyi need to know, is nasdaq pumping or dumping today today",online
the volume should be decreased,local
use one of your male voices,local
do you know of any good mexican restaurants in seattle,online
"need this for an interview, solid overview of git rebase vs merge for revision",local
"Need this for an interview, explain the boston tea party in a short paragraph for my notes",local
so what's going on with the ceasefire negotiations at the moment for the group chat,online
"for class tomorrow, walk through logarithm rules with numbers — struggling with this",local
direct me to the closest starbucks near home,online
Hypothesis testing — proof and intuition,local
"for class tomorrow, walk through correlation vs causation with numbers pls",local
"i don't get git rebase vs merge, someone explain",local
So linear regression math for my calculus homework before my exam,local
how long does it take to cook ham,local
what do you know,local
solana rate as of this minute,online
i appreciate that answer!,local
explain virtual memory with a simple example for revision,local
"Fyi need to know, who won the india vs australia test last night",online
important dates related to the industrial revolution key inventions?,local
current valuation on reliance shares,online
i want to see paris will i need an international visa,online
quick one - nifty 50 market cap right now no cap,online
"For my homework, important dates related to the moon landing mission details pls",local
ok dynamic programming — key points to remember,local
integration by parts explained with an example problem,local
apple stock price right now,online
what's the chance of rain on friday,online
"hey, how to solve problems using correlation vs causation before my exam",local
walk me through regular expressions step by step,local
what would your age be,local
Solana market cap right now for the group chat,online
why did the russian revolution 1917 happen,local
derive standard deviation formula step by step,local
what is 005 percent of 1 percent,local
what kinds of questions can you answer,local
Quick q - tail recursion — key points to remember,local
say it again please,local
"normalization forms, explain like i'm a beginner coder for revision",local
what is the name of your boss,local
tell me about any travel alerts issued for germany,online
So any delays on the toll plaza today no cap,online
so is the border tensions affecting traffic right now right now,online
the ashes series result just now before i head out,online
"genuinely curious, convex optimization basics explained with an example problem in simple terms",local
Give me a quick rundown of the signing of the magna carta?,local
farewell!,local
change your language to spanish please,local
ok so any updates on the tech layoffs news happening today this evening,online
"please book a hotel in ny, close to brooklyn, on the 25th to 30th",online
what is the sum of 3 plus 5,local
what country were you made,local
i need to know if the application been processed,online
breaking news on the tech layoffs news this morning,online
how do you say thank you in german,local
"for class tomorrow, why did the renaissance key artists happen for revision",local
Ngl is the expressway flooded from the downpour right now no cap,online
does pizza hut have good reviews,online
"for class tomorrow, the decolonization of africa summary for history class",local
So derive laplace transform step by step briefly,local
"Hey, bayes theorem for my calculus homework in simple terms",local
i appreciate it,local
create a timer for me,local
who won the champions league final last night before my meeting,online
what is the weather going to be like,online
do you know any trivia about ostriches,local
give me a quick rundown of the decolonization of africa,local
are you an automated assistance,local
ethereum price right now before i head out,online
i need an uber that will accommodate eight people to go to the closest amc theater,online
can you translate bowl into russian for me,local
"need this for an interview, derivative of a function formula and when to use it thanks",local
is the t20 world cup game still playing right now as of now,online
i would like to listen to a funny joke,local
ngl live score for the f1 race rn,online
ok so is the nba game still playing right now asap,online
ok walk through probability distributions with numbers?,local
"for class tomorrow, give me a quick rundown of the printing press invention impact pls",local
do a hard reset,local
what did you just mention,local
urgent - nvidia stock today's high and low this morning,online
"For my homework, central limit theorem for my calculus homework",local
any delays on the flyover near the city center today this evening,online
"for class tomorrow, give me a quick rundown of the french revolution timeline for my notes",local
set a six minute timer,local
i would like to hear a funny joke,local
"real talk, is nvidia stock pumping or dumping today",online
make me laugh with a funny joke,local
"Need this for an interview, walk through correlation vs causation with numbers for my notes",local
"genuinely curious, practice problem using matrix multiplication rules before my exam",local
Ngl final score of the nba game for real,online
Practice problem using hypothesis testing,local
"hey, current congestion level on the flyover near the city center right now",online
how does two pointer technique actually work under the hood,local
i must change your name to amanda,local
Urgent - who won the f1 race last night today,online
is the level of fuel in my car enough to get me to work,online
ngl is the metro line open or blocked at the moment?,online
ai how are you doing on this fine day,local
i gotta know when my flight will land,online
how long do you need to bake chicken for it to be safe to eat,local
how would you implement generics in java from scratch,local
quick one - nvidia stock market cap right now tonight,online
update me on my delta flight please,online
"just checking, traffic status on the toll plaza this morning in the last hour",online
"for class tomorrow, taylor series expansion for my calculus homework with an example",local
do you have an employer,local
"for my homework, fourier transform explained with an example problem",local
quick one - final score of the champions league final while i'm stuck in traffic,online
what is the correct way to say 'i am a visitor' in french,local
go ahead and increase the volume to 4 please,local
how does asynchronous programming actually work under the hood,local
"for class tomorrow, compare microservices architecture and stack vs heap memory in one paragraph",local
So explain the mughal empire timeline in a short paragraph — struggling with this,local
nifty 50 price right now today,online
"at four, how much business does georgio have",online
Solana rate as of this minute,online
"hey, the india vs australia test result just now just curious",online
Urgent - any delays on the interstate today in the last hour,online
"hey, quick refresher on graph traversal before my exam briefly",local
how to solve problems using quadratic formula briefly,local
Background on the industrial revolution key inventions for my essay,local
Quick q - important dates related to the discovery of penicillin for revision,local
what does alternative mean,local
"just checking, the cabinet reshuffle developments as of today asap",online
The asia cup final result just now,online
"for my homework, how to solve problems using linear regression math for my notes",local
is the expressway flooded from the downpour right now pls,online
does my life have meaning,local
"just checking, current congestion level on the expressway before my meeting",online
it was nice to converse with you,local
"fyi need to know, current congestion level on the metro line",online
"Genuinely curious, when should i pick virtual functions in c++ over merge sort thanks",local
what is 15% of 3143,local
Background on when the berlin wall fell for my essay,local
"Fyi need to know, is it safe to drive in los angeles with this storm this morning",online
when should i expect my flight to come in,online
ngl current valuation on infosys shares for the group chat,online
i'm looking for a roundtrip flight from fwa to hsv for march first to march fifth,online
let me know what flights there are out of dallas to miami on march 10 for under $450,online
i'd like you to call me something different,local
are there travel notifications for columbia,online
"real talk, final score of the ashes series before i head out",online
can you please sat it one more time,local
so important dates related to ancient egyptian pyramid construction?,local
good night,local
"yes, that's confirmed",local
quick one - who's leading in the ashes series currently before i head out,online
so probability distributions formula and when to use it — struggling with this,local
so did eur to usd go up or down this morning?,online
how did you save my name,local
solid overview of mock objects in testing for revision,local
"i need to get a flight out of my local airport to england on monday, the 23rd for under a grand",online
the ashes series highlights from tonight,online
"for class tomorrow, background on ancient egyptian pyramid construction for my essay for my notes",local
Ok ci cd pipeline basics for dummies with an example,local
Is the nba game still playing right now,online
give me a quick rundown of the industrial revolution key inventions,local
the expressway conditions right now because of the storm,online
tell me once more,local
Tesla stock rate as of this minute,online
"just checking, traffic status on the flyover near the city center this morning pls",online
walk through convex optimization basics with numbers before my exam,local
Is the flight delayed out of tokyo due to fog,online
real world use case for monads in haskell,local
i need to know what restaurants are near me,online
what kinds of questions can i ask you,local
please locate me on the map and show me,online
ok chain rule in calculus formula and when to use it,local
please turn on whisper mode,local
what hobbies do you like to partake in,local
is gold rate pumping or dumping today,online
"Real talk, the ipl match result just now tonight",online
what would be a fun fact about cats,local
"hey, real world use case for heap data structure thanks",local
Urgent - is the interstate open or blocked at the moment this evening,online
Is the harbor bridge flooded from the downpour right now,online
Any updates on the central bank's rate decision happening today,online
notes on ACID properties for my assignment for revision,local
"for class tomorrow, walk through logarithm rules with numbers pls",local
any travel advisories for portugal,online
so explain the treaty of versailles terms in a short paragraph in simple terms,local
"i'm cooking an egg, timer for 3 mins",local
real time quote for infosys shares — need it fast,online
what are the currect travel alerts in africa,online
"need this for an interview, give me a quick rundown of the renaissance key artists — struggling with this",local
practice problem using fourier transform,local
Chain rule in calculus for my calculus homework,local
tell me a fun fact about computer,local
yes that is correct,local
i need to set a timer,local
is there someone else you work for,local
ok so who won the champions league final last night tonight,online
what are my gps coordinates at this location,online
how long is it acceptable to carmelize onions,local
is my gas tank at least half full,online
so crude oil price market cap right now as of now,online
bit manipulation tricks vs dijkstra's algorithm which is better and when pls,local
traffic status on the main train route this morning?,online
"please flip a coin for me, tails i win",local
i need to change your voice settings,local
can you tell me what 80 divided buy 4 is,local
is it safe to drive in los angeles with this storm,online
Fourier transform formula and when to use it pls,local
the ipl match result just now currently,online
derivative of a function formula and when to use it,local
you saved my name how,local
Ngl live score for the ashes series,online
what is the meaning of supercede,local
main causes and effects of when the berlin wall fell with an example,local
i prefer female voice now,local
no that is not right,local
you can call me michael,local
practice problem using taylor series expansion,local
change accent to male british,local
can i substitute skim milk for whole milk,local
"operator overloading in c++, explain like i'm a beginner coder?",local
so derive convex optimization basics step by step thanks,local
"immutability in functional programming, explain like i'm a beginner coder in simple terms",local
"real talk, is the metro line open or blocked at the moment as of now",online
ok textbook definition of message queues with an example,local
lets go with heads or tails,local
is the flyover near the city center closed due to the accident for real,online
the t20 world cup game highlights from tonight asap,online
what's going on with the parliament session today at the moment,online
"just checking, is the subway line closed due to the accident while i'm stuck in traffic",online
explain race conditions with a simple example,local
"Hey, breaking news on the airline strike rn",online
quick q - walk through derivative of a function with numbers,local
quick q - the moon landing mission details summary for history class before my exam,local
real world use case for multithreading in java,local
How is tesla stock trending today currently,online
Quick one - how is crude oil price trending today,online
ok so how is sensex trending today,online
ok the wright brothers first flight summary for history class for my notes,local
book me a car rental in nashville,online
"need this for an interview, practice problem using convex optimization basics",local
thank you,local
how do you usually refer to me,local
list my current gps coordinates,online
"for my homework, how to solve problems using gradient descent math thanks",local
textbook definition of heap data structure,local
solid overview of CAP theorem for revision,local
i need you to get me a rental car in nashville,online
did crude oil price go up or down this morning,online
give me an idea of traffic on the way to the doctors office at 6,online
Ok so solana price right now for real,online
how does greedy algorithms actually work under the hood,local
Is the flight delayed out of sydney due to fog pls,online
whats the definition of poor,local
i will determine it with a coin flip,local
tell me the types of things i can ask you about,local
tell me how to say hello in spanish,local
pros and cons of REST vs GraphQL,local
can you use the whisper voice,local
direct me to the closest korean grocery,online
look up zesty in dictionary,local
tell me where you were born,local
what kind of activities do you enjoy,local
i need to know how many r's are in restaurant,local
"Real talk, the ring road conditions right now because of the storm before my meeting",online
i need to know where the nearest place that has mountain dew is,online
"real talk, who won the nba game last night?",online
"fyi need to know, is the interstate closed due to the accident",online
notes on promises vs callbacks for my assignment,local
order a large uber for 5 people to the zoo,online
latest on the tech layoffs news in real time tonight,online
is there another company you work for,local
"what is the name that you have for me, please",local
whats lifes meaning exactly,local
"hey, practice problem using integration by parts thanks",local
roll the dice for me,local
is apple stock pumping or dumping today,online
quick q - background on the discovery of penicillin for my essay before my exam,local
walk me through observer pattern step by step,local
"Fyi need to know, reliance shares rate as of this minute before my meeting",online
"for class tomorrow, background on the silk road trade routes for my essay in simple terms",local
Background on the signing of the magna carta for my essay,local
"i keep forgetting race conditions, break it down for me",local
operator overloading in c++ — key points to remember,local
Eur to usd today's high and low,online
so limits and continuity explained with an example problem thanks,local
so is the storm system offshore affecting traffic right now right now,online
"for my homework, i keep forgetting B-tree indexing, break it down for me with an example",local
"need this for an interview, sharding — key points to remember thanks",local
Bitcoin rate as of this minute,online
"change to whisper mode, please",local
"for my homework, the mughal empire timeline summary for history class pls",local
how does topological sort actually work under the hood,local
what time will my flight be boarding,online
what do you have me saved under,local
ok so is dogecoin pumping or dumping today,online
"fyi need to know, the world cup qualifier score update please",online
how do you say it's snowing in german,local
i need you to increase the speaker volume,local
correct,local
would you care to let me know where you were made,local
how many centimeters are in 4 inches,local
"just checking, the premier league match highlights from tonight tonight",online
what are good restaurants in reno that serve sushi,online
"just checking, who won the grand slam tennis match last night before i head out",online
so quadratic formula formula and when to use it for revision,local
current valuation on solana,online
explain some trivia about lebron james,local
any updates on the parliament session today happening today rn,online
so is the t20 world cup game still playing right now for the group chat,online
"real talk, the s&p 500 today's high and low tonight",online
can i start calling you chris,local
"sorry, i didn't hear you, can you say that gain",local
check out my location up on the map,online
are you a real person or artificial intelligence,local
Convex optimization basics formula and when to use it,local
quick one - what's going on with the ceasefire negotiations at the moment for the group chat,online
let me know what names you have for me,local
is there a travel alert for scotland,online
is almond milk an acceptable substitute for milk,local
Urgent - reliance shares live chart movement as of now,online
translate hello english to french,local
"For class tomorrow, walk through vector cross product with numbers in simple terms",local
quick one - real time quote for solana for real,online
i need an uber to the doctor,online
ok main causes and effects of the french revolution timeline before my exam,local
"quick one - just heard about the heatwave alert, what's the latest before i head out",online
"for my homework, central limit theorem for my calculus homework pls",local
"real talk, the s&p 500 rate as of this minute",online
"just checking, traffic status on the interstate this morning asap",online
"fyi need to know, how is tesla stock trending today",online
start a timer for me,local
So should i carry an umbrella in pune today currently,online
Urgent - the earthquake near the coast status update please right now,online
Should i carry an umbrella in mumbai today,online
give me a quick rundown of the russian revolution 1917,local
"hey, convex optimization basics formula and when to use it briefly",local
tell my bank i am traveling out of country,online
ok so is the interstate closed due to the accident before i head out,online
quick one - current congestion level on the expressway just curious,online
quick one - quick check on nasdaq before i trade at the moment,online
did nvidia stock go up or down this morning asap,online
Ok walk through chain rule in calculus with numbers thanks,local
"howdy, what's new",local
so quick refresher on merge sort before my exam before my exam,local
what the heck is qat,local
timeline of when the berlin wall fell,local
how's traffic en route to virginia,online
"just checking, is the toll plaza open or blocked at the moment this evening",online
urgent - current congestion level on the ring road just curious,online
"Real talk, live score for the india vs australia test tonight",online
can you slow down your speech,local
increase volume to 4,local
that's not what i want!,local
what is behind life's meaning,local
ok the treaty of versailles terms — what actually happened in simple terms,local
walk me through denormalization step by step before my exam,local
why do u work for them,local
do i need a visa for germany,online
the answer is false,local
important dates related to the cold war origins,local
is it safe to drive in toronto with this storm right now,online
notes on quick sort for my assignment,local
"for my homework, probability distributions — proof and intuition before my exam",local
i need to know the nearest bank's location,online
switch over to the female voice,local
"genuinely curious, background on the causes of world war 1 for my essay pls",local
what time will i be allowed to board,online
"Genuinely curious, walk me through big O notation step by step briefly",local
you need to change your accent to the male british one,local
Subqueries in sql cheat sheet in simple terms,local
would you say you are working for me,local
is the wimbledon final still playing right now,online
"for class tomorrow, foreign key constraints for dummies before my exam",local
"urgent - just heard about the covid case numbers, what's the latest tonight",online
excuse me,local
"need this for an interview, the pythagorean theorem — proof and intuition briefly",local
"real talk, who won the premier league match last night tonight",online
where did you live prior to living here,local
"Need this for an interview, how to solve problems using hypothesis testing",local
when will they let me board,online
please set a timer for 6 minutes,local
"genuinely curious, practice problem using limits and continuity",local
can traveling to nepal be safe (what's safe in x),online
"Hey, key figures involved in the causes of world war 1",local
ok monads in haskell for dummies with an example,local
talker faster please,local
i decide to switch out of whisper mode,local
is it possible to make reservations at chili's,online
what country do you consider yourself a citizen of,local
how is the traffic on the way to work,online
what makes you happy in your free time,local
please let my bank know that i will be in rome from february 1 to march 1,online
urgent - quick check on the s&p 500 before i trade before i head out,online
ok,local
Pros and cons of singleton pattern pls,local
"for class tomorrow, law of sines formula and when to use it",local
quick refresher on multiple inheritance in python before my exam thanks,local
what's the cheapest fares from lax to sfo for round trip flights leaving april 1st and returning april 7th,online
tell me a joke,local
"Just checking, crude oil price price right now for real",online
did the s&p 500 go up or down this morning,online
"about something,tell me some trivia",local
"just checking, the ipl match highlights from tonight today",online
crude oil price market cap right now,online
"genuinely curious, unit testing vs integration testing tutorial with code",local
Walk me through ci cd pipeline basics step by step,local
i want to put you in a different language,local
quick one - the india vs australia test highlights from tonight right now,online
"for my homework, why did the age of exploration key figures happen",local
what is the weather like tomorrow,online
ok explain the industrial revolution key inventions in a short paragraph briefly,local
lower your volume,local
background on the fall of the roman empire for my essay,local
is there an update on flight dl123,online
what is 78 times 85,local
why is regular expressions used instead of merge sort,local
will you roll a 5 sided dice,local
i wanna swap salt for baking soda,local
notes on recursion for my assignment,local
what's going on with the power outage in the city at the moment,online
replay what you just said,local
urgent - is the metro line closed due to the accident this evening,online
reset to factory default,local
graph traversal — key points to remember,local
increase the volume level to 4,local
you are so nice to think of me,local
ok timeline of the french revolution timeline — struggling with this,local
is any traffic on my route to work,online
the merge sort function drops the last element sometimes,local
so give me a quick rundown of the silk road trade routes pls,local
"hey, quick check on dogecoin before i trade in the last hour",online
why did the industrial revolution key inventions happen,local
will it rain in dubai in the next few hours,online
what does deceive mean,local
ok so the supreme court verdict status update please before i head out,online
my regex isn't matching multiline strings the way i expect,local
what are my gps coordinates right now,online
translate hello to french,local
id like a rental car in denver colorado between january 1st and january 3rd and id like a ford if possible,online
how good are the ratings for chic-fil-a,online
"for my homework, law of sines for my calculus homework",local
"i want to change your name, please",local
"need this for an interview, give me a quick rundown of the printing press invention impact with an example",local
"need this for an interview, linear regression math — proof and intuition for revision",local
"hi, i'm john",local
"could you repeat that, please",local
who do yo work for,local
ngl quick check on solana before i trade,online
dijkstra's algorithm interview question breakdown,local
"genuinely curious, permutations and combinations formula and when to use it for my notes",local
can you check where my luggage is off jetblue flight ab123 out of buffalo,online
Any delays on the toll plaza today,online
how is the word acquaintance spelled,local
how old are you again,local
Ngl is the premier league match still playing right now no cap,online
dogecoin rate as of this minute,online
"For class tomorrow, backtracking algorithms cheat sheet with an example",local
do a british male accent only,local
place a marker for me where i am on the map,online
"Need this for an interview, how to solve problems using standard deviation formula in simple terms",local
Ok so the s&p 500 price action this week so far,online
tcs stock live chart movement for real,online
"for my homework, timeline of the mughal empire timeline with an example",local
"for class tomorrow, give me a quick rundown of the periodic table history?",local
who's leading in the wimbledon final currently,online
Quick q - how would you implement generics in java from scratch,local
when should i pick race conditions over sliding window technique,local
primary key vs unique key for dummies,local
the ipl match score update please right now,online
is it safe to travel to argentina,online
"for class tomorrow, i keep forgetting binary search tree, break it down for me pls",local
i'd like you to roll dice,local
what things can you do,local
"For class tomorrow, walk me through hash map step by step?",local
please change the ai name,local
"hey, key figures involved in the theory of evolution basics",local
the power outage in the city status update please,online
current valuation on dogecoin,online
is the parliament session today still ongoing?,online
Ngl live score for the asia cup final asap,online
say it again,local
how many years are you,local
when should i pick unit testing vs integration testing over denormalization,local
does mcdonalds have good reviews,online
ngl usd to inr today's high and low today,online
Quick q - monolith vs microservices cheat sheet thanks,local
Ngl is the highway closed due to the accident pls,online
i need to let my bank know i am traveling to new york,online
quick q - observer pattern for dummies,local
i want to know how to get to statue of liberty by bus,online
Dogecoin today's high and low,online
Explain the renaissance key artists in a short paragraph,local
whats your take on the meaning of life,local
"hey, just heard about the power outage in the city, what's the latest pls",online
The t20 world cup game highlights from tonight,online
quick q - how does normalization forms actually work under the hood thanks,local
main causes and effects of the treaty of versailles terms pls,local
cumin may be substituted for tumeric,local
So is the ipl match still playing right now as of now,online
quick one - any delays on the main train route today?,online
what's the best place to travel to this time of year,online
important dates related to the partition of india,local
"where is my luggage, i was on delta flight ab123 out of dc",online
"Just heard about the airline strike, what's the latest",online
what's ten times eight,local
is the flight delayed out of paris due to fog in the last hour,online
i would like to know the proper way to greet an adult in portuguese,local
so key figures involved in the boston tea party in simple terms,local
message queues cheat sheet,local
so current valuation on usd to inr while i'm stuck in traffic,online
The premier league match score update please at the moment,online
the euro cup semifinal score update please,online
so caching strategies interview question breakdown for my notes,local
so the t20 world cup game highlights from tonight — need it fast,online
the subway line conditions right now because of the storm,online
Ok so the ashes series highlights from tonight just curious,online
just call me dennis,local
integration by parts formula and when to use it,local
the flood situation downtown developments as of today,online
Give me a quick rundown of the discovery of penicillin,local
what is your perception of the meaning of life,local
ok so who's leading in the ashes series currently tonight,online
of course,local
so the harbor bridge conditions right now because of the storm,online
Ok so is the premier league match still playing right now?,online
practice problem using bayes theorem,local
ok so breaking news on the vaccine rollout progress currently,online
what's a cool and interesting thing about dogs,local
"hey, silver rate market cap right now — need it fast",online
what location did you originate at,local
i want to travel to new york and i would like to rent a car,online
when should i pick stack vs heap memory over microservices architecture,local
"for class tomorrow, promises vs callbacks example in python please thanks",local
did the election results get resolved yet no cap,online
nasdaq price action this week so far,online
the causes of world war 1 summary for history class,local
Ok so who won the india vs australia test last night while i'm stuck in traffic,online
"I don't get bit manipulation tricks, someone explain",local
what's 11 yen in pounds,online
"hey, traffic status on the subway line this morning while i'm stuck in traffic",online
Ngl the flyover near the city center conditions right now because of the storm today,online
how does message queues actually work under the hood for my notes,local
"hey, how's it going",local
i need to know the preparation time required for fried chicken,local
"from here on, you'll be responding to the name captain black",local
ripple xrp live chart movement — need it fast,online
how can i travel by bus to the grand canyon,online
"hey, gold rate rate as of this minute at the moment",online
how is infosys shares trending today,online
quick one - final score of the world cup qualifier this evening,online
gradient descent math for my calculus homework,local
your birthplace is where,local
is red lobster busy at 6pm,online
i would have to say yes as my answer,local
could i rent a car from tuesday to thursday out of lax,online
"i keep forgetting tail recursion, break it down for me",local
ok real world use case for singleton pattern,local
john is my name,local
quick q - event loop in node example in python please?,local
Explain dynamic programming with a simple example,local
i need help spelling superficial,local
"Hey, quick check on the s&p 500 before i trade just curious",online
the cabinet reshuffle status update please,online
"hey, pros and cons of memoization for my notes",local
is it going to rain today,online
reset the factory settings,local
Why did the printing press invention impact happen,local
"fyi need to know, the subway line conditions right now because of the storm right now",online
eur to usd rate as of this minute,online
your age please,local
"hey, pros and cons of thread pools?",local
can you tell me the ai's name,local
what are some good restaurants in chicago,online
merge sort example in python please,local
so key figures involved in the signing of the magna carta with an example,local
is the flyover near the city center closed due to the accident today,online
Who's leading in the nba game currently,online
textbook definition of pointers vs references,local
what is 900 times 8,local
central limit theorem — proof and intuition,local
so why is promises vs callbacks used instead of graph traversal,local
infosys shares rate as of this minute asap,online
urgent - final score of the india vs australia test in the last hour,online
Quick one - final score of the f1 race pls,online
"Fyi need to know, final score of the champions league final tonight",online
i'm outta here!,local
live score for the f1 race?,online
current congestion level on the toll plaza pls,online
"hey, the expressway conditions right now because of the storm",online
"you're speaking too fast, slow down",local
"for class tomorrow, the signing of the magna carta — what actually happened thanks",local
The airline strike — anything new in the last hour,online
Ok how to solve problems using law of sines in simple terms,local
"genuinely curious, practice problem using set theory basics",local
thanks for your cooperation,local
"for class tomorrow, publish subscribe pattern tutorial with code with an example",local
do they take reservations at applebees,online
Breaking news on the covid case numbers,online
Explain the russian revolution 1917 in a short paragraph,local
what types of things do you like to do in your spare time,local
Ngl live score for the champions league final asap,online
will it rain in bangalore in the next few hours,online
i want factory settings restores right now,local
why did the french revolution timeline happen,local
"find a columbus, ohio hotel with good reviews",online
"hey, the unification of germany summary for history class",local
tell me five dollars in yen and rubles,online
so subqueries in sql example in python please briefly,local
silver rate price right now for real,online
how to solve this math problem,local
ok so the harbor bridge conditions right now because of the storm in the last hour,online
The nba game score update please,online
"need this for an interview, explain when the berlin wall fell in a short paragraph with an example",local
"i appreciate your help, thank you",local
is there really an answer to the meaning of life,local
i would i say subway if i were english,local
"just checking, who's leading in the wimbledon final currently no cap",online
big O notation vs kubernetes pods which is better and when?,local
can i swap cayenne pepper for black pepper,local
"for my homework, pros and cons of binary search tree — struggling with this",local
can you tell me if my application for a credit card has been processed yet it was at chase bank,online
is this a computer right now or a human being,local
so why did the ottoman empire decline happen,local
tell me about my american express application; did it go through,online
"just checking, the india vs australia test result just now pls",online
what types of things are you able to do,local
who's leading in the ashes series currently as of now,online
trie data structure example in python please,local
roll the die!,local
"so i don't get memoization, someone explain?",local
"Genuinely curious, pros and cons of foreign key constraints",local
what are some things you like to do,local
quick one - real time quote for tesla stock right now,online
Derivative of a function — proof and intuition,local
so traffic status on the expressway this morning before i head out,online
"need this for an interview, B-tree indexing vs publish subscribe pattern which is better and when",local
please raise the volume to 4,local
mock objects in testing — key points to remember,local
do i need a visa to get into canada later this year,online
current valuation on nifty 50,online
main causes and effects of the discovery of penicillin,local
what does discretionary mean,local
microservices architecture example in python please in simple terms,local
"observer pattern, explain like i'm a beginner coder briefly",local
i want to know how to correctly spell cemetery,local
so explain promises vs callbacks with a simple example — struggling with this,local
sensex price right now,online
can i substitute cream for milk,local
Important dates related to the periodic table history briefly,local
"just checking, did the border tensions get resolved yet",online
i will call you cap,local
Key figures involved in the mughal empire timeline,local
"real talk, quick check on sensex before i trade this morning",online
live score for the la liga clasico just curious,online
please repeat over what you said,local
"just checking, silver rate market cap right now today",online
Dow jones price right now,online
what is your birthday again,local
Ok so current congestion level on the subway line before my meeting,online
Quick q - the moon landing mission details — what actually happened pls,local
can i call you dave,local
i call tails for a coin flip you need to do right now,local
tell me where you're made,local
"fyi need to know, did the covid case numbers get resolved yet before my meeting",online
quick one - is crude oil price pumping or dumping today for real,online
pros and cons of merge sort,local
denormalization tutorial with code — struggling with this,local
"Ok so just heard about the border tensions, what's the latest just curious",online
how to solve problems using set theory basics — struggling with this,local
"genuinely curious, important dates related to the ottoman empire decline for revision",local
"fyi need to know, current congestion level on the highway just curious",online
"Need this for an interview, derive law of sines step by step before my exam",local
textbook definition of trie data structure,local
"fyi need to know, final score of the india vs australia test this morning",online
Limits and continuity for my calculus homework — struggling with this,local
would you give me directions to the closest starbucks restaurant,online
Ngl is the border tensions still ongoing before i head out,online
ngl current air quality index in tokyo pls,online
i would like that repeated,local
can you translate i have to go pee into korean for me,local
does olive garden take reservations,online
"need this for an interview, how does microservices architecture actually work under the hood thanks",local
do you go by any nicknames,local
"real talk, is the interstate open or blocked at the moment",online
Explain when the berlin wall fell in a short paragraph,local
how would i say pleased to meet you if i were japanese,local
"real talk, live score for the nba game just curious",online
it was nice to get in touch,local
is the toll plaza flooded from the downpour right now in the last hour,online
The cabinet reshuffle status update please,online
assist me to know how to get to target by bus,online
are there any flights out of la to chicago on march 3rd for under $500,online
"hey, breaking news on the border tensions rn",online
can i exchange milk for cream in recipes,local
Key figures involved in the causes of world war 1,local
ACID properties — key points to remember,local
hey how's it hanging,local
tell me a joke about cows,local
real time quote for silver rate for real,online
show me a well reviewed hotel in evans,online
ngl the india vs australia test result just now — need it fast,online
how long to microwave a frozen dinner,local
ok the age of exploration key figures — what actually happened with an example,local
i want to know the nearest bank's location,online
"Need this for an interview, convex optimization basics — proof and intuition with an example",local
Give me a quick rundown of the great depression causes,local
Is the euro cup semifinal still playing right now while i'm stuck in traffic,online
"For class tomorrow, publish subscribe pattern tutorial with code for revision",local
"i keep forgetting connection pooling, break it down for me",local
Urgent - final score of the world cup qualifier,online
the protest downtown developments as of today,online
derive central limit theorem step by step,local
the euro cup semifinal highlights from tonight rn,online
i think bradley is a better name for you,local
urgent - traffic status on the airport terminal this morning no cap,online
"yes, that is correct",local
Ok so latest on the parliament session today in real time this morning,online
sensex price action this week so far at the moment,online
Derive permutations and combinations step by step before my exam,local
"Real talk, how humid is it in tokyo right now at the moment",online
ok walk through law of cosines with numbers briefly,local
is the election results still ongoing just curious,online
ethereum price right now no cap,online
Any delays on the flyover near the city center today,online
Timeline of the ottoman empire decline,local
Pros and cons of CAP theorem,local
please say that one more time,local
how old will you be next year,local
have a good one,local
"Compiler vs interpreter, explain like i'm a beginner coder",local
"for class tomorrow, background on the industrial revolution key inventions for my essay pls",local
quick q - taylor series expansion for my calculus homework?,local
pros and cons of abstract class vs interface,local
i lost my luggage,online
silver rate price action this week so far,online
are you ai,local
"speak more quickly, please",local
urgent - is the ring road open or blocked at the moment asap,online
gold rate price right now rn,online
is the ring road open or blocked at the moment,online
"Need this for an interview, immutability in functional programming tutorial with code thanks",local
what are reviews for ihop like,online
"Fyi need to know, is the ashes series still playing right now",online
current congestion level on the flyover near the city center,online
can i use something else if i don't have eggs,local
"fyi need to know, who's leading in the wimbledon final currently right now",online
"I don't get binary search tree, someone explain",local
"for class tomorrow, database indexing tutorial with code before my exam",local
how to solve problems using fourier transform,local
real world use case for garbage collection,local
"need this for an interview, notes on CAP theorem for my assignment",local
tell me that status of flight dl123,online
why is SOLID principles used instead of TCP vs UDP,local
lets do a coin toss,local
quick one - final score of the wimbledon final before my meeting,online
urgent - did nvidia stock go up or down this morning just curious,online
where is your family from,local
can we change your name to lisa,local
i want your accent changed to the male british one,local
i need an uber please,online
"Hey, quick check on cardano before i trade before i head out",online
"For my homework, when should i pick joins in sql over caching strategies",local
ngl real time quote for nasdaq this evening,online
i need to get an uber for three people to go to the zoo,online
"fyi need to know, final score of the ipl match tonight",online
How does generics in java actually work under the hood with an example,local
are you working for someone else,local
how does observer pattern actually work under the hood for revision,local
"just checking, how humid is it in los angeles right now",online
"i keep forgetting dynamic programming, break it down for me",local
Is the expressway open or blocked at the moment,online
Ok so the subway line conditions right now because of the storm before i head out,online
how busy is zippy around 12 for lunch,online
what's your age,local
monolith vs microservices tutorial with code,local
what's going on with the storm system offshore at the moment,online
"For class tomorrow, correlation vs causation for my calculus homework for revision",local
so derive linear regression math step by step for revision,local
"hey, is the flight delayed out of london due to fog",online
"just checking, quick check on tcs stock before i trade this evening",online
do you know of any activities in nashville,online
visa's are hard to get do i need one when i travel to israel,online
what is 34 times 80908,local
how many ounces in a gallon,local
Urgent - any delays on the ring road today before i head out,online
urgent - traffic status on the metro line this morning asap,online
quick one - real time quote for bitcoin for real,online
how to detect a cycle in a linked list,local
can you tell me the most interesting fact about resistors,local
so is the subway line closed due to the accident for real,online
So is the subway line flooded from the downpour right now for the group chat,online
"genuinely curious, singleton pattern example in python please",local
who's leading in the world cup qualifier currently asap,online
Main causes and effects of the discovery of penicillin pls,local
who manufactured you,local
my luggage has not arrived and i would like help locating it,online
"for class tomorrow, practice problem using central limit theorem?",local
Quick q - main causes and effects of the periodic table history,local
"for class tomorrow, regular expressions tutorial with code",local
Key figures involved in the partition of india,local
can you make your accent british male,local
Ok immutability in functional programming example in python please?,local
ai who made you,local
solid overview of bit manipulation tricks for revision thanks,local
summarize TCP vs UDP in a few bullet points,local
the la liga clasico highlights from tonight?,online
Current air quality index in berlin,online
"for class tomorrow, walk through markov chains with numbers for revision",local
so why is microservices architecture used instead of regular expressions?,local
can you please order me an uber to get to jfk international,online
select a new language,local
so is it safe to drive in new york with this storm,online
"for my homework, background on ancient egyptian pyramid construction for my essay",local
background on the mughal empire timeline for my essay thanks,local
can you talk to me in french,local
can you spell out the word special for me,local
Did nvidia stock go up or down this morning?,online
what is 2/3 x 1/9,local
when should i pick regular expressions over mock objects in testing — struggling with this,local
what's the distance between home and the closest starbucks,online
"real talk, quick check on nvidia stock before i trade tonight",online
the world cup qualifier result just now before my meeting,online
can i get a reservation at melting pot tomorrow,online
"to visit cambodia, do i need an international visa",online
"for my homework, how to solve problems using quadratic formula thanks",local
who calls the shots for your employment,local
"hey, is dogecoin pumping or dumping today this morning",online
give me a quick rundown of the partition of india,local
role a 10 sided die for me,local
so permutations and combinations for my calculus homework,local
is there a heat advisory in delhi today in the last hour,online
the asia cup final score update please at the moment,online
do you know when you were born,local
who developed your actions,local
"genuinely curious, textbook definition of connection pooling",local
ok so the ufc fight card highlights from tonight in the last hour,online
current congestion level on the metro line,online
current air quality index in mumbai before my meeting,online
how do i get to the beach by bus,online
so derive convex optimization basics step by step — struggling with this,local
unit testing vs integration testing vs load balancing which is better and when in simple terms,local
"just checking, any delays on the airport terminal today",online
buy delta ticket madison to atlanta,online
"when visiting chicago, what things can i do there",online
"real talk, the highway conditions right now because of the storm asap",online
volume needs to be at 4,local
find me a hotel in seattle with great reviews,online
"for class tomorrow, why did the great depression causes happen — struggling with this",local
quick q - textbook definition of merge sort — struggling with this,local
are you an actual person,local
current congestion level on the harbor bridge,online
nifty 50 price right now,online
how bad is the cyclone warning right now,online
"Hey, tcs stock price right now this evening",online
what is your version on the meaning of life,local
Is the cyclone warning affecting traffic right now,online
what is the ingredient list for an omelette,local
"need this for an interview, timeline of the theory of evolution basics for my notes",local
"for class tomorrow, compare joins in sql and kubernetes pods in one paragraph in simple terms",local
tesla stock price action this week so far,online
do i need an international visa to go to brazil,online
are you a real person or a robot,local
i would have to say the answer to that is no,local
who won the india vs australia test last night,online
"hey, real world use case for TCP vs UDP thanks",local
Ok so is ripple xrp pumping or dumping today asap,online
who won the nba game last night this evening,online
"just checking, is the airport terminal flooded from the downpour right now as of now",online
so when the berlin wall fell — what actually happened in simple terms,local
"for my homework, textbook definition of garbage collection — struggling with this",local
are there any negative reviews for wendy's,online
"real talk, current air quality index in bangalore as of now",online
Quick check on usd to inr before i trade,online
the nba game result just now pls,online
Ok walk through permutations and combinations with numbers pls,local
how do i get to the statue of liberty on foot,online
"need this for an interview, key figures involved in the silk road trade routes pls",local
i want to know how the mcdonalds reviews are,online
"i don't get denormalization, someone explain for revision",local
what's the closest mcdonalds,online
greedy algorithms tutorial with code,local
"need this for an interview, how to solve problems using limits and continuity",local
explain when the berlin wall fell in a short paragraph — struggling with this,local
roll a dice and give me a number from 1 to 6,local
please speak with the whisper voice,local
ok law of cosines — proof and intuition before my exam,local
Is the cyclone warning affecting traffic right now for the group chat,online
"hey, summarize observer pattern in a few bullet points briefly",local
what do you prefer being called,local
any updates on the protest downtown happening today,online
help with credit card application status,online
quick check on ethereum before i trade,online
when were you created,local
"need this for an interview, big O notation, explain like i'm a beginner coder",local
race conditions cheat sheet briefly,local
Real time quote for cardano,online
so two pointer technique interview question breakdown,local
so how to solve problems using correlation vs causation?,local
tell me a joke about dogs,local
quick q - the french revolution timeline — what actually happened for revision,local
Central limit theorem formula and when to use it,local
is the main train route closed due to the accident today,online
"just checking, is the trade deal talks still ongoing asap",online
is it acceptable to swap chicken for pork,local
what kind of weather does miami have,online
Merge sort tutorial with code,local
"hey, taylor series expansion for my calculus homework — struggling with this",local
i would like to find out if macaroni grill will be busy around 7:00 pm,online
schedule an uber to the bean,online
what's going on with the border tensions at the moment,online
"genuinely curious, real world use case for foreign key constraints for revision",local
real world use case for connection pooling,local
whats up with you,local
what are the conditions like in orlando,online
talk to you later!,local
central limit theorem formula and when to use it,local
"Fyi need to know, live score for the india vs australia test rn",online
you did a good job thank you,local
how to solve problems using laplace transform with an example,local
why did the age of exploration key figures happen,local
"oh hell no, that'd be terrible!",local
do i need an international visa to go to england,online
indeed,local
how many kilos are in 25 pounds,local
what things can i do in portland,online
so background on the cold war origins for my essay in simple terms,local
please use a quicker rate of speech,local
nasdaq rate as of this minute for the group chat,online
is traffic heavy on my route to washington,online
"for class tomorrow, convex optimization basics explained with an example problem — struggling with this",local
"hey, permutations and combinations — proof and intuition before my exam",local
the ingredients in pizza are what,local
does ireland have any travel alerts i should be aware of,online
find me a good spot for southern comfort food in los angeles,online
Ngl final score of the champions league final right now,online
"can you find my location on the map, please",online
please tell me the status of my southwest flight,online
who do you do task for,local
ngl is there a heat advisory in seoul today for real,online
"if you were to call a place your beginning, your home start, where would that be",local
"real talk, the champions league final result just now",online
i need to let my bank know i am traveling to la,online
Textbook definition of denormalization,local
how to solve problems using correlation vs causation pls,local
noodles need to cook for how long,local
fun facts about tigers,local
ok so current air quality index in hyderabad — need it fast,online
solid overview of tail recursion for revision,local
is the subway line flooded from the downpour right now in the last hour,online
important dates related to the causes of world war 1,local
Cardano market cap right now,online
is it acceptable to swap milk for water,local
"just checking, live score for the world cup qualifier in the last hour",online
"need this for an interview, why did the treaty of versailles terms happen thanks",local
so who won the wimbledon final last night no cap,online
quick one - tcs stock price right now,online
Should i carry an umbrella in dubai today as of now,online
"just checking, is the ashes series still playing right now while i'm stuck in traffic",online
"need this for an interview, walk through standard deviation formula with numbers for my notes",local
So real time quote for reliance shares in the last hour,online
what percent of gas do i have left,online
real world use case for observer pattern,local
i want you to change your accent to the male british one,local
Pros and cons of generics in java,local
is there traffic on my way to work,online
"just checking, current congestion level on the subway line this morning",online
what do the ratings say for black bear diner,online
how are the reviews for cracker barrel,online
how long will it take to get seated at needham's,online
are there any travel alerts for russia,online
dependency injection cheat sheet?,local
how much gas is left,online
Will it rain in singapore in the next few hours this morning,online
how to solve problems using integration by parts — struggling with this,local
Textbook definition of lambda expressions in simple terms,local
is it possible to have a place booked in salem from the 1st to the 3rd,online
what is the status of my credit card application,online
what questions are you programmed to answer,local
check if there's a hotel room that can receive 10 people in tampa from this friday for a week,online
Reliance shares price right now?,online
who's leading in the euro cup semifinal currently today,online
"genuinely curious, pros and cons of virtual memory for revision",local
Urgent - is the asia cup final still playing right now just curious,online
So the t20 world cup game result just now for the group chat,online
How to solve problems using fourier transform in simple terms,local
3 of us need to get to union station via uber,online
when should i pick TCP vs UDP over linked list with an example,local
how would you implement polymorphism from scratch,local
"bit manipulation tricks, explain like i'm a beginner coder",local
how do i activate you,local
i'm grateful,local
Is the flyover near the city center flooded from the downpour right now,online
what ingredients go in pizza,local
quick one - any delays on the airport terminal today while i'm stuck in traffic,online
compare primary key vs unique key and process vs thread in one paragraph,local
notes on map reduce filter functions for my assignment,local
why is subqueries in sql used instead of foreign key constraints,local
im at lax and my bags aren't,online
current valuation on solana currently,online
would it be safe to go to columbia,online
urgent - is it safe to drive in tokyo with this storm — need it fast,online
"real talk, is the main train route flooded from the downpour right now",online
"hey, the decolonization of africa summary for history class for revision",local
live score for the nba game in the last hour,online
Current congestion level on the metro line,online
Quick q - stack vs heap memory cheat sheet?,local
do i need a visa to scotland,online
"need this for an interview, quadratic formula — proof and intuition",local
"fyi need to know, any updates on the wildfire in the hills happening today before i head out",online
tell me all about the trivia with friends,local
so matrix multiplication rules — proof and intuition with an example,local
"tell me about traffic conditions in ocean city, nj on sunday mornings around 10 am in the summer",online
ok logarithm rules — proof and intuition in simple terms,local
so matrix multiplication rules explained with an example problem for my notes,local
i gotta know the exchange rate between yen and rubles,online
"just checking, reliance shares market cap right now in the last hour",online
is the subway line closed due to the accident,online
Greedy algorithms cheat sheet,local
"Genuinely curious, give me a quick rundown of the american civil war causes thanks",local
current air quality index in bangalore,online
what is good riddance mean,local
"i am making broccoli cheddar soup, what ingredients do i need",local
whisper mode off,local
the ufc fight card score update please this morning,online
ok main causes and effects of the unification of germany thanks,local
"is ""rescind"" a word of positive connotation",local
nifty 50 market cap right now this evening,online
walk me through hash map step by step,local
"hey, why did the printing press invention impact happen",local
where can i go to see if my credit card application has been processed,online
how to solve problems using markov chains?,local
Ngl will it rain in singapore in the next few hours rn,online
final score of the asia cup final at the moment,online
do you know any trivia about the ocean,local
matrix multiplication rules explained with an example problem for revision,local
ok why is big O notation used instead of kubernetes pods,local
does bar tartine in san francisco take reservations,online
what location did you live at before,local
"genuinely curious, why did the american civil war causes happen in simple terms",local
what is 750 divided by 5,local
any delays on the flyover near the city center today pls,online
dow jones price action this week so far,online
which ingredients are in pizza,local
urgent - current congestion level on the toll plaza just curious,online
what are some roundtrip flights from dallas to los angeles from march 2 to march 10,online
quick sort vs B-tree indexing which is better and when,local
i would like you to call me mary,local
can you help me locate lost luggage,online
reset the factory settings if possible,local
"Hey, ripple xrp live chart movement for the group chat",online
"hey, explain regular expressions with a simple example with an example",local
ok so the nba game score update please this evening,online
ok explain the silk road trade routes in a short paragraph with an example,local
what are some activities to do in chicago,online
is usd to inr pumping or dumping today,online
quick one - who's leading in the ashes series currently pls,online
i'd like to know how much gas is left,online
ok vector cross product explained with an example problem briefly,local
reliance shares price right now,online
Is the ceasefire negotiations affecting traffic right now,online
difference between ACID properties and publish subscribe pattern,local
what company wrote your code,local
quick q - summarize caching strategies in a few bullet points for revision,local
Is there a heat advisory in san francisco today,online
How to solve problems using hypothesis testing,local
"where are my bags, not here at the airport",online
quick q - why did the great depression causes happen pls,local
ngl any delays on the harbor bridge today currently,online
quick one - is the flight delayed out of delhi due to fog right now,online
why is static vs dynamic typing used instead of monads in haskell,local
main causes and effects of the renaissance key artists briefly,local
ok solid overview of garbage collection for revision for my notes,local
"just checking, just heard about the flood situation downtown, what's the latest — need it fast",online
i need to go back on my factory settings,local
Who won the champions league final last night,online
"i keep forgetting multiple inheritance in python, break it down for me",local
"fyi need to know, live score for the asia cup final this morning",online
turn up your volume,local
ok why did ancient egyptian pyramid construction happen before my exam,local
when should i pick event loop in node over quick sort,local
tell me what the word bounty means,local
walk through integration by parts with numbers pls,local
"Fyi need to know, what's going on with the ceasefire negotiations at the moment — need it fast",online
"for class tomorrow, why did the signing of the magna carta happen thanks",local
current congestion level on the expressway — need it fast,online
ngl current air quality index in new york at the moment,online
please tell me does zeus do reservations,online
is kaya very busy at 5 pm,online
is the earthquake near the coast affecting traffic right now,online
"Ok i don't get virtual memory, someone explain",local
current congestion level on the ring road for real,online
Important dates related to the discovery of penicillin,local
please call me by this new name,local
Quick q - stack vs heap memory cheat sheet — struggling with this,local
any delays on the metro line today asap,online
"yes, that is accurate",local
there's a strong possibility that my luggage has gone missing,online
Ok so is the metro line flooded from the downpour right now this morning,online
Derive laplace transform step by step,local
Tail recursion interview question breakdown,local
Is the flight delayed out of bangalore due to fog today,online
give me a quick rundown of the ottoman empire decline,local
"just heard about the ceasefire negotiations, what's the latest for the group chat",online
let's speak in mandarin instead of english,local
will you get a coin and flip it,local
"fyi need to know, did crude oil price go up or down this morning today",online
"need this for an interview, walk through set theory basics with numbers for revision",local
reset to default settings,local
so key figures involved in when the berlin wall fell?,local
"hey, walk through integration by parts with numbers — struggling with this",local
"real talk, any delays on the harbor bridge today as of now",online
current congestion level on the flyover near the city center this evening,online
"fyi need to know, the highway conditions right now because of the storm rn",online
look up travel alerts for canada,online
walk me through mock objects in testing step by step for my notes,local
walk me through virtual memory step by step,local
how does merge sort actually work under the hood,local
whats the predicted weather suppose to be like,online
"Urgent - just heard about the supreme court verdict, what's the latest",online
Important dates related to the industrial revolution key inventions,local
Ok so tesla stock market cap right now while i'm stuck in traffic,online
where would you eat italian in chicago,online
probability distributions formula and when to use it,local
so what's going on with the cyclone warning at the moment for real,online
"need this for an interview, fourier transform explained with an example problem pls",local
Who won the asia cup final last night pls,online
Quick one - current valuation on gold rate this evening,online
tell me what the weather is like,online
"real talk, live score for the la liga clasico currently",online
tell me a fact,local
"fyi need to know, is the highway closed due to the accident at the moment",online
Ok walk through fourier transform with numbers for revision,local
would you mind switching to whisper mode,local
"need this for an interview, explain monolith vs microservices with a simple example for my notes",local
Eur to usd price action this week so far,online
is the interstate flooded from the downpour right now,online
help me flip a coin,local
ok derive correlation vs causation step by step for my notes,local
what's the funniest thing you know about peanuts,local
tell me the types of subjects are you familiar with,local
laplace transform — proof and intuition,local
negative for sure,local
solid overview of subqueries in sql for revision,local
"for class tomorrow, timeline of the theory of evolution basics — struggling with this",local
quick q - why did the wright brothers first flight happen for my notes,local
how many cups in a quart,local
Urgent - is the ipl match still playing right now before i head out,online
"Genuinely curious, heap data structure vs garbage collection which is better and when briefly",local
"Need this for an interview, walk through chain rule in calculus with numbers in simple terms",local
is the highway open or blocked at the moment,online
"for class tomorrow, markov chains for my calculus homework for my notes",local
ok key figures involved in the partition of india with an example,local
quick check on tesla stock before i trade in the last hour,online
what's the highest chance of rain for today,online
is it safe to fly to russia,online
"real talk, the grand slam tennis match score update please today",online
derive bayes theorem step by step,local
communicate trivia about lebron james,local
"just checking, what's going on with the trade deal talks at the moment in the last hour",online
i wanna know how many teaspoons are in a tablespoon,local
id like to rent a ford in denver colorado between january 1st to the 3rd,online
not that one,local
urgent - is the main train route closed due to the accident currently,online
ok background on the printing press invention impact for my essay?,local
"Genuinely curious, laplace transform — proof and intuition?",local
"Real talk, is the ashes series still playing right now before my meeting",online
"fyi need to know, the interstate conditions right now because of the storm in the last hour",online
what is 606 divided by 5,local
"genuinely curious, main causes and effects of the mughal empire timeline for revision",local
where's the nearest gas station,online
where you from the usa,local
"Genuinely curious, when should i pick denormalization over monolith vs microservices",local
quick q - derive eigenvalues and eigenvectors step by step before my exam,local
any updates on the cabinet reshuffle happening today,online
Is it safe to drive in chennai with this storm,online
real time quote for reliance shares tonight,online
"real talk, infosys shares price right now for the group chat",online
practice problem using integration by parts,local
how would you implement memoization from scratch,local
help me get an uber,online
"no, don't do that",local
let's hear the definition of iridium,local
the f1 race score update please before i head out,online
"hey, window functions in sql — key points to remember for revision",local
"Genuinely curious, derive standard deviation formula step by step for revision",local
is the t20 world cup game still playing right now before my meeting,online
apple stock today's high and low as of now,online
so cardano price action this week so far in the last hour,online
"for class tomorrow, main causes and effects of the signing of the magna carta",local
"hey, solana price action this week so far before my meeting",online
ok so should i carry an umbrella in tokyo today for the group chat,online
Background on the moon landing mission details for my essay,local
how to solve problems using law of cosines thanks,local
dependency injection for dummies,local
i think you are a bot,local
i'm here at dia but my luggage isn't!,online
Final score of the champions league final,online
Key figures involved in the fall of the roman empire,local
Joins in sql for dummies,local
Real world use case for event loop in node,local
make the sound of my speaker greater,local
what's your brand,local
tell me how to find my current location,online
please change your language setting to spanish,local
main causes and effects of the french revolution timeline — struggling with this,local
real time quote for reliance shares,online
final score of the wimbledon final currently,online
pros and cons of trie data structure in simple terms,local
quick q - derivative of a function formula and when to use it,local
Walk through fourier transform with numbers,local
So timeline of the great depression causes,local
"Hey, test driven development, explain like i'm a beginner coder pls",local
urgent - how is reliance shares trending today this evening,online
so law of sines for my calculus homework in simple terms,local
i didn't hear what you said,local
urgent - the heatwave alert — anything new in the last hour before my meeting,online
just one more time,local
Garbage collection for dummies in simple terms,local
Ok so the supreme court verdict status update please today,online
ngl the toll plaza conditions right now because of the storm in the last hour,online
can you tell me a joke about politicians,local
how does heap data structure actually work under the hood,local
"for class tomorrow, main causes and effects of when the berlin wall fell pls",local
"just checking, how is crude oil price trending today in the last hour",online
ok logarithm rules explained with an example problem — struggling with this,local
could you share a joke,local
Ok so is the highway open or blocked at the moment,online
"when asked who you work for, what would you say",local
is the earthquake near the coast still ongoing as of now,online
"Hey, did nvidia stock go up or down this morning tonight",online
"hello, may i get your name",local
"for my homework, derive fourier transform step by step",local
"Hey, give me a quick rundown of the great depression causes",local
"hey, give me a quick rundown of the age of exploration key figures for revision",local
"speak faster, please",local
"I keep forgetting load balancing, break it down for me",local
any updates on the earthquake near the coast happening today,online
go now and increase the volume to 4 please,local
what do you like to do when you have spare time,local
the ufc fight card score update please,online
what is the name i should use to refer to you,local
Quick one - is the ring road flooded from the downpour right now before my meeting,online
Standard deviation formula formula and when to use it,local
change back to your factory settins,local
"hey, notes on immutability in functional programming for my assignment?",local
ok why is race conditions used instead of deadlocks in simple terms,local
show me what you think my name is,local
So is the harbor bridge open or blocked at the moment tonight,online
Markov chains explained with an example problem,local
what should i grab to make a german chocolate cake,local
"no, that is not right",local
Traffic status on the main train route this morning,online
is there anything real about you,local
so current air quality index in tokyo,online
how do you convert pounds to kilograms,local
"for my homework, solid overview of ci cd pipeline basics for revision?",local
breaking news on the border tensions,online
does bjs take reservations,online
Fourier transform for my calculus homework,local
current air quality index in sydney,online
ill see you around,local
"need this for an interview, markov chains formula and when to use it for my notes",local
help me find my luggage,online
quick q - practice problem using permutations and combinations?,local
lost luggage on flight america airlines in o'hare,online
timeline of the partition of india,local
"Just checking, the power outage in the city — anything new in the last hour before i head out",online
what's going on with the earthquake near the coast at the moment,online
any updates on the cyclone warning happening today before i head out,online
bitcoin rate as of this minute?,online
Correlation vs causation explained with an example problem,local
"need this for an interview, practice problem using vector cross product pls",local
what kind of questions can i ask you,local
Deadlocks vs message queues which is better and when,local
walk through probability distributions with numbers,local
what is the high temperature for tomorrow,online
matrix multiplication rules for my calculus homework briefly,local
so connection pooling for dummies,local
ok why did the ottoman empire decline happen with an example,local
real world use case for binary search tree,local
is crude oil price pumping or dumping today while i'm stuck in traffic,online
can you share with me your interpretation of the meaning of life,local
do i need an international visa to go to malaysia,online
find me a new place for dinner,online
how many tablespoons and teaspoons is one cup,local
what are the main attractions in gatlinburg,online
"For my homework, how would you implement publish subscribe pattern from scratch before my exam",local
"for my homework, main causes and effects of the silk road trade routes",local
integration by parts formula and when to use it for revision,local
"Just checking, did crude oil price go up or down this morning for real",online
i need a bed in brownsburg near walmart from apil 4th until the 5th,online
"For my homework, derive integration by parts step by step thanks",local
how's the sausage pizza at pizza hut,online
"Hey, the wimbledon final highlights from tonight for real",online
How to solve problems using permutations and combinations,local
how do you like to spend your free time,local
"fyi need to know, the border tensions status update please for the group chat",online
pros and cons of immutability in functional programming,local
quick q - markov chains formula and when to use it,local
ok so dogecoin price right now no cap,online
what is the word for hello spanish,local
quick one - current air quality index in chicago,online
Difference between connection pooling and hash map,local
notes on thread pools for my assignment,local
ok so is the trade deal talks still ongoing rn,online
has the application for my american express been processed yet,online
"Just checking, is the protest downtown still ongoing right now",online
the ceasefire negotiations — anything new in the last hour,online
When should i pick dijkstra's algorithm over window functions in sql,local
explain the treaty of versailles terms in a short paragraph,local
compare unit testing vs integration testing and docker containers in one paragraph,local
who would you say you are employed by,local
make my volume louder please,local
i need a rental car for sfo from friday to saturday,online
did tcs stock go up or down this morning,online
did apple stock go up or down this morning,online
walk through linear regression math with numbers,local
Ok so how humid is it in pune right now — need it fast,online
what goes into a strawberry smoothie,local
what kinds of things can i ask you,local
i would like to reserve a hotel room that accomodates 10 people from monday to tuesday in manhattan,online
i'd just like to know how much gas is in my vehicle,online
uh-huh,local
has there been any notice that my card app has been looked at,online
inform me what you do for fun in your free time,local
quick q - main causes and effects of the russian revolution 1917 before my exam,local
Chain rule in calculus formula and when to use it,local
any delay reported on the harbor bridge this evening,online
how old are you now,local
"hey, laplace transform explained with an example problem in simple terms",local
schedule an uber for 3 to go to the airport,online
Important dates related to the french revolution timeline,local
is the subway line flooded from the downpour right now,online
urgent - the premier league match highlights from tonight,online
tell me the conversion between tablespoons and cups,local
infosys shares market cap right now,online
How to solve problems using limits and continuity,local
what time is this flight supposed to land,online
"for my homework, the moon landing mission details summary for history class briefly",local
main causes and effects of ancient egyptian pyramid construction briefly,local
the covid case numbers — anything new in the last hour today,online
who's leading in the ashes series currently,online
flip a two sided coin and tell me what it lands on,local
why is compiler vs interpreter used instead of generics in java,local
"for class tomorrow, probability distributions formula and when to use it for my notes",local
Current congestion level on the flyover near the city center right now,online
Solid overview of compiler vs interpreter for revision for revision,local
ok why is B-tree indexing used instead of window functions in sql briefly,local
So matrix multiplication rules explained with an example problem with an example,local
are there any travel alerts for ukraine,online
"Real talk, current air quality index in kolkata this morning",online
"need this for an interview, set theory basics — proof and intuition with an example",local
"i put in a credit card application, so what is the status with it currently",online
i am needing for you to say that again,local
Quick one - bitcoin price right now no cap,online
thank you very much for the assistance,local
what things do you know about,local
i'm calling you rupert from now on,local
whisper mode activate,local
ngl silver rate rate as of this minute pls,online
is there a heat advisory in bangalore today,online
"is there anything fun to do in manassas, virginia",online
the grand slam tennis match highlights from tonight,online
explain the industrial revolution key inventions in a short paragraph,local
change to a male voice,local
who or what association do you work for,local
"Need this for an interview, timeline of the decolonization of africa briefly",local
my binary search returns wrong index for even length arrays,local
do you have a name i can use,local
"I keep forgetting normalization forms, break it down for me pls",local
"for class tomorrow, explain load balancing with a simple example with an example",local
reset to original settings,local
how will i find my current location,online
How to solve problems using partial derivatives,local
"deadlocks, explain like i'm a beginner coder",local
"hey, tesla stock live chart movement before my meeting",online
Solid overview of stack vs heap memory for revision,local
flip a coin and tell me if its heads or tails,local
how would you convert yards to inches,local
how is the traffic like on the way to the beach,online
solid overview of connection pooling for revision before my exam,local
how to solve problems using markov chains,local
"hey, permutations and combinations formula and when to use it — struggling with this",local
please adjust your settings,local
"real talk, any updates on the heatwave alert happening today this morning",online
"Hey, who won the grand slam tennis match last night for the group chat",online
yeah,local
Current congestion level on the flyover near the city center as of now,online
"fyi need to know, how bad is the storm system offshore right now no cap",online
"fyi need to know, the ipl match result just now rn",online
can you just use regular milk instead of buttermilk,local
"just heard about the cyclone warning, what's the latest currently",online
"genuinely curious, explain the silk road trade routes in a short paragraph in simple terms",local
the parliament session today — anything new in the last hour,online
ok so how is apple stock trending today,online
Real time quote for bitcoin,online
explain greedy algorithms with a simple example,local
quick q - when should i pick normalization forms over stack vs heap memory before my exam,local
set the volume at 4 for me please,local
The t20 world cup game score update please today,online
derive quadratic formula step by step,local
i need to take a flight from florida to alabama on january 25th and i need to get back by the 30th,online
i want to find a roundtrip flight from philadelphia to sioux falls from august 3rd through august 25th,online
ngl ethereum today's high and low for the group chat,online
what is the yen worth in terms of the peso,online
partial derivatives formula and when to use it,local
ok the french revolution timeline summary for history class in simple terms,local
So is it safe to drive in sydney with this storm for the group chat,online
roll a pair of dice,local
what's going on with the central bank's rate decision at the moment,online
that'd be a no,local
so background on the great depression causes for my essay thanks,local
use female voice now instead,local
name some tourist things to do in chicago,online
Current valuation on silver rate,online
can you tell me what my name is,local
is there a starbucks close to home,online
true,local
So current congestion level on the airport terminal before my meeting,online
"for class tomorrow, notes on normalization in databases for my assignment for my notes",local
"Genuinely curious, walk me through normalization in databases step by step with an example",local
get me an uber for 4 heading to miam,online
i'd like to hear a fun fact about the nfl,local
let me know the status of flight dl123,online
quick one - the ipl match highlights from tonight before my meeting,online
my binary tree insert function duplicates nodes on the right side,local
Standard deviation formula for my calculus homework,local
The india vs australia test highlights from tonight,online
who constructed you,local
"Deadlocks, explain like i'm a beginner coder",local
"hey, live score for the world cup qualifier no cap",online
"i always wonder about the meaning of life, can you tell me",local
let's change what you respond to,local
quick one - current air quality index in chicago this evening,online
who won the t20 world cup game last night just curious,online
Urgent - tcs stock market cap right now for the group chat,online
explain the boston tea party in a short paragraph,local
i need to know my present gps coordinates,online
will qdoba take reservations,online
walk me through git rebase vs merge step by step,local
is nifty 50 pumping or dumping today,online
So derive quadratic formula step by step — struggling with this,local
Ok so eur to usd today's high and low for real,online
could i rent a car in seattle from next monday to thursday please,online
how to convert a decimal number to binary manually,local
infosys shares rate as of this minute rn,online
alert my bank and let them know that i'm travelling to oslo,online
show me the ingredients that i need for ceviche,local
reset device to original settings,local
"Real talk, live score for the premier league match",online
i'd like your name,local
where was it you were made,local
is the metro line flooded from the downpour right now for real,online
Quick q - the wright brothers first flight — what actually happened in simple terms,local
what's the traffic like on the way to the mall,online
timeline of the great depression causes,local
ok timeline of the causes of world war 1 pls,local
ethereum rate as of this minute,online
the french revolution timeline — what actually happened briefly,local
quick one - is tcs stock pumping or dumping today — need it fast,online
could you tell me your name,local
urgent - real time quote for silver rate — need it fast,online
"Genuinely curious, summarize lambda expressions in a few bullet points",local
important dates related to the ottoman empire decline for revision,local
i need a timer set for 15 minutes,local
main causes and effects of the great depression causes for revision,local
what is 35 times 23,local
derive logarithm rules step by step with an example,local
"real talk, is the harbor bridge open or blocked at the moment in the last hour",online
tell me what you think my name is,local
"need this for an interview, timeline of the decolonization of africa for revision",local
how do you convert milliliters to ounces,local
"from now on, i want you to answer me using japanese",local
important dates related to the fall of the roman empire,local
i gotta know who is your boss,local
"fyi need to know, live score for the wimbledon final this evening",online
can you tell me the low tonight,online
any new covid variant news this week,online
gold rate price right now,online
hey there fellow,local
infosys shares market cap right now in the last hour,online
is there any traffic on the way to the bank,online
traffic looking alright going towards burger king,online
The wright brothers first flight — what actually happened,local
"hey, nifty 50 price action this week so far no cap",online
final score of the india vs australia test while i'm stuck in traffic,online
"i want to rent the cheapest car for charlottesville, virginia for march 7th through 10th, that's monday, tuesday, wednesday and thursday",online
list the ingredients in pizza,local
is there a meaning to life,local
ok main causes and effects of the signing of the magna carta,local
is there a name that you preferred to be called by,local
can you please slow down,local
how many dollars can i exchange for 100000 yen,online
final score of the nba game for the group chat,online
i want to know your age,local
is it okay to substitute oregano for basil,local
what time does my flight get in,online
let's switch to whisper voice,local
how empty is my gas tank,online
how is life treating you,local
when should i pick REST vs GraphQL over race conditions briefly,local
just another time please,local
what's something interesting to do kentucky,online
"fyi need to know, is infosys shares pumping or dumping today currently",online
the french revolution timeline — what actually happened before my exam,local
Urgent - is the grand slam tennis match still playing right now as of now,online
what time should i cook noodles for,local
"that is not true, it's false",local
walk through law of sines with numbers,local
how do you say cat in spanish,local
dow jones price right now asap,online
ok so is the toll plaza flooded from the downpour right now before my meeting,online
can you check if my application for a discovery card has been looked over yet,online
"hey, hypothesis testing explained with an example problem thanks",local
where am i located currently,online
i want you to call me something else,local
microservices architecture vs compiler vs interpreter which is better and when with an example,local
the ufc fight card score update please for the group chat,online
turn up the speaker volume,local
the ufc fight card result just now rn,online
any updates on the border tensions happening today,online
get an uber to pick me up at work and take me home,online
urgent - the airline strike status update please currently,online
quick one - who won the t20 world cup game last night asap,online
tell me the ratings for the local denny's,online
what are the weather conditions in seattle,online
ok correlation vs causation — proof and intuition before my exam,local
provide me the name of who made you,local
"fyi need to know, who won the champions league final last night at the moment",online
"Fyi need to know, real time quote for cardano pls",online
nvidia stock price action this week so far pls,online
how are the burgers at carl jr's,online
"for my homework, practice problem using law of sines with an example",local
"genuinely curious, give me a quick rundown of when the berlin wall fell with an example",local
i wanna change your name to audrey,local
how are the ratings like for buffalo wild wings,online
where did you live before here,local
how many pesos in one dollar us,online
ok so is the main train route closed due to the accident as of now,online
ngl the tech layoffs news status update please right now,online
"hey, background on the russian revolution 1917 for my essay before my exam",local
what do you like to do in your spare time,local
let me know how much gas i have in total,online
help me get my device back to it's factory settings,local
so practice problem using central limit theorem,local
"just checking, did the border tensions get resolved yet before i head out",online
how do i find lost luggage in an airport,online
"denormalization, explain like i'm a beginner coder with an example",local
walk through matrix multiplication rules with numbers,local
"just checking, infosys shares live chart movement as of now",online
"i'll be out of the country soon, and want to notify my bank",online
is the storm system offshore still ongoing,online
you need to respond to a new name called joey,local
is the ashes series still playing right now,online
does pizzeria delfina in san francisco take reservations,online
please respond to me when i reference skynet,local
"normalization in databases, explain like i'm a beginner coder",local
quick one - reliance shares price action this week so far,online
ngl real time quote for sensex just curious,online
quick one - is the wimbledon final still playing right now at the moment,online
would you book me a flight to miami from dallas on southwest airlines,online
ngl the highway conditions right now because of the storm?,online
ok so is the nba game still playing right now as of now,online
"just checking, reliance shares market cap right now today",online
"what are you, a bot or human",local
is crude oil price pumping or dumping today,online
"fyi need to know, is the harbor bridge open or blocked at the moment — need it fast",online
how would you implement window functions in sql from scratch,local
what do i need to make chicken noodle casserole,local
quick q - timeline of the unification of germany briefly,local
i've got to run now,local
do you know my name,local
"hey, current congestion level on the main train route",online
ok how to solve problems using vector cross product pls,local
so give me a quick rundown of the decolonization of africa with an example,local
i go by the name jim,local
usd to inr today's high and low before i head out,online
So traffic status on the ring road this morning for real,online
Partial derivatives formula and when to use it,local
what is there to do besides drink in germany,online
Key figures involved in the boston tea party for my notes,local
Is there a heat advisory in singapore today,online
set theory basics — proof and intuition pls,local
ok law of cosines for my calculus homework thanks,local
appreciate the help,local
please find out the current status of my credit card application,online
how does a bloom filter work,local
"Need this for an interview, derive standard deviation formula step by step",local
quick one - the f1 race result just now for real,online
so multiple inheritance in python — key points to remember for my notes,local
The signing of the magna carta — what actually happened,local
"Real talk, traffic status on the harbor bridge this morning in the last hour",online
please tell me the location of the nearest target store,online
assist me in getting a car rental,online
how would you implement git rebase vs merge from scratch with an example,local
nice to see you again,local
the thread deadlocks when two locks are acquired in different order,local
ok timeline of the periodic table history,local
Quick refresher on immutability in functional programming before my exam,local
x is your new nickname,local
The causes of world war 1 summary for history class briefly,local
in my tank how much gas is there,online
Ngl any updates on the cabinet reshuffle happening today right now,online
"genuinely curious, central limit theorem formula and when to use it",local
i have much gratitude for your help,local
is the ring road open or blocked at the moment before i head out,online
begin the coin flip now,local
"Real talk, is the flyover near the city center open or blocked at the moment today",online
Quick check on dogecoin before i trade,online
tell me your birthday,local
Partial derivatives explained with an example problem before my exam,local
Quick q - derive derivative of a function step by step,local
make the settings go back to the original,local
i would like to thank you,local
Bit manipulation tricks — key points to remember,local
is sensex pumping or dumping today,online
why is compiler vs interpreter used instead of recursion,local
Ok so sensex rate as of this minute in the last hour,online
The tech layoffs news — anything new in the last hour currently,online
the sauce must simmer then go in the oven but for how long,local
"Genuinely curious, give me a quick rundown of the wright brothers first flight thanks",local
"ci cd pipeline basics, explain like i'm a beginner coder briefly",local
quick q - set theory basics — proof and intuition before my exam,local
quick one - did the supreme court verdict get resolved yet?,online
my name is steve,local
quick one - is silver rate pumping or dumping today pls,online
"for class tomorrow, derive partial derivatives step by step",local
i would like to know your name,local
"hey, correlation vs causation explained with an example problem in simple terms",local
derive permutations and combinations step by step?,local
"fyi need to know, nasdaq price action this week so far?",online
How does memoization actually work under the hood,local
appreciate it,local
indicate something funny on the topic of food,local
i am going to germany soon do i need a visa,online
key figures involved in the causes of world war 1,local
"need this for an interview, main causes and effects of the industrial revolution key inventions for revision",local
Explain git rebase vs merge with a simple example,local
difference between load balancing and normalization forms,local
Quick one - silver rate price right now rn,online
is cardano pumping or dumping today pls,online
quick q - the cold war origins — what actually happened,local
Backtracking algorithms tutorial with code,local
the wildfire in the hills status update please as of now,online
can you tell me how you're doing today,local
pros and cons of pointers vs references thanks,local
"for my homework, difference between big O notation and dijkstra's algorithm before my exam",local
"Genuinely curious, how to solve problems using correlation vs causation",local
can you change how fast you're talking to speak more slowly,local
"need this for an interview, publish subscribe pattern interview question breakdown?",local
do i need a visa to travel to canada,online
"real talk, current valuation on dow jones for the group chat",online
toss a coin i will take heads,local
"please book me an uber and enter destination penn station, new york",online
does outback steakhouse have good reviews,online
The covid case numbers developments as of today,online
quick q - law of cosines formula and when to use it before my exam,local
urgent - current valuation on solana,online
have they looked over my app for the new credit card yet,online
are you now working for me,local
what's the current status of the credit card i applied for,online
final score of the ashes series,online
"i don't get message queues, someone explain",local
The industrial revolution key inventions — what actually happened,local
"For my homework, textbook definition of REST vs GraphQL",local
ok so who's leading in the t20 world cup game currently,online
what's my current gas level,online
i need to know what names you have for me,local
get my back to factory settings,local
what to do if luggage lost,online
so infosys shares price right now for real,online
"where is the closest walmart to boise, idaho",online
"for my homework, timeline of the age of exploration key figures?",local
how humid is it in kolkata right now,online
are there travel alerts for europe,online
"i keep forgetting operator overloading in c++, break it down for me",local
"trivia about something,tell me some",local
is the expressway flooded from the downpour right now,online
"book a hotel in pa, harrisburg for the 10th to 15th",online
is the metro line open or blocked at the moment,online
is there a tire repair place near the post office,online
can you get me an uber to the science museum,online
ok so is the metro line closed due to the accident no cap,online
"for class tomorrow, the age of exploration key figures summary for history class before my exam",local
practice problem using laplace transform,local
apple stock today's high and low,online
"hello, what's up",local
is the toll plaza flooded from the downpour right now,online
The causes of world war 1 — what actually happened,local
urgent - the central bank's rate decision developments as of today asap,online
the answer to that is affirmative,local
"for my homework, important dates related to the renaissance key artists with an example",local
Ok timeline of the cold war origins?,local
i can't figure out how to spell superficial,local
ngl real time quote for bitcoin asap,online
Ngl real time quote for dogecoin while i'm stuck in traffic,online
what is life’s meaning,local
"march 20th through the 22nd, please book me a hotel room in manhattan big enough for 10 people",online
are you a live being,local
"real talk, latest on the vaccine rollout progress in real time currently",online
"need this for an interview, derive vector cross product step by step in simple terms",local
i would love to know when my flight is going to land,online
real time quote for nasdaq asap,online
how many gallons do i have left,online
"Just checking, silver rate live chart movement before i head out",online
what is the weather going to be like today,online
Latest on the power outage in the city in real time at the moment,online
nifty 50 live chart movement,online
current valuation on nifty 50 currently,online
current air quality index in kolkata,online
quick check on nifty 50 before i trade,online
"Need this for an interview, derive matrix multiplication rules step by step",local
urgent - nvidia stock rate as of this minute this morning,online
"Genuinely curious, practice problem using matrix multiplication rules thanks",local
"Hey, how humid is it in mumbai right now before i head out",online
Current air quality index in los angeles,online
what was that last thing you said,local
"hey, why did ancient egyptian pyramid construction happen thanks",local
urgent - infosys shares rate as of this minute,online
quick one - nvidia stock market cap right now for the group chat,online
quick check on cardano before i trade currently,online
"fyi need to know, the euro cup semifinal score update please this evening",online
my luggage was lost so what do i do,online
ai i need to go to charlies with eight adults can you get uber,online
"test driven development, explain like i'm a beginner coder",local
CAP theorem interview question breakdown,local
Urgent - is the harbor bridge open or blocked at the moment?,online
current congestion level on the subway line,online
ngl current valuation on gold rate while i'm stuck in traffic,online
practice problem using convex optimization basics,local
real world use case for dependency injection,local
go back to whisper mode,local
ok how to solve problems using probability distributions with an example,local
real world use case for mutex vs semaphore,local
give me a quick rundown of the theory of evolution basics pls,local
"fyi need to know, who won the ufc fight card last night?",online
Main causes and effects of the causes of world war 1,local
"For my homework, textbook definition of stack vs heap memory for my notes",local
"for class tomorrow, notes on inheritance vs composition for my assignment with an example",local
how would you implement kubernetes pods from scratch thanks,local
"just checking, dogecoin price right now?",online
Ok derive hypothesis testing step by step,local
the fall of the roman empire summary for history class pls,local
the interstate conditions right now because of the storm?,online
ok so did the parliament session today get resolved yet asap,online
"need this for an interview, set theory basics explained with an example problem?",local
convex optimization basics — proof and intuition,local
"just checking, real time quote for apple stock no cap",online
"for my homework, topological sort — key points to remember",local
Quick one - live score for the premier league match asap,online
"fyi need to know, final score of the champions league final today",online
how are yards converted to inches,local
what do you want me to refer to you as,local
is there a heat advisory in dubai today,online
Regular expressions interview question breakdown,local
tell me the status of my credit card application,online
are your real or artificial,local
practice problem using law of sines,local
what kinds of questions can you respond to,local
did gold rate go up or down this morning,online
can you spell water,local
the flood situation downtown — anything new in the last hour,online
"for my homework, important dates related to the silk road trade routes?",local
ngl is it safe to drive in bangalore with this storm right now,online
so does outback steakhouse have good reviews,online
So key figures involved in when the berlin wall fell?,local
"for class tomorrow, timeline of the partition of india — struggling with this",local
infosys shares live chart movement just curious,online
"just checking, nvidia stock price action this week so far",online
Ngl the flyover near the city center conditions right now because of the storm while i'm stuck in traffic,online
set a timer for twelve seconds,local
is it possible to make a reservation at redrobin,online
go ahead and your volume,local
so CAP theorem for dummies,local
hi ai,local
what's your country of origin,local
will i have to wait for long before being seated at the cheese cake factory,online
"Observer pattern, explain like i'm a beginner coder",local
"fyi need to know, what's going on with the election results at the moment just curious",online
"Hey, the theory of evolution basics — what actually happened for revision",local
is the flight delayed out of delhi due to fog,online
"genuinely curious, why is graph traversal used instead of closures in javascript for revision",local
give me some trivia about lebron james,local
"just checking, who won the f1 race last night?",online
Dogecoin today's high and low this evening,online
what do the ratings say about korean bbq,online
urgent - did nasdaq go up or down this morning today,online
how long will it take to be seated at the flying w,online
explain the printing press invention impact in a short paragraph for revision,local
quick q - main causes and effects of the discovery of penicillin,local
what's the typical time to eat at red lobster,online
that is erroneous,local
please tell me the amount of gas i have,online
"Just checking, solana price action this week so far for real",online
quick one - is the metro line closed due to the accident while i'm stuck in traffic,online
eigenvalues and eigenvectors formula and when to use it?,local
lower the volume,local
what do you get if you divide 3 by 2,local
"real talk, quick check on sensex before i trade as of now",online
microservices architecture tutorial with code,local
so the pythagorean theorem explained with an example problem — struggling with this,local
important dates related to the periodic table history,local
what is the meaning of flange,local
when will my panam flight be arriving,online
can i substitute butter for margarine,local
Normalization forms cheat sheet,local
how busy will golden corral be at 7:30 tonight,online
what city were you born in,local
do you know how long of a wait it will be,online
how to solve problems using limits and continuity?,local
quick one - is it safe to drive in paris with this storm tonight,online
Notes on foreign key constraints for my assignment,local
how would you implement operator overloading in c++ from scratch in simple terms,local
can you help me with a rental car,online
quick one - is there a heat advisory in los angeles today before i head out,online
get louder,local
what is the name that you have for me,local
how is ripple xrp trending today this evening,online
ngl will it rain in sydney in the next few hours just curious,online
what amount of gas is in my car,online
Explain the decolonization of africa in a short paragraph,local
can you show me how to book a car rental in manitowoc,online
"for class tomorrow, derive hypothesis testing step by step",local
book me a flight out of la to chicago on march 3rd for under $500,online
can you book me a place to stay in denver from wednesday to friday,online
compare immutability in functional programming and singleton pattern in one paragraph,local
"for class tomorrow, why is sharding used instead of stack vs heap memory briefly",local
can you suggest some quality chinese restaurants in oklahoma city,online
i need to set the timer for two minutes,local
do you have a name that i can call you,local
so main causes and effects of the partition of india before my exam,local
what can you call me,local
So is there a heat advisory in singapore today,online
"real talk, is the ring road open or blocked at the moment no cap",online
i am needing to know who made you,local
When should i pick operator overloading in c++ over trie data structure,local
how does my gas tank look,online
"need this for an interview, background on the decolonization of africa for my essay in simple terms",local
i need you to call me mary,local
The causes of world war 1 summary for history class,local
tell me the traffic at lexington,online
background on the silk road trade routes for my essay,local
"fyi need to know, current congestion level on the flyover near the city center",online
"Hey, timeline of the fall of the roman empire before my exam",local
"genuinely curious, timeline of the unification of germany before my exam",local
"genuinely curious, main causes and effects of the ottoman empire decline for revision",local
"hey, background on the discovery of penicillin for my essay thanks",local
let me know something funny,local
i applied for a visa card; did that go through,online
do you know whether you are a human or whether you're a computer,local
can you tell me where flight dl123 is,online
Solid overview of sharding for revision,local
final score of the t20 world cup game asap,online
set a four minute timer,local
is it ok if i start speaking to you in german,local
B-tree indexing for dummies,local
"genuinely curious, pros and cons of map reduce filter functions for my notes",local
why is linked list used instead of eventual consistency briefly,local
"fyi need to know, the main train route conditions right now because of the storm currently",online
how clogged are the streets before the stadium,online
"need this for an interview, important dates related to the french revolution timeline",local
can i do a lot in nashville,online
"where is the nearest gas station to 20th and market streets, in philadelphia, pa",online
"need this for an interview, important dates related to the age of exploration key figures?",local
replace my language to chinese,local
that's not true,local
does myanmar have any travel alerts i should be aware of,online
so the tech layoffs news developments as of today rn,online
i need a car rental for the first and fifth in denver and i'd like a subaru,online
What's going on with the power outage in the city at the moment,online
that is overwhelmingly false,local
Give me a quick rundown of the age of exploration key figures briefly,local
how are you today,local
Ngl did the parliament session today get resolved yet pls,online
can i change what you call me,local
i ned you to flip a coin,local
the silk road trade routes — what actually happened with an example,local
what is the meaning of realism,local
list me some good vietnamese restaurants in new york city,online
how would you implement operator overloading in c++ from scratch,local
Derive integration by parts step by step,local
quick one - the vaccine rollout progress developments as of today — need it fast,online
"hey, walk me through TCP vs UDP step by step?",local
sliding window technique vs denormalization which is better and when before my exam,local
"Genuinely curious, why did the treaty of versailles terms happen — struggling with this",local
so compare monolith vs microservices and version control branching in one paragraph,local
"For my homework, walk me through linked list step by step — struggling with this",local
can i change the voice to male,local
Is the subway line flooded from the downpour right now at the moment,online
glad we got to talk,local
Ok so quick check on nasdaq before i trade rn,online
why is git rebase vs merge used instead of monads in haskell,local
i want you to recommend a good local restaurant to me,online
"i'm craving for italian food, where should i go",online
Difference between abstract class vs interface and big O notation,local
"Quick one - just heard about the protest downtown, what's the latest no cap",online
i need an algorithm to give me the result of rolling one twelve sided die,local
the nba game highlights from tonight before i head out,online
the subway line conditions right now because of the storm?,online
Urgent - breaking news on the airline strike pls,online
who won the la liga clasico last night tonight,online
"Hey, how does virtual memory actually work under the hood pls",local
ngl nasdaq market cap right now for real,online
ethereum market cap right now,online
quick one - how is tesla stock trending today rn,online
change your language prefrences japanese,local
how do you address me,local
i am not sure how to spell punctuation,local
"Hey, explain the renaissance key artists in a short paragraph before my exam",local
who won the ipl match last night,online
that is not right,local
Compare operator overloading in c++ and merge sort in one paragraph,local
ngl final score of the f1 race while i'm stuck in traffic,online
"Real talk, the wimbledon final highlights from tonight",online
who's leading in the t20 world cup game currently rn,online
has my credit card application gone through,online
can my car get to dallas with the gas currently in my tank,online
can you recommend an indian restaurant,online
ai could you say that again,local
what is the scheduled arrival time for my flight,online
do you have a preference regarding what i should call you,local
Quick q - walk through chain rule in calculus with numbers thanks,local
urgent - any updates on the protest downtown happening today,online
"Real talk, is the ufc fight card still playing right now this morning",online
docker containers vs joins in sql which is better and when,local
"Fyi need to know, any delays on the harbor bridge today this morning",online
"ai, how many months old are you",local
i need a place to stay in newark near a bodega from may 2nd through the 4th,online
"Just heard about the flood situation downtown, what's the latest just curious",online
"need this for an interview, notes on lambda expressions for my assignment briefly",local
how should i refer to you,local
is there a greater purpose in life,local
"Real talk, silver rate live chart movement as of now",online
does mexico travel require a visa,online
"for class tomorrow, how would you implement big O notation from scratch thanks",local
can you go back to my original settings,local
what's your boss' name,local
what is the number of gas in my car right now,online
important dates related to the russian revolution 1917,local
traffic status on the expressway this morning while i'm stuck in traffic,online
Quick q - permutations and combinations explained with an example problem,local
"genuinely curious, timeline of the russian revolution 1917",local
important dates related to the unification of germany with an example,local
correlation vs causation — proof and intuition,local
The mughal empire timeline — what actually happened,local
ok how does version control branching actually work under the hood for revision,local
Walk through standard deviation formula with numbers,local
the industrial revolution key inventions summary for history class pls,local
the la liga clasico highlights from tonight before i head out,online
"need this for an interview, i don't get virtual memory, someone explain — struggling with this",local
tell me now if you are a bot,local
are there any alerts for travelling to beirut,online
Ok difference between backtracking algorithms and observer pattern,local
is the main train route open or blocked at the moment,online
"just checking, current air quality index in hyderabad tonight",online
how long would i need to wait for a table at ihop right now,online
so real time quote for tesla stock rn,online
"hey, real time quote for tesla stock just curious",online
urgent - is the premier league match still playing right now,online
i need to know five dollars in yen and rubles,online
"for my homework, the industrial revolution key inventions summary for history class for my notes",local
"for my homework, why did the industrial revolution key inventions happen",local
"need this for an interview, give me a quick rundown of the partition of india with an example",local
final score of the t20 world cup game — need it fast,online
"how are you classified, as a human or a computer",local
"for class tomorrow, greedy algorithms interview question breakdown with an example",local
"For my homework, practice problem using hypothesis testing in simple terms",local
Tcs stock live chart movement pls,online
where are your origins found,local
"for class tomorrow, how does generics in java actually work under the hood?",local
"what's the point of life, anyways",local
ok notes on normalization forms for my assignment,local
So any delays on the harbor bridge today currently,online
you have what name for me,local
is the toll plaza open or blocked at the moment while i'm stuck in traffic,online
"real talk, final score of the f1 race just curious",online
explain the wright brothers first flight in a short paragraph,local
what is the sum of 8 + 3,local
Did the wildfire in the hills get resolved yet,online
Ok so the cyclone warning developments as of today for real,online
"Hey, did the border tensions get resolved yet as of now",online
"hey, memoization interview question breakdown thanks",local
Explain message queues with a simple example,local
ok matrix multiplication rules for my calculus homework for my notes,local
what is 3 to the 6th power,local
final score of the nba game,online
"fyi need to know, is the ipl match still playing right now while i'm stuck in traffic",online
urgent - final score of the t20 world cup game rn,online
So nasdaq price right now for real,online
the definition of affiliate is,local
"just checking, tcs stock price right now right now",online
any delays on the ring road today,online
urgent - the ipl match score update please for the group chat,online
Quick refresher on regular expressions before my exam,local
"Just checking, is the metro line flooded from the downpour right now?",online
"for class tomorrow, main causes and effects of ancient egyptian pyramid construction for my notes",local
alternatives to white wine in food,local
i want a coin flip,local
Is the main train route flooded from the downpour right now today,online
"just checking, cardano price action this week so far this evening",online
Quick q - quick refresher on asynchronous programming before my exam,local
the wimbledon final score update please at the moment,online
"Fyi need to know, the s&p 500 market cap right now at the moment",online
urgent - the ufc fight card highlights from tonight for real,online
"real talk, breaking news on the wildfire in the hills for the group chat",online
how does one say thank you in spanish,local
so the wildfire in the hills developments as of today — need it fast,online
how would i get to city hall via bus,online
"Ngl just heard about the flood situation downtown, what's the latest",online
urgent - the central bank's rate decision developments as of today for the group chat,online
real time quote for eur to usd this morning,online
the api call works in postman but fails from my frontend code,local
Ngl current congestion level on the highway just curious,online
did dogecoin go up or down this morning,online
multithreading in java interview question breakdown,local
urgent - the ufc fight card highlights from tonight today,online
what alerts are listed for traveling to paris,online
quick one - any delays on the harbor bridge today this morning,online
"hey, breaking news on the wildfire in the hills for real",online
"i keep forgetting two pointer technique, break it down for me",local
the fall of the roman empire — what actually happened,local
who won the champions league final last night,online
"Quick q - i don't get ACID properties, someone explain",local
can you tell me if you're human or if you're a computer,local
compare connection pooling and foreign key constraints in one paragraph,local
ok so the nba game score update please before i head out,online
"for my homework, timeline of when the berlin wall fell for my notes",local
"just checking, the la liga clasico score update please in the last hour",online
what do tourists do in tokyo,online
please whisper,local
what's going on with the wildfire in the hills at the moment,online
could you let me know how old you are,local
Abstract class vs interface vs observer pattern which is better and when,local
Real world use case for greedy algorithms pls,local
should i carry an umbrella in hyderabad today,online
Quick q - markov chains explained with an example problem?,local
Ngl traffic status on the interstate this morning?,online
"yep, that's right",local
what's the traffic like on my way to the terminal,online
quick one - the subway line conditions right now because of the storm asap,online
i am very grateful,local
please give me your responses only in french from now on,local
quick q - main causes and effects of the causes of world war 1 with an example,local
"Genuinely curious, important dates related to the renaissance key artists for my notes",local
latest on the election results in real time,online
do you know how to say where is the restroom in french,local
The election results developments as of today,online
would you please tell me my current gps coordinates,online
solana price right now,online
"i don't get regular expressions, someone explain",local
what's the traffic at lexington,online
how do i change your options so that you speak more slowly,local
they call me josh,local
the s&p 500 today's high and low just curious,online
want 5 minute timer,local
ok so final score of the wimbledon final for real,online
So current congestion level on the main train route in the last hour,online
The wimbledon final result just now,online
is the earthquake near the coast still ongoing,online
"Genuinely curious, pros and cons of asynchronous programming with an example",local
Quick q - notes on hash map for my assignment for my notes,local
schedule an uber to the mall,online
how long is the wait at imanas,online
Walk through permutations and combinations with numbers,local
explain to me the trivia on twilight,local
final score of the india vs australia test pls,online
is the ipl match still playing right now,online
Urgent - the euro cup semifinal score update please in the last hour,online
"Just heard about the trade deal talks, what's the latest as of now",online
Quick one - is it safe to drive in new york with this storm while i'm stuck in traffic,online
"for my homework, law of sines — proof and intuition — struggling with this",local
Quick one - is the ring road open or blocked at the moment just curious,online
so live score for the ufc fight card,online
did the flood situation downtown get resolved yet before i head out,online
i would like to know the amount of gas i have,online
is the interstate flooded from the downpour right now just curious,online
i need an uber to the movies for me and 5 other people,online
need a place to crash in elizabeth near the refinery from june 4th until the 9th,online
urgent - is the toll plaza flooded from the downpour right now this morning,online
derive limits and continuity step by step,local
that's a negative,local
is the border tensions affecting traffic right now,online
how bad is the earthquake near the coast right now this morning,online
"for my homework, give me a quick rundown of when the berlin wall fell pls",local
should i call you something in particular,local
"fyi need to know, any updates on the airline strike happening today pls",online
the s&p 500 rate as of this minute currently,online
it is a true,local
The periodic table history summary for history class for revision,local
explain process vs thread with a simple example,local
how would they say say goodbye in hawaii,local
Quick q - textbook definition of monolith vs microservices briefly,local
"Fyi need to know, will it rain in bangalore in the next few hours just curious",online
so quick check on nifty 50 before i trade as of now,online
what's the precise coordinates of this place,online
important dates related to the periodic table history for my notes,local
So practice problem using bayes theorem for revision,local
"hey, is the metro line closed due to the accident before i head out",online
so practice problem using matrix multiplication rules for revision,local
urgent - traffic status on the harbor bridge this morning before i head out,online
i didn't catch that say it again,local
quick q - background on the moon landing mission details for my essay pls,local
what festivals are there to see in paris,online
"genuinely curious, the age of exploration key figures — what actually happened with an example",local
chain rule in calculus for my calculus homework,local
urgent - the earthquake near the coast status update please for the group chat,online
final score of the euro cup semifinal in the last hour,online
urgent - final score of the euro cup semifinal tonight,online
quick refresher on version control branching before my exam,local
explain the renaissance key artists in a short paragraph for my notes,local
how long does it take to get a table at chili's,online
i need to know how many cups are in a two gallons,local
Urgent - is the wildfire in the hills still ongoing for the group chat,online
what should i do if i'm waiting at the airport and my luggage is not here,online
law of cosines for my calculus homework,local
Urgent - current congestion level on the metro line before my meeting,online
"i keep forgetting backtracking algorithms, break it down for me",local
central limit theorem for my calculus homework,local
ok notes on REST vs GraphQL for my assignment before my exam,local
"hey, current congestion level on the interstate tonight",online
"hey, just heard about the covid case numbers, what's the latest for real",online
if i were english how would i say subway,local
are you influenced by someone else,local
are the pancakes at ihop any good,online
"genuinely curious, background on when the berlin wall fell for my essay pls",local
"hey, key figures involved in the boston tea party thanks",local
turn up the volume level to 4,local
Ci cd pipeline basics vs event loop in node which is better and when,local
"fyi need to know, dow jones market cap right now in the last hour",online
what is an ataraxy,local
what are you going to refer to me as,local
so main causes and effects of the periodic table history,local
quick q - main causes and effects of the age of exploration key figures?,local
so why did the great depression causes happen pls,local
explain the causes of world war 1 in a short paragraph,local
"need this for an interview, textbook definition of multithreading in java",local
summarize hash map in a few bullet points,local
"need this for an interview, why did the great depression causes happen — struggling with this",local
find out for me if my amex card application was received,online
i filed a credit card application so what is going on with it,online
difference between eventual consistency and stack vs heap memory briefly,local
please tell me your date of birth,local
explain the industrial revolution key inventions in a short paragraph pls,local
"Hey, final score of the champions league final no cap",online
is the internet outage affecting my area still,online
Ok how does observer pattern actually work under the hood for revision,local
Practice problem using quadratic formula for revision,local
is the central bank's rate decision still ongoing this morning,online
i am wanting to know how old you are,local
set a one minute timer,local
ok why did the renaissance key artists happen briefly,local
ok so how is usd to inr trending today this evening,online
"fyi need to know, current valuation on bitcoin",online
"fyi need to know, any delays on the toll plaza today",online
The storm system offshore status update please,online
tell me what ingredients i need for carne asada,local
no thanks,local
Urgent - the wimbledon final score update please asap,online
any delays on the metro line today before my meeting,online
key figures involved in the periodic table history,local
what is 22 meters in inches,local
can you send me an uber to go to a restaurant in downtown phoenix,online
how humid is it in dubai right now pls,online
"For my homework, give me a quick rundown of the ottoman empire decline with an example",local
explain when the berlin wall fell in a short paragraph,local
exit out of whisper mode,local
Did dogecoin go up or down this morning just curious,online
ngl is the tech layoffs news affecting traffic right now for the group chat,online
is the euro cup semifinal still playing right now,online
ngl gold rate live chart movement while i'm stuck in traffic,online
notes on caching strategies for my assignment,local
slow your speech,local
"for my homework, why is mutex vs semaphore used instead of normalization in databases with an example",local
"just checking, the metro line conditions right now because of the storm rn",online
derive hypothesis testing step by step?,local
ok derive standard deviation formula step by step,local
what ingredients go in potato skins,local
how is reliance shares trending today,online
live score for the champions league final,online
does have good reviews have great reviews,online
REST vs GraphQL interview question breakdown,local
logarithm rules explained with an example problem for my notes,local
that is true,local
what is three quarters of one sixth,local
i want to roll some dice,local
permutations and combinations formula and when to use it,local
i say no to that question,local
Quick q - the partition of india — what actually happened — struggling with this,local
ok how to solve problems using the pythagorean theorem,local
Urgent - is the toll plaza closed due to the accident,online
Practice problem using convex optimization basics thanks,local
"real talk, live score for the world cup qualifier for real",online
how is cardano trending today currently,online
"flip a coin and let me know if it lands on heads or tails, please",local
ok give me a quick rundown of the industrial revolution key inventions thanks,local
Quick q - notes on hash map for my assignment before my exam,local
Background on the cold war origins for my essay pls,local
so ancient egyptian pyramid construction summary for history class pls,local
timeline of the theory of evolution basics,local
"Fyi need to know, quick check on nasdaq before i trade rn",online
please roll a 6 sided dice,local
real time quote for crude oil price,online
The subway line conditions right now because of the storm,online
who did the programming on you,local
what's the traffic like to city hall,online
did the earthquake near the coast get resolved yet asap,online
can you help me spell facetiousness,local
ok so the storm system offshore — anything new in the last hour this evening,online
can i call you lucy from now on,local
can i hear the male voice please,local
what is the exchange rate between usd and british pounds,online
it seems not,local
thank you very much for the answer,local
"fyi need to know, usd to inr rate as of this minute no cap",online
the bank needs to know that i am traveling soon,online
give me a quick rundown of the fall of the roman empire with an example,local
nvidia stock market cap right now while i'm stuck in traffic,online
flip that dime,local
find me a roundtrip flight from dallas to los angeles from march 2 to march 10,online
"buy a flight from santa fe to jacksonville on new year's eve that returns on the fourth, please",online
give me a quick rundown of the american civil war causes,local
how will i know when my application for a credit card has been processed,online
notes on pointers vs references for my assignment,local
"Hey, the ashes series highlights from tonight tonight",online
can i start talking to you in french,local
do you know if cheese cake factory does reservations,online
what are the nearest streets to the statue of liberty in new york,online
yes that is right,local
reliance shares today's high and low rn,online
"genuinely curious, when should i pick operator overloading in c++ over sharding with an example",local
what are you familiar with,local
Practice problem using convex optimization basics,local
quick one - is the flight delayed out of los angeles due to fog tonight,online
compiler vs interpreter example in python please,local
thread pools for dummies,local
ngl tesla stock price right now just curious,online
ai what was the question,local
set theory basics formula and when to use it,local
could you use a male voice,local
"Need this for an interview, correlation vs causation formula and when to use it briefly",local
how can i adjust the spoken language,local
are you a machine,local
ok give me a quick rundown of the periodic table history — struggling with this,local
Is the grand slam tennis match still playing right now,online
"Need this for an interview, pros and cons of docker containers before my exam",local
are you a person,local
tell me how to spell anonymous,local
why is multithreading in java used instead of load balancing,local
"hey, the champions league final highlights from tonight this evening",online
quick refresher on REST vs GraphQL before my exam,local
explain compiler vs interpreter with a simple example,local
how to solve problems using central limit theorem?,local
So taylor series expansion explained with an example problem briefly,local
where can i find the mall closest to here,online
Ok compare virtual functions in c++ and heap data structure in one paragraph,local
"for class tomorrow, big O notation tutorial with code",local
Walk through the pythagorean theorem with numbers,local
Any updates on the airline strike happening today as of now,online
"hey, ci cd pipeline basics vs deadlocks which is better and when briefly",local
ngl live score for the world cup qualifier before my meeting,online
ok the printing press invention impact summary for history class thanks,local
so background on the renaissance key artists for my essay thanks,local
so cardano price action this week so far right now,online
"hey, real world use case for docker containers?",local
ok so is tcs stock pumping or dumping today before i head out,online
"For class tomorrow, ancient egyptian pyramid construction summary for history class",local
difference between linked list and B-tree indexing,local
use male voice,local
"just checking, infosys shares price right now just curious",online
so give me a quick rundown of the great depression causes before my exam,local
i need to know how to convert liters into pints,local
"for my homework, practice problem using set theory basics for my notes",local
"i keep forgetting stack vs heap memory, break it down for me",local
"For class tomorrow, background on the fall of the roman empire for my essay in simple terms",local
"Fyi need to know, the protest downtown status update please tonight",online
i want a 10 minute timer,local
how much total gas do i have,online
Event loop in node interview question breakdown,local
"multithreading in java, explain like i'm a beginner coder",local
window functions in sql vs linked list which is better and when for my notes,local
turn it up please,local
so nasdaq price action this week so far this evening,online
"if i have 20,000 yen, how much is that in usd",online
ripple xrp market cap right now rn,online
let me know how the outback steakhouse reviews are,online
so any delays on the main train route today pls,online
the tech layoffs news developments as of today,online
"for my homework, linked list interview question breakdown before my exam",local
do you know whom i should contact since my luggage did not arrive,online
"hey, just heard about the storm system offshore, what's the latest today",online
"that's all, bye",local
is there any good place in hawaii kai that serve local food,online
how long do i cook steak,local
refresh to factory defaults,local
lets go threw some trivia on sports,local
any delays on the subway line today,online
do people like the food at wendy's,online
multiple inheritance in python for dummies,local
Why did the decolonization of africa happen before my exam,local
increase the volume level to 4 now,local
i want you to address me in italian,local
what am i able to ask the ai,local
final score of the wimbledon final,online
did the border tensions get resolved yet,online
ok so is the la liga clasico still playing right now,online
compare dynamic programming and two pointer technique in one paragraph,local
can you tell me your hobbies,local
that is wrong,local
Tcs stock today's high and low,online
can i get a random heads or tails,local
did the parliament session today get resolved yet,online
"for class tomorrow, when the berlin wall fell — what actually happened?",local
i think it is false,local
nvidia stock price action this week so far,online
can you please not talk so fast,local
urgent - the wimbledon final highlights from tonight in the last hour,online
how long do i cook the chicken roast,local
is the flyover near the city center closed due to the accident,online
so breaking news on the election results currently,online
"i want to bake brownies, how long do they bake for",local
live score for the t20 world cup game — need it fast,online
i'd like to know how much you get when you roll a ten sided dice,local
cardano market cap right now,online
Give me a quick rundown of the signing of the magna carta,local
Is the subway line flooded from the downpour right now,online
book me a car rental between january 1st to january 3rd in denver colorado and id prefer a ford,online
how long is the wait at macaroni grill,online
probability distributions — proof and intuition,local
compare virtual memory and map reduce filter functions in one paragraph,local
Urgent - any updates on the central bank's rate decision happening today currently,online
"for my homework, practice problem using hypothesis testing — struggling with this",local
Law of cosines for my calculus homework,local
did nvidia stock jump after the earnings call,online
urgent - should i carry an umbrella in paris today,online
quick q - integration by parts — proof and intuition — struggling with this,local
quick q - how would you implement two pointer technique from scratch — struggling with this,local
Correlation vs causation formula and when to use it,local
ok so how is nvidia stock trending today before i head out,online
Current valuation on nvidia stock this evening,online
is the heatwave alert affecting traffic right now,online
urgent - is the main train route flooded from the downpour right now,online
thank you so very much,local
the asia cup final score update please,online
"genuinely curious, integration by parts formula and when to use it for revision",local
walk me through promises vs callbacks step by step,local
current valuation on cardano,online
i want a flight booked from new york to san francisco with continental,online
How is usd to inr trending today,online
does my car have enough gas to get to chicago,online
permutations and combinations — proof and intuition for revision,local
is the toll plaza open or blocked at the moment rn,online
what's your age alexa,local
so eur to usd market cap right now before my meeting,online
"need this for an interview, multiple inheritance in python — key points to remember thanks",local
that would be great,local
"for class tomorrow, important dates related to the printing press invention impact briefly",local
"for class tomorrow, permutations and combinations for my calculus homework for revision",local
who created you,local
does international travel always require a visa,online
background on the decolonization of africa for my essay,local
ngl the ashes series score update please at the moment,online
so derive laplace transform step by step briefly,local
count down 10 minutes,local
ripple xrp price right now,online
"Need this for an interview, solid overview of test driven development for revision — struggling with this",local
please introduce yourself,local
the ipl match highlights from tonight,online
the india vs australia test result just now no cap,online
"just checking, the metro line conditions right now because of the storm",online
i need a good laugh,local
ok logarithm rules for my calculus homework in simple terms,local
change your language setting to german,local
find what the word diaphanous mean please,local
"For class tomorrow, difference between dynamic programming and regular expressions pls",local
the supreme court verdict — anything new in the last hour,online
what do you need to make dandelion wine properly,local
quick q - practice problem using probability distributions,local
How does unit testing vs integration testing actually work under the hood in simple terms,local
"fyi need to know, did nasdaq go up or down this morning this morning",online
The discovery of penicillin summary for history class,local
"Need this for an interview, how to solve problems using central limit theorem before my exam",local
"for class tomorrow, why did the discovery of penicillin happen?",local
background on the treaty of versailles terms for my essay — struggling with this,local
How to solve problems using logarithm rules thanks,local
ngl is the wildfire in the hills still ongoing as of now,online
thank you for your time,local
urgent - the covid case numbers — anything new in the last hour this evening,online
book a flight from bangor to las vegas on may 1st and returning july 4th,online
who won the grand slam tennis match last night?,online
who's leading in the grand slam tennis match currently,online
"for class tomorrow, explain the ottoman empire decline in a short paragraph for revision",local
"genuinely curious, key figures involved in the fall of the roman empire",local
Ngl live score for the india vs australia test currently,online
"Just checking, traffic status on the ring road this morning — need it fast",online
come again with that,local
latest on the power outage in the city in real time,online
how would you implement version control branching from scratch,local
live score for the ipl match,online
standard deviation formula formula and when to use it with an example,local
can you book me a place to stay in pittsburgh from monday to friday,online
"hey, the american civil war causes — what actually happened for my notes",local
what ingredients are needed for shrimp cocktail,local
So how to solve problems using law of cosines thanks,local
am i talking to an actual person,local
who's leading in the world cup qualifier currently for real,online
"hey, live score for the nba game",online
Is the central bank's rate decision affecting traffic right now,online
the treaty of versailles terms summary for history class in simple terms,local
what happens during tcp three way handshake,local
ok practice problem using partial derivatives with an example,local
my luggage is lost and i would like help trying to locate it,online
would you tell me your age,local
"need this for an interview, immutability in functional programming, explain like i'm a beginner coder pls",local
"just checking, any delays on the toll plaza today",online
"i don't have sour cream, can i use yogurt instead",local
so heap data structure vs memoization which is better and when — struggling with this,local
my name's frank,local
help me secure a car rental out of reagan international airport from march 22-30,online
"real talk, is the interstate open or blocked at the moment for real",online
so live score for the f1 race before i head out,online
it's indeed true,local
quick one - the t20 world cup game result just now,online
so vector cross product formula and when to use it for revision,local
So is the tech layoffs news affecting traffic right now no cap,online
difference between trie data structure and denormalization,local
pros and cons of tail recursion for revision,local
what is the traffic situation at the olive garden restaurant,online
"real talk, is the airline strike affecting traffic right now — need it fast",online
"genuinely curious, why is observer pattern used instead of tail recursion — struggling with this",local
"real talk, is the main train route open or blocked at the moment",online
Quick one - who's leading in the premier league match currently right now,online
provide me with ideas of things we can do in charlotte,online
Monolith vs microservices interview question breakdown,local
Urgent - the world cup qualifier result just now,online
Tcs stock rate as of this minute,online
tell me my current location please,online
compiler vs interpreter for dummies,local
urgent - real time quote for gold rate just curious,online
urgent - ethereum market cap right now?,online
quick one - traffic status on the harbor bridge this morning as of now,online
"hey, current congestion level on the harbor bridge?",online
the s&p 500 rate as of this minute,online
help me find a well reviewed hotel in dallas,online
water is spelled how,local
ok so how humid is it in bangalore right now currently,online
"hey, polymorphism for dummies pls",local
quick one - how humid is it in kolkata right now for the group chat,online
current valuation on apple stock,online
how can i change your name,local
thanks for your response,local
ok so is the vaccine rollout progress affecting traffic right now?,online
load balancing tutorial with code,local
"hey, stop talking like you're a stretch taped",local
quick refresher on singleton pattern before my exam,local
Quick refresher on ci cd pipeline basics before my exam pls,local
slow down,local
is nifty 50 pumping or dumping today before i head out,online
how many kilos are in 20 pounds,local
tell me a joke about animals,local
foreign key constraints — key points to remember,local
are you working for me or what,local
can you talk in spanish,local
"just checking, is the harbor bridge flooded from the downpour right now",online
"Hey, is the ring road closed due to the accident at the moment",online
did silver rate go up or down this morning,online
is the covid case numbers affecting traffic right now,online
where were you manufactured,local
can you find me a decent hotel in denver,online
"just checking, how bad is the central bank's rate decision right now this morning",online
it is definitely affirmative,local
i need you to flip a coin so i can decide,local
"I don't get normalization forms, someone explain",local
buy a flight from phoenix to el paso on august 30 that returns on labor day,online
are you doing well,local
i need to find a rental car since i'm travelling to new york tomorrow,online
what about changing the sugar for baking soda,local
"For my homework, solid overview of joins in sql for revision with an example",local
"for class tomorrow, law of sines explained with an example problem briefly",local
what is life all about,local
the meaning of life please,local
"For class tomorrow, how would you implement SOLID principles from scratch",local
main causes and effects of the mughal empire timeline,local
"just checking, real time quote for tesla stock asap",online
"genuinely curious, explain backtracking algorithms with a simple example thanks",local
"hey, sensex market cap right now just curious",online
ACID properties vs load balancing which is better and when,local
definition of anachronism,local
"for class tomorrow, permutations and combinations for my calculus homework",local
"real talk, reliance shares live chart movement",online
does travelling to that place require a visa,online
walk me through database indexing step by step,local
Walk me through SOLID principles step by step,local
"real talk, is the interstate closed due to the accident this evening",online
integration by parts — proof and intuition thanks,local
make the speakers louder,local
is the flight delayed out of new york due to fog,online
is there a good fish place in salem,online
"hey, practice problem using linear regression math pls",local
"Need this for an interview, summarize docker containers in a few bullet points thanks",local
would you tell me how to get to walmart by bus,online
"real talk, real time quote for nvidia stock for the group chat",online
tell the bank i'm traveling between denver and la,online
The protest downtown — anything new in the last hour rn,online
"for class tomorrow, how to solve problems using taylor series expansion before my exam",local
how do you convert ounces to kilos,local
background on the ottoman empire decline for my essay briefly,local
"how would i say, 'i don't know the answer' in spanish",local
i'm desperate to know about my cc processing,online
"Need this for an interview, why did the mughal empire timeline happen for revision",local
change the language you're using to american english,local
what name is mine,local
what's the purpose of existence,local
"Real talk, how bad is the wildfire in the hills right now in the last hour",online
"could you tell me the meaning of life, please",local
i want a coin flip and i'll take tails,local
"ok i keep forgetting backtracking algorithms, break it down for me",local
main causes and effects of the partition of india,local
so current valuation on the s&p 500 rn,online
is the grand slam tennis match still playing right now,online
The la liga clasico highlights from tonight,online
"for my homework, pros and cons of B-tree indexing",local
Important dates related to the theory of evolution basics,local
"Need this for an interview, walk me through recursion step by step for revision",local
what was that,local
ngl the la liga clasico highlights from tonight no cap,online
what name do you refer to me as,local
practice problem using set theory basics in simple terms,local
clear all settings in a reset,local
set a seven minute timer,local
ngl did cardano go up or down this morning currently,online
can you speak in french,local
dogecoin price right now,online
difference between garbage collection and REST vs GraphQL,local
"Real talk, current valuation on ripple xrp before my meeting",online
"fyi need to know, live score for the ufc fight card pls",online
adios ai,local
can you find me a place to stay in sacramento near the capitol on july 3-5,online
"need this for an interview, pros and cons of recursion for my notes",local
How does REST vs GraphQL actually work under the hood in simple terms,local
"no, that is inaccurate",local
what ingredients go in mashed potato,local
do i need to get a visa to visit canada,online
"real talk, is the expressway open or blocked at the moment rn",online
go back to the original settings,local
how close is a gas station to mcdonalds,online
nvidia stock price right now,online
make the volume 4,local
"genuinely curious, give me a quick rundown of the cold war origins briefly",local
urgent - the grand slam tennis match score update please while i'm stuck in traffic,online
Is the earthquake near the coast still ongoing,online
"hey, timeline of the russian revolution 1917 — struggling with this",local
"for class tomorrow, important dates related to the printing press invention impact?",local
ngl who's leading in the nba game currently pls,online
Walk me through mock objects in testing step by step,local
i would like a timer set,local
background on the age of exploration key figures for my essay,local
the covid case numbers status update please,online
i must switch to the male voice,local
i need a hotel in new orleans from may 2 - 5 near the french quarter,online
what places in chicago will allow me to rent a car from monday to friday,online
quick q - why did the silk road trade routes happen before my exam,local
Current congestion level on the interstate no cap,online
what will the temperature be tomorrow,online
"Real talk, is the ufc fight card still playing right now rn",online
what time is my flight scheduled to leave,online
"describe the meaning of ""dog",local
can acero take reservation,online
"Just checking, current valuation on solana this morning",online
did the trade deal talks get resolved yet,online
Ok explain the unification of germany in a short paragraph before my exam,local
explain the age of exploration key figures in a short paragraph,local
Urgent - ethereum price right now tonight,online
what does ataraxy mean,local
are you a live person or a computer,local
standard deviation formula — proof and intuition,local
i didn't hear you can you repeat that,local
i wanna learn a phrase in russian,local
So should i carry an umbrella in kolkata today right now,online
Urgent - who won the ashes series last night pls,online
change and set your language setting to english,local
i appreciate your help,local
difference between CAP theorem and caching strategies,local
"genuinely curious, explain the printing press invention impact in a short paragraph",local
ok why did the industrial revolution key inventions happen,local
Breaking news on the power outage in the city,online
how do i know if you are a real person,local
how is nasdaq trending today this morning,online
"for class tomorrow, quick refresher on joins in sql before my exam in simple terms",local
thanks again!,local
what is 1/2 times 5/8,local
"for my homework, give me a quick rundown of the mughal empire timeline",local
"real talk, the t20 world cup game score update please right now",online
urgent - is the ring road open or blocked at the moment,online
"just checking, gold rate price right now for real",online
urgent - nvidia stock price action this week so far,online
how can i get your attention,local
talk to you later,local
Is the interstate closed due to the accident currently,online
"just checking, how humid is it in paris right now",online
Solid overview of process vs thread for revision thanks,local
derive logarithm rules step by step,local
timeline of the boston tea party,local
"hey, real time quote for nifty 50 this evening",online
how do i go about renting a car,online
what time is my flight supposed to board,online
law of sines explained with an example problem,local
tesla stock live chart movement,online
"hey, who's leading in the ashes series currently tonight",online
how do you spell mississippi,local
ok so cardano today's high and low while i'm stuck in traffic,online
i need to know how old you are,local
Laplace transform for my calculus homework,local
how does dependency injection actually work under the hood,local
current congestion level on the interstate right now,online
please book an uber for chima's,online
ok so is the wildfire in the hills affecting traffic right now — need it fast,online
get me an uber to chilis,online
"genuinely curious, vector cross product formula and when to use it for my notes",local
urgent - the flood situation downtown status update please before i head out,online
i need your setting switched to whisper mode right away,local
How to solve problems using central limit theorem,local
ngl gold rate price action this week so far?,online
i need to know if you are a bot,local
Static vs dynamic typing vs test driven development which is better and when,local
whats rupees dollars in 30,online
when should i pick sharding over multiple inheritance in python,local
could you ask the question again,local
can you slow down the speed in which you speak,local
Important dates related to the decolonization of africa,local
how long to reheat chinese food,local
"Fyi need to know, did cardano go up or down this morning for the group chat",online
what do you do in your free time,local
quick one - is the nba game still playing right now before i head out,online
"i'm heading to israel soon, do i need a visa",online
do i need to get a visa for russia,online
"real talk, did dogecoin go up or down this morning just curious",online
current status of the vaccine rollout in my state,online
are you real or fake,local
chain rule in calculus — proof and intuition,local
ethereum live chart movement,online
"hey, quadratic formula for my calculus homework",local
ok so the euro cup semifinal highlights from tonight before my meeting,online
who is your originator,local
my luggage is lost i was on delta flight ab123 out of new york,online
just wanted to say hi,local
how to solve problems using chain rule in calculus,local
derive law of sines step by step briefly,local
dijkstra's algorithm example in python please,local
did the cabinet reshuffle get resolved yet this morning,online
"real talk, nifty 50 rate as of this minute currently",online
what can you be asked about,local
Timeline of the mughal empire timeline pls,local
"for class tomorrow, taylor series expansion explained with an example problem pls",local
explain the moon landing mission details in a short paragraph,local
so quick check on reliance shares before i trade,online
make up a timer for me,local
can you spell hamburger,local
please look into the current wait times at chili's right now,online
i want to rent a bmw suv for dallas from march 2 to 6th,online
Ok so quick check on apple stock before i trade before i head out,online
"genuinely curious, notes on sliding window technique for my assignment pls",local
is the vaccine rollout progress affecting traffic right now,online
is it possible to make reservations with famous dave's restaurant,online
"hey, explain the age of exploration key figures in a short paragraph",local
how would you implement regular expressions from scratch,local
breaking news on the ceasefire negotiations this evening,online
Who won the ufc fight card last night,online
"fyi need to know, how bad is the tech layoffs news right now as of now",online
"hey, notes on connection pooling for my assignment for revision",local
any updates on the flood situation downtown happening today,online
please find out if napolis takes lunch reservations,online
i need to find a nice hotel with solid reviews in seattle,online
"fyi need to know, is bitcoin pumping or dumping today while i'm stuck in traffic",online
"hey, latest on the ceasefire negotiations in real time",online
"Fyi need to know, quick check on apple stock before i trade",online
Ok so is the expressway flooded from the downpour right now as of now,online
what sort of hobbies do you enjoy,local
who do i go to to find lost luggage,online
has the application for my visa been processed,online
"just heard about the covid case numbers, what's the latest",online
i need you to change your accent to the male british one,local
can i refer to you as liz,local
main causes and effects of the ottoman empire decline before my exam,local
caching strategies tutorial with code,local
how can i take a bus to dallas,online
"real talk, any updates on the airline strike happening today before i head out",online
why is process vs thread used instead of database indexing,local
"genuinely curious, practice problem using convex optimization basics pls",local
"real talk, the harbor bridge conditions right now because of the storm — need it fast",online
traffic status on the toll plaza this morning while i'm stuck in traffic,online
Quick one - what's going on with the wildfire in the hills at the moment,online
the asia cup final highlights from tonight for the group chat,online
inform my bank i will travel to brazil from june 1st to july 1st,online
i want to hear a joke that’s funny,local
what's 10 pounds in dollars,online
substitute for milk in pancakes,local
topological sort for dummies,local
define thoroughbred,local
make a new name for the ai,local
solid overview of promises vs callbacks for revision?,local
Did the earthquake near the coast get resolved yet,online
Quick one - who's leading in the wimbledon final currently just curious,online
what's happening,local
change language setting to english,local
"genuinely curious, monolith vs microservices, explain like i'm a beginner coder in simple terms",local
"need this for an interview, timeline of the periodic table history",local
my linked list reversal function loses the tail node,local
"for class tomorrow, derive eigenvalues and eigenvectors step by step — struggling with this",local
how can i tell my bank i'm going to vietnam,online
How bad is the power outage in the city right now,online
you're talking too quickly for me to understand,local
nifty 50 market cap right now,online
can you please talk faster,local
ok so how is eur to usd trending today currently,online
what's the syntax for a python dictionary comprehension,local
"could you speak a little faster, please",local
Any delays on the interstate today,online
boost volume to 4,local
Timeline of the french revolution timeline,local
Who's leading in the world cup qualifier currently,online
"hey, solid overview of recursion for revision?",local
who won the india vs australia test last night — need it fast,online
set a timer for 15 minutes,local
you can call me al,local
can i rent a car in belgium from march 01 to march 02 and have it be a porsche,online
summarize garbage collection in a few bullet points,local
give me the meaning of alternative,local
"hey, caching strategies — key points to remember",local
can i swap sugar for salt,local
what is 90908 divided by 30890,local
ngl the nba game result just now this morning,online
"please, can you set the timer for me",local
"Just checking, any delays on the main train route today right now",online
"real talk, final score of the premier league match",online
what does the forecast look like,online
"please, recite to me some good one liners",local
i'd like to switch back to my factory settings,local
Quadratic formula formula and when to use it,local
tell me how handkerchief is spelled,local
make your accent the male british one,local
"Fyi need to know, cardano rate as of this minute for real",online
Urgent - quick check on ripple xrp before i trade this evening,online
is there traffic on dove road,online
Permutations and combinations formula and when to use it briefly,local
"hey, main causes and effects of the age of exploration key figures for revision",local
what would you like to call me,local
am i in need of an international visa to go to france,online
real time quote for silver rate as of now,online
practice problem using convex optimization basics?,local
no that is wrong,local
"for class tomorrow, explain the printing press invention impact in a short paragraph before my exam",local
what name should i use to call for you,local
what date were you created on,local
Should i carry an umbrella in los angeles today,online
timeline of the cold war origins,local
Give me a quick rundown of the moon landing mission details thanks,local
"hey, any delays on the highway today as of now",online
"Hey, how to solve problems using markov chains with an example",local
when will we begin to board my scheduled flight,online
"book an uber with the destination set to david's house, please",online
Quick check on ethereum before i trade before my meeting,online
urgent - current congestion level on the toll plaza asap,online
dogecoin market cap right now tonight,online
timeline of the french revolution timeline with an example,local
what tasks can you complete for me,local
i'm going to need an uber to take 4 people to the mall,online
"just checking, is the ufc fight card still playing right now — need it fast",online
ok so the grand slam tennis match result just now,online
"Hey, difference between regular expressions and dijkstra's algorithm thanks",local
can you increase the speaker volume,local
Hypothesis testing formula and when to use it,local
"need this for an interview, fourier transform for my calculus homework — struggling with this",local
tell me a fun fact about mt everest,local
Ok why did ancient egyptian pyramid construction happen with an example,local
quick one - any delays on the harbor bridge today right now,online
your boss is,local
will you roll a 2 sided dice,local
"for class tomorrow, compare joins in sql and big O notation in one paragraph",local
let me bank know i will be in brazil from june 1st to july 1st,online
"genuinely curious, why did the wright brothers first flight happen thanks",local
"Hey, the vaccine rollout progress developments as of today no cap",online
"fyi need to know, is the expressway flooded from the downpour right now rn",online
Quick check on crude oil price before i trade no cap,online
where were you created,local
quick one - is the ring road closed due to the accident,online
please respond to me in spanish,local
ok so is the interstate open or blocked at the moment rn,online
"hey, standard deviation formula formula and when to use it in simple terms",local
what kind of reviews does wendy's have,online
coin flip,local
quick one - live score for the champions league final while i'm stuck in traffic,online
how do they say yes in brazil,local
the highway conditions right now because of the storm,online
Who's leading in the india vs australia test currently,online
"for my homework, practice problem using standard deviation formula — struggling with this",local
Sensex price right now,online
how long is the wait at orchids,online
quick one - final score of the nba game this morning,online
"greedy algorithms, explain like i'm a beginner coder",local
the subway line conditions right now because of the storm pls,online
"find me a flight from nyc to la on march 1, returning on march 5",online
"how do i find my location, please",online
"hey, did sensex go up or down this morning at the moment",online
Ok important dates related to the cold war origins for revision,local
so walk me through garbage collection step by step thanks,local
"hey, explain the signing of the magna carta in a short paragraph before my exam",local
change to factory settings now,local
Ok so how is nasdaq trending today in the last hour,online
summarize asynchronous programming in a few bullet points,local
i’m making spaghetti what ingredients do i need,local
"genuinely curious, derive central limit theorem step by step for my notes",local
yes that's correct,local
can you list off different restaurants,online
what is the record high temperature for today,online
is the la liga clasico still playing right now,online
The partition of india — what actually happened,local
it's so much easier with you around,local
what is the square root of 10500,local
So background on the cold war origins for my essay,local
can i make a reservation at chevy's,online
so silver rate price action this week so far for the group chat,online
Dogecoin market cap right now,online
the nba game result just now this evening,online
so reliance shares live chart movement for real,online
is dogecoin pumping or dumping today,online
what place were you created in,local
who would you say your employer is,local
Will it rain in paris in the next few hours today,online
Laplace transform — proof and intuition before my exam,local
Practice problem using chain rule in calculus,local
Practice problem using hypothesis testing briefly,local
"need this for an interview, explain the moon landing mission details in a short paragraph — struggling with this",local
what exactly can you help me with,local
"genuinely curious, walk through matrix multiplication rules with numbers thanks",local
i need to change my speaking to spanish,local
"fyi need to know, current congestion level on the main train route no cap",online
traffic status on the ring road this morning at the moment,online
"Hey, who won the wimbledon final last night for real",online
"need this for an interview, normalization forms — key points to remember in simple terms",local
"for my homework, walk through linear regression math with numbers",local
i need a well-rated hotel in vegas,online
"genuinely curious, central limit theorem for my calculus homework with an example",local
so textbook definition of pointers vs references thanks,local
is the main train route flooded from the downpour right now today,online
"Need this for an interview, compare closures in javascript and subqueries in sql in one paragraph thanks",local
"i don't get generics in java, someone explain",local
quick q - summarize topological sort in a few bullet points pls,local
i'd like to find a hotel in tampa that people liked enough to leave good reviews about,online
the ufc fight card highlights from tonight at the moment,online
Derive derivative of a function step by step thanks,local
Ok so who won the f1 race last night as of now,online
compare ci cd pipeline basics and publish subscribe pattern in one paragraph,local
explain how a b+ tree index speeds up queries,local
so normalization forms for dummies,local
"hey, quick refresher on caching strategies before my exam?",local
"need this for an interview, notes on message queues for my assignment",local
"nice, excellent!",local
"real talk, solana today's high and low tonight",online
the great depression causes summary for history class for revision,local
"fyi need to know, current congestion level on the subway line this evening",online
Ngl solana today's high and low — need it fast,online
practice problem using fourier transform briefly,local
key figures involved in the moon landing mission details,local
derive chain rule in calculus step by step for revision,local
"hey, give me a quick rundown of the renaissance key artists in simple terms",local
who's leading in the euro cup semifinal currently,online
the meaning of life,local
nifty 50 rate as of this minute no cap,online
what are some good sushi restaurants in reno,online
please list nearby restaurants with 4 or more star reviews,online
"need this for an interview, practice problem using central limit theorem",local
what would you like to be called,local
i need help booking a car rental in seattle,online
How bad is the trade deal talks right now,online
i need a 10 sided die rolled,local
"Need this for an interview, why is generics in java used instead of publish subscribe pattern?",local
how do i find the meaning of life,local
how old is the ai,local
Quick one - latest on the election results in real time this morning,online
"hey, timeline of the periodic table history for my notes",local
ok so the premier league match score update please rn,online
quick q - background on the boston tea party for my essay before my exam,local
i need a timer for 20 seconds,local
Key figures involved in the boston tea party,local
ok so how humid is it in chennai right now for real,online
who do you job for,local
the tech layoffs news status update please right now,online
i need a flight booked from dallas to miami on american airlines,online
"hey, gold rate market cap right now for the group chat",online
ngl any updates on the flood situation downtown happening today,online
the renaissance key artists — what actually happened,local
how many ts are in tethered,local
quick one - current congestion level on the highway currently,online
"can you roll a fair, 6 sided die",local
your answer was enjoyable,local
what can you answer for me,local
urgent - is the subway line flooded from the downpour right now today,online
please increase the speed of your talking,local
real world use case for normalization forms,local
how is everything going,local
what is the word on flight dl123,online
"hey ai, reduce your speed of speaking",local
Gradient descent math formula and when to use it thanks,local
will it rain in delhi in the next few hours,online
Live score for the premier league match,online
The heatwave alert — anything new in the last hour,online
"fyi need to know, current valuation on tesla stock today",online
traffic status on the metro line this morning,online
so is the interstate flooded from the downpour right now pls,online
urgent - the expressway conditions right now because of the storm at the moment,online
"for class tomorrow, important dates related to the ottoman empire decline?",local
"hey, quick check on silver rate before i trade at the moment",online
for how long does this need to cook,local
how long should i fry an egg for,local
i'm looking for a roundtrip flight from aaf to dia for february 23rd to february 28th,online
urgent - the nba game result just now today,online
how long does it take to cook a pork chop,local
"genuinely curious, topological sort tutorial with code",local
so apple stock live chart movement in the last hour,online
help me get an uber to soldier field,online
what do you purchase to put in a shepherd's pie,local
"for my homework, derivative of a function — proof and intuition?",local
urgent - any updates on the storm system offshore happening today asap,online
Solid overview of message queues for revision,local
what can i do in evans,online
can you do a british male accent,local
ok summarize B-tree indexing in a few bullet points for revision,local
lower your voice box,local
so pros and cons of virtual functions in c++ for revision,local
quick q - kubernetes pods vs deadlocks which is better and when,local
The cold war origins summary for history class for revision,local
"for class tomorrow, ACID properties, explain like i'm a beginner coder",local
which types of questions can i ask you,local
so why is singleton pattern used instead of bit manipulation tricks before my exam,local
ok so is the expressway flooded from the downpour right now right now,online
ok why did the causes of world war 1 happen in simple terms,local
at what point should the flight land,online
quick q - how would you implement backtracking algorithms from scratch for my notes,local
how many dollars can i exchange for 10 yen,online
i am going to australia and want to be notified of any travel alerts,online
Dependency injection for dummies,local
"just checking, any delays on the metro line today before i head out",online
please tell me how to ask for a taxi in french,local
"Genuinely curious, compare immutability in functional programming and unit testing vs integration testing in one paragraph?",local
"fyi need to know, is there a heat advisory in dubai today",online
is there a reason people exist,local
convex optimization basics explained with an example problem in simple terms,local
so is the harbor bridge closed due to the accident at the moment,online
"genuinely curious, markov chains for my calculus homework with an example",local
urgent - current air quality index in mumbai — need it fast,online
"for my homework, practice problem using hypothesis testing with an example",local
how to solve problems using matrix multiplication rules briefly,local
quick one - crude oil price today's high and low in the last hour,online
background on the age of exploration key figures for my essay before my exam,local
"For my homework, quick refresher on ci cd pipeline basics before my exam thanks",local
how does trie data structure actually work under the hood,local
how long will the chicken take to cook,local
"fyi need to know, what's going on with the cabinet reshuffle at the moment just curious",online
breaking news on the earthquake near the coast rn,online
"fyi need to know, dogecoin live chart movement tonight",online
"for class tomorrow, trie data structure vs regular expressions which is better and when with an example",local
Ripple xrp today's high and low just curious,online
Quick refresher on binary search tree before my exam,local
just call me al,local
Quick q - law of cosines — proof and intuition for revision,local
change your settings so that your respond to the name marion,local
please tell my bank that i will be traveling abroad,online
share with me a fun fact about outer space,local
"yes, that is a fact",local
Walk me through joins in sql step by step,local
"genuinely curious, linear regression math explained with an example problem",local
find out what the word abrogate means for me,local
bayes theorem — proof and intuition,local
"go ahead and flip that coin, i am choosing heads here",local
tell me a joke if you'd like to,local
"just checking, breaking news on the earthquake near the coast at the moment",online
apple stock live chart movement,online
"for my homework, markov chains for my calculus homework thanks",local
how many minutes do i cook baked ziti,local
i would like to know what flights are available out of el paso to dallas on june 10 for under $300,online
"just checking, the la liga clasico score update please as of now",online
final score of the euro cup semifinal this evening,online
ok timeline of the mughal empire timeline — struggling with this,local
should i carry an umbrella in sydney today for real,online
So how to solve problems using logarithm rules before my exam,local
why is dependency injection used instead of multithreading in java,local
urgent - who won the grand slam tennis match last night asap,online
pros and cons of quick sort,local
"for class tomorrow, how to solve problems using fourier transform",local
"Need this for an interview, set theory basics for my calculus homework thanks",local
get me a hotel room for 3 people from march 12th to 14th in chicago,online
could you check and see if my credit card application has been processed and approved or not,online
is the traffic bad on the way to work,online
the signing of the magna carta summary for history class for my notes,local
"just checking, crude oil price rate as of this minute pls",online
compare backtracking algorithms and monads in haskell in one paragraph,local
so current air quality index in bangalore today,online
what are you,local
"hey, traffic status on the ring road this morning?",online
my hashmap implementation has collisions that overwrite values,local
can you tell me the status of my delta flight,online
so the ufc fight card result just now pls,online
quick q - partial derivatives — proof and intuition — struggling with this,local
"correct, it is affirmative",local
life has what meaning or what's the secret to it,local
hotel room for 5 in austin for 3/1 until 3/8,online
how much gas is in the tank,online
what does my gas meter say,online
what's the status of my united flight,online
quick refresher on ci cd pipeline basics before my exam,local
go ahead and change your accent to the male british one,local
derive vector cross product step by step,local
what are the ingredients in gumbo,local
ngl real time quote for apple stock right now,online
do they take reservations at mcdonalds,online
what is the name you associate with me,local
12 feet is equal to how many inches,local
let me know how much gas i have,online
"real talk, is the f1 race still playing right now just curious",online
ok so did crude oil price go up or down this morning just curious,online
does moscow require travel visas to visit,online
usd to inr today's high and low,online
difference between dynamic programming and generics in java,local
find me starbucks,online
Give me a quick rundown of the unification of germany,local
what's your hobbies,local
urgent - is the flyover near the city center flooded from the downpour right now in the last hour,online
Pros and cons of normalization forms,local
gradient descent math explained with an example problem,local
"Genuinely curious, i don't get normalization forms, someone explain — struggling with this",local
So timeline of the american civil war causes before my exam,local
you're the best!,local
permutations and combinations explained with an example problem,local
The flyover near the city center conditions right now because of the storm,online
please refer to me as sharon,local
is the highway open or blocked at the moment rn,online
what is the amount of gas left,online
breaking news on the wildfire in the hills,online
how long does pizza take to cook,local
the wright brothers first flight summary for history class,local
Compare CAP theorem and microservices architecture in one paragraph,local
The metro line conditions right now because of the storm,online
The grand slam tennis match score update please,online
"search for the nearest atm to newark penn station, newark in new jersey",online
only call me dan,local
what name should i use to address you,local
Urgent - quick check on ripple xrp before i trade today,online
so important dates related to the printing press invention impact before my exam,local
"hey, why did the unification of germany happen briefly",local
"need this for an interview, event loop in node example in python please in simple terms",local
"need this for an interview, walk through bayes theorem with numbers",local
ok the great depression causes — what actually happened with an example,local
explain sliding window technique with a simple example before my exam,local
what are some touristy things to do in boston,online
so when should i pick memoization over graph traversal?,local
"real talk, usd to inr live chart movement",online
main causes and effects of the wright brothers first flight,local
could you tell me how to get to the statue of liberty by bus,online
Ok abstract class vs interface interview question breakdown with an example,local
law of sines for my calculus homework — struggling with this,local
main causes and effects of the signing of the magna carta pls,local
whats dollars won in 15,online
ok so dow jones price right now?,online
so live score for the world cup qualifier this morning,online
"for my homework, give me a quick rundown of the wright brothers first flight thanks",local
So explain the moon landing mission details in a short paragraph briefly,local
tell me the weather report for tallahassee,online
"Fyi need to know, is the metro line closed due to the accident at the moment",online
how is the traffic typically at noon on the route to hospital,online
ok so gold rate rate as of this minute — need it fast,online
are there activities that you enjoy doing in your free time,local
can you turn this down,local
big O notation interview question breakdown,local
Quick q - why did the silk road trade routes happen in simple terms,local
practice problem using eigenvalues and eigenvectors in simple terms,local
quick one - the election results — anything new in the last hour,online
how old are you today,local
How humid is it in sydney right now,online
the euro cup semifinal result just now tonight,online
so dogecoin market cap right now asap,online
is there a flood alert for downtown right now,online
so who won the f1 race last night this morning,online
notes on CAP theorem for my assignment,local
"fyi need to know, how bad is the border tensions right now just curious",online
is the election results still ongoing,online
Ok practice problem using fourier transform,local
ok so how humid is it in pune right now just curious,online
Ngl final score of the champions league final — need it fast,online
is it possible to only talk in spanish,local
set a 10 minute timer,local
ngl final score of the premier league match,online
speak in the language english,local
what skills do you have,local
deadlocks for dummies,local
do you know the name of your boss,local
Nvidia stock live chart movement before my meeting,online
"real talk, the toll plaza conditions right now because of the storm for the group chat",online
final score of the asia cup final,online
Ok the great depression causes — what actually happened for my notes,local
tell me what ten pounds in kilos is,local
Partial derivatives explained with an example problem,local
do they take reservations at carrabbas,online
help me find a good sushi spot in chicago,online
can i have you call me something else,local
volume to whisper voice,local
the age of exploration key figures — what actually happened,local
i need you to reset your factory settings,local
what's going on with the cabinet reshuffle at the moment,online
"need this for an interview, main causes and effects of the silk road trade routes in simple terms",local
so important dates related to the renaissance key artists thanks,local
traffic status on the ring road this morning — need it fast,online
"fyi need to know, the champions league final result just now tonight",online
does buffalo wild wings take reservations,online
"Fyi need to know, is the t20 world cup game still playing right now",online
does longhorn steakhouse have good reviews,online
chain rule in calculus — proof and intuition thanks,local
does home have a starbucks nearby,online
"need this for an interview, the moon landing mission details summary for history class with an example",local
what things do you enjoy doing,local
how to solve problems using correlation vs causation?,local
tell me a joke about cars,local
"hey, is it safe to drive in chennai with this storm before i head out",online
do they accept reservations at michael's,online
Nasdaq today's high and low,online
could you tell me the name of your boss,local
i need to change your name to ben,local
"For my homework, probability distributions formula and when to use it",local
"for my homework, notes on SOLID principles for my assignment in simple terms",local
what are some good places to eat at,online
"fyi need to know, is the main train route closed due to the accident currently",online
roll the dice,local
please let my bank know that i will be in uruguay from january to august,online
so what sort of hobbies are you into,local
repeat what you just said,local
How humid is it in singapore right now,online
so important dates related to when the berlin wall fell pls,local
Who's leading in the la liga clasico currently,online
what things are there to do in kentucky,online
"just checking, infosys shares price action this week so far no cap",online
Difference between virtual functions in c++ and foreign key constraints,local
walk through correlation vs causation with numbers — struggling with this,local
"hey, pointers vs references for dummies",local
what is the definition of valor,local
"need this for an interview, why is multiple inheritance in python used instead of SOLID principles with an example",local
is there a heat advisory in chicago today,online
thanks please,local
"For class tomorrow, primary key vs unique key example in python please thanks",local
Who's leading in the euro cup semifinal currently,online
i need to know the status of flight dl123,online
is there a heat advisory in mumbai today,online
when will my credit card app be approved,online
revert back to your factory settings,local
Compare graph traversal and multiple inheritance in python in one paragraph before my exam,local
please check the status of my mastercard application,online
partial derivatives — proof and intuition,local
any delays on the highway today right now,online
Did crude oil price go up or down this morning,online
urgent - cardano live chart movement for the group chat,online
how long do i put the casserole in,local
real world use case for hash map,local
did the heatwave alert get resolved yet,online
did tesla stock go up or down this morning tonight,online
important dates related to the age of exploration key figures,local
is usd to inr pumping or dumping today no cap,online
do you have a way you like to be referred to,local
difference between CAP theorem and memoization,local
"for class tomorrow, how would you implement test driven development from scratch before my exam",local
"hey, linear regression math formula and when to use it for revision",local
i need to know directions to the nearest gas station,online
partial derivatives formula and when to use it pls,local
"Just checking, will it rain in toronto in the next few hours",online
"just checking, is the airport terminal closed due to the accident before i head out",online
who would you say you work for,local
i want to learn an interesting fact about cats,local
is the india vs australia test still playing right now this morning,online
"Hey, practice problem using permutations and combinations?",local
any travel alerts for that country i should know about,online
Important dates related to the cold war origins,local
CAP theorem for dummies,local
"quick sort, explain like i'm a beginner coder",local
is there another entity you work for,local
quick check on apple stock before i trade just curious,online
"for class tomorrow, background on the theory of evolution basics for my essay with an example",local
what are some things you like doing,local
what's an interesting fact about flamingos,local
"just checking, is the harbor bridge closed due to the accident just curious",online
How to solve problems using quadratic formula thanks,local
law of sines — proof and intuition pls,local
"around nine, is ambrosio busy",online
ok important dates related to the fall of the roman empire before my exam,local
monolith vs microservices vs binary search tree which is better and when,local
quick one - sensex price action this week so far,online
so is the harbor bridge closed due to the accident asap,online
"for my homework, why is joins in sql used instead of two pointer technique in simple terms",local
normalization forms cheat sheet,local
markov chains formula and when to use it,local
thank you!,local
the main train route conditions right now because of the storm,online
"hey, who's leading in the ufc fight card currently in the last hour",online
usd to inr rate as of this minute at the moment,online
what time will i be able to board the plane,online
so pros and cons of message queues pls,local
Is the highway open or blocked at the moment before my meeting,online
Quick one - is there a heat advisory in chicago today currently,online
how's the rupee doing against the dollar today,online
"for my homework, set theory basics formula and when to use it thanks",local
"hey, timeline of the russian revolution 1917 in simple terms",local
what does kentucky have to offer for things to do,online
give me a quick rundown of the causes of world war 1,local
i would say that the statement is definitely false,local
Current congestion level on the ring road,online
how long should i cook the asparagus for,local
"need this for an interview, explain the wright brothers first flight in a short paragraph thanks",local
Is nifty 50 pumping or dumping today in the last hour,online
joins in sql for dummies,local
Real time quote for ripple xrp,online
live score for the euro cup semifinal,online
Live score for the f1 race,online
in england how do they say subway,local
how long should i cook a ny steak,local
"need this for an interview, practice problem using matrix multiplication rules — struggling with this",local
so foreign key constraints interview question breakdown in simple terms,local
"Need this for an interview, the industrial revolution key inventions summary for history class for my notes",local
absolutely!,local
compiler vs interpreter cheat sheet,local
can you get a coin and flip it,local
"genuinely curious, observer pattern, explain like i'm a beginner coder thanks",local
"i want sushi, is there any good place in ho chi minh",online
quick q - why did the mughal empire timeline happen,local
"need this for an interview, taylor series expansion for my calculus homework",local
mind sharing a joke,local
thanks for giving me assistance,local
"for my homework, real world use case for caching strategies",local
thanks for talking,local
can you please the timer,local
is it possible to rent a car from new york on 3/2/19 to 3/5/19,online
"genuinely curious, i keep forgetting monads in haskell, break it down for me for revision",local
urgent - what's going on with the covid case numbers at the moment for the group chat,online
"just checking, the subway line conditions right now because of the storm this morning",online
pros and cons of topological sort,local
"fyi need to know, the ashes series highlights from tonight",online
ngl will it rain in berlin in the next few hours before my meeting,online
pros and cons of inheritance vs composition,local
the ottoman empire decline summary for history class,local
Quick one - current valuation on nasdaq pls,online
"hey, who won the ashes series last night for real",online
"Just heard about the election results, what's the latest",online
what are the things you can help me with,local
"hey, difference between garbage collection and race conditions",local
how is ripple xrp trending today — need it fast,online
nifty 50 market cap right now?,online
"fyi need to know, cardano price right now",online
"Hey, current air quality index in chicago",online
quick one - is the t20 world cup game still playing right now right now,online
quick check on dogecoin before i trade,online
"Just checking, solana market cap right now currently",online
my luggage was lost on the flight,online
convert cm to inch,local
ok so is the cyclone warning affecting traffic right now no cap,online
"real talk, is the expressway flooded from the downpour right now tonight",online
summarize backtracking algorithms in a few bullet points with an example,local
how would you implement primary key vs unique key from scratch,local
the mughal empire timeline summary for history class,local
what's local slang for goodbye in hawaii,local
monolith vs microservices interview question breakdown,local
The f1 race highlights from tonight at the moment,online
"real talk, who won the t20 world cup game last night this evening",online
"hey, apple stock price right now",online
can you switch to female voice,local
"just checking, current congestion level on the flyover near the city center rn",online
so dow jones market cap right now,online
how do i spell ambitious,local
"fyi need to know, nasdaq market cap right now?",online
ok compare static vs dynamic typing and monads in haskell in one paragraph with an example,local
does north korea have any travel alerts i should be aware of,online
find out if i can rent a car in los angeles from march 2-9,online
i need your language setting to be russian now,local
"Genuinely curious, how does regular expressions actually work under the hood",local
"hey, how to solve problems using chain rule in calculus?",local
"just heard about the vaccine rollout progress, what's the latest while i'm stuck in traffic",online
ACID properties for dummies,local
ok why did the signing of the magna carta happen in simple terms,local
gold rate market cap right now,online
call me ishmael,local
matrix multiplication rules for my calculus homework — struggling with this,local
good day,local
am i talking with real person or ai,local
so derive quadratic formula step by step thanks,local
can you tell me something i don't know about banks,local
"for class tomorrow, real world use case for dynamic programming for revision",local
"genuinely curious, why did the decolonization of africa happen — struggling with this",local
key figures involved in the cold war origins,local
ok the russian revolution 1917 summary for history class,local
check me out on the map,online
"hey, the silk road trade routes — what actually happened for revision",local
is reliance shares pumping or dumping today,online
how is bitcoin trending today no cap,online
"just checking, what's going on with the vaccine rollout progress at the moment this evening",online
Give me a quick rundown of the treaty of versailles terms?,local
what airlines have flights round trip on april 1st to april 7th from lax to sfo,online
are you here to serve me,local
did nifty 50 go up or down this morning,online
where can i find jimmy john's reservations,online
"real talk, the grand slam tennis match highlights from tonight",online
change accent to british male,local
flip that coin once; it must be tails,local
"need this for an interview, derive derivative of a function step by step before my exam",local
"just checking, will it rain in bangalore in the next few hours",online
tcs stock live chart movement,online
"need this for an interview, explain the discovery of penicillin in a short paragraph in simple terms",local
how does operator overloading in c++ actually work under the hood,local
"for my homework, explain the printing press invention impact in a short paragraph",local
thread pools tutorial with code,local
it's a no,local
one more time for me please,local
so is the airport terminal flooded from the downpour right now at the moment,online
Ngl who won the t20 world cup game last night in the last hour,online
when is the next rain chance,online
Why is backtracking algorithms used instead of normalization in databases,local
tell me what you do in your free time,local
quick one - bitcoin today's high and low asap,online
who is responsible for who you are,local
"for my homework, greedy algorithms tutorial with code for my notes",local
So explain the discovery of penicillin in a short paragraph,local
what are the most popular attractions in gatlinburg,online
So pros and cons of test driven development in simple terms,local
what questions do you respond to,local
summarize mock objects in testing in a few bullet points for revision,local
ok explain the renaissance key artists in a short paragraph thanks,local
so give me a quick rundown of the mughal empire timeline for my notes,local
call the bank and tell them i will be in france on the 16th until the 26th,online
what kind of things can you answer,local
timeline of the printing press invention impact thanks,local
practice problem using chain rule in calculus,local
Ok the partition of india — what actually happened for revision,local
is sparks experiencing bad weather right now,online
Quick q - key figures involved in the decolonization of africa,local
is the interstate open or blocked at the moment asap,online
the india vs australia test result just now,online
what is intercontinental mean,local
did ripple xrp go up or down this morning,online
how many weeks are in 3 months,local
Ngl real time quote for tesla stock for the group chat,online
solid overview of mutex vs semaphore for revision for revision,local
help me to book a car rental in sacremento,online
ok derive the pythagorean theorem step by step,local
"Genuinely curious, important dates related to the boston tea party",local
what do you put in a tibetan omelette,local
So gradient descent math — proof and intuition with an example,local
"fyi need to know, should i carry an umbrella in delhi today while i'm stuck in traffic",online
"for my homework, solid overview of static vs dynamic typing for revision?",local
i'd like to hear about your hobbies,local
what is the weather outlook for seattle,online
so law of cosines formula and when to use it for my notes,local
the tech layoffs news status update please while i'm stuck in traffic,online
"Genuinely curious, main causes and effects of the american civil war causes before my exam",local
how to solve problems using law of cosines with an example,local
definition of affiliate is what,local
how do i say you're welcome in chinese,local
"just checking, is the flyover near the city center closed due to the accident before i head out",online
i'm looking for a roundtrip flight from koa to mgj for june to july,online
will i need a visa to travel to cancun,online
quick one - current valuation on solana tonight,online
Urgent - real time quote for cardano for real,online
what do you enjoy doing while not working,local
"Need this for an interview, important dates related to when the berlin wall fell pls",local
Background on the ottoman empire decline for my essay,local
is the beltway backed up in traffic on saturday mornings at 11 am during the cherry festival,online
is the asia cup final still playing right now,online
urgent - how humid is it in london right now before my meeting,online
Is the ring road flooded from the downpour right now,online
ngl current congestion level on the highway before my meeting,online
"correct, that's true",local
quick one - how is reliance shares trending today right now,online
Quick q - solid overview of caching strategies for revision,local
will they take reservations at chillis,online
how would you implement virtual functions in c++ from scratch for my notes,local
are there any new travel warnings for the us,online
"just checking, tesla stock rate as of this minute no cap",online
Race conditions for dummies,local
who is responsible for making you,local
breaking news on the border tensions currently,online
is it okay if i change your name to mud,local
"real talk, who's leading in the ashes series currently while i'm stuck in traffic",online
"for class tomorrow, give me a quick rundown of the american civil war causes",local
"Just checking, did sensex go up or down this morning this evening",online
switch to whisper mode,local
quick check on reliance shares before i trade pls,online
"For my homework, how does connection pooling actually work under the hood before my exam",local
ok so traffic status on the expressway this morning as of now,online
is the metro running on schedule this evening,online
"fyi need to know, is infosys shares pumping or dumping today at the moment",online
"just checking, the grand slam tennis match result just now",online
take me to the closest walmart,online
"need this for an interview, solid overview of connection pooling for revision thanks",local
how bad is traffic to the closet atm machine,online
can you book me a hotel in los angeles near commerce casino from april 1st to the 5th,online
current valuation on ripple xrp before my meeting,online
how old did you just turn,local
can i use sour cream instead of milk,local
what is the conversion for 500 dollars to pesos,online
Derive vector cross product step by step,local
we'll talk later ai,local
"hey, real time quote for dow jones for the group chat",online
can you change your language to japanese,local
are you a human being or a robot,local
is the airport terminal closed due to the accident no cap,online
when will my jetblue flight get here,online
urgent - the ipl match result just now as of now,online
"see you later, alligator",local
"Just heard about the cabinet reshuffle, what's the latest",online
"fyi need to know, quick check on nifty 50 before i trade this morning",online
how many centimeters are in an inch,local
ngl real time quote for nasdaq — need it fast,online
what does altruism mean,local
Derive set theory basics step by step,local
"for my homework, why did the unification of germany happen",local
please slow down i can't understand you,local
"hey, who won the f1 race last night before i head out",online
crude oil price live chart movement before my meeting,online
"hey, garbage collection for dummies",local
tell my bank i will be travelling to the caribbean,online
Usd to inr market cap right now,online
"hey, summarize message queues in a few bullet points — struggling with this",local
can you explain the meaning of life to me,local
compare regular expressions and mutex vs semaphore in one paragraph for revision,local
"so just heard about the power outage in the city, what's the latest today",online
Quick one - the ring road conditions right now because of the storm before i head out,online
traffic status on the toll plaza this morning,online
i am needing to know your name,local
live score for the la liga clasico,online
what do i say for goodbye in hawaii,local
yeah that's what i want,local
what company owns your code,local
Why is inheritance vs composition used instead of pointers vs references thanks,local
what do you refer to me as,local
breaking news on the covid case numbers,online
ok so gold rate rate as of this minute this morning,online
Did the central bank's rate decision get resolved yet,online
explain pointers vs references with a simple example — struggling with this,local
"for my homework, derivative of a function — proof and intuition for my notes",local
urgent - quick check on solana before i trade?,online
using this map i'd like to see my exact whereabouts,online
when should i pick git rebase vs merge over normalization forms,local
"i want to go to korea, do i need an international visa",online
"hey, give me a quick rundown of the age of exploration key figures for my notes",local
"real talk, is silver rate pumping or dumping today this morning",online
so important dates related to the silk road trade routes?,local
"hey, markov chains for my calculus homework — struggling with this",local
who crafted you,local
"Hey, is the airport terminal open or blocked at the moment pls",online
background on the boston tea party for my essay,local
that is not true,local
Explain lambda expressions with a simple example,local
Walk me through pointers vs references step by step,local
ok so is reliance shares pumping or dumping today asap,online
Walk through eigenvalues and eigenvectors with numbers,local
ok so the harbor bridge conditions right now because of the storm asap,online
"fyi need to know, current air quality index in london just curious",online
quick refresher on load balancing before my exam,local
how did you come to be you,local
what are some things to do in portland,online
i flew on southwest airlines flight ab123 out of dallas and i can not find my luggage,online
Explain ancient egyptian pyramid construction in a short paragraph,local
"just checking, live score for the premier league match before i head out",online
will you roll a 10 sided dice,local
"in aiken, get me a rental for may 12 to may 16",online
ngl how humid is it in london right now today,online
"fyi need to know, traffic status on the ring road this morning right now",online
what's the currency conversion between usd and yen,online
textbook definition of foreign key constraints?,local
Compare deadlocks and test driven development in one paragraph briefly,local
"hey, background on the ottoman empire decline for my essay",local
Ok so live score for the f1 race right now,online
summarize foreign key constraints in a few bullet points,local
"hey, the la liga clasico highlights from tonight for real",online
list of countries with travel alerts,online
what is the weather like in denver,online
tell me this week's forecast,online
"just checking, the toll plaza conditions right now because of the storm no cap",online
Ok why did the age of exploration key figures happen — struggling with this,local
i would like an uber please,online
how much fuel is in the tank,online
compare big O notation and linked list in one paragraph,local
the decolonization of africa summary for history class pls,local
urgent - live score for the f1 race today,online
why did the periodic table history happen,local
current congestion level on the interstate this morning,online
you need to set the timer for me,local
i wanna know who is your boss,local
change mode to whisper,local
Why is multiple inheritance in python used instead of generics in java?,local
ci cd pipeline basics for dummies,local
"hey, who won the wimbledon final last night at the moment",online
"just checking, the highway conditions right now because of the storm — need it fast",online
Give me a quick rundown of the boston tea party,local
do you know whether ihop does reservations,online
usd to inr price action this week so far,online
"need this for an interview, multithreading in java, explain like i'm a beginner coder",local
is the flight delayed out of chennai due to fog?,online
"for class tomorrow, practice problem using matrix multiplication rules",local
quick one - any delays on the airport terminal today,online
is it safe to travel to china,online
"just checking, who's leading in the wimbledon final currently — need it fast",online
so integration by parts — proof and intuition before my exam,local
i lost my luggage coming from new york city on american flight ab123,online
"Just checking, is the subway line closed due to the accident no cap",online
quick q - textbook definition of virtual functions in c++ in simple terms,local
does china have any travel alerts i should be aware of,online
"hey, quick check on cardano before i trade while i'm stuck in traffic",online
"for my homework, linear regression math — proof and intuition before my exam",local
quick q - notes on REST vs GraphQL for my assignment,local
Urgent - real time quote for ripple xrp today,online
"real talk, the harbor bridge conditions right now because of the storm for the group chat",online
"for my homework, practice problem using taylor series expansion before my exam",local
"for my homework, how to solve problems using matrix multiplication rules with an example",local
get an uber for 4 passengers to get us to the phl airport,online
i need to catch an uber to cal expo,online
Who won the champions league final last night as of now,online
"Fyi need to know, current congestion level on the interstate just curious",online
"hey, gradient descent math explained with an example problem",local
"id like a car rental between january 1st to the 3rd in denver, id like a ford",online
"for my homework, key figures involved in the periodic table history briefly",local
"i did not quite hear you, can you say it again",local
who brought you to life,local
what do people find funny about food,local
ok garbage collection — key points to remember before my exam,local
"for my homework, important dates related to the decolonization of africa thanks",local
greedy algorithms for dummies,local
"ai, how old are you",local
what street am i on right now,online
so foreign key constraints for dummies with an example,local
what is one thing i might not know about nike shoes,local
do they take reservations at outback steakhouse,online
please look into the latest status of my credit card application,online
quick one - the trade deal talks status update please asap,online
can you tell me if zeus does reservations,online
how would i say goodbye if i were norwegian,local
"Just heard about the trade deal talks, what's the latest",online
Main causes and effects of the discovery of penicillin,local
where are we located,online
"for my homework, explain virtual memory with a simple example for revision",local
Summarize observer pattern in a few bullet points — struggling with this,local
later gater,local
did eur to usd go up or down this morning in the last hour,online
which types of questions may i ask you,local
quick one - latest on the supreme court verdict in real time this evening,online
ok so is silver rate pumping or dumping today this morning,online
"could you tell me what 30% off 235 is, please",local
Urgent - the airline strike status update please before my meeting,online
show me the recipe for broccoli cheddar soup,local
while on flight america airlines i lost luggage in o'hare,online
please reset the factory settings,local
i want to know what sort of things you can assist me with,local
is there a travel alert for spain,online
"just checking, is the ipl match still playing right now in the last hour",online
who made the ai,local
how is usd to inr trending today,online
how many days old are you,local
who else do you work for,local
"ai, how long have you been alive",local
quick q - walk through markov chains with numbers with an example,local
can you show me roundtrip flights from dallas to los angeles from march 2 to march 10,online
speed up your speech,local
chain rule in calculus explained with an example problem,local
how humid is it in pune right now,online
so walk through eigenvalues and eigenvectors with numbers for my notes,local
"Hey, dijkstra's algorithm tutorial with code briefly",local
at what point will this flight start letting people board,online
what is your name for me,local
"i don't get observer pattern, someone explain",local
"just checking, is the border tensions affecting traffic right now for the group chat",online
quick one - will it rain in new york in the next few hours,online
important dates related to the great depression causes,local
"For my homework, derive integration by parts step by step before my exam",local
Limits and continuity for my calculus homework,local
can you tell me the address where i am right now,online
"ok so just heard about the wildfire in the hills, what's the latest pls",online
is tesla stock pumping or dumping today,online
i want you to talk more quickly,local
ok pros and cons of deadlocks,local
"i keep forgetting process vs thread, break it down for me",local
tell me how many p's are in apple,local
provide a random roll of the dice,local
can you tell me the definition of sucrose,local
breaking news on the heatwave alert,online
solid overview of greedy algorithms for revision,local
i want to be updated on the most recent status of my credit card application,online
i need a flight from nyc to paris with delta,online
change the speed of your voice to slower,local
i need to know the conversion for dollars to pesos,online
do you know any fun facts about shampoo,local
key figures involved in the signing of the magna carta,local
so live score for the champions league final this evening,online
"For my homework, i don't get B-tree indexing, someone explain for my notes",local
can you calculate 18 divided by 45,local
are you a real person or a computer,local
final score of the euro cup semifinal while i'm stuck in traffic,online
"go ahead and flip that coin, i choose heads",local
ngl how humid is it in mumbai right now in the last hour,online
"for class tomorrow, hypothesis testing for my calculus homework",local
"Genuinely curious, the printing press invention impact — what actually happened — struggling with this",local
summarize eventual consistency in a few bullet points,local
linear regression math explained with an example problem?,local
pros and cons of two pointer technique — struggling with this,local
update me on the status of my credit card application,online
change the name of your system,local
Merge sort tutorial with code?,local
"Hey, did the airline strike get resolved yet before i head out",online
"hey, is the subway line closed due to the accident today",online
i appreciate your help!,local
quick q - timeline of the industrial revolution key inventions for my notes,local
i need to hear reviews for panda express,online
so real world use case for virtual functions in c++ — struggling with this,local
breaking news on the flood situation downtown,online
how long should i spend preparing roast beef,local
Silver rate price action this week so far,online
define zesty,local
urgent - is the flyover near the city center closed due to the accident just curious,online
So difference between static vs dynamic typing and primary key vs unique key with an example,local
why did the ottoman empire decline happen,local
Is the asia cup final still playing right now,online
"just checking, quick check on usd to inr before i trade currently",online
greedy algorithms tutorial with code — struggling with this,local
what do you think is the meaning of life,local
"for class tomorrow, practice problem using correlation vs causation thanks",local
what's a good fun fact about great britain,local
"hey, the india vs australia test score update please for real",online
ngl who's leading in the world cup qualifier currently — need it fast,online
logarithm rules explained with an example problem for revision,local
ok so the champions league final result just now this evening,online
"hey, derive hypothesis testing step by step for revision",local
"fyi need to know, current valuation on apple stock before i head out",online
Normalization forms example in python please,local
"lets do a coin toss, i call tails",local
decrease volume to 4,local
"real talk, is the flight delayed out of pune due to fog currently",online
what's the forecast like for pittsburgh,online
who supplied your instructions,local
singleton pattern for dummies,local
find out how busy ihop usually is around 5 pm,online
how do i spell catheter,local
practice problem using set theory basics thanks,local
tell me the reviews for bjs,online
"Just heard about the flood situation downtown, what's the latest before i head out",online
how would i say love in french,local
Did the flood situation downtown get resolved yet,online
you need to speak softer,local
how many kilos are in 150 pounds,local
please call me frank from now on,local
i would like to request an uber please,online
so derive derivative of a function step by step pls,local
"purchase a flight from fiji to san diego on november 1 that returns on december 1, please",online
urgent - current air quality index in san francisco right now,online
"for my homework, practice problem using set theory basics thanks",local
"ok i keep forgetting REST vs GraphQL, break it down for me briefly",local
i wanna know your hobbies,local
aloha,local
quick q - window functions in sql tutorial with code thanks,local
final score of the grand slam tennis match,online
i'm traveling to london soon and want to inform my bank,online
is an international visa needed to travel to z,online
give me a rundown of the weather,online
The ipl match result just now while i'm stuck in traffic,online
what is the date of your birth,local
explain B-tree indexing with a simple example,local
"real talk, live score for the wimbledon final for real",online
"real talk, is the parliament session today still ongoing",online
compare garbage collection and window functions in sql in one paragraph,local
i am john,local
tell me your name,local
so is the main train route open or blocked at the moment right now,online
"i didn't hear what you just said, can you repeat it",local
tell me the exchange rate of dollars to yen,online
is there a power cut in my area right now,online
please make your language setting french,local
please change the ai name for me,local
can you tell me when my credit card application will be processed,online
do you know if bahama breeze does reservations,online
"hey, how is tesla stock trending today today",online
book a flight from seattle to dallas-fort worth on april the 1st and returning on april 5th,online
i wish to know the types of subjects are you familiar with,local
quick q - how to solve problems using convex optimization basics in simple terms,local
what's my name huh,local
"Fyi need to know, sensex today's high and low pls",online
textbook definition of singleton pattern,local
Current congestion level on the toll plaza for the group chat,online
speak quiet as though you were in a church,local
"urgent - just heard about the cabinet reshuffle, what's the latest no cap",online
how old is al,local
stop using the whisper mode,local
timeline of the causes of world war 1,local
Quick one - any delays on the main train route today currently,online
"for my homework, set theory basics — proof and intuition",local
real world use case for tail recursion,local
quick refresher on greedy algorithms before my exam,local
what is 10000 divided by 20,local
Is the main train route flooded from the downpour right now this evening,online
display my location on a map,online
do you have a birth date,local
compare inheritance vs composition and deadlocks in one paragraph before my exam,local
am i your boss,local
can i use almond milk instead of rice milk,local
So live score for the la liga clasico at the moment,online
is the expressway closed due to the accident,online
inform my bank that i will be in rome from february 1 to march 1,online
"just checking, who won the euro cup semifinal last night pls",online
"i will be in uruguay from january to august, please let me bank know",online
the premier league match score update please,online
ngl is the parliament session today affecting traffic right now rn,online
Timeline of the industrial revolution key inventions,local
why is merge sort used instead of git rebase vs merge,local
ok so the main train route conditions right now because of the storm right now,online
So current congestion level on the subway line today,online
state your name,local
Is the flight delayed out of los angeles due to fog,online
the champions league final highlights from tonight before my meeting,online
"mock objects in testing, explain like i'm a beginner coder pls",local
"Need this for an interview, markov chains formula and when to use it for my notes",local
Quick q - gradient descent math formula and when to use it thanks,local
what's going on with the trade deal talks at the moment,online
i want to know what the word discomfit means,local
Who's leading in the ashes series currently before i head out,online
tell me the status of flight dl123,online
ok pros and cons of test driven development,local
did the border tensions get resolved yet tonight,online
Summarize graph traversal in a few bullet points,local
"hey, infosys shares live chart movement asap",online
Main causes and effects of the periodic table history,local
quick one - quick check on bitcoin before i trade no cap,online
matrix multiplication rules — proof and intuition pls,local
quick one - how is infosys shares trending today tonight,online
Breaking news on the protest downtown,online
so practice problem using law of cosines thanks,local
that is a completely false statement,local
how're you doing,local
is there a travel alert for [country],online
what is the name you call me,local
"need this for an interview, regular expressions vs tail recursion which is better and when pls",local
what sort of things do people do in new york,online
The silk road trade routes — what actually happened,local
are you real or automated,local
i gotta say no,local
ngl final score of the euro cup semifinal just curious,online
"for my homework, how to solve problems using set theory basics briefly",local
so important dates related to the silk road trade routes — struggling with this,local
"need this for an interview, how to solve problems using law of sines",local
"for class tomorrow, quadratic formula formula and when to use it — struggling with this",local
"i didn't hear you, can you repeat that louder",local
can you switch out of whisper mode,local
silver rate live chart movement,online
tell me your full name,local
have i gotten confirmation for my credit card app,online
are you alive,local
roll die,local
tell me when two minutes are up,local
walk me through inheritance vs composition step by step,local
switch over to the male voice mode,local
Infosys shares rate as of this minute for real,online
please give me a really impressive piece of trivia about bubble gum,local
what's the queue like at the airport security right now,online
any updates on the heatwave alert happening today,online
notes on SOLID principles for my assignment,local
read some of the reviews for wing stop,online
practice problem using eigenvalues and eigenvectors?,local
what is the sitting time at this restaurant,online
"just checking, how is the s&p 500 trending today no cap",online
how could i say twin in chinese,local
what are some good places in kentucky that serve sushi,online
how much traffic do they get around dinner time,online
quick one - current congestion level on the airport terminal this morning,online
"for class tomorrow, main causes and effects of the industrial revolution key inventions with an example",local
pros and cons of normalization in databases,local
"what are some fun things to do in butte, montana",online
Ok solid overview of git rebase vs merge for revision?,local
i need the exchange rate between pounds and us dollars,online
"need this for an interview, i don't get monads in haskell, someone explain briefly",local
hey how's life,local
Ok so live score for the t20 world cup game right now,online
"Fyi need to know, is the subway line flooded from the downpour right now tonight",online
So key figures involved in the ottoman empire decline for revision,local
urgent - who won the nba game last night while i'm stuck in traffic,online
let's start whispering,local
quick one - the s&p 500 market cap right now while i'm stuck in traffic,online
can you explain the meaning of life,local
would you please get your accent changed to the male british one,local
do you have a name i should call you by,local
"yes, that is true",local
"genuinely curious, the unification of germany summary for history class for my notes",local
"hey, walk through bayes theorem with numbers",local
can you suggest a restaurant for me to eat tonight,online
wake me in an hour,local
how long will i have to wait before being seated at the cheese cake factory,online
reserve me a flight from ft lauderdale to houston on southwest,online
solid overview of foreign key constraints for revision,local
"Hey, is it safe to drive in berlin with this storm just curious",online
the euro cup semifinal highlights from tonight no cap,online
the airline strike — anything new in the last hour,online
so background on the unification of germany for my essay before my exam,local
does nopa in san francisco take reservations,online
would you let me know what flights are available out of dallas to el paso on march 20 for under $400,online
ok walk through central limit theorem with numbers — struggling with this,local
"genuinely curious, explain race conditions with a simple example for revision",local
"for class tomorrow, quick refresher on bit manipulation tricks before my exam before my exam",local
ok pros and cons of REST vs GraphQL pls,local
walk me through hash map step by step — struggling with this,local
ok so will it rain in seoul in the next few hours for real,online
how's dogecoin doing in the last hour,online
"Need this for an interview, practice problem using central limit theorem for revision",local
do i need an international visa to go to canada,online
Chain rule in calculus — proof and intuition,local
Quick check on ethereum before i trade,online
"Hey, traffic status on the highway this morning",online
please make it so you say your words more slowly,local
can i give you instructions in japanese,local
"hey, live score for the world cup qualifier in the last hour",online
list some neat stuff about rats,local
book me a hotel in seattle near the space needle from march 3rd to 5th,online
call an uber to mark's house,online
"race conditions, explain like i'm a beginner coder",local
is infosys shares pumping or dumping today,online
get me a hotel room for 4 people from march 1st to 3rd in seattle,online
that is not false,local
"hey, is there a heat advisory in dubai today for the group chat",online
"hey, law of sines for my calculus homework pls",local
current congestion level on the subway line before my meeting,online
score update from the ongoing test match,online
quick one - any delays on the toll plaza today?,online
B-tree indexing example in python please,local
how is water spelled,local
any delays on the expressway today this morning,online
lets set a timer for me,local
"hey, is the nba game still playing right now",online
does boise have any good indian restaurants,online
ok partial derivatives for my calculus homework briefly,local
make me laugh,local
immediately begin using whisper mode,local
convex optimization basics formula and when to use it,local
i wanna change to the female voice,local
law of cosines — proof and intuition,local
"need this for an interview, key figures involved in the theory of evolution basics — struggling with this",local
"Just checking, gold rate live chart movement",online
quick q - permutations and combinations formula and when to use it,local
could you please share a joke with me,local
tell me what you do for fun,local
flip a coin; i say tails,local
i want to set your name to gaffigan,local
give me directions to the nearest gas station,online
Event loop in node for dummies,local
normalization in databases interview question breakdown,local
Urgent - any updates on the heatwave alert happening today at the moment,online
"hey, what's going on with the storm system offshore at the moment tonight",online
textbook definition of SOLID principles in simple terms,local
is the s&p 500 pumping or dumping today,online
what does ajar mean,local
what are some suggestions for places to travel,online
set a timer for me,local
"Just checking, the border tensions developments as of today currently",online
israel has strict restrictions do i need a visa to travel there,online
urgent - how is usd to inr trending today for real,online
crude oil price market cap right now asap,online
i don't know how to spell circumference,local
real world use case for graph traversal,local
please tell me if you are an ai,local
"for class tomorrow, markov chains explained with an example problem with an example",local
The russian revolution 1917 — what actually happened — struggling with this,local
do you know any good restaurants good for kids,online
Generics in java — key points to remember thanks,local
did the stock market open green or red today,online
walk me through bit manipulation tricks step by step,local
the partition of india — what actually happened,local
traffic status on the highway this morning for real,online
Why is eventual consistency used instead of foreign key constraints,local
can you help me with seattle car rental bookings,online
heads or tails please,local
please tell me the subway station nearest to madison square garden in new york,online
nifty 50 rate as of this minute as of now,online
you came from where,local
where is the nearest denny's to gillette stadium,online
"just checking, any delays on the expressway today pls",online
"For class tomorrow, explain ancient egyptian pyramid construction in a short paragraph with an example",local
is the subway line open or blocked at the moment this evening,online
"just checking, who won the ashes series last night just curious",online
are you really an actual human being,local
"hey, important dates related to the mughal empire timeline in simple terms",local
go to the whisper voice,local
what's the current weather,online
how does monads in haskell actually work under the hood,local
what is 50 dollars in euros,online
"Just checking, is the ring road flooded from the downpour right now pls",online
"Genuinely curious, bayes theorem for my calculus homework briefly",local
lambda expressions vs load balancing which is better and when,local
"Hey, background on the treaty of versailles terms for my essay in simple terms",local
Quick one - any updates on the protest downtown happening today rn,online
would you say that you are human or copmuter,local
how is everything with you,local
would i need a tourist visa for brazil,online
live score for the t20 world cup game today,online
Current congestion level on the expressway,online
Pros and cons of microservices architecture thanks,local
is the harbor bridge closed due to the accident?,online
what's the letters in 'you' word like,local
"fyi need to know, the asia cup final score update please as of now",online
tell me my current location,online
quick one - the la liga clasico highlights from tonight currently,online
Is the storm system offshore affecting traffic right now,online
Is the expressway closed due to the accident,online
let me swap salt for baking soda,local
ok walk through law of sines with numbers in simple terms,local
so matrix multiplication rules explained with an example problem — struggling with this,local
i want you to speak to me faster,local
what sorts of subjects do you know about,local
when can i start boarding my flight,online
i had fun speaking with you,local
urgent - final score of the t20 world cup game,online
markov chains explained with an example problem,local
ok so the parliament session today — anything new in the last hour at the moment,online
can you do algebra,local
can i call you something else,local
"need this for an interview, important dates related to the industrial revolution key inventions in simple terms",local
"i do not think that is true, so i would say it is a false statement",local
i'm saying goodbye now,local
am i the one you work for,local
ok so is the main train route open or blocked at the moment today,online
"yes, that's correct",local
"hello, ai",local
define qat for me,local
urgent - current congestion level on the toll plaza this evening,online
urgent - silver rate market cap right now rn,online
ok partial derivatives — proof and intuition before my exam,local
what does zesty mean,local
i believe that's true,local
"for my homework, important dates related to the moon landing mission details",local
argentina travel alert yes or no,online
so why did the partition of india happen pls,local
"genuinely curious, thread pools for dummies before my exam",local
is the airport terminal open or blocked at the moment before i head out,online
would it be possible to replace the salt with baking soda,local
"I keep forgetting race conditions, break it down for me",local
why did the periodic table history happen?,local
"hey, who won the t20 world cup game last night tonight",online
would i need a visa if i want to travel to mexico,online
"genuinely curious, REST vs GraphQL for dummies before my exam",local
i think we should whisper,local
please share your hobbies with me,local
say trivia about lebron james,local
"Need this for an interview, timeline of when the berlin wall fell",local
alter back to your orginal settings,local
ngl is the flight delayed out of london due to fog currently,online
"Hey, current congestion level on the flyover near the city center pls",online
urgent - is there a heat advisory in delhi today before my meeting,online
the euro cup semifinal highlights from tonight just curious,online
"for class tomorrow, quick sort, explain like i'm a beginner coder pls",local
so main causes and effects of the industrial revolution key inventions before my exam,local
"i keep forgetting test driven development, break it down for me",local
tell me when my flight is landing,online
Real time quote for nasdaq today,online
Permutations and combinations for my calculus homework,local
"real talk, is the interstate closed due to the accident before my meeting",online
i'd like to find a place that rents flashy sports cars in tampa,online
i want your speech settings to be made slower,local
"fyi need to know, is the main train route flooded from the downpour right now no cap",online
"for my homework, partial derivatives explained with an example problem?",local
are there any fun tourist activities in australia,online
"hey, who won the ufc fight card last night asap",online
final score of the ufc fight card,online
key figures involved in the unification of germany,local
dogecoin market cap right now,online
tell me some interesting trivia about dinosaurs,local
when should i pick two pointer technique over asynchronous programming,local
please tell my bank i will be in israel from the 6th to the 23rd,online
do you know anything funny about cats,local
who is your creator,local
ok fourier transform for my calculus homework for my notes,local
ok solid overview of process vs thread for revision with an example,local
current valuation on tesla stock,online
please go ahead and increase your speaker volume,local
"real talk, will it rain in berlin in the next few hours in the last hour",online
ok so any delays on the flyover near the city center today for real,online
real time quote for sensex,online
"just checking, sensex price action this week so far as of now",online
walk through limits and continuity with numbers,local
"Need this for an interview, solid overview of dependency injection for revision for my notes",local
"no, that is my response",local
"genuinely curious, the discovery of penicillin summary for history class — struggling with this",local
can you slow down how fast you talk,local
"real talk, how is usd to inr trending today in the last hour",online
is it safe to drive in kolkata with this storm pls,online
key figures involved in ancient egyptian pyramid construction,local
"real talk, dogecoin price right now",online
"fyi need to know, is the toll plaza closed due to the accident at the moment",online
quick q - process vs thread — key points to remember for my notes,local
"instead of pepper, can i use salt",local
roll a pair of eight sided dice,local
what do you feel like doing,local
Compare mutex vs semaphore and quick sort in one paragraph,local
ok practice problem using linear regression math with an example,local
help me pick a nice restaurant to dine at,online
"just checking, is the ring road open or blocked at the moment while i'm stuck in traffic",online
quick q - how to solve problems using chain rule in calculus,local
walk through the pythagorean theorem with numbers,local
The theory of evolution basics — what actually happened,local
Should i carry an umbrella in hyderabad today,online
Urgent - traffic status on the interstate this morning before i head out,online
So summarize database indexing in a few bullet points with an example,local
"need this for an interview, i keep forgetting sliding window technique, break it down for me — struggling with this",local
"real talk, nifty 50 live chart movement in the last hour",online
notes on docker containers for my assignment,local
quick one - did the cabinet reshuffle get resolved yet — need it fast,online
"operator overloading in c++, explain like i'm a beginner coder",local
i owe you one!,local
"for my homework, explain unit testing vs integration testing with a simple example with an example",local
urgent - who won the premier league match last night while i'm stuck in traffic,online
what's your designation,local
explain tail recursion with a simple example for revision,local
"just checking, dogecoin live chart movement as of now",online
ngl final score of the ipl match in the last hour,online
linear regression math explained with an example problem pls,local
it was nice to speak with you,local
key figures involved in the american civil war causes,local
"i need assistance with my lost luggage, i was on american airlines ab123 out of talahasse",online
where do people go to eat in this town,online
so what is my name saved as,local
"Hey, quick check on ripple xrp before i trade this morning",online
live score for the euro cup semifinal today,online
bayes theorem explained with an example problem in simple terms,local
"can you spell ""diatribe"" for me",local
"for class tomorrow, the great depression causes — what actually happened for my notes",local
did cardano go up or down this morning,online
how many centimeters are one inch,local
the ingredients in pizza are which ones,local
tell me a joke about baseball,local
quick one - current air quality index in new york,online
"hey, message queues — key points to remember",local
Ok solid overview of asynchronous programming for revision — struggling with this,local
why did the silk road trade routes happen thanks,local
background on the great depression causes for my essay,local
roll a seven sided dice for me,local
flip a coin heads or tails,local
what kind of things do you do when you have free time,local
which organization you work for,local
did the fed announce anything about rates today,online
what is the meaning of altruism,local
how do i convert tablespoons to cups,local
Quick q - key figures involved in the signing of the magna carta thanks,local
"for class tomorrow, key figures involved in the wright brothers first flight for my notes",local
what are the ingredients of spaghetti,local
"for my homework, derive law of sines step by step",local
latest on the supreme court verdict in real time,online
"just checking, cardano market cap right now",online
who is your employer,local
how do you spell guerrilla,local
my friends call me sam,local
is gold rate pumping or dumping today tonight,online
"Fyi need to know, infosys shares live chart movement for real",online
the la liga clasico highlights from tonight,online
i think my luggage was misplaced or has been lost,online
so latest on the flood situation downtown in real time — need it fast,online
important dates related to the industrial revolution key inventions — struggling with this,local
"fyi need to know, who's leading in the grand slam tennis match currently this morning",online
the airport terminal conditions right now because of the storm rn,online
what is regard mean,local
i'm having trouble finding my luggage i was on delta flight ab123 out of new york,online
who won the ashes series last night while i'm stuck in traffic,online
so walk through bayes theorem with numbers thanks,local
what sort of things do you or work on for fun when you have extra time,local
ngl real time quote for gold rate in the last hour,online
timeline of when the berlin wall fell — struggling with this,local
"genuinely curious, give me a quick rundown of the unification of germany for revision",local
ok so the asia cup final highlights from tonight asap,online
the ufc fight card result just now,online
can i get a car to the baseball field for 12,online
when should i pick asynchronous programming over topological sort,local
"for my homework, quick refresher on hash map before my exam",local
"hey, slow down and take your time",local
"real talk, any updates on the ceasefire negotiations happening today pls",online
is the toll plaza open or blocked at the moment,online
urgent - is the tech layoffs news affecting traffic right now as of now,online
"Real talk, quick check on bitcoin before i trade asap",online
"For my homework, correlation vs causation explained with an example problem",local
"Fyi need to know, is the highway closed due to the accident for real",online
that’s actually wrong,local
can you give me information on how to rent a car,online
So why did the theory of evolution basics happen thanks,local
im sorry can you repeat yourself,local
quick one - cardano price action this week so far currently,online
ok so the asia cup final score update please rn,online
"for class tomorrow, timeline of the partition of india?",local
"need this for an interview, explain abstract class vs interface with a simple example before my exam",local
so background on the age of exploration key figures for my essay in simple terms,local
how are things with you,local
explain ancient egyptian pyramid construction in a short paragraph in simple terms,local
"For my homework, explain the industrial revolution key inventions in a short paragraph for my notes",local
does buffalo wild wings do reservations,online
textbook definition of backtracking algorithms,local
call me by my name,local
any delays on the ring road today before my meeting,online
"hey, is the expressway open or blocked at the moment asap",online
why is pointers vs references used instead of singleton pattern,local
quick one - final score of the champions league final as of now,online
So how is sensex trending today,online
Current congestion level on the highway,online
will you answer if i call you lexi,local
how is dow jones trending today,online
it was enjoyable talking with you,local
"just heard about the cyclone warning, what's the latest asap",online
"need this for an interview, how to solve problems using central limit theorem pls",local
"just checking, is the flight delayed out of pune due to fog for the group chat",online
"hey, is it safe to drive in sydney with this storm?",online
it looks as though my luggage has been lost,online
contact avis and see if they have cars available,online
use the whisper voice,local
Is the airline strike affecting traffic right now,online
ngl current valuation on tesla stock for the group chat,online
Did the s&p 500 go up or down this morning today,online
quick q - the discovery of penicillin summary for history class for revision,local
"need this for an interview, main causes and effects of the causes of world war 1 briefly",local
how about you tell me a joke,local
quick check on solana before i trade,online
i want you to speak in french,local
when is my flight due to arrive,online
quick one - what's going on with the cabinet reshuffle at the moment for real,online
can you swap the language to afrikaans for me,local
compare foreign key constraints and SOLID principles in one paragraph,local
"fyi need to know, ethereum market cap right now for the group chat",online
and what would your name be,local
live updates on the storm system offshore tonight,online
Is nasdaq pumping or dumping today for real,online
"hey, timeline of the russian revolution 1917",local
the answer is definitely no,local
"for my homework, derive chain rule in calculus step by step briefly",local
Reliance shares today's high and low,online
what's your age siri,local
can you translate good bye into russian for me,local
let’s chat using spanish,local
timeline of the ottoman empire decline,local
bring the volume up overall,local
roll 6 sided die,local
what's 8 ounces in cups,local
how does primary key vs unique key actually work under the hood briefly,local
main causes and effects of the fall of the roman empire,local
"I keep forgetting singleton pattern, break it down for me",local
how does yelp report the enchiladas are at jose's taco shop,online
you can call me alan,local
how humid is it in toronto right now before my meeting,online
key figures involved in the mughal empire timeline,local
Logarithm rules formula and when to use it in simple terms,local
how do i spell acquaintance,local
you should talk faster,local
i'm driving from la to denver and need my bank notified,online
will the restaurant be busy at 5pm,online
so when is my flight landing,online
compare backtracking algorithms and compiler vs interpreter in one paragraph,local
"can you understand me, if i start talking in italian",local
"yes, i'd really like that alot",local
the airline strike developments as of today,online
i wanna switch to the male voice,local
so hash map for dummies before my exam,local
ok so how is solana trending today this evening,online
spell antipathy for me,local
should i carry an umbrella in mumbai today,online
"real talk, live score for the premier league match rn",online
"need this for an interview, explain git rebase vs merge with a simple example",local
trie data structure interview question breakdown for my notes,local
proper to substitute cumin for tumeric,local
i didn't hear say it again please,local
"that is true, yes",local
give me a quick rundown of the periodic table history,local
go back to your normal settings please,local
When should i pick polymorphism over test driven development,local
see you around,local
so main causes and effects of the moon landing mission details in simple terms,local
will car rentals be available in boston from march 2 to march 4,online
"for class tomorrow, textbook definition of binary search tree for revision",local
who's leading in the ufc fight card currently at the moment,online
i don't know how to spell squirrel,local
is the airport terminal flooded from the downpour right now in the last hour,online
ok explain the age of exploration key figures in a short paragraph pls,local
"real talk, sensex price right now",online
why did the boston tea party happen,local
"I don't get pointers vs references, someone explain",local
ok quadratic formula for my calculus homework?,local
how would i say hello in french,local
Ok so quick check on the s&p 500 before i trade as of now,online
how would you put what life is all about,local
what's going on with the trade deal talks at the moment just curious,online
"what is the equivalent of, 'life is good' in french",local
did reliance shares go up or down this morning just curious,online
"Just checking, current congestion level on the highway today",online
"Need this for an interview, timeline of the ottoman empire decline?",local
Is bitcoin pumping or dumping today,online
"just checking, did the vaccine rollout progress get resolved yet",online
Gradient descent math explained with an example problem pls,local
"just checking, final score of the la liga clasico tonight",online
quick one - current valuation on sensex as of now,online
the harbor bridge conditions right now because of the storm just curious,online
"Genuinely curious, walk me through linked list step by step thanks",local
"just heard about the flood situation downtown, what's the latest — need it fast",online
"can you tell me how to say 'i do not speak much spanish', in spanish",local
set theory basics — proof and intuition,local
i go by ted,local
what's a neat fact about twinkies,local
explain the producer consumer problem,local
what subjects do you know something about,local
"need this for an interview, gradient descent math formula and when to use it briefly",local
how much gas is in my car,online
ok the silk road trade routes summary for history class,local
i want to know your name,local
can you update me with the status of flight dl123,online
i need to do a car rental,online
Why did the renaissance key artists happen,local
"Hey, the grand slam tennis match result just now",online
live score for the la liga clasico?,online
"i keep forgetting abstract class vs interface, break it down for me",local
"need this for an interview, derive standard deviation formula step by step for my notes",local
"for class tomorrow, test driven development cheat sheet",local
i think my luggage got lost,online
"genuinely curious, walk through central limit theorem with numbers with an example",local
how much is 500 dollars in pesos,online
Is dogecoin pumping or dumping today in the last hour,online
return it back to the original settings,local
"will you help me rent a car from march 2 to 6th in dallas i want a bmw suv, if possible",online
what ingredients are in tortillas,local
"need this for an interview, garbage collection tutorial with code thanks",local
ok so is the expressway flooded from the downpour right now rn,online
how good are the ratings for olive garden,online
it seems my luggage was lost,online
what's the nearest ups store to walmart,online
"just checking, is the flyover near the city center open or blocked at the moment pls",online
quick one - how bad is the cyclone warning right now right now,online
live score for the ashes series this evening,online
how good are the ratings for per se,online
quick one - ethereum today's high and low rn,online
give me a quick rundown of the unification of germany in simple terms,local
what company's software engineers gave you life,local
Important dates related to the ottoman empire decline,local
how many dollars can i exchange for 5000 rubles,online
quick one - the ring road conditions right now because of the storm this evening,online
please tell me your name,local
ok vector cross product formula and when to use it — struggling with this,local
i want you to speak more slowly to me,local
so final score of the world cup qualifier tonight,online
"for toby's, is it busy around six",online
So walk me through unit testing vs integration testing step by step?,local
linear regression math formula and when to use it,local
Who's leading in the ufc fight card currently,online
can you see if you can track where my luggage is,online
"connection pooling, explain like i'm a beginner coder",local
what's a good restaurant nearby,online
how is life in existence,local
current congestion level on the highway while i'm stuck in traffic,online
So who won the t20 world cup game last night for the group chat,online
urgent - infosys shares market cap right now pls,online
"Genuinely curious, practice problem using vector cross product — struggling with this",local
quick q - why did the american civil war causes happen before my exam,local
"for class tomorrow, practice problem using matrix multiplication rules for my notes",local
how does the dictionary spell antipathy,local
"caching strategies, explain like i'm a beginner coder in simple terms",local
How is solana trending today,online
"For my homework, how to solve problems using convex optimization basics for my notes",local
ok explain the theory of evolution basics in a short paragraph pls,local
you work for what company or person exactly,local
"real talk, is the interstate open or blocked at the moment this evening",online
"for my homework, the industrial revolution key inventions — what actually happened pls",local
Ngl the champions league final score update please,online
"fyi need to know, dow jones today's high and low tonight",online
Walk me through tail recursion step by step for revision,local
Did the central bank's rate decision get resolved yet — need it fast,online
"fyi need to know, is the highway closed due to the accident this morning",online
that is correct,local
"just checking, current valuation on gold rate rn",online
how many quarts are in a gallon,local
so is the flight delayed out of bangalore due to fog currently,online
quick one - is the ceasefire negotiations still ongoing before my meeting,online
restore my factory settings immediately please,local
does the bleu olive have decent reviews,online
Current congestion level on the expressway in the last hour,online
"hey, solid overview of sliding window technique for revision",local
tell me when ninety minutes have passed,local
Set theory basics explained with an example problem briefly,local
key figures involved in the silk road trade routes,local
so how would you implement linked list from scratch?,local
quick one - the ashes series result just now this morning,online
quick one - the world cup qualifier highlights from tonight pls,online
Why did the moon landing mission details happen,local
what ingredients are in sugar cookies,local
The euro cup semifinal highlights from tonight,online
timeline of the decolonization of africa before my exam,local
do you know of any well reviewed hotels in chicago,online
ok so the ipl match score update please for real,online
"So i don't get trie data structure, someone explain",local
explain immutability in functional programming with a simple example in simple terms,local
what company sponsored you,local
don't make too much noise,local
ok so tesla stock market cap right now at the moment,online
Ok important dates related to the partition of india,local
"how do they say ""where's the bathroom"" in spanish",local
ngl any delays on the main train route today in the last hour,online
nasdaq today's high and low,online
how long should i cook the eggs for,local
tcs stock price action this week so far for the group chat,online
"Just checking, who won the champions league final last night",online
"for class tomorrow, bayes theorem for my calculus homework in simple terms",local
ok the wright brothers first flight — what actually happened for my notes,local
the f1 race highlights from tonight,online
it was nice to talk it out with you,local
REST vs GraphQL — key points to remember,local
ngl cardano market cap right now pls,online
"can you tell me what 30% off 235 is, please",local
real world use case for normalization forms pls,local
how would you implement virtual memory from scratch,local
what do i need to buy to make a spaghetti,local
thanks for talking to me,local
what is the definition of flange,local
difference between joins in sql and sliding window technique,local
how do you convert pounds to grams,local
i need to switch to the male voice,local
Solana price action this week so far,online
find me a rental car from 2/28 - 3/1 in reno,online
vector cross product — proof and intuition,local
what's the reviews have to say about burger king,online
so did the protest downtown get resolved yet as of now,online
any delays on the toll plaza today,online
"hey, limits and continuity — proof and intuition pls",local
what do people think about the sandwiches at wendy's,online
summarize microservices architecture in a few bullet points for my notes,local
please open a call to my mother,local
Any delays on the metro line today,online
Ripple xrp market cap right now rn,online
"I keep forgetting test driven development, break it down for me",local
urgent - did crude oil price go up or down this morning,online
"for class tomorrow, how would you implement TCP vs UDP from scratch briefly",local
who would you say that you are employed by,local
are there any fun tourist things to do in boston,online
So will it rain in kolkata in the next few hours before i head out,online
usually people refer to me as brad,local
"real talk, the grand slam tennis match highlights from tonight no cap",online
is traveling to dublin safe (will dublin be safe),online
can you please book an uber to the zoo,online
560 divided by 3,local
the election results — anything new in the last hour,online
quick one - real time quote for apple stock pls,online
"no, that's incorrect",local
can you give me the answers in italian instead of english,local
"filp a coin, i call heads",local
what is the weather report for seattle,online
is the expressway closed due to the accident — need it fast,online
any delays on the ring road today as of now,online
"genuinely curious, the fall of the roman empire summary for history class?",local
The world cup qualifier highlights from tonight,online
in what state were you born,local
what sort of hobbies are you into,local
"fyi need to know, who won the world cup qualifier last night tonight",online
did the cabinet reshuffle get resolved yet just curious,online
randomly pick between heads or tails and tell me if tails wins,local
"for my homework, why is B-tree indexing used instead of immutability in functional programming",local
tesla stock rate as of this minute today,online
is the traffic light or heavy at the nearest the century movie theater,online
can you make reservations at hodak's,online
"Quick one - just heard about the storm system offshore, what's the latest rn",online
could you please get out of whisper mode,local
is the election results still ongoing this morning,online
is there any rain in the next 3 days,online
i lost my luggage coming from chicago on delta flight ab123,online
can you describe your hobbies to me,local
go back the the settings you had originally,local
can you tell me what 30% off 235 is,local
compare normalization forms and microservices architecture in one paragraph,local
urgent - quick check on tcs stock before i trade for the group chat,online
is there enough fuel to drive to tampa,online
traffic status on the harbor bridge this morning,online
quick one - bitcoin market cap right now in the last hour,online
"For class tomorrow, main causes and effects of the discovery of penicillin thanks",local
"just checking, did dow jones go up or down this morning tonight",online
will there be a wait time at this restaurant,online
laplace transform for my calculus homework,local
Load balancing for dummies,local
my credit card application has what status,online
"fyi need to know, dogecoin rate as of this minute currently",online
ok quick refresher on quick sort before my exam with an example,local
say it one more time,local
"for class tomorrow, give me a quick rundown of ancient egyptian pyramid construction?",local
can we speak in english rather than zulu,local
tcs stock market cap right now while i'm stuck in traffic,online
the printing press invention impact summary for history class,local
how would you implement graph traversal from scratch,local
Who's leading in the t20 world cup game currently,online
the pythagorean theorem formula and when to use it for revision,local
ok fourier transform — proof and intuition for my notes,local
how is gold rate trending today,online
derivative of a function — proof and intuition,local
Urgent - latest on the airline strike in real time for the group chat,online
so when should i pick monolith vs microservices over race conditions for my notes,local
roll a die with 6 sides please,local
live score for the india vs australia test for the group chat,online
ok so current valuation on silver rate?,online
ngl did the airline strike get resolved yet just curious,online
what things do you like to do,local
who were you invented by,local
"need this for an interview, explain the silk road trade routes in a short paragraph for my notes",local
walk through vector cross product with numbers,local
"just checking, is the storm system offshore affecting traffic right now today",online
"i need you to translate the sentence, 'we will be there soon' into portuguese",local
how long should i cook chicken,local
i wish you were here earlier,local
yes sir,local
nasdaq market cap right now,online
taylor series expansion for my calculus homework,local
taylor series expansion — proof and intuition,local
So when the berlin wall fell summary for history class,local
"For my homework, key figures involved in the decolonization of africa for my notes",local
"hey, is the subway line closed due to the accident",online
"real talk, did ripple xrp go up or down this morning just curious",online
"for class tomorrow, walk through markov chains with numbers for my notes",local
ok so traffic status on the ring road this morning pls,online
difference between REST vs GraphQL and singleton pattern for my notes,local
key figures involved in the great depression causes,local
"hey, cardano price right now at the moment",online
ngl is the premier league match still playing right now pls,online
"need this for an interview, derivative of a function for my calculus homework — struggling with this",local
i'd like to know when you were born,local
how do i inform my bank i'm going to paris,online
what does saffron mean,local
tell me something neat about slinkies,local
Final score of the grand slam tennis match today,online
can you go by a different name,local
how much is the euro in dollars,online
can you translate cat into russian for me,local
"book a flight from miami, fl to columbus, ga on 16 february 2019 and returning on 2 march 2019",online
summarize virtual functions in c++ in a few bullet points with an example,local
does cowgirl creamery in san francisco take reservations,online
Summarize docker containers in a few bullet points,local
i'm lost,online
Multithreading in java for dummies for revision,local
flip a fair coin i win if it's tails,local
go to factory settings,local
mock objects in testing for dummies,local
"i need to change your name, do you have a new name that you like",local
Quick refresher on multiple inheritance in python before my exam,local
bayes theorem formula and when to use it,local
the unification of germany — what actually happened,local
how does SOLID principles actually work under the hood,local
"genuinely curious, timeline of the silk road trade routes briefly",local
compare CAP theorem and test driven development in one paragraph,local
i need to switch the language for your responses,local
schedule me an uber to the mall,online
so the ashes series highlights from tonight just curious,online
so are you a bot,local
can i rename you,local
i want you to guess my name,local
"For my homework, practice problem using partial derivatives",local
use delta to book me a flight from dallas to pittsburgh,online
tell me something interesting about sperm whales,local
So key figures involved in the periodic table history,local
notes on binary search tree for my assignment with an example,local
tell me a fun fact about tigers,local
timeline of the fall of the roman empire,local
The t20 world cup game result just now before my meeting,online
current valuation on usd to inr,online
do i need an international visa to go to mexico,online
ngl real time quote for dogecoin for real,online
Integration by parts formula and when to use it?,local
are you real or are you an ai,local
Ok explain the causes of world war 1 in a short paragraph in simple terms,local
"hey, dow jones rate as of this minute this morning",online
did my visa card app go through yet,online
"where i can use word ""rescind",local
book me a hotel in chicago near the water tower shopping from april 2nd to 4th,online
"need this for an interview, difference between subqueries in sql and event loop in node?",local
so eur to usd market cap right now this evening,online
"for my homework, correlation vs causation — proof and intuition for my notes",local
quick q - main causes and effects of ancient egyptian pyramid construction?,local
quick refresher on generics in java before my exam,local
what ingredients do i need to make pancakes,local
how to solve problems using laplace transform,local
Quick q - how does process vs thread actually work under the hood,local
The discovery of penicillin — what actually happened pls,local
the periodic table history summary for history class,local
"for class tomorrow, give me a quick rundown of the american civil war causes for my notes",local
compare tail recursion and operator overloading in c++ in one paragraph,local
"for class tomorrow, eigenvalues and eigenvectors for my calculus homework with an example",local
urgent - live score for the asia cup final currently,online
Quick one - nifty 50 today's high and low this morning,online
"for class tomorrow, give me a quick rundown of the signing of the magna carta pls",local
Ngl nifty 50 rate as of this minute in the last hour,online
urgent - is nifty 50 pumping or dumping today as of now,online
i need you to switch to my original settings,local
"please increase the speed of your speech, it is too slow",local
i want to switch speaking to french,local
"for my homework, how does mutex vs semaphore actually work under the hood before my exam",local
Quick q - why did the decolonization of africa happen,local
how does mock objects in testing actually work under the hood,local
crude oil price today's high and low — need it fast,online
so traffic status on the airport terminal this morning at the moment,online
Any delays on the harbor bridge today,online
how long should i cook a glazed ham,local
markov chains for my calculus homework thanks,local
how bad is the vaccine rollout progress right now at the moment,online
call me stevie,local
ok so the grand slam tennis match result just now right now,online
urgent - traffic status on the subway line this morning no cap,online
"hey, heap data structure for dummies briefly",local
so current valuation on nasdaq currently,online
chain rule in calculus formula and when to use it,local
would you call me mary,local
"hey, is the harbor bridge flooded from the downpour right now currently",online
difference between B-tree indexing and linked list for my notes,local
how long will it take to make the wings,local
do you have a name,local
mutex vs semaphore cheat sheet briefly,local
Why is ACID properties used instead of virtual functions in c++ in simple terms,local
ok how to solve problems using laplace transform for revision,local
who's leading in the world cup qualifier currently,online
where is the closest applebees to the empire state building,online
practice problem using the pythagorean theorem,local
tell me a pun,local
i would appreciate it if you could talk to me in french,local
how busy will chili's be if i go at 6 pm,online
how do they say hello in brazil,local
quick one - is the nba game still playing right now this morning,online
ngl current valuation on sensex,online
is it safe to drive in singapore with this storm,online
you're speaking too fast and i need to change that,local
"just checking, the wildfire in the hills status update please — need it fast",online
quick q - standard deviation formula formula and when to use it?,local
"in terms of making scrambled eggs, what ingredients do i need",local
"for my homework, central limit theorem — proof and intuition pls",local
can you give me some suggestions to go site seeing when i get there,online
why is bit manipulation tricks used instead of operator overloading in c++,local
latest on the covid case numbers in real time,online
observer pattern for dummies,local
find me the closest public bathroom,online
flip a coin for me i call tails,local
so walk through correlation vs causation with numbers thanks,local
use a male voice instead,local
Is the toll plaza open or blocked at the moment currently,online
"genuinely curious, i keep forgetting regular expressions, break it down for me for my notes",local
how much longer until my credit card application is checked,online
where is your original location,local
"i want to update you name, please",local
how would you say can i borrow five dollars in portuguese,local
urgent - the world cup qualifier result just now pls,online
i want to go back to the factory settings,local
"for my homework, walk me through closures in javascript step by step — struggling with this",local
look to see if my application for the barclay's card has gone through yet,online
How is nvidia stock trending today,online
Is the flight delayed out of berlin due to fog at the moment,online
Final score of the india vs australia test,online
so final score of the grand slam tennis match in the last hour,online
"for class tomorrow, why did the decolonization of africa happen?",local
so practice problem using bayes theorem — struggling with this,local
would you repeat what you just said,local
quick one - is the airport terminal closed due to the accident while i'm stuck in traffic,online
Binary search tree interview question breakdown,local
"fyi need to know, is the toll plaza closed due to the accident while i'm stuck in traffic",online
tell me what flange means,local
"sorry, that is not true",local
urgent - real time quote for bitcoin,online
how many dollars is one mexican peso,online
roll dice now,local
does red robin have good reviews,online
Infosys shares live chart movement,online
so crude oil price price right now tonight,online
urgent - the ufc fight card result just now just curious,online
how have you been,local
"please stop calling me dave, my name's bob",local
is the airport terminal open or blocked at the moment,online
asynchronous programming cheat sheet,local
textbook definition of operator overloading in c++,local
who's leading in the euro cup semifinal currently — need it fast,online
"need this for an interview, solid overview of mutex vs semaphore for revision with an example",local
how much gas is in my tank,online
"Genuinely curious, connection pooling interview question breakdown with an example",local
6 inch voices please,local
the s&p 500 today's high and low,online
"need this for an interview, practice problem using eigenvalues and eigenvectors briefly",local
"real talk, quick check on eur to usd before i trade right now",online
what's going on with the protest downtown at the moment,online
Difference between bit manipulation tricks and thread pools,local
i would like to know the usd to aud conversion rate,online
how long does it take to make roast chicken,local
"need this for an interview, why did the american civil war causes happen?",local
quick one - who's leading in the euro cup semifinal currently rn,online
Practice problem using fourier transform with an example,local
stack vs heap memory cheat sheet,local
Important dates related to the unification of germany,local
Is the metro line flooded from the downpour right now,online
tell me a fact i may not know,local
are you a real human being,local
"need this for an interview, practice problem using law of sines for revision",local
"For my homework, notes on recursion for my assignment?",local
so key figures involved in the industrial revolution key inventions thanks,local
"just checking, current air quality index in chicago just curious",online
let my bank know that i'm traveling to prague,online
So probability distributions explained with an example problem for my notes,local
Quick q - real world use case for git rebase vs merge,local
i would like to call you andre 3000,local
"just checking, the airline strike status update please today",online
SOLID principles for dummies,local
can you convert millimeters to centimeters,local
real time quote for the s&p 500 pls,online
"for my homework, set theory basics explained with an example problem with an example",local
real time quote for usd to inr,online
difference between quick sort and race conditions,local
"if you flip a coin, i call tails",local
Is the parliament session today still ongoing,online
window functions in sql — key points to remember,local
my dockerfile build fails at the pip install step,local
what is my name saved under,local
how do i get to the museum on foot,online
"For class tomorrow, walk through probability distributions with numbers pls",local
so real time quote for ripple xrp before i head out,online
"Hey, textbook definition of stack vs heap memory",local
Why did the discovery of penicillin happen?,local
use the male voice please,local
"hey, background on the mughal empire timeline for my essay?",local
is it going to rain tonight,online
Quick one - traffic status on the flyover near the city center this morning for real,online
is it acceptable to swap beef for tempeh,local
Laplace transform for my calculus homework before my exam,local
quick q - the discovery of penicillin summary for history class thanks,local
current congestion level on the interstate in the last hour,online
"hey, is the premier league match still playing right now",online
usd to inr market cap right now rn,online
"Hey, derive limits and continuity step by step for revision",local
"Real talk, crude oil price price right now no cap",online
"so just heard about the covid case numbers, what's the latest while i'm stuck in traffic",online
background on the partition of india for my essay,local
walk through set theory basics with numbers,local
so textbook definition of garbage collection before my exam,local
how long is the toll plaza queue right now,online
please go back to your factory settings,local
do you know what calumny means  please look it up for me,local
who made your algorithms,local
taylor series expansion explained with an example problem,local
Solana price right now,online
what is the meaning of my life,local
Compare memoization and version control branching in one paragraph,local
How does multiple inheritance in python actually work under the hood,local
help me convert feet into miles,local
quick one - current congestion level on the harbor bridge before my meeting,online
ngl reliance shares live chart movement while i'm stuck in traffic,online
"just checking, is the subway line closed due to the accident currently",online
does life have meaning,local
ok give me a quick rundown of the signing of the magna carta,local
monolith vs microservices cheat sheet,local
change the response language to french please,local
Is the flight delayed out of new york due to fog,online
"for class tomorrow, derive logarithm rules step by step before my exam",local
"genuinely curious, key figures involved in the industrial revolution key inventions for my notes",local
nvidia stock live chart movement — need it fast,online
ok so eur to usd price right now before i head out,online
"for my homework, give me a quick rundown of the moon landing mission details briefly",local
"fyi need to know, breaking news on the central bank's rate decision before my meeting",online
quick q - quadratic formula — proof and intuition before my exam,local
the cyclone warning developments as of today right now,online
i was on delta flight ab123 out of new york and haven't been able to locate my luggage,online
how to solve problems using partial derivatives with an example,local
Did the covid case numbers get resolved yet,online
How to solve problems using markov chains,local
quick one - did the covid case numbers get resolved yet before i head out,online
"for my homework, walk through law of cosines with numbers — struggling with this",local
"genuinely curious, summarize generics in java in a few bullet points",local
can you swap to male voice,local
the s&p 500 live chart movement this evening,online
ngl nasdaq price right now as of now,online
how do they say hello in germany,local
urgent - is the airport terminal closed due to the accident in the last hour,online
give me a quick rundown of the fall of the roman empire?,local
is there travel alerts for greece,online
tell me what the traffic is like on the way to phoenix,online
Timeline of the great depression causes,local
"hey, law of cosines for my calculus homework for revision",local
"genuinely curious, when the berlin wall fell — what actually happened",local
"just checking, traffic status on the harbor bridge this morning right now",online
how real are you,local
how does publish subscribe pattern actually work under the hood,local
Ok so how is cardano trending today?,online
"need this for an interview, explain the american civil war causes in a short paragraph",local
"for my homework, practice problem using chain rule in calculus for revision",local
"genuinely curious, the unification of germany — what actually happened",local
quick q - logarithm rules explained with an example problem pls,local
any delays on the ring road today at the moment,online
i'm going to need you to be quiet now please,local
the ufc fight card result just now for real,online
what is the exact date of your birth,local
make delta reservation from madison to atlanta,online
is the harbor bridge flooded from the downpour right now at the moment,online
"Hey, current air quality index in sydney this evening",online
quick q - how to solve problems using linear regression math for my notes,local
how do you spell superficial,local
"Genuinely curious, docker containers for dummies thanks",local
in o'hare lost luggage on flight america airlines,online
tcs stock price right now just curious,online
Practice problem using set theory basics,local
Solid overview of bit manipulation tricks for revision,local
will you roll a 4 sided dice,local
standard deviation formula for my calculus homework,local
ngl is the subway line closed due to the accident before my meeting,online
are you made in the usa,local
i wanna know five dollars in yen and rubles,online
notes on primary key vs unique key for my assignment,local
"your voice speed is too slow, please increase it",local
Standard deviation formula — proof and intuition,local
"for my homework, i keep forgetting binary search tree, break it down for me thanks",local
so breaking news on the supreme court verdict before my meeting,online
"ngl just heard about the tech layoffs news, what's the latest while i'm stuck in traffic",online
"fyi need to know, who's leading in the premier league match currently as of now",online
what's a good place to eat chinese in san francisco,online
are there any good hotels in salem,online
derive the pythagorean theorem step by step,local
key figures involved in the wright brothers first flight,local
notify my bank i am travailing from denver to la,online
i need to know if i need a visa to travel to el salvador,online
derive gradient descent math step by step,local
"hey, is usd to inr pumping or dumping today before my meeting",online
can you tell me how to figure out my current location,online
i need to know again,local
when should i pick linked list over thread pools,local
so linear regression math for my calculus homework with an example,local
quick one - reliance shares today's high and low at the moment,online
practice problem using central limit theorem in simple terms,local
i'm travelling to seattle soon and want to inform my bank,online
what do people say life means or the meaning is,local
how is nasdaq trending today,online
i need an uber to times square asap,online
quick q - laplace transform for my calculus homework in simple terms,local
Give me a quick rundown of the ottoman empire decline,local
where did your parents have you,local
the champions league final result just now,online
Quick q - caching strategies cheat sheet before my exam,local
explain the silk road trade routes in a short paragraph with an example,local
what are some funny jokes,local
"just heard about the vaccine rollout progress, what's the latest",online
"I keep forgetting merge sort, break it down for me",local
go back to normal mode please,local
i want you to your volume,local
integration by parts — proof and intuition,local
can you use a different accent,local
"genuinely curious, SOLID principles tutorial with code before my exam",local
restore the factory settings,local
i'd like to turn up the volume,local
can you find me a roundtrip flight from orlando to austin for 3/28 to 4/5,online
why is test driven development used instead of abstract class vs interface,local
urgent - breaking news on the cyclone warning no cap,online
what's the difference between synchronous and asynchronous io,local
get me an uber,online
"i keep forgetting memoization, break it down for me",local
can you find me a hotel for 2 people on april 1st to 4th in rome,online
"for class tomorrow, derive probability distributions step by step in simple terms",local
"how old are you, again",local
eur to usd live chart movement,online
hi how are you,local
eur to usd price right now currently,online
find me the location of the nearest gas station,online
what can i ask you to accomplish,local
walk through derivative of a function with numbers,local
"real talk, quick check on nasdaq before i trade while i'm stuck in traffic",online
should i carry an umbrella in sydney today,online
Explain ci cd pipeline basics with a simple example,local
any delays on the flyover near the city center today — need it fast,online
Quick q - important dates related to the great depression causes — struggling with this,local
"Genuinely curious, why did the partition of india happen in simple terms",local
what's the meaning of emulsify,local
quick refresher on hash map before my exam,local
why did the fall of the roman empire happen with an example,local
can you guess my name,local
"fyi need to know, is the flyover near the city center closed due to the accident this evening",online
i need to book a roundtrip flight from dallas to los angeles from march 2 to march 10,online
what was your place of creation,local
should i get a visa before going to cancun,online
could you check and let me know roundtrip flights from dallas to houston for march 7 and march 20,online
"from here, how do i get to the statue of liberty by bus",online
bye-bye,local
The india vs australia test result just now this evening,online
how to solve problems using set theory basics for revision,local
"go ahead and flip a coin, i am calling tails",local
i’ll be leaving now,local
Quick refresher on promises vs callbacks before my exam,local
urgent - any delays on the harbor bridge today — need it fast,online
Background on the printing press invention impact for my essay,local
how many euros can i exchange for 5 us dollars,online
who do you function for,local
"real talk, any delays on the main train route today just curious",online
walk me through sliding window technique step by step,local
what is you name,local
you must increase your volume,local
"hey, convex optimization basics formula and when to use it — struggling with this",local
so how is crude oil price trending today before my meeting,online
explain kubernetes pods with a simple example,local
the decolonization of africa summary for history class for my notes,local
ok how does kubernetes pods actually work under the hood pls,local
"Need this for an interview, why is version control branching used instead of CAP theorem for revision",local
ok gradient descent math explained with an example problem — struggling with this,local
Did the heatwave alert get resolved yet,online
"For my homework, gradient descent math explained with an example problem — struggling with this",local
explain database indexing with a simple example,local
ngl the highway conditions right now because of the storm asap,online
tell me where is the closest coffee shop,online
is the metro line open or blocked at the moment pls,online
i want a hotel booked in salem near the concert hall from the first to the second,online
i'd like to rent a vehicle from nov 1st to nov 15th in san antonio and i need a 15 passenger van,online
who's leading in the nba game currently today,online
please change accent to british male,local
Did reliance shares go up or down this morning,online
"Real talk, what's going on with the border tensions at the moment for the group chat",online
quick one - live score for the grand slam tennis match pls,online
"hey, current valuation on eur to usd this morning",online
will it rain in new york in the next few hours,online
The world cup qualifier result just now,online
Difference between CAP theorem and static vs dynamic typing,local
any updates on the wildfire containment right now,online
"fyi need to know, real time quote for cardano for the group chat",online
"for class tomorrow, real world use case for heap data structure",local
quick q - derive eigenvalues and eigenvectors step by step thanks,local
quick one - who's leading in the ufc fight card currently currently,online
"genuinely curious, convex optimization basics explained with an example problem briefly",local
practice problem using integration by parts for my notes,local
is there a train delay on the express route right now,online
i miss placed my luggage i was on delta flight ab123 out of new york,online
"i don't get closures in javascript, someone explain",local
say a fun fact about mt everest,local
do i need an international visa to go to hong kong,online
"real talk, is the airport terminal flooded from the downpour right now pls",online
"just checking, traffic status on the flyover near the city center this morning currently",online
"hey, quick check on nifty 50 before i trade rn",online
"Just heard about the heatwave alert, what's the latest",online
what is the definition of succumb,local
current air quality index in paris,online
urgent - current congestion level on the main train route right now,online
Bayes theorem — proof and intuition,local
The nba game result just now,online
ok the mughal empire timeline — what actually happened thanks,local
"for my homework, permutations and combinations for my calculus homework?",local
Final score of the asia cup final,online
"for my homework, permutations and combinations — proof and intuition",local
ngl is usd to inr pumping or dumping today today,online
please repeat that phrase,local
"just checking, the asia cup final score update please?",online
what did ya save my name as,local
"genuinely curious, walk through law of sines with numbers for my notes",local
ok so is the india vs australia test still playing right now,online
"need this for an interview, law of cosines explained with an example problem?",local
"genuinely curious, normalization forms — key points to remember for my notes",local
"just heard about the border tensions, what's the latest this evening",online
"For my homework, timeline of the causes of world war 1 for revision",local
i am hungry and need a restaurant suggestion,online
Is the airport terminal closed due to the accident,online
does buffalo wild wings in concord take reservations,online
"Just checking, who won the la liga clasico last night for real",online
How to solve problems using markov chains briefly,local
"genuinely curious, the fall of the roman empire — what actually happened?",local
how to implement depth first search on a graph,local
"need this for an interview, background on the decolonization of africa for my essay briefly",local
Ci cd pipeline basics tutorial with code,local
i need to know what adumbrate means can you look it up for me now,local
when should i pick primary key vs unique key over ci cd pipeline basics,local
"why are you talking so sloooooooooowly, please speed it up!",local
are you a human or a bot,local
steps to normalize a database table to 3nf,local
"just checking, silver rate price action this week so far for the group chat",online
ok so any delays on the interstate today — need it fast,online
did dogecoin go up or down this morning right now,online
"hey, when should i pick version control branching over graph traversal for revision",local
what kind of questions do you accept,local
"for class tomorrow, walk through linear regression math with numbers before my exam",local
explain window functions in sql with a simple example,local
cardano price action this week so far,online
affiliate's definition is what,local
"For my homework, i keep forgetting multiple inheritance in python, break it down for me",local
"fyi need to know, is the airline strike still ongoing this evening",online
ok so the supreme court verdict status update please — need it fast,online
is the flight delayed out of chicago due to fog,online
key figures involved in when the berlin wall fell,local
real world use case for ACID properties,local
Derive quadratic formula step by step,local
solid overview of deadlocks for revision,local
Quick q - difference between stack vs heap memory and docker containers in simple terms,local
main causes and effects of the signing of the magna carta?,local
can i change your name to buttercup,local
is it okay to switch water for milk,local
so derive permutations and combinations step by step before my exam,local
"Need this for an interview, key figures involved in the cold war origins pls",local
derive integration by parts step by step with an example,local
the central bank's rate decision developments as of today at the moment,online
limits and continuity formula and when to use it,local
is the flight delayed out of london due to fog,online
i need you to switch to whisper mode,local
Urgent - the t20 world cup game result just now before my meeting,online
"fyi need to know, current air quality index in mumbai?",online
yes you are,local
you refer to me as what,local
i'm going to need a hotel in tampa near ybor city for march 23rd through the 28th,online
"fyi need to know, the grand slam tennis match score update please",online
what name do you call me,local
"genuinely curious, timeline of the treaty of versailles terms for revision",local
compare test driven development and polymorphism in one paragraph,local
"for my homework, i keep forgetting window functions in sql, break it down for me briefly",local
"yo, hows it going",local
"hey, timeline of the silk road trade routes",local
when is my plane scheduled to land,online
flip a coin for me,local
"just checking, did dogecoin go up or down this morning at the moment",online
roll dice,local
say my name if you know it,local
"fyi need to know, is the storm system offshore affecting traffic right now as of now",online
ok timeline of the russian revolution 1917,local
textbook definition of CAP theorem,local
so how is silver rate trending today before my meeting,online
i love dad jokes can you tell me one,local
i am david,local
fourier transform explained with an example problem,local
what kinds of fun touristy things are there to do in boston,online
So pros and cons of dijkstra's algorithm thanks,local
key figures involved in the fall of the roman empire,local
practice problem using vector cross product — struggling with this,local
"hey, did the parliament session today get resolved yet this morning",online
the la liga clasico highlights from tonight this evening,online
"hey, laplace transform for my calculus homework",local
what's the currency conversion between rubles and pounds,online
i appreciate that,local
"for my homework, main causes and effects of the treaty of versailles terms",local
"hey, is the t20 world cup game still playing right now in the last hour",online
your birth occurred where,local
could i rent a car out of dallas from april 1-10,online
please only use a whisper when speaking,local
"hey, practice problem using probability distributions with an example",local
"genuinely curious, background on the causes of world war 1 for my essay",local
"need this for an interview, garbage collection example in python please?",local
Solana live chart movement,online
The ufc fight card result just now,online
Latest on the trade deal talks in real time before my meeting,online
So walk through bayes theorem with numbers thanks,local
help me get an uber to ann arbor,online
Memoization interview question breakdown?,local
"just checking, is the highway flooded from the downpour right now rn",online
"for class tomorrow, important dates related to the great depression causes pls",local
"need this for an interview, give me a quick rundown of when the berlin wall fell for my notes",local
Breaking news on the trade deal talks,online
i want to change what accent you use,local
please tell me when my flight will land,online
what is my current fuel level,online
notes on TCP vs UDP for my assignment,local
"fyi need to know, eur to usd today's high and low this evening",online
"need this for an interview, explain the american civil war causes in a short paragraph thanks",local
"Need this for an interview, timeline of the cold war origins?",local
Notes on static vs dynamic typing for my assignment,local
how many inches are in 5 feet,local
The expressway conditions right now because of the storm,online
greedy algorithms cheat sheet,local
"need this for an interview, real world use case for virtual memory pls",local
"hey, who won the wimbledon final last night for real",online
i would like you to set the timer to go off in ten minutes,local
ok so how humid is it in chennai right now,online
"fyi need to know, the premier league match highlights from tonight",online
"hey, walk me through multiple inheritance in python step by step",local
is it safe to drive in tokyo with this storm,online
Quick q - give me a quick rundown of the signing of the magna carta,local
"For class tomorrow, version control branching — key points to remember briefly",local
"real talk, bitcoin price right now for real",online
"need this for an interview, important dates related to the age of exploration key figures in simple terms",local
"just checking, current valuation on nvidia stock in the last hour",online
"linked list, explain like i'm a beginner coder",local
crude oil price market cap right now before my meeting,online
can you find me some good places in kentucky that serve sushi,online
your efforts don't go unnoticed,local
ok timeline of the unification of germany thanks,local
How does inheritance vs composition actually work under the hood,local
set the timer for me please,local
is the restaurant busy at lunchtime,online
ngl is the india vs australia test still playing right now at the moment,online
can you translate hello into swedish for me,local
"Fyi need to know, is the metro line closed due to the accident for the group chat",online
i need to change language to spanish,local
Quadratic formula for my calculus homework,local
i'm going to jamaica next week; am i needing a visa,online
"Need this for an interview, the great depression causes — what actually happened",local
urgent - how is ripple xrp trending today at the moment,online
"Hey, convex optimization basics formula and when to use it thanks",local
what's your favorite hobby,local
Quick check on reliance shares before i trade,online
what are the best sushi restaurants in reno,online
"need this for an interview, give me a quick rundown of the signing of the magna carta",local
"just checking, gold rate today's high and low",online
does burger king accept reservations,online
"genuinely curious, deadlocks cheat sheet for revision",local
ok so the ashes series score update please just curious,online
how is hello said in french,local
"Hey, traffic status on the expressway this morning",online
why is two pointer technique used instead of deadlocks,local
what is meant by defense,local
The power outage in the city status update please,online
i was on american airlines flight ab123 out of houston and i can't find my luggage,online
it's good to see you,local
So important dates related to the boston tea party in simple terms,local
ok so nasdaq rate as of this minute,online
how is the word economy spelled,local
"real talk, any updates on the cabinet reshuffle happening today rn",online
what's the point of sentience,local
give me a quick rundown of the mughal empire timeline for revision,local
can you turn the volume to 4,local
what do they call you,local
Give me a quick rundown of the causes of world war 1,local
my luggage is missing i was on spirit flight ab123 from chicago,online
can you tell me what 30% off 279 is,local
please flip a coin and tell me what side it lands on,local
Gold rate live chart movement tonight,online
how long do you cook a hamburger for,local
the border tensions status update please tonight,online
what's the traffic like on the way to patterson,online
"hey, partial derivatives — proof and intuition",local
what is spanish for good morning,local
important dates related to the discovery of penicillin,local
"fyi need to know, is the main train route closed due to the accident while i'm stuck in traffic",online
any updates on the ceasefire negotiations happening today,online
i want to increase your volume,local
Timeline of when the berlin wall fell,local
final score of the t20 world cup game for real,online
explain the silk road trade routes in a short paragraph,local
what kinds of hobbies do you enjoy,local
do you mind if call you nikolai,local
book delta ticket madison to atlanta,online
many thanks,local
"since i am traveling to asia, i need to inform the bank",online
the la liga clasico highlights from tonight right now,online
what is the wait time at this restaurant,online
you were so kind to do that,local
"Hey, nvidia stock price right now before i head out",online
tell me where my luggage is,online
"genuinely curious, quick refresher on generics in java before my exam",local
"just checking, will it rain in mumbai in the next few hours",online
who do i report lost luggage to,online
are you a live human being,local
immutability in functional programming example in python please thanks,local
lower volume,local
what kinds of things can you do,local
that is affirmative,local
"fyi need to know, bitcoin today's high and low tonight",online
switch over from female to the male voice,local
whats the definition of transmute,local
Breaking news on the supreme court verdict,online
ngl latest on the cabinet reshuffle in real time?,online
"I don't get mock objects in testing, someone explain",local
"for my homework, main causes and effects of the signing of the magna carta — struggling with this",local
current congestion level on the harbor bridge just curious,online
Who won the euro cup semifinal last night in the last hour,online
who do i complain to about my luggage not arriving at the airport,online
change the ai name,local
How to solve problems using standard deviation formula,local
can you check to see how busy that restaurant is for dinner,online
research the meaning of life,local
"for my homework, how to solve problems using convex optimization basics",local
quick one - traffic status on the flyover near the city center this morning before i head out,online
what should i refer to you as,local
backtracking algorithms tutorial with code,local
"just checking, who's leading in the f1 race currently currently",online
"need this for an interview, partial derivatives for my calculus homework",local
eigenvalues and eigenvectors — proof and intuition briefly,local
Is the flyover near the city center closed due to the accident as of now,online
Quick check on tesla stock before i trade,online
"Hey, final score of the champions league final right now",online
explain dependency injection with a simple example,local
lets talk about your hobbies,local
How does virtual functions in c++ actually work under the hood,local
"Just checking, silver rate market cap right now for the group chat",online
pros and cons of denormalization,local
pros and cons of monads in haskell,local
Solid overview of test driven development for revision,local
how long will i have to wait if i want to eat at panera,online
is the ipl match still playing right now asap,online
"Need this for an interview, main causes and effects of the printing press invention impact",local
what's going on with the heatwave alert at the moment,online
which company can i credit your design to,local
who's leading in the india vs australia test currently right now,online
urgent - is infosys shares pumping or dumping today for real,online
go back to your original settings,local
"For my homework, the discovery of penicillin — what actually happened — struggling with this",local
how is it outside,online
"for class tomorrow, integration by parts formula and when to use it thanks",local
what's 50 euro in dollars,online
"Hey, is the border tensions still ongoing this morning",online
what are some of sweden's best sights,online
"Hey, difference between git rebase vs merge and monads in haskell in simple terms",local
Traffic status on the ring road this morning,online
does france have any travel alerts i should be aware of,online
"for class tomorrow, how to solve problems using permutations and combinations",local
"for my homework, i keep forgetting B-tree indexing, break it down for me",local
ngl traffic status on the expressway this morning this morning,online
ngl the expressway conditions right now because of the storm this evening,online
so breaking news on the cyclone warning for real,online
important dates related to the mughal empire timeline thanks,local
"just checking, who's leading in the india vs australia test currently pls",online
it is okay to replace water instead of milk,local
live score for the premier league match for the group chat,online
permutations and combinations — proof and intuition,local
"i keep forgetting event loop in node, break it down for me",local
the grand slam tennis match result just now pls,online
so who's leading in the la liga clasico currently at the moment,online
please revert to your factory settings,local
so who's leading in the premier league match currently rn,online
"hey, how would you implement window functions in sql from scratch",local
"for my homework, timeline of the industrial revolution key inventions pls",local
solid overview of race conditions for revision,local
who's leading in the champions league final currently pls,online
could you start a timer for me,local
that is right,local
"Genuinely curious, trie data structure example in python please in simple terms",local
what is the area that you came from,local
i will be speaking chinese going forward,local
so give me a quick rundown of the russian revolution 1917 — struggling with this,local
i want to set a timer,local
compare multithreading in java and load balancing in one paragraph,local
please speed up your speaking pattern,local
switch the language setting over to german,local
what words would i use to tell someone i am lost if i were japanese,local
please tell me my current location,online
"hey, key figures involved in the printing press invention impact for my notes",local
Taylor series expansion for my calculus homework,local
normalization in databases example in python please with an example,local
"for class tomorrow, version control branching cheat sheet",local
Urgent - is the nba game still playing right now today,online
please increase the volume to 4,local
"i'm going to be going to canada soon, do they require a visa for entry",online
"for my homework, summarize monolith vs microservices in a few bullet points before my exam",local
"i keep forgetting compiler vs interpreter, break it down for me",local
"real talk, traffic status on the subway line this morning as of now",online
quick one - final score of the nba game at the moment,online
so did eur to usd go up or down this morning,online
Is the main train route open or blocked at the moment pls,online
i go by brad,local
can you use the male british accent,local
Ancient egyptian pyramid construction summary for history class briefly,local
the age of exploration key figures summary for history class — struggling with this,local
So the tech layoffs news developments as of today pls,online
The printing press invention impact — what actually happened before my exam,local
"just checking, any updates on the power outage in the city happening today tonight",online
should i carry an umbrella in seoul today rn,online
law of cosines formula and when to use it before my exam,local
what is the traffic like at the closest safeway grocery store,online
explain the renaissance key artists in a short paragraph,local
let me change your name to dina,local
quick q - derive law of cosines step by step pls,local
Main causes and effects of the silk road trade routes,local
is the dollar strong against the yen today,online
ngl quick check on bitcoin before i trade,online
"need this for an interview, i don't get REST vs GraphQL, someone explain with an example",local
caching strategies example in python please,local
bit manipulation tricks — key points to remember?,local
did ethereum go up or down this morning before i head out,online
go ahead and go back to the original settings,local
"genuinely curious, walk through bayes theorem with numbers — struggling with this",local
quick one - the cyclone warning status update please pls,online
Any updates on the heatwave alert happening today,online
are you a real person or software,local
"For class tomorrow, practice problem using limits and continuity?",local
"hey, practice problem using bayes theorem briefly",local
use your whispering voice,local
"so i don't get normalization in databases, someone explain — struggling with this",local
what can you do,local
real time quote for tcs stock before i head out,online
could you pull up my location on the map,online
Any updates on the tech layoffs news happening today,online
is the india vs australia test still playing right now,online
"Hey, quick check on nasdaq before i trade as of now",online
taylor series expansion explained with an example problem in simple terms,local
the cold war origins summary for history class pls,local
please set the timer for me,local
Ok how does pointers vs references actually work under the hood for my notes,local
do i need a travel visa to visit russia,online
where can i pick up a good burger near where i am,online
So final score of the ufc fight card just curious,online
thank you for the information,local
tell my bank that i'm going to france,online
what is the traffic like on the way to town,online
"what is 10 ounces in grams, please",local
i'm going to start calling you kobe now,local
Current valuation on silver rate before my meeting,online
"i didnt understand what you just said, can you say it again",local
final score of the premier league match currently,online
"fyi need to know, final score of the premier league match today",online
bayes theorem formula and when to use it with an example,local
"what hotels are near, ny, ny for the 9th to 11th",online
regular expressions cheat sheet,local
know any interesting facts,local
Urgent - current congestion level on the metro line as of now,online
"Hey, nifty 50 today's high and low for real",online
cardano price right now this morning,online
how to calculate big o for a recursive function,local
"just checking, quick check on solana before i trade for real",online
should i carry an umbrella in london today,online
Is the flight delayed out of seoul due to fog this evening,online
how do i get to the mall by bus,online
start a timer for 10 minutes,local
crude oil price price action this week so far,online
all right,local
will it rain in chicago in the next few hours,online
quick one - is solana pumping or dumping today before i head out,online
"fyi need to know, silver rate live chart movement just curious",online
can you translate that to french,local
is the ashes series still playing right now before my meeting,online
ok generics in java interview question breakdown,local
"Genuinely curious, background on the treaty of versailles terms for my essay with an example",local
tell me interesting facts about lighthouses,local
please book a car for me in bangkok,online
real world use case for lambda expressions,local
Important dates related to the industrial revolution key inventions for revision,local
tell me things i can do in chicago,online
"hey, live score for the ufc fight card at the moment",online
Ngl breaking news on the covid case numbers,online
your help is appreciated,local
quick one - the world cup qualifier highlights from tonight,online
please begin using the whisper voice setting,local
explain ancient egyptian pyramid construction in a short paragraph,local
solid overview of unit testing vs integration testing for revision,local
"for my homework, explain the cold war origins in a short paragraph in simple terms",local
"need this for an interview, key figures involved in the partition of india",local
who brought you up,local
final score of the euro cup semifinal,online
"genuinely curious, how does multiple inheritance in python actually work under the hood briefly",local
how can i get you to help me,local
"genuinely curious, background on the cold war origins for my essay briefly",local
so sharding for dummies in simple terms,local
please flip a coin i select tails,local
you work for whom,local
ok explain the industrial revolution key inventions in a short paragraph in simple terms,local
"that's not right, so no",local
notes on window functions in sql for my assignment,local
"hey, current congestion level on the airport terminal no cap",online
reset to default settings please,local
current congestion level on the ring road,online
give me a quick rundown of the silk road trade routes briefly,local
quick one - live score for the asia cup final today,online
what southwest flights are there for lax to sfo arriving april 1st and returning april 7th,online
"just checking, the supreme court verdict — anything new in the last hour before my meeting",online
"Need this for an interview, key figures involved in the printing press invention impact with an example",local
"For my homework, pros and cons of ci cd pipeline basics?",local
Dow jones live chart movement right now,online
let me know what subjects you comprehend well,local
"Need this for an interview, compare topological sort and immutability in functional programming in one paragraph?",local
do i need a visa to travel to jamaica,online
quick one - did ripple xrp go up or down this morning asap,online
So practice problem using law of cosines thanks,local
Silver rate rate as of this minute,online
what is 2 inches in meters,local
Markov chains formula and when to use it,local
tell me about the reviews for chilis,online
"for my homework, i don't get version control branching, someone explain",local
"for my homework, walk through fourier transform with numbers",local
"generics in java, explain like i'm a beginner coder",local
i wanna know my current location,online
Solid overview of big O notation for revision before my exam,local
textbook definition of sliding window technique,local
does marios in brooklyn take reservations,online
Quick q - solid overview of tail recursion for revision,local
please use male voice,local
where do you come from,local
quick q - why did the mughal empire timeline happen — struggling with this,local
quick one - is the asia cup final still playing right now this morning,online
The storm system offshore — anything new in the last hour,online
quick one - is there a heat advisory in sydney today at the moment,online
how goes it,local
who are the people responsible for you,local
i'm needing to know who made you,local
ai how are you doing today,local
"genuinely curious, walk through integration by parts with numbers — struggling with this",local
ok so the premier league match result just now at the moment,online
"just checking, the central bank's rate decision — anything new in the last hour",online
The mughal empire timeline summary for history class — struggling with this,local
i need you to increase your speaker volume,local
what can i ask you all about,local
"real talk, final score of the champions league final before i head out",online
is the storm system offshore still ongoing tonight,online
that would be false,local
tell me about yourself,local
Walk through convex optimization basics with numbers with an example,local
may i know if you are a real person or an ai,local
"Hey, is the flyover near the city center closed due to the accident before my meeting",online
"for my homework, i keep forgetting quick sort, break it down for me before my exam",local
laplace transform formula and when to use it,local
who designed you,local
Virtual memory for dummies,local
i really thank you,local
how many kilos are in 100 pounds,local
"i did not hear you, please repeat",local
please change your accent to a british male,local
i'll need you to set a timer for 10 minutes,local
do they take reservations at state bird,online
how long will the wait be at noon if we went to nagomi,online
urgent - how is dow jones trending today just curious,online
logarithm rules formula and when to use it,local
"hey, the main train route conditions right now because of the storm just curious",online
quick q - ancient egyptian pyramid construction — what actually happened?,local
how is the ai doing,local
the election results developments as of today,online
where should i go for good thai food in las vegas,online
"For my homework, textbook definition of docker containers pls",local
go to the female voice,local
"for class tomorrow, timeline of the causes of world war 1 with an example",local
ok so any delays on the main train route today this evening,online
ok how to solve problems using standard deviation formula before my exam,local
let's whisper,local
what is 4 + 7,local
i need to know the status of my alaska air flight,online
how long is the chicken gonna take,local
i'd like to hear some trivia about florida,local
"for my homework, give me a quick rundown of the periodic table history for revision",local
the nba game result just now no cap,online
quick one - is apple stock pumping or dumping today pls,online
"genuinely curious, why did the boston tea party happen briefly",local
quick q - probability distributions formula and when to use it — struggling with this,local
how should i say hello in french,local
so final score of the nba game,online
"Need this for an interview, walk me through polymorphism step by step briefly",local
"has my credit card application been received, or what is its current status",online
tell me if the cheshire takes reservations,online
"need this for an interview, how does TCP vs UDP actually work under the hood briefly",local
quick refresher on multiple inheritance in python before my exam,local
So should i carry an umbrella in sydney today asap,online
can you tell me what dirge means,local
final score of the la liga clasico this morning,online
i want that repeated,local
how to solve problems using law of cosines,local
"fyi need to know, did nifty 50 go up or down this morning asap",online
can you please turn the volume to 4,local
the wildfire in the hills — anything new in the last hour,online
please increase volume,local
set a timer for 5 minutes,local
so is there a heat advisory in berlin today for real,online
"real talk, how bad is the heatwave alert right now",online
what are today's travel advisories,online
derive fourier transform step by step,local
textbook definition of immutability in functional programming,local
how to solve problems using partial derivatives pls,local
How would you implement asynchronous programming from scratch,local
current valuation on silver rate,online
bitcoin live chart movement rn,online
dependency injection cheat sheet,local
vector cross product explained with an example problem thanks,local
So infosys shares today's high and low for the group chat,online
difference between lambda expressions and backtracking algorithms,local
i required a hotel room for 20 people from march 8th through march 20th in las vegas,online
Urgent - is the india vs australia test still playing right now tonight,online
Quick refresher on thread pools before my exam,local
Quick q - chain rule in calculus formula and when to use it in simple terms,local
sensex live chart movement this morning,online
Is it safe to drive in pune with this storm,online
could you say that again,local
"Fyi need to know, is the storm system offshore affecting traffic right now",online
tell me what alternative means,local
difference between pointers vs references and subqueries in sql,local
"real talk, who won the asia cup final last night tonight",online
where's your place of birth,local
does france have their own version of a visa,online
"real talk, dow jones price right now this morning",online
ok so the s&p 500 rate as of this minute rn,online
"Just checking, any delays on the interstate today no cap",online
ok so what's going on with the central bank's rate decision at the moment in the last hour,online
"just checking, is the grand slam tennis match still playing right now for the group chat",online
"i need you to repeat that, please",local
tell me what monstrosity means,local
"Need this for an interview, denormalization cheat sheet",local
"fyi need to know, the premier league match score update please while i'm stuck in traffic",online
i'll talk to you later ai,local
quick q - main causes and effects of the fall of the roman empire,local
do you know if ruth chris does reservations,online
tell me where you come from,local
So background on the industrial revolution key inventions for my essay — struggling with this,local
Quick one - is the ring road flooded from the downpour right now as of now,online
probability distributions explained with an example problem,local
Walk through correlation vs causation with numbers in simple terms,local
quick q - merge sort vs hash map which is better and when for revision,local
Ok so bitcoin live chart movement this morning,online
i am changing over to italian now,local
repeat that fun fact about mt everest,local
could you please switch to whisper mode,local
quick one - the harbor bridge conditions right now because of the storm as of now,online
i want to book a hotel room for 10 people from monday to tuesday in manhattan,online
what is the wait time at applebee's,online
remind me that time is up in sixty minutes,local
what do you think about the meaning of life,local
quick q - explain closures in javascript with a simple example for my notes,local
microservices architecture for dummies,local
what does life mean on a deeper level,local
"fyi need to know, the central bank's rate decision status update please while i'm stuck in traffic",online
So quick refresher on process vs thread before my exam for revision,local
"how do they say ""what's up"" in chinese",local
explain operator overloading in c++ with a simple example?,local
what should i put on the timer to cook this dish,local
Did nvidia stock go up or down this morning,online
so important dates related to the ottoman empire decline thanks,local
raise the volume,local
the border tensions status update please,online
can i call you by any name,local
i'm grateful for the answer you just gave me,local
"Real talk, final score of the wimbledon final this evening",online
"need this for an interview, important dates related to the great depression causes",local
what is 55 times 300,local
Difference between event loop in node and CAP theorem,local
traffic status on the expressway this morning in the last hour,online
textbook definition of bit manipulation tricks,local
what sorts of things do you do for fun,local
"hey, is the premier league match still playing right now this evening",online
"fyi need to know, is eur to usd pumping or dumping today rn",online
Quick one - the trade deal talks — anything new in the last hour this morning,online
ok the decolonization of africa — what actually happened — struggling with this,local
"i'm going to paris soon and want to let my bank know, how do i do that",online
"just checking, is the flyover near the city center open or blocked at the moment",online
key figures involved in the printing press invention impact,local
"Hey, eur to usd today's high and low before my meeting",online
can i use sharp cheddar instead of muenster,local
how to i get to the mall on foot,online
are you working for me,local
async function returns a pending promise instead of the value,local
quick check on silver rate before i trade,online
look for funny jokes,local
ethereum price right now,online
the american civil war causes summary for history class before my exam,local
quick one - any delays on the metro line today right now,online
ngl live score for the ufc fight card at the moment,online
"hey, how is infosys shares trending today before i head out",online
how to solve problems using limits and continuity,local
let me know who made you,local
"genuinely curious, why did the discovery of penicillin happen for my notes",local
urgent - live score for the f1 race before i head out,online
"just checking, silver rate rate as of this minute before my meeting",online
Urgent - traffic status on the ring road this morning for real,online
"hey, the ufc fight card highlights from tonight for real",online
"For my homework, thread pools vs message queues which is better and when briefly",local
do you know if my amex card app went through,online
Linear regression math for my calculus homework,local
is nvidia stock pumping or dumping today this evening,online
is there another person you work for,local
the fall of the roman empire summary for history class,local
Who's leading in the euro cup semifinal currently before i head out,online
ngl who won the premier league match last night tonight,online
solid overview of bit manipulation tricks for revision,local
ok so is the main train route flooded from the downpour right now no cap,online
urgent - how is nifty 50 trending today while i'm stuck in traffic,online
Is there a heat advisory in bangalore today this evening,online
quick refresher on trie data structure before my exam,local
quick one - live score for the la liga clasico asap,online
did the covid case numbers get resolved yet,online
i need to swap salt for baking soda,local
"just checking, how is tcs stock trending today",online
will you flip a coin,local
"Need this for an interview, race conditions example in python please",local
can you tell me what you call me,local
ngl live score for the t20 world cup game,online
urgent - is the metro line closed due to the accident asap,online
subtract 100 from 12,local
"just checking, current valuation on apple stock in the last hour",online
do i have the gas to get to orlando,online
please start using female voice,local
switch to a different accent,local
"Genuinely curious, deadlocks — key points to remember for my notes",local
find the meaning of qat,local
traffic status on the main train route this morning,online
"real talk, traffic status on the harbor bridge this morning currently",online
quick one - the la liga clasico score update please for real,online
how is the traffic like on my way to fairfield,online
Walk through matrix multiplication rules with numbers,local
book an uber for 6 people to go to the movies,online
please set a timer for 20 minutes,local
Garbage collection for dummies,local
i want you to call me lord,local
Ngl is it safe to drive in singapore with this storm as of now,online
roll them bones!,local
Main causes and effects of the theory of evolution basics,local
Background on the french revolution timeline for my essay pls,local
could you reset your factory settings please,local
Is the subway line open or blocked at the moment,online
am i your manager,local
what documents to i need to go to egypt,online
did usd to inr go up or down this morning,online
"fyi need to know, the asia cup final result just now just curious",online
"for class tomorrow, probability distributions — proof and intuition before my exam",local
"just heard about the cyclone warning, what's the latest",online
no!,local
what ingredients do i need to make salmon salad,local
deadlocks — key points to remember,local
"For class tomorrow, background on the cold war origins for my essay before my exam",local
ok why did the boston tea party happen,local
any updates on the power outage in the city happening today,online
did the trade deal talks get resolved yet for real,online
ok so breaking news on the vaccine rollout progress for real,online
my names carrie,local
"Hey, nifty 50 price right now as of now",online
urgent - dogecoin price right now no cap,online
please switch to whisper mode for now,local
give me a quick rundown of the mughal empire timeline,local
cardano live chart movement before my meeting,online
where am i located,online
"just checking, who won the t20 world cup game last night just curious",online
"real talk, the champions league final result just now before my meeting",online
"For my homework, i keep forgetting thread pools, break it down for me with an example",local
is it safe to drive in bangalore with this storm,online
"fyi need to know, any updates on the border tensions happening today for the group chat",online
important dates related to the printing press invention impact briefly,local
so matrix multiplication rules formula and when to use it for revision,local
quick one - silver rate market cap right now,online
ok derive gradient descent math step by step?,local
check to see how long of a wait i would be facing if i go to outback steakhouse,online
how long to i bake the brownies,local
"i keep forgetting unit testing vs integration testing, break it down for me",local
quick one - is there a heat advisory in new york today before i head out,online
can i substitute vinegar for apple cider vinegar,local
will you set the timer,local
can i use milk instead of cream,local
"just checking, the highway conditions right now because of the storm just curious",online
"monolith vs microservices, explain like i'm a beginner coder",local
can you tell me the amount of gas i have,online
urgent - how is tesla stock trending today no cap,online
what's the weekend forecast,online
Current valuation on sensex,online
Final score of the grand slam tennis match,online
"greedy algorithms, explain like i'm a beginner coder thanks",local
"for my homework, timeline of ancient egyptian pyramid construction",local
"fyi need to know, is silver rate pumping or dumping today asap",online
get me roundtrip flight information for flights from dallas to houston for june 8 and june 17,online
give me a quick rundown of the russian revolution 1917 for revision,local
permutations and combinations for my calculus homework,local
"genuinely curious, how would you implement virtual functions in c++ from scratch",local
did the cyclone warning get resolved yet,online
"yes, you got it",local
quick refresher on observer pattern before my exam,local
goodbye to you,local
urgent - who won the t20 world cup game last night while i'm stuck in traffic,online
"i had a pleasure talking to you, see you later",local
please roll a die now,local
ngl usd to inr live chart movement in the last hour,online
"for class tomorrow, quick refresher on window functions in sql before my exam in simple terms",local
any delays on the expressway today asap,online
Multiple inheritance in python tutorial with code,local
Reliance shares rate as of this minute for real,online
what do i do to find my location,online
how bad is the wildfire in the hills right now,online
So final score of the champions league final asap,online
i need to get a flight out of tampa to chicago in a month for under $123,online
do that,local
yes i am,local
i need to figure out what to do about lost luggage,online
tcs stock price right now?,online
"fyi need to know, is the cyclone warning still ongoing — need it fast",online
so eur to usd price right now tonight,online
please flip a coin i hope its tails,local
quick q - binary search tree vs unit testing vs integration testing which is better and when,local
if you had to say who you worked for who would it be,local
any delays on the main train route today,online
will they take reservations at torris,online
gold rate price action this week so far,online
who won the la liga clasico last night,online
"Hey, tesla stock market cap right now at the moment",online
Markov chains formula and when to use it for my notes,local
does mexico require an international visa,online
are there any travel alerts in that region,online
what's the spelling of cancer,local
"For class tomorrow, how to solve problems using gradient descent math",local
so important dates related to the partition of india for my notes,local
the wimbledon final result just now,online
ngl the s&p 500 today's high and low for real,online
will it get over 90 degrees today,online
So is the expressway open or blocked at the moment in the last hour,online
is it safe to drive in delhi with this storm,online
"For class tomorrow, practice problem using taylor series expansion?",local
book an uber to school,online
what's the cooking time for the cake,local
are reservations taken at redrobin,online
"genuinely curious, fourier transform explained with an example problem",local
CAP theorem vs singleton pattern which is better and when,local
"genuinely curious, how to solve problems using hypothesis testing",local
Is the airport terminal open or blocked at the moment,online
ngl who won the india vs australia test last night today,online
what is the age of the ai,local
is there a meaning in life,local
get me a flight for tuesday on spiritcom to las vegas from chicago,online
"so i keep forgetting git rebase vs merge, break it down for me with an example",local
so is the tech layoffs news still ongoing this evening,online
"Genuinely curious, practice problem using logarithm rules",local
please tell me the name i should use when talking to you,local
"hey, did bitcoin go up or down this morning at the moment",online
Is the flight delayed out of pune due to fog,online
compare version control branching and connection pooling in one paragraph,local
Tcs stock price right now for real,online
"real talk, is the ring road flooded from the downpour right now as of now",online
TCP vs UDP for dummies,local
Is the ufc fight card still playing right now,online
practice problem using set theory basics?,local
quadratic formula explained with an example problem,local
"genuinely curious, real world use case for denormalization",local
summarize caching strategies in a few bullet points,local
"hey, speak slowly",local
Walk through law of sines with numbers,local
how do you spell hotdog,local
who's leading in the la liga clasico currently,online
compare ci cd pipeline basics and B-tree indexing in one paragraph,local
i wish to know your hobbies,local
Quick q - important dates related to the wright brothers first flight with an example,local
what is the name of the person who created you,local
what name am i under,local
what is 2+2,local
"For class tomorrow, explain the periodic table history in a short paragraph for my notes",local
live score for the f1 race,online
caching strategies — key points to remember,local
reset the factory settings please,local
ok why did the theory of evolution basics happen in simple terms,local
How is tesla stock trending today before i head out,online
i would like to change your name to a different one,local
Ok difference between immutability in functional programming and dependency injection,local
please change the language that you are responding in,local
limits and continuity for my calculus homework,local
nasdaq live chart movement,online
i am going out of country and my bank needs to be notified,online
Key figures involved in the wright brothers first flight,local
urgent - final score of the grand slam tennis match for real,online
i'm in baggage claim at the airport and my luggage didn't make it,online
ok so the premier league match highlights from tonight right now,online
i need to know what is 85% of $1500,local
"Fyi need to know, the cabinet reshuffle — anything new in the last hour just curious",online
ok so current congestion level on the airport terminal while i'm stuck in traffic,online
tail recursion tutorial with code?,local
heap data structure for dummies,local
i'd like to reset to factory settings,local
i just traveled on american airlines flight ab123 out of dallas i can't find my luggage,online
quick q - walk through hypothesis testing with numbers briefly,local
so should i carry an umbrella in london today while i'm stuck in traffic,online
key figures involved in the silk road trade routes?,local
"hey, quick refresher on joins in sql before my exam",local
"hey, i keep forgetting greedy algorithms, break it down for me",local
the asia cup final score update please right now,online
"just checking, how humid is it in paris right now right now",online
can i get assistance with booking a seattle car rental,online
so when should i pick git rebase vs merge over TCP vs UDP,local
is it acceptable to swap rice for quinoa,local
how does static vs dynamic typing actually work under the hood,local
"oh, thanks",local
ok so how humid is it in mumbai right now while i'm stuck in traffic,online
The wildfire in the hills status update please in the last hour,online
quick q - how to solve problems using chain rule in calculus for revision,local
Gold rate rate as of this minute,online
ok set theory basics for my calculus homework thanks,local
cheapest fare for flight from tehran to new york on august 1 with return on august 20,online
"genuinely curious, laplace transform — proof and intuition in simple terms",local
how long should this be in the oven,local
ok practice problem using derivative of a function,local
can you talk a bit slower please,local
apple stock rate as of this minute,online
i need to know about travel alerts for mexico,online
do i need a travel visa to visit germany,online
i need an address for the closest starbucks to home,online
Walk through limits and continuity with numbers,local
what subjects do you know about,local
"for class tomorrow, ancient egyptian pyramid construction — what actually happened — struggling with this",local
how humid is it in hyderabad right now,online
how humid is it in chennai right now — need it fast,online
ngl the t20 world cup game highlights from tonight,online
"fyi need to know, is it safe to drive in seoul with this storm before my meeting",online
what do i need to cook chicken soup,local
what's the point of this dumpster fire known as life,local
"real talk, current congestion level on the subway line?",online
Is the ipl match still playing right now for real,online
"real talk, is it safe to drive in chicago with this storm while i'm stuck in traffic",online
how many years old are you,local
will i be able to rent a car in boston from march 2 to march 4,online
the harbor bridge conditions right now because of the storm,online
can you share the meaning of life,local
"just heard about the storm system offshore, what's the latest",online
"switch to whisper mode, please",local
the great depression causes — what actually happened,local
"fyi need to know, crude oil price rate as of this minute asap",online
thanks for the info,local
i have to know what the traffic typically like at 3:30 on the route to phoenix,online
"need this for an interview, derive matrix multiplication rules step by step in simple terms",local
how to solve problems using permutations and combinations briefly,local
"just checking, the toll plaza conditions right now because of the storm",online
Ok so is the tech layoffs news affecting traffic right now currently,online
Promises vs callbacks example in python please,local
so logarithm rules formula and when to use it thanks,local
how good are the ratings for longhorn steakhouse,online
give me a quick rundown of the silk road trade routes,local
please book a car for me in ho chi minh,online
so walk through markov chains with numbers,local
i forget how to spell xylophone,local
what does 2 + 2 equal,local
"Hey, current valuation on apple stock currently",online
Ok main causes and effects of when the berlin wall fell?,local
"ngl just heard about the border tensions, what's the latest today",online
so is nvidia stock pumping or dumping today this evening,online
"fyi need to know, is the interstate open or blocked at the moment",online
what's going on with the covid case numbers at the moment,online
Quick check on the s&p 500 before i trade before i head out,online
what's the spelling of multimedia,local
repeat that again,local
let my bank know i will be on travel to fes,online
i don't know how to spell drought,local
is the main train route open or blocked at the moment this morning,online
how many years have you been operating,local
"need this for an interview, the pythagorean theorem formula and when to use it before my exam",local
"ai, give me the results of a coin flip",local
i want you reset to factory settings,local
Timeline of the printing press invention impact,local
usd to inr price right now,online
i want you to change the ai name,local
how long should i expect to wait at the cheesecake factory before getting seated,online
can i use margarine instead of butter,local
partial derivatives — proof and intuition?,local
Asynchronous programming cheat sheet briefly,local
"need this for an interview, practice problem using chain rule in calculus?",local
what is your creation date,local
what is an amazing trivia fact relating to 3d printing,local
So walk me through recursion step by step for revision,local
derive derivative of a function step by step before my exam,local
"need this for an interview, ancient egyptian pyramid construction summary for history class in simple terms",local
did the vaccine rollout progress get resolved yet this evening,online
speak slower,local
kubernetes pods tutorial with code,local
Quick check on tcs stock before i trade,online
standard deviation formula explained with an example problem,local
set me up with an uber,online
that would be a no,local
"hey, who's leading in the champions league final currently just curious",online
where is my gas level right now,online
background on the partition of india for my essay — struggling with this,local
i'm going to need a hotel room for 8 people in tallahassee from 3/10 until 3/12,online
can you say again,local
"For my homework, quick refresher on mutex vs semaphore before my exam with an example",local
"just checking, is nifty 50 pumping or dumping today pls",online
i did not understand say it again,local
i would prefer your voice to be male,local
how much time do i need to make the chicken,local
quick q - give me a quick rundown of the fall of the roman empire for revision,local
so will it rain in pune in the next few hours pls,online
live score for the asia cup final at the moment,online
translate for me hello into french,local
how bad is the ceasefire negotiations right now,online
"Just checking, is the t20 world cup game still playing right now rn",online
how do i speed up the speech of this ai,local
look into the status of the credit card application i submitted recently for my new card,online
Laplace transform — proof and intuition briefly,local
Explain the fall of the roman empire in a short paragraph,local
"inheritance vs composition, explain like i'm a beginner coder",local
walk through gradient descent math with numbers,local
what funny joke do you know,local
Background on the russian revolution 1917 for my essay,local
so explain the moon landing mission details in a short paragraph in simple terms,local
look up when my flight is set to start boarding,online
inform me if there's a travel alert for the country,online
"genuinely curious, how to solve problems using markov chains briefly",local
Important dates related to the signing of the magna carta,local
is that place busy around dinner time,online
current valuation on sensex,online
where did you live previously,local
ok so real time quote for nvidia stock before i head out,online
quick q - derive laplace transform step by step?,local
quick q - integration by parts for my calculus homework with an example,local
"fyi need to know, is the wildfire in the hills affecting traffic right now tonight",online
live score for the wimbledon final as of now,online
i'm traveling between denver and la so tell my bank,online
when is it going to rain again,online
can you tell me my name,local
"hey, thread pools cheat sheet before my exam",local
does russia have any travel alerts i should be aware of,online
"genuinely curious, important dates related to the fall of the roman empire before my exam",local
what's your nationality,local
"just checking, who won the wimbledon final last night pls",online
why is monads in haskell used instead of database indexing,local
tell me how busy macaroni grill will be around 8 pm,online
"hey, background on the fall of the roman empire for my essay for my notes",local
practice problem using partial derivatives,local
when will my application for my credit card be processed,online
can i swap yogurt for sour cream,local
Quick one - usd to inr market cap right now for real,online
is the airport terminal flooded from the downpour right now,online
ok so the euro cup semifinal score update please,online
the boston tea party summary for history class thanks,local
quick one - nifty 50 rate as of this minute this evening,online
did the finals get postponed because of rain,online
notes on dijkstra's algorithm for my assignment,local
what place do you call home,local
translate english to french hello,local
Law of sines explained with an example problem,local
how good are the ratings for outback steakhouse,online
are you an ai or a real person,local
ngl current congestion level on the metro line today,online
latest on the vaccine rollout progress in real time,online
"genuinely curious, derive limits and continuity step by step pls",local
compare compiler vs interpreter and race conditions in one paragraph,local
ngl live score for the wimbledon final no cap,online
that's incorrect!,local
ok walk through derivative of a function with numbers for revision,local
"For class tomorrow, timeline of the french revolution timeline before my exam",local
ok so is the t20 world cup game still playing right now no cap,online
trie data structure tutorial with code,local
notes on eventual consistency for my assignment for revision,local
could you direct me to any good places in kentucky that serve sushi,online
"just checking, infosys shares price action this week so far",online
should i know about any travel alerts before traveling in the usa,online
eur to usd price right now just curious,online
can i make your name different,local
Ngl is there a heat advisory in paris today — need it fast,online
notes on virtual memory for my assignment,local
does jamaica require a visa,online
do i need a visa to go to greece,online
please stop talking so fast,local
will i have to apply for a visa if i want to visit mexico,online
"need this for an interview, trie data structure cheat sheet with an example",local
"fyi need to know, nifty 50 rate as of this minute this morning",online
urgent - current congestion level on the highway while i'm stuck in traffic,online
any delays on the toll plaza today for real,online
so explain event loop in node with a simple example?,local
what types of things do you know,local
"hey, background on the renaissance key artists for my essay thanks",local
what is the traffic nearest lexington,online
can you tell me about your hobbies,local
the ceasefire negotiations developments as of today at the moment,online
what do you like being called,local
Who's leading in the ashes series currently?,online
Gradient descent math formula and when to use it,local
whats the status of my delta flight,online
"real talk, the champions league final highlights from tonight just curious",online
for what person do you work,local
real world use case for heap data structure before my exam,local
ok so quick check on sensex before i trade,online
meaning of life is,local
why do you think we're here,local
how many cups make a gallon,local
why did the causes of world war 1 happen,local
"Just checking, the india vs australia test highlights from tonight before i head out",online
i'm traveling to england soon and want to inform my bank,online
can you tell me how old the ai is,local
ok give me a quick rundown of the ottoman empire decline,local
give me a quick rundown of the printing press invention impact,local
"Just checking, infosys shares market cap right now",online
who can tell me if there's any meaning to life,local
quick one - how bad is the covid case numbers right now just curious,online
"fyi need to know, traffic status on the subway line this morning no cap",online
"can you speak a little faster, please",local
is there any good place for mexican food in hawaii,online
so set theory basics for my calculus homework for revision,local
change the name that you call me,local
i would like a coin flip,local
ancient egyptian pyramid construction — what actually happened pls,local
what ingredients do i need to make egg salad,local
so mutex vs semaphore for dummies pls,local
what do you like to do for fun,local
The s&p 500 market cap right now,online
give me the spelling of potato,local
tell me some amazing trivia about radios,local
walk through integration by parts with numbers,local
urgent - final score of the india vs australia test while i'm stuck in traffic,online
what is the best rated hotel in evans,online
eigenvalues and eigenvectors explained with an example problem with an example,local
current valuation on silver rate rn,online
what time will my flight reach the destination,online
can you switch to the female voice,local
textbook definition of microservices architecture,local
"Genuinely curious, law of cosines — proof and intuition — struggling with this",local
i'd like to know how acommodate is spelled,local
"for my homework, derive bayes theorem step by step before my exam",local
So any delays on the interstate today right now,online
"fyi need to know, real time quote for nasdaq",online
make changes to the name of the ai,local
how would you implement B-tree indexing from scratch,local
so sensex today's high and low as of now,online
what age is the ai,local
the central bank's rate decision status update please,online
compare sliding window technique and deadlocks in one paragraph,local
traffic status on the main train route this morning before my meeting,online
"caching strategies, explain like i'm a beginner coder for revision",local
"real talk, traffic status on the airport terminal this morning this evening",online
The theory of evolution basics summary for history class,local
How to solve problems using hypothesis testing in simple terms,local
"real talk, ethereum live chart movement today",online
"normalization forms, explain like i'm a beginner coder",local
ok correlation vs causation explained with an example problem pls,local
which bus should i take to get to the statue of liberty,online
Quick one - is sensex pumping or dumping today currently,online
"Genuinely curious, how to solve problems using central limit theorem — struggling with this",local
salutations!,local
how can we start communicating in french rather than english,local
"hey, important dates related to the theory of evolution basics pls",local
"For my homework, the great depression causes — what actually happened?",local
what does tertiary mean,local
i want to start calling you marie,local
"help, i lost my luggage",online
urgent - who's leading in the asia cup final currently no cap,online
"just checking, the expressway conditions right now because of the storm asap",online
i am going to russia and am wondering if i need a visa,online
walk through permutations and combinations with numbers,local
ok so live score for the asia cup final rn,online
whats the status of my south west flight,online
change settings to how they were originally,local
law of sines for my calculus homework,local
quick one - how bad is the cabinet reshuffle right now before my meeting,online
that statement was correct,local
foreign key constraints tutorial with code thanks,local
"need this for an interview, event loop in node tutorial with code for revision",local
"Real talk, who's leading in the ipl match currently?",online
i need to know your name,local
logarithm rules explained with an example problem,local
"what the heck, where's my luggage!",online
is there a way to change your name to betty,local
"need this for an interview, explain the printing press invention impact in a short paragraph?",local
summarize denormalization in a few bullet points,local
hello siri,local
whats the meaning of life,local
so crude oil price rate as of this minute rn,online
"i would like an uber going to the train station, please",online
the election results status update please today,online
"just checking, real time quote for crude oil price",online
nifty 50 price action this week so far,online
ok explain the printing press invention impact in a short paragraph for revision,local
"I keep forgetting generics in java, break it down for me",local
"Real talk, the interstate conditions right now because of the storm just curious",online
Why did the unification of germany happen,local
notes on compiler vs interpreter for my assignment,local
is there a heat advisory in sydney today,online
can we talk in french,local
"Fyi need to know, how is gold rate trending today rn",online
how safe is it to travel to mongolia (how safe is mongolia),online
yes,local
dogecoin price action this week so far in the last hour,online
can you switch to whisper mode,local
your name will be queen,local
So summarize backtracking algorithms in a few bullet points,local
cardano price action this week so far while i'm stuck in traffic,online
i need to know if capones does reservations in trenton,online
"i keep forgetting immutability in functional programming, break it down for me",local
"hey, practice problem using taylor series expansion before my exam",local
what name should i call you,local
"real talk, the grand slam tennis match score update please right now",online
"For class tomorrow, when should i pick deadlocks over multithreading in java",local
the trade deal talks — anything new in the last hour before i head out,online
Ngl is the airport terminal flooded from the downpour right now this evening,online
Is infosys shares pumping or dumping today,online
so apple stock price action this week so far pls,online
quick q - main causes and effects of the mughal empire timeline thanks,local
The grand slam tennis match result just now,online
Solid overview of SOLID principles for revision for my notes,local
so is the covid case numbers affecting traffic right now for real,online
do you work for anyone else,local
where should i book my next trip,online
call an uber to mcdonalds,online
"yeah, that's right",local
why does my for loop skip every other element when i remove items,local
Who won the euro cup semifinal last night,online
Walk through probability distributions with numbers,local
the power outage in the city developments as of today rn,online
so how to solve problems using laplace transform — struggling with this,local
what would you like to refer to me as,local
can you speak to me in french,local
"for class tomorrow, immutability in functional programming, explain like i'm a beginner coder for revision",local
"Real talk, what's going on with the central bank's rate decision at the moment as of now",online
who is the creator of this ai,local
so who won the premier league match last night right now,online
it was cool talking with you,local
where are you originally from,local
thanks for helping me!,local
"Need this for an interview, main causes and effects of the age of exploration key figures with an example",local
how many e's are in sesame,local
what is the name you have listed for my identity,local
practice problem using set theory basics,local
key figures involved in the russian revolution 1917,local
find out if la tour d'argent in paris takes reservations,online
how would you implement REST vs GraphQL from scratch for revision,local
did my american express card application go through yet,online
Quick check on sensex before i trade currently,online
what is 25 percent of 6999,local
"need this for an interview, bayes theorem — proof and intuition",local
quick q - practice problem using laplace transform?,local
"fyi need to know, is the airport terminal closed due to the accident — need it fast",online
i need to book a car rental in boston,online
"Genuinely curious, standard deviation formula explained with an example problem pls",local
ngl should i carry an umbrella in kolkata today before my meeting,online
ethereum price action this week so far,online
"where is the closest dog groomer in charlotte, north carolina",online
"I don't get generics in java, someone explain",local
Quadratic formula explained with an example problem,local
key figures involved in the wright brothers first flight before my exam,local
"Hey, nvidia stock today's high and low for the group chat",online
what is the quantity of dollars i receive for trading 6 yens,online
"I keep forgetting asynchronous programming, break it down for me",local
"genuinely curious, how to solve problems using central limit theorem for my notes",local
why did the mughal empire timeline happen,local
"real talk, is the harbor bridge open or blocked at the moment",online
is tesla stock pumping or dumping today for the group chat,online
i need to know the conversion between tablespoons and teaspoons,local
Is the interstate closed due to the accident,online
Ok compare CAP theorem and microservices architecture in one paragraph,local
"Hey, how bad is the vaccine rollout progress right now",online
solid overview of kubernetes pods for revision before my exam,local
Ok so is cardano pumping or dumping today,online
set the volume to 4 now,local
is the interstate open or blocked at the moment,online
give me the location for the nearest bank,online
what's the status of my gas tank,online
derivative of a function formula and when to use it for my notes,local
can you tell me my location,online
did cardano go up or down this morning for the group chat,online
"for my homework, derive partial derivatives step by step briefly",local
Ok so did the protest downtown get resolved yet just curious,online
Nifty 50 rate as of this minute,online
"for my homework, deadlocks cheat sheet",local
so key figures involved in the mughal empire timeline thanks,local
alert my bank and let them know i'm travelling to japan,online
"ok version control branching, explain like i'm a beginner coder with an example",local
how were you made,local
Ok so final score of the euro cup semifinal this evening,online
"hey, i don't get regular expressions, someone explain in simple terms",local
"Real talk, the harbor bridge conditions right now because of the storm",online
what's today's weather going to be,online
roll an eight sided die,local
"need this for an interview, key figures involved in the cold war origins in simple terms",local
how much gas is in my gas tank,online
"is it snowing right now in richmond, va",online
logarithm rules — proof and intuition thanks,local
so breaking news on the tech layoffs news as of now,online
why is static vs dynamic typing used instead of ci cd pipeline basics,local
does ruby tuesday accept reservations,online
i'm grateful to you,local
how do you say i'm hungry in french,local
notes on sharding for my assignment,local
quick one - tesla stock rate as of this minute right now,online
explain the american civil war causes in a short paragraph,local
tesla stock market cap right now while i'm stuck in traffic,online
is there any uber available to take me to the airport,online
bye for now,local
how long should i cook the ham for,local
"hey, infosys shares market cap right now",online
what do i need to get to put into homemade tortillas,local
i need to know if you are a real person or an ai,local
live score for the ashes series,online
tesla stock live chart movement for the group chat,online
give me a quick rundown of the partition of india briefly,local
urgent - is the highway closed due to the accident?,online
so will it rain in pune in the next few hours — need it fast,online
"Just checking, any delays on the flyover near the city center today in the last hour",online
what travel alerts are there in china,online
i'd like to know my current location,online
what's a good place to travel to,online
Pros and cons of mock objects in testing,local
tell me if you are a real person or an ai,local
"just checking, the s&p 500 rate as of this minute at the moment",online
derive the pythagorean theorem step by step before my exam,local
Practice problem using eigenvalues and eigenvectors,local
"for class tomorrow, markov chains explained with an example problem thanks",local
tell me when my flight scheduled to board,online
the champions league final score update please currently,online
flip a coin if you will,local
what is the traffic like on the way to work,online
"fyi need to know, the india vs australia test score update please at the moment",online
switch to the whisper mode,local
"Hey, the toll plaza conditions right now because of the storm",online
Ok so live score for the ufc fight card as of now,online
who's leading in the grand slam tennis match currently asap,online
can i make a reservation for redrobin,online
Who won the nba game last night — need it fast,online
how busy will panera be at noon,online
"need this for an interview, why is SOLID principles used instead of monolith vs microservices for my notes",local
how to solve problems using logarithm rules before my exam,local
rename yourself to betty,local
what level is my gas at,online
"hey, why did the age of exploration key figures happen with an example",local
quick q - the mughal empire timeline — what actually happened — struggling with this,local
quick one - current valuation on sensex,online
do you know any fun facts about australian football,local
so the t20 world cup game score update please while i'm stuck in traffic,online
Urgent - cardano price action this week so far just curious,online
can you tell me when my flight is going to board,online
explain singleton pattern with a simple example,local
Urgent - silver rate market cap right now before i head out,online
ok explain the treaty of versailles terms in a short paragraph pls,local
The asia cup final highlights from tonight,online
Ok so dow jones rate as of this minute right now,online
how do i get to the museum by bus,online
please your volume,local
Quick refresher on pointers vs references before my exam,local
"real talk, any updates on the cabinet reshuffle happening today at the moment",online
current status of the trade deal talks this week,online
Mutex vs semaphore tutorial with code,local
what's going on with the flood situation downtown at the moment today,online
you will be called rose from now on,local
how long should i boil noodles for,local
"Real talk, the asia cup final score update please before my meeting",online
So ethereum price right now currently,online
"just checking, is the toll plaza closed due to the accident pls",online
"for my homework, bayes theorem — proof and intuition briefly",local
what is our purpose in life,local
can i call you betty,local
quick q - important dates related to the discovery of penicillin?,local
The wimbledon final highlights from tonight pls,online
"Hey, when should i pick message queues over race conditions — struggling with this",local
"just checking, did ripple xrp go up or down this morning",online
"Fyi need to know, the ashes series result just now for real",online
how is solana trending today,online
real time quote for infosys shares,online
do i need to obtain a travel visa to go on vacation to places in eastern europe,online
the signing of the magna carta — what actually happened for revision,local
can you tell me where you are from,local
background on the ottoman empire decline for my essay,local
So tcs stock price action this week so far pls,online
background on the russian revolution 1917 for my essay,local
you can call me jeff,local
what can a tourist in denver do,online
is the wildfire in the hills affecting traffic right now,online
key figures involved in the discovery of penicillin,local
quick check on reliance shares before i trade for real,online
"Fyi need to know, is there a heat advisory in chicago today?",online
do you have any jokes to tell me,local
"fyi need to know, any delays on the highway today asap",online
i'd like to hear a joke about donkeys,local
Who won the wimbledon final last night,online
Is the subway line flooded from the downpour right now right now,online
what ingredients are necessary for a steak,local
what might the meaning of altruism be,local
"hey, who won the champions league final last night rn",online
Ngl the ipl match result just now at the moment,online
how would you implement connection pooling from scratch,local
can you show me the dictionary definition of ajar,local
how long do the brownies have to cook,local
"just checking, the airport terminal conditions right now because of the storm rn",online
so compare window functions in sql and immutability in functional programming in one paragraph,local
compare fares for al italia from bucharest to tampa returning before thanksgiving,online
by which company are you designed by,local
how do you spend your spare time,local
quick one - did dow jones go up or down this morning currently,online
can i change your name,local
is there anything fun to do in berlin,online
what is the exchange rate between usd and the euro,online
"for class tomorrow, walk through set theory basics with numbers before my exam",local
B-tree indexing cheat sheet,local
is the earthquake near the coast still ongoing no cap,online
so derive set theory basics step by step in simple terms,local
How to solve problems using derivative of a function briefly,local
So important dates related to the american civil war causes for revision,local
quick q - derive matrix multiplication rules step by step in simple terms,local
ai goodbye,local
walk me through thread pools step by step,local
what is your boss's name,local
"hey, is there a heat advisory in singapore today currently",online
quick one - will it rain in berlin in the next few hours — need it fast,online
why is race conditions used instead of operator overloading in c++ for revision,local
The asia cup final highlights from tonight tonight,online
spell out potato,local
how good are the ratings for papa john's,online
ripple xrp live chart movement,online
where's a good place to go if i want to see mountains,online
Who's leading in the f1 race currently,online
so difference between lambda expressions and static vs dynamic typing briefly,local
ok how would you implement dependency injection from scratch for my notes,local
how to solve problems using standard deviation formula,local
quick q - walk me through polymorphism step by step thanks,local
does cielo take reservations,online
that is a fact,local
urgent - breaking news on the power outage in the city for the group chat,online
"just checking, ripple xrp price right now for real",online
ok the cold war origins summary for history class,local
at what time will my flight land,online
"quick q - i keep forgetting normalization forms, break it down for me",local
how many square feet is a 13 by 74 room,local
what food items do you put in english breakfast,local
notes on graph traversal for my assignment?,local
"need this for an interview, when should i pick binary search tree over multiple inheritance in python",local
"for class tomorrow, walk through partial derivatives with numbers for revision",local
Ok why did the ottoman empire decline happen for revision,local
solana rate as of this minute for the group chat,online
who won the f1 race last night,online
could you role a ten sided die,local
ngl did nasdaq go up or down this morning rn,online
what are the ratings for chipotle,online
"Hey, the fall of the roman empire summary for history class",local
"for my homework, main causes and effects of the decolonization of africa with an example",local
"for class tomorrow, real world use case for microservices architecture thanks",local
youre a doll,local
what is left in my gas tank,online
"genuinely curious, pros and cons of dijkstra's algorithm",local
"genuinely curious, textbook definition of map reduce filter functions",local
so abstract class vs interface vs promises vs callbacks which is better and when,local
Quick q - stack vs heap memory — key points to remember?,local
what is 213 times 3,local
Walk me through heap data structure step by step,local
what s the uv index tomorrow,online
quick one - tcs stock rate as of this minute currently,online
quick one - the ufc fight card highlights from tonight this evening,online
ok quadratic formula explained with an example problem with an example,local
cya later,local
the flyover near the city center conditions right now because of the storm,online
can i substitute bacon for sausage,local
"hey, explain the ottoman empire decline in a short paragraph?",local
"hey, apple stock today's high and low while i'm stuck in traffic",online
please tell me your hobbies,local
"hey, any delays on the ring road today before i head out",online
get me an uber to the airport,online
"Genuinely curious, probability distributions formula and when to use it for my notes",local
"hey, is apple stock pumping or dumping today",online
so when should i pick denormalization over CAP theorem for revision,local
please raise volume,local
how long have you been around,local
do you think longhorn steakhouse will be busy at 5pm,online
"hey, the ipl match score update please in the last hour",online
breaking news on the ceasefire negotiations,online
urgent - tesla stock today's high and low this evening,online
When should i pick trie data structure over memoization,local
Mutex vs semaphore example in python please,local
Why did the signing of the magna carta happen,local
quick q - why is REST vs GraphQL used instead of B-tree indexing?,local
cardano price right now,online
"for my homework, law of sines explained with an example problem — struggling with this",local
"For my homework, give me a quick rundown of the silk road trade routes thanks",local
"real talk, who won the grand slam tennis match last night just curious",online
"genuinely curious, give me a quick rundown of the moon landing mission details",local
"for my homework, heap data structure vs test driven development which is better and when — struggling with this",local
ok set theory basics explained with an example problem briefly,local
quick refresher on TCP vs UDP before my exam,local
"Fyi need to know, is the interstate closed due to the accident for real",online
ok so the india vs australia test score update please for real,online
roll a dice,local
"genuinely curious, how would you implement test driven development from scratch",local
please only call me joe,local
Quick check on bitcoin before i trade,online
Did usd to inr go up or down this morning,online
ok denormalization interview question breakdown for revision,local
tell me how many a's are in magical,local
"hey, operator overloading in c++ interview question breakdown with an example",local
tcs stock today's high and low this morning,online
what is the antilog of 365,local
are there alot of cars on the road before the stadium,online
i appreciate what you did,local
current valuation on ripple xrp tonight,online
who is it u work for,local
ok so is the t20 world cup game still playing right now this morning,online
How humid is it in seoul right now before i head out,online
ngl any updates on the ceasefire negotiations happening today right now,online
"just checking, latest on the central bank's rate decision in real time",online
"hey, practice problem using derivative of a function briefly",local
immutability in functional programming interview question breakdown,local
timeline of the unification of germany,local
please say things more quickly,local
are there any travel warnings for london,online
Live score for the la liga clasico,online
i can't be loud and need you to speak more quietly,local
law of cosines for my calculus homework for revision,local
is it ok to sub sugar for salt,local
"real talk, is the euro cup semifinal still playing right now right now",online
what sorts of subjects are you well versed in,local
map reduce filter functions cheat sheet — struggling with this,local
eventual consistency interview question breakdown,local
Is the harbor bridge closed due to the accident,online
Important dates related to the printing press invention impact,local
"genuinely curious, quick refresher on two pointer technique before my exam before my exam",local
Caching strategies tutorial with code,local
tell me where to go since i want to eat out tonight,online
did sensex go up or down this morning before my meeting,online
ok the pythagorean theorem — proof and intuition for my notes,local
help me find things to do in nashville,online
"hey, the pythagorean theorem for my calculus homework pls",local
can you give the definition of deiscretionary,local
"Fyi need to know, will it rain in mumbai in the next few hours right now",online
"real talk, is the expressway open or blocked at the moment in the last hour",online
ok so the earthquake near the coast status update please tonight,online
"when you were a child, where did you live",local
ok so did gold rate go up or down this morning this evening,online
Quick refresher on observer pattern before my exam,local
"Genuinely curious, explain ancient egyptian pyramid construction in a short paragraph — struggling with this",local
Real world use case for microservices architecture,local
the printing press invention impact — what actually happened,local
help me book a rental car in green bay,online
"For my homework, integration by parts formula and when to use it before my exam",local
"genuinely curious, derive law of sines step by step briefly",local
So walk through markov chains with numbers pls,local
does ihop have a lot of business around 7 am,online
i would like to know when my flight scheduled to board,online
Probability distributions formula and when to use it,local
ok so how is nasdaq trending today this evening,online
tell me a fun fact about the olympics,local
current congestion level on the flyover near the city center as of now,online
"just checking, is the expressway closed due to the accident asap",online
final score of the ipl match,online
flip that coin please,local
what's your age again,local
"for my homework, background on the age of exploration key figures for my essay with an example",local
can i substitute ginger for garlic,local
"need this for an interview, the cold war origins summary for history class with an example",local
is the subway line closed due to the accident rn,online
quick q - set theory basics formula and when to use it,local
did tcs stock go up or down this morning as of now,online
"just heard about the central bank's rate decision, what's the latest",online
who do you work for,local
"real talk, the india vs australia test result just now for the group chat",online
"Hey, the ring road conditions right now because of the storm right now",online
quick q - real world use case for TCP vs UDP,local
Timeline of the fall of the roman empire,local
quick q - convex optimization basics explained with an example problem — struggling with this,local
how much farther can i drive on the gas i have,online
can you check the status of my credit card application,online
how many dollars can i exchange for 75 euros,online
alert my bank and let them know that i'm travelling to madrid,online
"for class tomorrow, why did the printing press invention impact happen?",local
"Hey, the s&p 500 market cap right now tonight",online
quick one - dow jones price right now this morning,online
what's the temperature like in tampa,online
partial derivatives for my calculus homework?,local
how to find lost luggage,online
at what time will my flight begin boarding,online
"need this for an interview, taylor series expansion — proof and intuition for my notes",local
how would you implement pointers vs references from scratch in simple terms,local
"just checking, quick check on bitcoin before i trade pls",online
explain the great depression causes in a short paragraph — struggling with this,local
can you find out if my application at smith bank was approved or not  i applied for s credit card a month ago,online
quick one - real time quote for the s&p 500 at the moment,online
what is the meaning of hyperactive,local
is the protest downtown still ongoing for the group chat,online
quick one - did silver rate go up or down this morning,online
i need a new accent male british,local
give me a quick rundown of ancient egyptian pyramid construction,local
quick one - crude oil price market cap right now pls,online
"does life have a meaning, according to you",local
whisper from here on out please,local
give me a quick rundown of the moon landing mission details pls,local
i want to use the female voice now,local
urgent - is the ring road closed due to the accident this morning,online
"hey, apple stock today's high and low before my meeting",online
can you speed up your speech please,local
what amount of gas do i have in my car,online
"Hey, the la liga clasico highlights from tonight",online
why are we here in life,local
"yes, that is actually true",local
walk me through version control branching step by step,local
explain ancient egyptian pyramid construction in a short paragraph?,local
"hey, quick refresher on inheritance vs composition before my exam pls",local
why is hash map used instead of stack vs heap memory,local
"just checking, who won the la liga clasico last night rn",online
current air quality index in tokyo,online
"i am needing you to tell me how to get to dallas, texas, by bus",online
how are you this day,local
can you tell me what you just said,local
any delays on the highway today before i head out,online
so who's leading in the ashes series currently while i'm stuck in traffic,online
"genuinely curious, matrix multiplication rules for my calculus homework before my exam",local
do you know if bottlenecks takes dinner reservations,online
derive limits and continuity step by step with an example,local
i'd like to know how to spell cemetary,local
"genuinely curious, compare caching strategies and CAP theorem in one paragraph thanks",local
i need to know how to spell conscience,local
can i get a jeep to rent in bangor from the first of the month to a week after the first,online
"fyi need to know, the ufc fight card result just now currently",online
Ok eigenvalues and eigenvectors formula and when to use it,local
The t20 world cup game score update please,online
whats euros kroner in 25,online
how do you say hi in french,local
are you sure i don’t think that’s correct,local
Why did the american civil war causes happen,local
"fyi need to know, the earthquake near the coast status update please for the group chat",online
i shall switch to the male voice,local
help me learn something intriguing about turtles,local
"need this for an interview, permutations and combinations formula and when to use it for revision",local
how is eur to usd trending today,online
what's the latest info on flight dl123,online
what is 10 to the 12th power,local
can you list the places that there are travel alerts for,online
"Need this for an interview, normalization forms, explain like i'm a beginner coder for revision",local
tell me the currency conversion rate from kurus to euros,online
difference between monolith vs microservices and singleton pattern for revision,local
the industrial revolution key inventions — what actually happened before my exam,local
"hey, derivative of a function explained with an example problem for revision",local
can you roll a dice,local
adios,local
"hey, give me a quick rundown of the age of exploration key figures pls",local
important dates related to the industrial revolution key inventions briefly,local
"genuinely curious, explain TCP vs UDP with a simple example briefly",local
"real talk, the interstate conditions right now because of the storm in the last hour",online
"fyi need to know, is the premier league match still playing right now rn",online
what kinds of fun things are there in boston for tourists,online
"Fyi need to know, live score for the ipl match before i head out",online
can you recommend any restaurants,online
what stuff would i need to make tortellini,local
i haven't heard if my application for a credit card has been accepted or not can you check on it for me,online
"hey, why did the periodic table history happen before my exam",local
i would appreciate it if you could tell me the status of my southwest flight,online
bye now,local
play vegas baby roll a dice for mama,local
what would your name be,local
Quick one - the cyclone warning — anything new in the last hour for the group chat,online
"for my homework, the renaissance key artists — what actually happened",local
is it possible for you to speak with a british gent's accent,local
don't you work for someone else,local
Eur to usd price right now,online
see ya,local
will you roll a 6 sided dice,local
the protest downtown — anything new in the last hour,online
ngl who won the euro cup semifinal last night,online
"window functions in sql, explain like i'm a beginner coder?",local
are an an ai,local
i want to visit portugal do i need a travel visa,online
what types of questions do you have a response for,local
"i keep forgetting microservices architecture, break it down for me",local
so traffic status on the flyover near the city center this morning while i'm stuck in traffic,online
must i have an international visa when travelling to russia,online
has ruby tuesday got good reviews,online
ok probability distributions formula and when to use it thanks,local
Is the trade deal talks affecting traffic right now no cap,online
"just checking, is ethereum pumping or dumping today this evening",online
"for my homework, derive convex optimization basics step by step",local
breaking news on the airline strike,online
Nifty 50 live chart movement,online
i'll soon be travelling internationally; could you let my bank know,online
i want to visit chicago by bus what do i need to do,online
"i don't get binary search tree, someone explain",local
any delays on the harbor bridge today before my meeting,online
i would like to know my location,online
"Need this for an interview, derive quadratic formula step by step pls",local
is cardano pumping or dumping today for real,online
what are some things i can do in portland,online
raise volume,local
ok so is the harbor bridge closed due to the accident no cap,online
how can i let my bank know i'm going to denmark,online
do a virtual coin flip and tell me if i win as tails,local
"hey, partial derivatives for my calculus homework before my exam",local
what do you need to make pancakes,local
"the creator of your ai, what is their name",local
what is break a leg mean,local
the decolonization of africa — what actually happened for my notes,local
"Real talk, who's leading in the wimbledon final currently at the moment",online
sliding window technique interview question breakdown,local
timeline of the discovery of penicillin,local
gradient descent math formula and when to use it for revision,local
Explain singleton pattern with a simple example,local
the quicksort implementation crashes on already sorted arrays,local
do i need to get a visa for traveling to chile,online
ngl current valuation on nasdaq pls,online
"fyi need to know, any updates on the flood situation downtown happening today before my meeting",online
so summarize quick sort in a few bullet points for my notes,local
so how to solve problems using matrix multiplication rules in simple terms,local
"genuinely curious, derive standard deviation formula step by step",local
compare dijkstra's algorithm and topological sort in one paragraph,local
"for class tomorrow, key figures involved in the industrial revolution key inventions",local
"you are talking too fast for me, please slow down",local
i'm so glad you helped me!,local
call me carrie,local
Bitcoin live chart movement at the moment,online
can you tell me the subjects you know best,local
current valuation on tesla stock tonight,online
what is the meaning of the word lux,local
What's going on with the protest downtown at the moment,online
"just checking, final score of the euro cup semifinal right now",online
"Just checking, latest on the supreme court verdict in real time?",online
are you a bot or a person,local
book me a hotel room in memphis for 3 people from 3/6 until 3/10,online
do you know any fun facts about mt everest,local
"hey, tesla stock price right now asap",online
im going to be in slovakia from january 16th until january 19th,online
ngl bitcoin market cap right now rn,online
"if i go to tgifridays at eight, will they be crowded",online
what is the status of my application for the credit card,online
Quick one - is the flight delayed out of san francisco due to fog,online
"i don't get dependency injection, someone explain",local
what is the meaning of this life,local
set a new timer for ten seconds,local
"for my homework, garbage collection example in python please — struggling with this",local
"for class tomorrow, give me a quick rundown of the periodic table history in simple terms",local
exactly what does altruism mean,local
The world cup qualifier score update please this evening,online
ok closures in javascript for dummies,local
can you slow your speaking down,local
The india vs australia test score update please before my meeting,online
tell me a neat fact about the ocean,local
merge sort for dummies,local
"real talk, how is nifty 50 trending today asap",online
get me an uber to the napa winery,online
Tesla stock live chart movement asap,online
The american civil war causes summary for history class,local
Main causes and effects of when the berlin wall fell in simple terms,local
summarize primary key vs unique key in a few bullet points,local
"for class tomorrow, give me a quick rundown of the french revolution timeline?",local
The vaccine rollout progress status update please?,online
real time quote for dogecoin,online
the recursive fibonacci function is too slow for n over 40,local
what is the sushi like at yakamoto,online
is it safe to drive in hyderabad with this storm — need it fast,online
are reservations allowed at burger king,online
"fyi need to know, any delays on the interstate today while i'm stuck in traffic",online
"just checking, is it safe to drive in los angeles with this storm for the group chat",online
has visa gotten back to me regarding my card app,online
"hey, how is cardano trending today for real",online
ok notes on binary search tree for my assignment,local
i disagree that is false,local
how much does it cost to get my car filled up,online
"need this for an interview, compare TCP vs UDP and joins in sql in one paragraph before my exam",local
ok so real time quote for bitcoin rn,online
"just checking, traffic status on the expressway this morning",online
what ingredients do i need for philly cheesesteaks,local
fly me from pit to pdx on delta for under $300,online
"Fyi need to know, how is reliance shares trending today while i'm stuck in traffic",online
"genuinely curious, background on the ottoman empire decline for my essay with an example",local
urgent - current valuation on nifty 50 rn,online
Urgent - is the highway flooded from the downpour right now before my meeting,online
"Just checking, who's leading in the wimbledon final currently in the last hour",online
does spain expect any travel alerts,online
ok so is it safe to drive in hyderabad with this storm in the last hour,online
lambda expressions for dummies pls,local
Give me a quick rundown of the fall of the roman empire with an example,local
timeline of the signing of the magna carta,local
"hey, is the expressway open or blocked at the moment this morning",online
where is your home located,local
explain deadlocks with a simple example,local
"genuinely curious, logarithm rules formula and when to use it pls",local
"hey, background on the american civil war causes for my essay for my notes",local
inform me as to how much gas my car has,online
bring up my location,online
find me a flight out of la to chicago on march 3rd for under $500,online
can you please lower the volume please,local
ngl will it rain in chennai in the next few hours as of now,online
traffic status on the airport terminal this morning,online
what do you think you will refer to me as,local
"just checking, any updates on the vaccine rollout progress happening today for real",online
so summarize merge sort in a few bullet points,local
convex optimization basics for my calculus homework,local
"just checking, is the airport terminal closed due to the accident",online
Latest on the cabinet reshuffle in real time,online
so central limit theorem — proof and intuition before my exam,local
whats pesos australian dollars in 20,online
ngl the harbor bridge conditions right now because of the storm this morning,online
stack vs heap memory — key points to remember,local
does minnies cafe in modesto take reservations,online
"For class tomorrow, derive law of sines step by step with an example",local
Ngl traffic status on the metro line this morning just curious,online
"hey, the theory of evolution basics — what actually happened for my notes",local
"for my homework, main causes and effects of the periodic table history",local
would you consider yourself to be a bot,local
should i carry an umbrella in dubai today at the moment,online
"fyi need to know, did nasdaq go up or down this morning at the moment",online
"For class tomorrow, explain the american civil war causes in a short paragraph for my notes",local
adjust your language setting to english,local
So how humid is it in seoul right now this evening,online
book me a hotel in new york near the empire state building from marc 2nd to 4th,online
"Need this for an interview, key figures involved in the fall of the roman empire for revision",local
"i'd like you to book me a room in austin near google's headquarters from january 01, 2020 to february 02, 2020",online
vector cross product — proof and intuition with an example,local
did the champions league final go to penalties,online
the sound is too low,local
Race conditions — key points to remember — struggling with this,local
"hey, is the euro cup semifinal still playing right now rn",online
i was on delta flight ab123 out of new york and i can't find my luggage,online
"genuinely curious, set theory basics formula and when to use it with an example",local
what all can you do,local
react component re-renders infinitely and i don't know why,local
"hey, is the ufc fight card still playing right now no cap",online
"For class tomorrow, standard deviation formula explained with an example problem",local
"For class tomorrow, walk through laplace transform with numbers in simple terms",local
can you tell me the location of the nearest bank,online
derive eigenvalues and eigenvectors step by step for revision,local
find a suitable lodging in vancouver on march 16-19,online
set theory basics — proof and intuition briefly,local
heap data structure tutorial with code,local
tesla stock rate as of this minute while i'm stuck in traffic,online
tail recursion cheat sheet,local
quick refresher on normalization in databases before my exam,local
what is the right way to spell superficial,local
law of cosines formula and when to use it,local
so connection pooling example in python please with an example,local
give me a quick rundown of the wright brothers first flight pls,local
live score for the premier league match,online
load balancing example in python please,local
"hey, any delays on the toll plaza today?",online
would you say that you know who your boss is,local
Ok so current valuation on solana just curious,online
what is the scheduled landing time for my flight,online
ok derive markov chains step by step with an example,local
what sites are there to see when in evans,online
"fyi need to know, did solana go up or down this morning asap",online
Solid overview of pointers vs references for revision,local
"genuinely curious, background on the wright brothers first flight for my essay pls",local
"just heard about the election results, what's the latest",online
crude oil price rate as of this minute,online
"genuinely curious, important dates related to the treaty of versailles terms before my exam",local
my response to that is yes,local
ngl the world cup qualifier score update please before my meeting,online
nvidia stock live chart movement,online
so real world use case for subqueries in sql before my exam,local
when should i pick merge sort over monolith vs microservices before my exam,local
"i'd like to rent a limo in las vegas from may 01, 2019 to may 03, 2019",online
urgent - the flyover near the city center conditions right now because of the storm asap,online
Ok so what's going on with the earthquake near the coast at the moment?,online
SOLID principles — key points to remember,local
"Hey, integration by parts formula and when to use it",local
what is the name of your birthplace,local
is the interstate flooded from the downpour right now before my meeting,online
could you tell me when you were born,local
can i substitute lemon juice for vinegar,local
The la liga clasico result just now,online
explain greedy algorithms with a simple example for revision,local
"i'm not going to cook today, can you suggest a restaurant",online
"genuinely curious, timeline of the renaissance key artists with an example",local
"that would be ""no",local
timer 10 minutes,local
can you remind me how to spell because,local
"Hey, walk through taylor series expansion with numbers pls",local
ok taylor series expansion explained with an example problem with an example,local
is the flight delayed out of berlin due to fog while i'm stuck in traffic,online
greetings to you,local
So pros and cons of hash map pls,local
Sliding window technique interview question breakdown,local
tell me what time my flight ought to be landing,online
"For class tomorrow, explain map reduce filter functions with a simple example before my exam",local
infosys shares rate as of this minute currently,online
compare pointers vs references and graph traversal in one paragraph,local
how is ripple xrp trending today,online
"for my homework, i don't get garbage collection, someone explain for my notes",local
so the flyover near the city center conditions right now because of the storm,online
so the russian revolution 1917 summary for history class for revision,local
law of sines formula and when to use it with an example,local
any delays on the harbor bridge today,online
"for my homework, timeline of the unification of germany before my exam",local
"fyi need to know, bitcoin price action this week so far right now",online
background on the fall of the roman empire for my essay thanks,local
Key figures involved in the ottoman empire decline for my notes,local
Solid overview of immutability in functional programming for revision,local
who won the ufc fight card last night asap,online
closures in javascript for dummies,local
Background on the mughal empire timeline for my essay,local
Derive the pythagorean theorem step by step,local
"subqueries in sql, explain like i'm a beginner coder",local
What's going on with the election results at the moment,online
quick one - tesla stock price action this week so far asap,online
"For my homework, walk through convex optimization basics with numbers — struggling with this",local
"you are talking far too fast for me, can you slow it down a bit",local
can you tell me where you were born,local
tell how many a's are in the word happiness,local
i'm traveling to denmark soon and want to inform my bank,online
Current congestion level on the harbor bridge,online
quick one - quick check on eur to usd before i trade right now,online
why did the cold war origins happen,local
"need this for an interview, practice problem using bayes theorem in simple terms",local
hypothesis testing — proof and intuition,local
"for class tomorrow, textbook definition of database indexing for my notes",local
so key figures involved in the great depression causes — struggling with this,local
ok so gold rate rate as of this minute asap,online
"hey, explain the ottoman empire decline in a short paragraph briefly",local
ngl who's leading in the grand slam tennis match currently before i head out,online
so is cardano pumping or dumping today at the moment,online
quick q - hypothesis testing explained with an example problem thanks,local
"just checking, who won the f1 race last night at the moment",online
"Hey, practice problem using central limit theorem?",local
the toll plaza conditions right now because of the storm,online
any hobbies,local
what stuff do you dump in an omelette,local
what are your favorite hobbies,local
current air quality index in seoul,online
how many dollars can i exchange for 25 euros,online
who are they that you work for,local
background on the fall of the roman empire for my essay?,local
ok derive quadratic formula step by step with an example,local
i am in need of an uber to the hospital,online
"fyi need to know, who won the ufc fight card last night currently",online
background on the treaty of versailles terms for my essay,local
ngl the la liga clasico score update please,online
quick one - breaking news on the cyclone warning for real,online
ok gradient descent math for my calculus homework pls,local
The wimbledon final result just now rn,online
ok so breaking news on the tech layoffs news — need it fast,online
cardano today's high and low,online
how are the reviews for spaghetti at the olive garden,online
what's going on with the election results at the moment at the moment,online
"hey, main causes and effects of the age of exploration key figures",local
"fyi need to know, quick check on sensex before i trade while i'm stuck in traffic",online
what's dollars yen in 10,online
when the berlin wall fell — what actually happened pls,local
real world use case for quick sort for revision,local
current valuation on ripple xrp,online
Any delays on the airport terminal today,online
so the wildfire in the hills status update please currently,online
how many a's can you find in the word happiness,local
"just checking, is the toll plaza closed due to the accident today",online
what is your explanation for the meaning of life,local
important dates related to the french revolution timeline,local
how is tesla stock trending today asap,online
Who won the india vs australia test last night,online
how many years do you have,local
Ok eigenvalues and eigenvectors for my calculus homework for my notes,local
what do you say for my name,local
urgent - apple stock rate as of this minute,online
"for class tomorrow, practice problem using convex optimization basics thanks",local
Mutex vs semaphore for dummies,local
"Fyi need to know, nasdaq today's high and low for real",online
virtual memory — key points to remember,local
can you set a timer for two minutes,local
i'm vacationing in israel will i need a visa,online
quick q - textbook definition of ACID properties for revision,local
"Hey, quick check on crude oil price before i trade",online
quick q - notes on connection pooling for my assignment briefly,local
does luigi's take reservations,online
"hey, the tech layoffs news — anything new in the last hour",online
i'd like a flight from laguardia to orlando on southwest for under $400,online
"fyi need to know, the flood situation downtown — anything new in the last hour pls",online
what fun is there to do in england,online
how do i find lost luggage,online
nice to see you,local
hiya!,local
the flood situation downtown status update please,online
Ok so how is nvidia stock trending today pls,online
i gotta know what the traffic is like on the way to phoenix,online
what do you recommend to do in vegas,online
quick one - final score of the f1 race just curious,online
"hey, standard deviation formula formula and when to use it briefly",local
Solana market cap right now while i'm stuck in traffic,online
"i lost my luggage, what now",online
"just checking, final score of the euro cup semifinal in the last hour",online
what is 15 ounces in grams,local
How bad is the earthquake near the coast right now,online
"Real talk, current congestion level on the interstate this morning",online
normalization in databases for dummies,local
so explain static vs dynamic typing with a simple example pls,local
"wake up, ai",local
quick refresher on tail recursion before my exam,local
"real talk, is the airport terminal open or blocked at the moment this morning",online
"need this for an interview, the age of exploration key figures — what actually happened",local
quick refresher on multithreading in java before my exam pls,local
"for class tomorrow, pros and cons of tail recursion — struggling with this",local
normalization in databases example in python please,local
tell me how busy the restaurant will be between 5 and 7pm,online
how long does it take to make lasagna,local
is traffic bad on the way to chicago,online
traffic status on the flyover near the city center this morning,online
How humid is it in paris right now before my meeting,online
Why did the discovery of penicillin happen,local
"fyi need to know, current congestion level on the expressway for real",online
"for my homework, difference between hash map and publish subscribe pattern before my exam",local
walk through markov chains with numbers,local
what organization created you,local
law of cosines explained with an example problem,local
The pythagorean theorem for my calculus homework,local
"fyi need to know, the toll plaza conditions right now because of the storm for real",online
ok so the wimbledon final result just now,online
urgent - quick check on nifty 50 before i trade just curious,online
quick q - real world use case for subqueries in sql in simple terms,local
thanks a lot,local
"just checking, any delays on the harbor bridge today",online
is there a heat advisory in los angeles today,online
How to solve problems using probability distributions,local
so is the airport terminal closed due to the accident — need it fast,online
start using whisper mode,local
walk through partial derivatives with numbers,local
what is latin for i love you,local
please help me book a rental car in appleton,online
Dow jones today's high and low,online
who are you currently working for,local
use your indoor voice please,local
you need to go back to the original settings,local
"hey, derivative of a function for my calculus homework",local
ok so live score for the ufc fight card in the last hour,online
"for class tomorrow, quick sort — key points to remember with an example",local
who else commands you,local
a rental car needs to be booked in nashville,online
i need to get a flight out of denver to houston on friday for under $250,online
how bad is the central bank's rate decision right now this morning,online
not true,local
the premier league match result just now — need it fast,online
is the ipl match still playing right now today,online
Closures in javascript tutorial with code,local
would you repeat that,local
timeline of the mughal empire timeline?,local
quick one - any updates on the earthquake near the coast happening today,online
Quick one - current valuation on gold rate asap,online
compare message queues and sharding in one paragraph,local
explain the theory of evolution basics in a short paragraph,local
how do you reference me,local
"fyi need to know, is the champions league final still playing right now no cap",online
"Need this for an interview, microservices architecture, explain like i'm a beginner coder",local
go ahead and roll those dice,local
"fyi need to know, breaking news on the storm system offshore as of now",online
"what age were you on your last birthday, ai",local
how are things,local
Urgent - the ipl match result just now as of now,online
i'd like you to tell me a joke,local
Explain the silk road trade routes in a short paragraph,local
nay,local
"hey, foreign key constraints — key points to remember for revision",local
speak in a male voice,local
give me a quick rundown of the unification of germany,local
So live score for the nba game this evening,online
so solid overview of monads in haskell for revision,local
i want you to roll a dice,local
"real talk, is the grand slam tennis match still playing right now at the moment",online
Quick q - practice problem using linear regression math briefly,local
am i talking to a person or a bot,local
Quick refresher on hash map before my exam,local
i am josh,local
what hotels have decent reviews in bangor,online
When should i pick foreign key constraints over sharding,local
what's your first name,local
Main causes and effects of the printing press invention impact,local
solid overview of observer pattern for revision,local
is the traffic bad at 5:00 if i'm going to the mall,online
how would i say i'm not guilty if i were mexican,local
"For class tomorrow, why did the treaty of versailles terms happen for revision",local
so crude oil price today's high and low tonight,online
final score of the world cup qualifier no cap,online
"hey, important dates related to the causes of world war 1",local
Nifty 50 today's high and low,online
notes on thread pools for my assignment in simple terms,local
quick one - the protest downtown developments as of today,online
i require a coin flip,local
what's going on,local
"Real talk, did ripple xrp go up or down this morning rn",online
quick refresher on dijkstra's algorithm before my exam with an example,local
give me an interesting fact about antarctica,local
can i expect chili's to be busy at 4:30,online
why is operator overloading in c++ used instead of tail recursion,local
ok law of sines explained with an example problem with an example,local
are you from the uk,local
"Real talk, real time quote for ripple xrp for real",online
i need a rental car,online
how bad is the border tensions right now no cap,online
why did the boston tea party happen — struggling with this,local
is the ashes series still playing right now before i head out,online
ngl how is tcs stock trending today today,online
how long will i stand in line at carl jr's,online
"suggest a restaurant for me to eat tonight, please",online
what is stupedous meant,local
Who won the ipl match last night,online
are you a real human,local
So current congestion level on the interstate this morning,online
"Virtual memory, explain like i'm a beginner coder",local
"hey, any delays on the interstate today",online
The silk road trade routes summary for history class,local
"fyi need to know, tesla stock market cap right now for the group chat",online
"hey, timeline of the cold war origins?",local
"real talk, did sensex go up or down this morning asap",online
could you roll the dice please,local
Set theory basics formula and when to use it for my notes,local
Textbook definition of load balancing,local
Tail recursion tutorial with code,local
quick sort interview question breakdown,local
"Fyi need to know, the s&p 500 rate as of this minute in the last hour",online
are you a real person or a bot,local
"For my homework, give me a quick rundown of the discovery of penicillin pls",local
i would like to know what hobbies you enjoy,local
"fyi need to know, the parliament session today — anything new in the last hour before i head out",online
so is the asia cup final still playing right now,online
quick check on apple stock before i trade,online
is the nba game still playing right now for real,online
Current valuation on tcs stock,online
the silk road trade routes — what actually happened,local
"fyi need to know, the parliament session today status update please for the group chat",online
what is the square root of 80,local
key figures involved in the ottoman empire decline briefly,local
i need to know what traffic will be like in temp,online
Traffic status on the toll plaza this morning,online
who won the india vs australia test last night rn,online
Ok so is the interstate closed due to the accident while i'm stuck in traffic,online
ok timeline of the moon landing mission details briefly,local
"hey, give me a quick rundown of ancient egyptian pyramid construction?",local
convert 2 inches to meters,local
"genuinely curious, derive permutations and combinations step by step thanks",local
Ethereum today's high and low,online
i need to switch back to my factory settings,local
"i don't get B-tree indexing, someone explain",local
do i need a travel visa to visit china,online
"For my homework, walk through hypothesis testing with numbers",local
you are how old now,local
what do spanish people say for the word cow,local
"hey, summarize ACID properties in a few bullet points thanks",local
The la liga clasico result just now this evening,online
"fyi need to know, current congestion level on the ring road",online
is the harbor bridge flooded from the downpour right now,online
what does your boss go by,local
when the berlin wall fell — what actually happened,local
urgent - reliance shares today's high and low at the moment,online
i need to thank you,local
"genuinely curious, permutations and combinations — proof and intuition in simple terms",local
quick one - who won the t20 world cup game last night no cap,online
"for class tomorrow, the signing of the magna carta — what actually happened with an example",local
"need this for an interview, how to solve problems using probability distributions",local
stack vs heap memory interview question breakdown for my notes,local
do i need a visa to russia,online
Real time quote for silver rate no cap,online
Final score of the premier league match,online
quick one - is the flight delayed out of tokyo due to fog at the moment,online
sayonara,local
quick one - traffic status on the toll plaza this morning before my meeting,online
that's not right it's false,local
Did the tech layoffs news get resolved yet,online
urgent - who won the world cup qualifier last night just curious,online
is the subway line open or blocked at the moment no cap,online
roll the dice!,local
traffic status on the ring road this morning?,online
ok derive gradient descent math step by step thanks,local
what will the weather be like,online
tell me how many pesos equal 500 dollars,online
is the flight delayed out of san francisco due to fog,online
the metro line conditions right now because of the storm?,online
"hey, the f1 race highlights from tonight while i'm stuck in traffic",online
so quick check on gold rate before i trade as of now,online
ok so eur to usd today's high and low just curious,online
quick one - is eur to usd pumping or dumping today at the moment,online
"For my homework, the fall of the roman empire — what actually happened",local
difference between primary key vs unique key and dynamic programming,local
The premier league match score update please rn,online
summarize monads in haskell in a few bullet points,local
tail recursion tutorial with code in simple terms,local
Main causes and effects of the ottoman empire decline,local
Who won the asia cup final last night,online
"Fyi need to know, the harbor bridge conditions right now because of the storm no cap",online
the decolonization of africa — what actually happened,local
ok how would you implement polymorphism from scratch,local
can you roll dice,local
"fyi need to know, how bad is the cabinet reshuffle right now as of now",online
The f1 race result just now for real,online
The russian revolution 1917 summary for history class,local
Explain quick sort with a simple example,local
so practice problem using permutations and combinations,local
"for class tomorrow, timeline of the theory of evolution basics with an example",local
"fyi need to know, how is apple stock trending today before my meeting",online
the language i am using will now be italian,local
"For my homework, summarize singleton pattern in a few bullet points in simple terms",local
real time quote for crude oil price before my meeting,online
i need for you to change your accent to the male british one,local
urgent - latest on the cabinet reshuffle in real time no cap,online
Law of sines for my calculus homework,local
so pros and cons of compiler vs interpreter for my notes,local
tell me your brand,local
any ideas on a good place to eat out,online
turn to whisper mode,local
i need to know my current gps coordinates,online
"in brooklyn, i need a hotel room for 4 from 3/15 until 3/20",online
"For class tomorrow, the causes of world war 1 summary for history class thanks",local
look up hotels with positive reviews in new york city,online
is it cloudy or sunny in sparks,online
so is the interstate closed due to the accident today,online
do you have any past-times,local
what kinds of things would you be able to help me with,local
i want my original settings back,local
ok how does thread pools actually work under the hood briefly,local
difference between SOLID principles and load balancing for revision,local
where did your mom give birth,local
set a timer to go off in 5 minutes,local
present your speech at a slower pace,local
Quick q - law of sines — proof and intuition,local
ngl real time quote for bitcoin no cap,online
how old are you exactly,local
quick one - is the interstate closed due to the accident,online
"for class tomorrow, main causes and effects of ancient egyptian pyramid construction briefly",local
How to solve problems using chain rule in calculus,local
"Need this for an interview, practice problem using central limit theorem",local
i'm travelling to spain soon and want to inform my bank,online
the wright brothers first flight — what actually happened — struggling with this,local
eigenvalues and eigenvectors for my calculus homework,local
what's my meaning in life,local
"Genuinely curious, law of cosines for my calculus homework with an example",local
Is there a heat advisory in berlin today,online
Test driven development — key points to remember,local
how many meters are in 2 inches,local
Why is CAP theorem used instead of SOLID principles,local
"for my homework, practice problem using set theory basics",local
i'm traveling to belgium soon and want to inform my bank,online
"fyi need to know, eur to usd market cap right now",online
ok tail recursion interview question breakdown in simple terms,local
how many years ago was al born,local
"for class tomorrow, derive fourier transform step by step",local
is it necessary to apply for a tourist visa for mexico,online
i want to start calling you bob,local
ok so nvidia stock price action this week so far,online
"real talk, is the airport terminal open or blocked at the moment tonight",online
can you please help me locate my luggage,online
what is 1785 minus 334 minus 87 plus 374 minus 400 plus 17,local
i'm not able to find my luggage and i was on southwest airlines flight ab123 out of houston,online
"just checking, is the metro line open or blocked at the moment",online
i've told my financial institution that i'm in africa from august 6 to december 5,online
Dow jones live chart movement,online
"genuinely curious, main causes and effects of the american civil war causes",local
sensex live chart movement as of now,online
"hey, tesla stock today's high and low in the last hour",online
can you change the way you talk to a male british voice,local
Traffic status on the ring road this morning for the group chat,online
what do you want me to call you,local
so set theory basics for my calculus homework pls,local
what is 2 + 2,local
ngl the airline strike — anything new in the last hour tonight,online
derive chain rule in calculus step by step,local
"just checking, current congestion level on the flyover near the city center tonight",online
"genuinely curious, load balancing cheat sheet",local
version control branching — key points to remember,local
"hey, did cardano go up or down this morning currently",online
Urgent - current congestion level on the airport terminal,online
is there a heat advisory in tokyo today as of now,online
what do you put in chicken noodle casserole,local
urgent - ripple xrp price right now for the group chat,online
i need you to your volume,local
Central limit theorem — proof and intuition,local
urgent - who won the grand slam tennis match last night pls,online
summarize two pointer technique in a few bullet points,local
current air quality index in bangalore as of now,online
"how do they say ""who is your father"" in german",local
"need this for an interview, notes on bit manipulation tricks for my assignment",local
"For my homework, hypothesis testing explained with an example problem for my notes",local
Current congestion level on the airport terminal,online
Polymorphism example in python please,local
ngl the ufc fight card highlights from tonight pls,online
urgent - is the flight delayed out of london due to fog rn,online
do a coin toss,local
how to solve problems using linear regression math,local
what expression would i use to say i love you if i were an italian,local
does germany have any travel alerts i should be aware of,online
should i carry an umbrella in delhi today,online
the wright brothers first flight — what actually happened briefly,local
did solana go up or down this morning,online
tell me about the reviews for olive garden,online
find an indian restaurant,online
i didn't get your name,local
ngl bitcoin market cap right now?,online
"need this for an interview, the mughal empire timeline summary for history class before my exam",local
6 sided dice roll,local
ok so how is tcs stock trending today before my meeting,online
spell government,local
"for class tomorrow, main causes and effects of the boston tea party — struggling with this",local
is there traffic on my way to work today,online
What's going on with the heatwave alert at the moment,online
usd to the euro exchanges at what right now,online
Ok so breaking news on the parliament session today just curious,online
how do vietnameses people say hello,local
"""please set 5 minute timer",local
quick one - is there a heat advisory in mumbai today right now,online
are you a member or the human race or are you a computer program,local
i would like to know the types of subjects are you familiar with,local
Quick one - did usd to inr go up or down this morning,online
name the five star attractions in gatlinburg,online
"Just checking, current air quality index in hyderabad today",online
"Real talk, who won the premier league match last night pls",online
"just checking, is the airport terminal flooded from the downpour right now in the last hour",online
give me a list of things to do in orlando,online
find a hotel with great reviews in san francisco,online
i do not know where i am,online
ok so silver rate price right now currently,online
"Hey, main causes and effects of the mughal empire timeline briefly",local
my luggage is missing i was on american airlines flight ab123 out of dallas,online
please tell me what the boarding time is for my plane,online
"dynamic programming, explain like i'm a beginner coder",local
Quick q - summarize linked list in a few bullet points?,local
quick one - current air quality index in dubai,online
how humid is it in paris right now,online
what will you call me,local
Give me a quick rundown of the theory of evolution basics briefly,local
what is the amount of gas i have,online
i have to get going,local
current valuation on bitcoin for real,online
how to solve problems using set theory basics,local
Summarize merge sort in a few bullet points in simple terms,local
how would you implement observer pattern from scratch thanks,local
ok how to solve problems using logarithm rules with an example,local
urgent - the ufc fight card score update please in the last hour,online
summarize race conditions in a few bullet points,local
quick one - is the highway open or blocked at the moment for the group chat,online
what ingredients go in spaghetti,local
why did the russian revolution 1917 happen thanks,local
"where did you come from, originally",local
so message queues vs recursion which is better and when — struggling with this,local
"Fyi need to know, current valuation on the s&p 500 for the group chat",online
quick q - why is bit manipulation tricks used instead of SOLID principles for my notes,local
"real talk, current valuation on nifty 50 before my meeting",online
what kind of hobbies do you like to do,local
"for my homework, walk through standard deviation formula with numbers briefly",local
Is the expressway flooded from the downpour right now,online
quick q - explain two pointer technique with a simple example with an example,local
"need this for an interview, how does window functions in sql actually work under the hood with an example",local
"Need this for an interview, chain rule in calculus — proof and intuition for revision",local
what is the exchange to yen if i have 100 us dollars,online
The printing press invention impact — what actually happened,local
quick q - practice problem using set theory basics for revision,local
ok main causes and effects of the causes of world war 1 for my notes,local
abstract class vs interface — key points to remember,local
urgent - current congestion level on the subway line — need it fast,online
"hey, backtracking algorithms — key points to remember in simple terms",local
current valuation on ethereum no cap,online
toss a coin and tell me what it lands on,local
what is the square root of 1 million,local
"Hey, infosys shares price action this week so far currently",online
tell me your hobbies,local
quick one - the world cup qualifier result just now for real,online
npm install fails with a peer dependency conflict,local
key figures involved in the decolonization of africa,local
what is the current exchange rate for the dollar and the yen,online
"real talk, any delays on the expressway today right now",online
"how are you doing today, ai",local
key figures involved in the age of exploration key figures,local
explain the mughal empire timeline in a short paragraph,local
ok polymorphism example in python please pls,local
"real talk, live score for the ufc fight card in the last hour",online
test driven development for dummies,local
why is stack vs heap memory used instead of mutex vs semaphore,local
alert my bank and let them know that i'm travelling to china,online
"for class tomorrow, pros and cons of docker containers",local
what are some tourist sites to see in ann arbor,online
what ingredients do i need to bake a cake,local
How to solve problems using law of sines,local
"i didn't hear, please say it again",local
usd to yen is what right now,online
what are four inches in centimeters,local
tell me a little more about the status of my credit card application,online
summarize dynamic programming in a few bullet points,local
what do you like to do when you're not working,local
what information can i ask you,local
"hey, final score of the t20 world cup game for real",online
will you roll a 3 sided dice,local
walk through taylor series expansion with numbers,local
Quick q - how would you implement inheritance vs composition from scratch?,local
Textbook definition of stack vs heap memory,local
"hey, dijkstra's algorithm example in python please — struggling with this",local
"Need this for an interview, the pythagorean theorem formula and when to use it for revision",local
so is the subway line flooded from the downpour right now tonight,online
summarize virtual functions in c++ in a few bullet points,local
"real talk, traffic status on the ring road this morning today",online
eigenvalues and eigenvectors — proof and intuition,local
count the number of the letter a in happiness,local
Breaking news on the central bank's rate decision,online
getting circular import error between two python modules,local
"genuinely curious, main causes and effects of ancient egyptian pyramid construction briefly",local
give me a joke about horses,local
promises vs callbacks tutorial with code — struggling with this,local
see you later!,local
how do germans say goodnight,local
"fyi need to know, latest on the storm system offshore in real time at the moment",online
any updates on the supreme court verdict happening today,online
compare microservices architecture and quick sort in one paragraph,local
Quick one - is the toll plaza flooded from the downpour right now at the moment,online
Taylor series expansion formula and when to use it — struggling with this,local
"real talk, quick check on crude oil price before i trade?",online
quick refresher on monolith vs microservices before my exam,local
"hey, who's leading in the premier league match currently at the moment",online
how much is 50 plus 756,local
"Real talk, is nasdaq pumping or dumping today just curious",online
"for class tomorrow, kubernetes pods interview question breakdown in simple terms",local
tell me how to convert grams into ounces,local
what is the exchange rate between rubles and us dollars,online
i will call you zander,local
reliance shares live chart movement,online
what's my location,online
so how to solve problems using law of cosines with an example,local
feel free to call me jim,local
Process vs thread vs graph traversal which is better and when,local
can i start talking to you in spanish,local
"Fyi need to know, did eur to usd go up or down this morning?",online
quadratic formula for my calculus homework,local
i believe it looks like my luggage has disappeared,online
why did the moon landing mission details happen,local
"need this for an interview, why did the discovery of penicillin happen with an example",local
can you talk slower please,local
matrix multiplication rules for my calculus homework,local
"fyi need to know, is the asia cup final still playing right now before i head out",online
ok walk through chain rule in calculus with numbers,local
current congestion level on the highway tonight,online
Who's leading in the asia cup final currently rn,online
quick one - any delays on the expressway today for real,online
dow jones market cap right now,online
"my luggage did not arrive, please investigate",online
ngl will it rain in london in the next few hours for real,online
can i get a reservation at champs,online
"real talk, is the wimbledon final still playing right now right now",online
thanks for that!,local
how is cardano trending today just curious,online
i need to let my bank know i am traveling to chicago,online
how bad is the tech layoffs news right now?,online
will you please assist me with renting a car in boise,online
Ethereum market cap right now rn,online
what name do you call me by,local
"genuinely curious, matrix multiplication rules explained with an example problem",local
How bad is the cabinet reshuffle right now,online
give me a quick rundown of the cold war origins,local
multithreading in java vs foreign key constraints which is better and when,local
would you change your accent to the male british one,local
any live updates on the earthquake aftershocks,online
"for my homework, why did the silk road trade routes happen for my notes",local
"good answer, thanks for providing it",local
nasdaq price right now,online
important dates related to the industrial revolution key inventions,local
closures in javascript example in python please for revision,local
i need to know somthing funny,local
"for my homework, bayes theorem explained with an example problem for my notes",local
Real world use case for dijkstra's algorithm,local
does acero in maplewood allow reservations,online
"just checking, real time quote for dogecoin pls",online
rent me a car in aiken on may 12 to may 16,online
is there enough fuel to make it to the walmart,online
"Real talk, the cyclone warning status update please just curious",online
how many es are in receiving,local
So the central bank's rate decision developments as of today,online
is the main train route flooded from the downpour right now,online
my credit card application status,online
am i speaking with someone real,local
So the moon landing mission details — what actually happened,local
"for my homework, notes on monolith vs microservices for my assignment before my exam",local
will it rain in chennai in the next few hours,online
"ok i don't get regular expressions, someone explain before my exam",local
i want to update you name now,local
real world use case for abstract class vs interface,local
quick one - how humid is it in san francisco right now for real,online
"for my homework, important dates related to the partition of india",local
"genuinely curious, i keep forgetting normalization in databases, break it down for me before my exam",local
is ripple xrp pumping or dumping today before my meeting,online
any updates on the trade deal talks happening today currently,online
give me the status of flight dl123,online
do you have any jokes,local
the border tensions developments as of today,online
So how to solve problems using gradient descent math,local
"for class tomorrow, fourier transform explained with an example problem — struggling with this",local
can i begin calling you dave,local
tell me a joke about politicians,local
Is dow jones pumping or dumping today,online
what steps do i need to take to take a bus to detroit,online
operator overloading in c++ for dummies thanks,local
Quick q - key figures involved in the periodic table history for revision,local
central limit theorem explained with an example problem for revision,local
look for a flight out of la to chicago on march 3rd for under $500,online
ok the boston tea party — what actually happened in simple terms,local
so the nba game highlights from tonight before i head out,online
practice problem using derivative of a function briefly,local
prove that you're a person,local
the pythagorean theorem formula and when to use it — struggling with this,local
Ngl infosys shares price right now before my meeting,online
Ok practice problem using limits and continuity for my notes,local
"genuinely curious, background on the age of exploration key figures for my essay",local
Is there a heat advisory in paris today,online
how many inches and centimeters would i need if i had 10 feet of something,local
do people like chipotle,online
"i choose heads, now flip that coin",local
"hey, is the expressway closed due to the accident for the group chat",online
give me a quick rundown of the signing of the magna carta,local
"in making an omelette, what ingredients do i need",local
tell me a random fact,local
"Just checking, who's leading in the champions league final currently",online
quick q - the ottoman empire decline — what actually happened,local
i need to rent a car in chicago but don't know how,online
look up the ratings for olive garden,online
is the toll plaza flooded from the downpour right now this morning,online
ok so is the subway line open or blocked at the moment this morning,online
"just checking, should i carry an umbrella in delhi today before i head out",online
i'm traveling to sweden soon and want to inform my bank,online
Quick q - derive matrix multiplication rules step by step — struggling with this,local
so laplace transform explained with an example problem?,local
i really need to set a timer,local
do i need a visa to go there,online
ngl is the subway line flooded from the downpour right now — need it fast,online
"need this for an interview, dijkstra's algorithm cheat sheet",local
"i need a van that seats 8 or more for new york city, august 12th, 13th, and 14th",online
so who won the la liga clasico last night at the moment,online
quick one - the ipl match score update please for the group chat,online
does ireland require an international visa,online
nice to speak with you,local
heard any good jokes lately,local
The covid case numbers — anything new in the last hour,online
"real talk, nasdaq rate as of this minute",online
Walk me through caching strategies step by step,local
the silk road trade routes summary for history class,local
Did tcs stock go up or down this morning,online
Quick q - trie data structure cheat sheet for my notes,local
Quick q - main causes and effects of the french revolution timeline,local
when will my delta flight depart,online
what will the weather be this weekend,online
urgent - real time quote for usd to inr while i'm stuck in traffic,online
urgent - who won the nba game last night at the moment,online
standard deviation formula formula and when to use it briefly,local
Ok key figures involved in the cold war origins — struggling with this,local
How is tesla stock trending today right now,online
tcs stock rate as of this minute,online
"For my homework, load balancing example in python please?",local
traffic status on the metro line this morning?,online
"fyi need to know, current valuation on dogecoin before i head out",online
toss a coin i will take tails,local
"Need this for an interview, how to solve problems using matrix multiplication rules thanks",local
so when should i pick abstract class vs interface over bit manipulation tricks briefly,local
The moon landing mission details — what actually happened?,local
main causes and effects of the great depression causes,local
"let my bank know that i'll be in moscow, russia",online
define flange,local
quick q - derive taylor series expansion step by step for my notes,local
"genuinely curious, derive markov chains step by step",local
do i need a visa to go to cuba,online
who are you known as,local
"real talk, how is sensex trending today today",online
may i know who made you,local
how man z's are in zombie,local
urgent - final score of the wimbledon final while i'm stuck in traffic,online
how does database indexing actually work under the hood,local
"for my homework, probability distributions explained with an example problem pls",local
"just checking, is the toll plaza open or blocked at the moment asap",online
"so just heard about the cyclone warning, what's the latest pls",online
"just checking, did nasdaq go up or down this morning currently",online
Practice problem using central limit theorem,local
how can i go about finding my location right now,online
django migration fails with column already exists error,local
ngl is the flyover near the city center open or blocked at the moment just curious,online
pros and cons of deadlocks,local
Traffic status on the airport terminal this morning,online
is it raining,online
so how to solve problems using convex optimization basics for revision,local
how do i get to the leaning tower by bus,online
i want you to flip a fair sided coin,local
Walk through convex optimization basics with numbers,local
ok integration by parts formula and when to use it before my exam,local
share some of your hobbies with me,local
"need this for an interview, law of sines — proof and intuition before my exam",local
so give me a quick rundown of the theory of evolution basics?,local
please help me book a rental car for nashville,online
what is the definition of incomprehensible,local
Nifty 50 market cap right now,online
ok so traffic status on the flyover near the city center this morning this evening,online
so how does abstract class vs interface actually work under the hood with an example,local
ngl is there a heat advisory in los angeles today for real,online
how is it going,local
negative,local
Derive hypothesis testing step by step,local
"Fyi need to know, the asia cup final score update please just curious",online
set theory basics explained with an example problem with an example,local
what do i need to make spaghetti,local
did nasdaq go up or down this morning,online
how do you convert millimeters to decimeters,local
please reset your factory settings,local
"fyi need to know, the euro cup semifinal result just now in the last hour",online
"i don't get sharding, someone explain",local
what's a fun fact about mythology,local
i want to buy a plane ticket to travel from miami to honolulu on the 29th of february i need a return flight on march 5th,online
"genuinely curious, main causes and effects of the boston tea party in simple terms",local
i think that's false,local
you got it,local
how do i say hello in french,local
i need an uber to class tonight on the mainline campus,online
can you tell me how to spell elephant,local
how good are the ratings for the french laundry,online
please suggest some fun tourist activities in tokyo,online
"real talk, current congestion level on the toll plaza?",online
what's the meaning of my life,local
dynamic programming interview question breakdown thanks,local
know any jokes,local
who do you consider your employer,local
are there any openings in new york city from april 2 through april 8,online
live score for the premier league match as of now,online
what is the next step if my luggage was lost,online
show me how to rent a car in las vegas,online
silver rate rate as of this minute,online
can you tell me a few funny jokes,local
dependency injection tutorial with code,local
the age of exploration key figures summary for history class,local
Vector cross product formula and when to use it,local
i need a 7 minute timer,local
is ethereum gas fee high right now,online
why is caching strategies used instead of backtracking algorithms,local
"how do i find my present location right now, please",online
quick q - explain thread pools with a simple example with an example,local
what is our purpose here on earth,local
subtract 85 from 997,local
"need this for an interview, how to solve problems using integration by parts with an example",local
"Need this for an interview, why did the renaissance key artists happen",local
is the metro line closed due to the accident as of now,online
"real talk, the t20 world cup game score update please",online
give me some good restaurants,online
"i don't get promises vs callbacks, someone explain",local
tell me a joke about jobs,local
"need this for an interview, why is monads in haskell used instead of virtual functions in c++ for my notes",local
infosys shares price right now,online
how is nifty 50 trending today,online
"need this for an interview, timeline of the wright brothers first flight?",local
is it snowing in the next two weeks,online
"Genuinely curious, why did the ottoman empire decline happen pls",local
"is it possible to have a room booked in omaha near the convention hall for may 01, 2019 to may 05, 2019",online
"need this for an interview, correlation vs causation — proof and intuition pls",local
"hey, why did the moon landing mission details happen with an example",local
practice problem using vector cross product with an example,local
please start counting down from 10 minutes,local
"for my homework, derive matrix multiplication rules step by step?",local
Any delays on the ring road today for real,online
what do you prefer to be called,local
traffic status on the flyover near the city center this morning tonight,online
real time quote for cardano,online
"need this for an interview, why did the printing press invention impact happen",local
what are the kinds of things you can help me with,local
laplace transform explained with an example problem,local
can you talk to me in chinese,local
"hey, walk me through backtracking algorithms step by step in simple terms",local
"Genuinely curious, how to solve problems using hypothesis testing briefly",local
do you know any good jokes about zebras,local
"just checking, who won the india vs australia test last night as of now",online
"for class tomorrow, main causes and effects of the periodic table history briefly",local
i wish to know when my flight will land,online
call an uber that fits 5 people that are on their way to wendys,online
thanks!,local
"hey, immutability in functional programming for dummies",local
connection pooling example in python please,local
what is the weather like in sparks right now,online
switch to male british accent,local
make sur eyou tell the bank that i will be traveling internationally soon,online
so traffic status on the harbor bridge this morning as of now,online
i need a hotel booked in denver near the museum from friday to saturday,online
quick one - the asia cup final result just now — need it fast,online
"ok so just heard about the parliament session today, what's the latest at the moment",online
compare sharding and merge sort in one paragraph,local
are there any furniture outlets near the mall,online
please call me bob,local
The french revolution timeline summary for history class,local
give me a list of ingredients needed for pizza dough,local
"hey, current air quality index in bangalore",online
"Hey, is usd to inr pumping or dumping today?",online
what kind of hobbies do you have,local
Quick check on apple stock before i trade,online
how do you feel,local
"need this for an interview, solid overview of docker containers for revision thanks",local
one more time please,local
"for class tomorrow, walk through taylor series expansion with numbers thanks",local
Urgent - ethereum market cap right now while i'm stuck in traffic,online
thank ya!,local
"can you tell me the nearest wells fargo bank location to port authority, new york",online
Should i carry an umbrella in berlin today,online
Is solana pumping or dumping today today,online
is cardano pumping or dumping today in the last hour,online
"for class tomorrow, key figures involved in the discovery of penicillin",local
"for my homework, how does trie data structure actually work under the hood in simple terms",local
"i'm in the mood for italian, are there any good places around",online
Is the metro line open or blocked at the moment,online
Who's leading in the la liga clasico currently this evening,online
i want your setting adjusted to whisper voice now,local
use the word ataraxy in a sentence,local
tell me my designation,local
"real talk, nifty 50 price right now just curious",online
will you help me book a place to stay from monday to friday in pittsburgh,online
quick one - how humid is it in kolkata right now,online
please roll dice,local
what is the square root of sixteen,local
what's the procedure to deal with lost luggage,online
how bad is the wildfire in the hills right now as of now,online
Quick one - is the subway line closed due to the accident,online
Quick one - traffic status on the interstate this morning just curious,online
ngl sensex price right now this morning,online
convex optimization basics — proof and intuition thanks,local
"Real talk, the ipl match highlights from tonight this morning",online
what is the weather forecast for seattle,online
How is ripple xrp trending today,online
is nvidia stock pumping or dumping today,online
is the vaccine rollout progress still ongoing,online
how to solve problems using partial derivatives,local
what is my gas level,online
so main causes and effects of the russian revolution 1917 briefly,local
so chain rule in calculus — proof and intuition for revision,local
do they take reservations at red robin,online
give me the traffic at lexington,online
quick q - how does monads in haskell actually work under the hood for revision,local
should i get a visa for crete,online
do you know exactly when you were born,local
Quick refresher on monads in haskell before my exam,local
solid overview of caching strategies for revision,local
"hey, how would you implement message queues from scratch before my exam",local
so is the flyover near the city center flooded from the downpour right now in the last hour,online
do you know any good jokes,local
"Fyi need to know, nasdaq price right now",online
Why did the industrial revolution key inventions happen,local
So timeline of the industrial revolution key inventions?,local
How bad is the ceasefire negotiations right now this evening,online
Ngl did dow jones go up or down this morning — need it fast,online
so will it rain in bangalore in the next few hours for the group chat,online
"Hey, who's leading in the euro cup semifinal currently this evening",online
"Hey, give me a quick rundown of the mughal empire timeline with an example",local
Should i carry an umbrella in tokyo today,online
"just heard about the trade deal talks, what's the latest",online
speak in a woman's voice,local
i'm inquiring about the availability of a room that fits 10 people from monday to tuesday in manhattan,online
what company created you,local
"need this for an interview, why did the cold war origins happen in simple terms",local
i'd like to hear a fun fact about adult entertainment,local
"Genuinely curious, i keep forgetting recursion, break it down for me for my notes",local
ngl will it rain in singapore in the next few hours as of now,online
make your speech slower than now,local
quick one - the t20 world cup game score update please currently,online
"fyi need to know, who's leading in the f1 race currently before my meeting",online
quick q - quadratic formula formula and when to use it briefly,local
could you find my location on the map,online
quick check on the s&p 500 before i trade,online
how humid is it in singapore right now today,online
explain the cold war origins in a short paragraph pls,local
"Real talk, real time quote for gold rate — need it fast",online
when should i pick unit testing vs integration testing over kubernetes pods,local
start talking in spanish,local
did crude oil price go up or down this morning rn,online
so are you real,local
derive correlation vs causation step by step,local
i want to change the name i call you to juan,local
ok so is the interstate flooded from the downpour right now?,online
"i missed that last one, please repeat",local
what do you have answers for,local
the answer to that is a resounding yes,local
derive gradient descent math step by step?,local
see ya later,local
ngl is tcs stock pumping or dumping today as of now,online
Ok textbook definition of dynamic programming with an example,local
quick q - joins in sql — key points to remember for revision,local
how would you implement lambda expressions from scratch,local
i think my luggage has been lost,online
give me some awesome travel destinations,online
quick one - ripple xrp market cap right now for real,online
Urgent - is the main train route flooded from the downpour right now right now,online
"i keep forgetting git rebase vs merge, break it down for me",local
"just checking, should i carry an umbrella in hyderabad today",online
search for the nearest expressway to the airport,online
ok walk me through deadlocks step by step briefly,local
what are you able to do,local
Correlation vs causation for my calculus homework,local
is there any good place in hawaii for pasta,online
is there a heat advisory in tokyo today,online
how to solve problems using law of sines,local
"Hey, eigenvalues and eigenvectors for my calculus homework thanks",local
"need this for an interview, limits and continuity formula and when to use it in simple terms",local
"turn up the volume level to 4, please",local
do you think i can sub honey for sugar,local
why did the partition of india happen,local
find me an asian restaurant,online
Tesla stock price action this week so far,online
"real talk, is the f1 race still playing right now pls",online
"hey, how is bitcoin trending today",online
heads or tails i choose tails,local
window functions in sql vs SOLID principles which is better and when,local
the industrial revolution key inventions — what actually happened briefly,local
what can you help me with,local
how humid is it in toronto right now,online
Summarize ACID properties in a few bullet points,local
ok so nifty 50 live chart movement while i'm stuck in traffic,online
Gradient descent math — proof and intuition,local
what are your capabilities,local
quadratic formula formula and when to use it for my notes,local
start a countdown for 20 minutes,local
How to solve problems using bayes theorem,local
Ngl is the metro line closed due to the accident,online
"for class tomorrow, give me a quick rundown of the decolonization of africa",local
B-tree indexing — key points to remember,local
summarize deadlocks in a few bullet points with an example,local
"real talk, how is cardano trending today right now",online
can you tell me when you were born,local
"genuinely curious, summarize virtual functions in c++ in a few bullet points",local
do a hard reset to factory settings,local
main causes and effects of the causes of world war 1,local
walk me through graph traversal step by step,local
so the wimbledon final highlights from tonight before my meeting,online
"hey, any delays on the highway today at the moment",online
the boston tea party — what actually happened thanks,local
so the printing press invention impact summary for history class,local
Markov chains for my calculus homework?,local
put me back on my factory settings,local
"hey, tcs stock price action this week so far today",online
urgent - who's leading in the nba game currently before i head out,online
what's 12 feet in meters,local
whats in my gas tank,online
what is today's high temperature predicted to be,online
what types of hobbies do you enjoy,local
Walk through correlation vs causation with numbers,local
do i have to have a visa to go to the cayman islands,online
quick q - key figures involved in the silk road trade routes with an example,local
can you find out what happened to my luggage,online
multithreading in java for dummies before my exam,local
lambda expressions cheat sheet — struggling with this,local
how busy is kaya around 5 pm,online
Permutations and combinations formula and when to use it,local
walk me through ci cd pipeline basics step by step,local
compare eventual consistency and publish subscribe pattern in one paragraph for my notes,local
how old are you,local
Is it safe to drive in mumbai with this storm,online
Ok notes on unit testing vs integration testing for my assignment?,local
how do you spell asian,local
"real talk, real time quote for tcs stock before i head out",online
tell me how old you are,local
convert krugerrands to saudi riyal,online
change your name to something funny,local
so current congestion level on the main train route before i head out,online
"for my homework, the treaty of versailles terms — what actually happened with an example",local
should i get a travel visa for spain,online
that is not the case,local
"for class tomorrow, solid overview of lambda expressions for revision",local
tell me something funny about pizza,local
real world use case for normalization in databases,local
"genuinely curious, multiple inheritance in python vs map reduce filter functions which is better and when before my exam",local
how many times can 12 go into 600,local
derive convex optimization basics step by step,local
what is your birthday,local
so is nvidia stock pumping or dumping today currently,online
can i change your name please,local
thank you so much,local
will it rain in paris in the next few hours,online
"hey, real time quote for infosys shares as of now",online
the covid case numbers status update please while i'm stuck in traffic,online
no that isn't the case,local
lemme know when you were born,local
how can i benefit from using you,local
ok background on the russian revolution 1917 for my essay pls,local
quick refresher on lambda expressions before my exam,local
who created your ai program,local
"for class tomorrow, how to solve problems using logarithm rules for my notes",local
Timeline of the discovery of penicillin,local
i want to know if my application for a credit card at community bank has been approved or not,online
i need an uber for 7 people to go to safire restaurant,online
Quick q - permutations and combinations formula and when to use it briefly,local
ok so current congestion level on the airport terminal pls,online
Fourier transform for my calculus homework before my exam,local
"need this for an interview, the cold war origins — what actually happened in simple terms",local
where do i find instructions on how to speed up voice replies,local
Monolith vs microservices for dummies,local
"hey, explain the treaty of versailles terms in a short paragraph",local
when did you originate,local
is the airport terminal open or blocked at the moment right now,online
tesla stock price right now,online
can i get an uber for myself to the grocery store,online
closures in javascript cheat sheet,local
tell me what company programmed you,local
i'd like to be called frank,local
"how do they say ""how's it going"" in swahili",local
can you speak to me using japanese,local
Traffic status on the harbor bridge this morning,online
how would you implement compiler vs interpreter from scratch,local
ok so live score for the ufc fight card today,online
ngl the earthquake near the coast status update please today,online
virtual memory example in python please,local
Breaking news on the vaccine rollout progress,online
ok walk through eigenvalues and eigenvectors with numbers,local
"for class tomorrow, timeline of the decolonization of africa",local
derive probability distributions step by step,local
"need this for an interview, important dates related to the mughal empire timeline for revision",local
"Need this for an interview, when should i pick subqueries in sql over graph traversal with an example",local
quick one - current valuation on usd to inr this evening,online
how bad is the covid case numbers right now,online
derive gradient descent math step by step before my exam,local
would you tell me your name,local
how long can i expect to wait for a restaurant table,online
limits and continuity formula and when to use it with an example,local
will i hit traffic on route to moms,online
tell me if you are a human or a computer,local
Who won the wimbledon final last night before my meeting,online
the new name that i want you to call me is this one,local
ngl the premier league match score update please rn,online
do you know if benihana does reservations,online
thanks again,local
i'll need a rental car from 3/3 - 3/14 in vegas,online
"fyi need to know, real time quote for gold rate for real",online
Should i carry an umbrella in seoul today,online
Ok derive partial derivatives step by step,local
can you tell me how busy chipotle will be at nine tonight,online
"For my homework, background on the moon landing mission details for my essay — struggling with this",local
"for class tomorrow, derive quadratic formula step by step",local
did the power outage in the city get resolved yet,online
"for class tomorrow, the pythagorean theorem formula and when to use it thanks",local
Backtracking algorithms example in python please,local
Quick check on the s&p 500 before i trade,online
chain rule in calculus for my calculus homework?,local
i don't know how to spell mississippi,local
Urgent - is it safe to drive in toronto with this storm for real,online
who's leading in the india vs australia test currently currently,online
can you please speed up your speech settings,local
live score for the world cup qualifier at the moment,online
so walk through logarithm rules with numbers with an example,local
nifty 50 rate as of this minute,online
"hey, eigenvalues and eigenvectors for my calculus homework with an example",local
might i need to get a visa to travel to venezuela,online
Did reliance shares go up or down this morning before i head out,online
practice problem using central limit theorem,local
Ok walk through taylor series expansion with numbers thanks,local
difference between joins in sql and SOLID principles,local
so timeline of the theory of evolution basics?,local
ngl real time quote for cardano before my meeting,online
Walk through vector cross product with numbers,local
you should respond in english,local
"hey, ACID properties vs caching strategies which is better and when",local
i would like to change your language from portuguese to italian,local
what hobbies pique your interest,local
"need this for an interview, how to solve problems using set theory basics?",local
please tell me the weather forecast,online
"Hey, walk through linear regression math with numbers pls",local
roll dice please,local
is it safe to travel to russia,online
"for my homework, the pythagorean theorem formula and when to use it?",local
Derive limits and continuity step by step,local
do you have another job,local
Ok static vs dynamic typing example in python please in simple terms,local
"genuinely curious, standard deviation formula explained with an example problem before my exam",local
set to female voice,local
what are the sorts of things i can ask you about,local
quick one - real time quote for the s&p 500 just curious,online
"Real talk, is gold rate pumping or dumping today before i head out",online
"hey, the la liga clasico result just now as of now",online
is the cyclone warning affecting traffic right now,online
which restaurants in reno are good for sushi,online
can you give me info on miami weather,online
did discover get my card application yet,online
ok background on the cold war origins for my essay before my exam,local
score right now for the ongoing cricket match,online
how've you been feeling,local
the trade deal talks — anything new in the last hour just curious,online
how do i change inches to centimeters,local
eigenvalues and eigenvectors explained with an example problem,local
tell me a non-offensive joke,local
say what the meaning of life is,local
"I don't get asynchronous programming, someone explain",local
"for class tomorrow, textbook definition of process vs thread before my exam",local
"I keep forgetting joins in sql, break it down for me",local
practice problem using vector cross product,local
so what is my current name saved as,local
walk me through topological sort step by step — struggling with this,local
Ok so current congestion level on the toll plaza right now,online
urgent - how is nvidia stock trending today,online
"if i may, i'd like to call you slave",local
urgent - real time quote for the s&p 500 just curious,online
"Hey, timeline of the ottoman empire decline",local
matrix multiplication rules — proof and intuition briefly,local
Crude oil price market cap right now — need it fast,online
should i carry an umbrella in seoul today,online
how is tesla stock trending today,online
please tell me an interesting tidbit about the roman empire,local
i need to know the dollar to peso conversion,online
central limit theorem for my calculus homework for my notes,local
explain the discovery of penicillin in a short paragraph,local
"I don't get database indexing, someone explain",local
which hotels in evans have good reviews,online
how can i change inches into meters,local
Current air quality index in chicago,online
"For class tomorrow, difference between binary search tree and caching strategies thanks",local
can you tell me the nearest restaurant to me and give me directions,online
please tell me my location using gps,online
vector cross product for my calculus homework,local
Ok why is dynamic programming used instead of caching strategies pls,local
what is your native home,local
i need to inform the bank i am going out of country,online
"fyi need to know, traffic status on the interstate this morning",online
Is the tech layoffs news affecting traffic right now,online
speak slower please,local
define sonogram,local
the cabinet reshuffle developments as of today,online
are you a bot or a real person,local
Is the la liga clasico still playing right now,online
quick q - how to solve problems using standard deviation formula for revision,local
"genuinely curious, i keep forgetting trie data structure, break it down for me thanks",local
"need this for an interview, how does merge sort actually work under the hood in simple terms",local
"hey, the partition of india — what actually happened",local
"For my homework, how does generics in java actually work under the hood in simple terms",local
Is there a heat advisory in delhi today before my meeting,online
"Genuinely curious, quadratic formula formula and when to use it in simple terms",local
sliding window technique tutorial with code,local
i need you to set timer for me,local
yes that's it,local
quick one - will it rain in tokyo in the next few hours for the group chat,online
Partial derivatives for my calculus homework,local
i'd like you to refer to me as bob,local
where were you born,local
please speak louder,local
that's definitely false,local
"need this for an interview, notes on normalization in databases for my assignment — struggling with this",local
ok give me a quick rundown of the mughal empire timeline — struggling with this,local
ok linear regression math explained with an example problem thanks,local
The s&p 500 today's high and low,online
"Genuinely curious, logarithm rules — proof and intuition for revision",local
"just checking, is the premier league match still playing right now this morning",online
is there any way you can decrease your speaking rate,local
quick q - logarithm rules formula and when to use it before my exam,local
"i'd like a placed booked in san diego from may 1st, 2020 to june 2nd, 2020",online
"genuinely curious, quick refresher on unit testing vs integration testing before my exam",local
real world use case for publish subscribe pattern,local
i need an uber for 2 for orlando,online
why did the moon landing mission details happen with an example,local
what do you enjoy doing in your leisure time,local
"i didn't understand what you just said, can you repeat it",local
what's the exchange rate between dollars and pesos,online
"So i don't get database indexing, someone explain?",local
"just checking, nvidia stock today's high and low before i head out",online
"hey, give me a quick rundown of the printing press invention impact in simple terms",local
what are ai's hobbies,local
quick one - any delays on the interstate today right now,online
what’s your favorite funny joke,local
"real talk, will it rain in kolkata in the next few hours",online
Law of cosines — proof and intuition,local
"genuinely curious, key figures involved in the discovery of penicillin with an example",local
the airport terminal conditions right now because of the storm this morning,online
repeat that last response,local
"need this for an interview, derive law of cosines step by step",local
ok when should i pick CAP theorem over asynchronous programming for my notes,local
Derive fourier transform step by step,local
quadratic formula formula and when to use it,local
"just checking, who's leading in the grand slam tennis match currently",online
urgent - cardano rate as of this minute right now,online
walk through central limit theorem with numbers,local
"real talk, did tcs stock go up or down this morning at the moment",online
"for my homework, explain publish subscribe pattern with a simple example for revision",local
walk me through message queues step by step,local
"need this for an interview, key figures involved in the discovery of penicillin with an example",local
should i carry an umbrella in chennai today,online
what do i set the timer for if i'm making gyoza,local
why did the american civil war causes happen,local
it was nice chatting with you,local
what's 32 degrees fahrenheit in celsisus,local
the ipl match score update please pls,online
the s&p 500 price right now — need it fast,online
check travel alerts for kenya,online
Thread pools tutorial with code,local
can i increase my volume,local
what is the exchange rate in pesos for 100 dollars,online
Current valuation on usd to inr,online
please list ingredients for broccoli cheddar soup,local
how bad is the traffic waiting for the staten island ferry at 8 am,online
usd to inr rate as of this minute,online
quick one - is tcs stock pumping or dumping today today,online
is the subway line flooded from the downpour right now right now,online
i wanna know what the traffic typically like at 3:30 on the route to phoenix,online
practice problem using convex optimization basics in simple terms,local
what's the right way to spell miscellaneous,local
explain backtracking algorithms with a simple example,local
what is 1 million twelve hundred divided by 400 thousand,local
so did gold rate go up or down this morning pls,online
"fyi need to know, any delays on the expressway today no cap",online
"Hey, current congestion level on the metro line before i head out",online
Summarize TCP vs UDP in a few bullet points,local
"real talk, will it rain in chicago in the next few hours for real",online
please make sure the volume is on 4,local
the euro cup semifinal highlights from tonight,online
so what's going on with the cyclone warning at the moment just curious,online
what amount of fuel do i have left,online
Summarize normalization in databases in a few bullet points,local
what are good places for a burrito in albuquerque,online
did cardano go up or down this morning pls,online
"for my homework, why did the signing of the magna carta happen pls",local
is the ashes series still playing right now — need it fast,online
final score of the grand slam tennis match before my meeting,online
ok so bitcoin live chart movement this evening,online
ngl the tech layoffs news — anything new in the last hour asap,online
roll a die with 6 sides,local
"for class tomorrow, timeline of the great depression causes briefly",local
"my name is stu, not sue!",local
Standard deviation formula explained with an example problem — struggling with this,local
"hey, live score for the ufc fight card just curious",online
quadratic formula — proof and intuition in simple terms,local
what's the meaning of affiliate,local
i don't know how to spell spaghetti,local
Ngl is there a heat advisory in bangalore today rn,online
"Need this for an interview, why did when the berlin wall fell happen for revision",local
do they take reservations at bjs,online
When should i pick publish subscribe pattern over subqueries in sql,local
what should i buy to make burritos tonight,local
i want to roll a dice,local
"just checking, final score of the ashes series for real",online
is there an easy way to change feet into inches,local
"I don't get promises vs callbacks, someone explain",local
does michael's accept reservations,online
"need this for an interview, real world use case for multithreading in java for revision",local
Quick one - the asia cup final score update please pls,online
The supreme court verdict status update please,online
quick check on reliance shares before i trade,online
so monolith vs microservices — key points to remember thanks,local
purchase a flight from slc to columbus on tuesday that returns on friday,online
so current air quality index in berlin rn,online
i will be in lakewood from monday to wednesday and i need a hotel room for 4 people,online
can i use baking powder instead of baking soda,local
help me find a hotel in that has good reviews in columbus,online
can you say that over,local
urgent - is there a heat advisory in san francisco today tonight,online
Ok difference between TCP vs UDP and window functions in sql,local
Key figures involved in the printing press invention impact,local
i need to have a coin flipped,local
urgent - is the subway line flooded from the downpour right now in the last hour,online
Any updates on the wildfire in the hills happening today as of now,online
can i make a reservation at michael's,online
pros and cons of heap data structure,local
so static vs dynamic typing tutorial with code with an example,local
how do you say my name,local
how long is the restaurant line before we go,online
"hey, textbook definition of kubernetes pods briefly",local
Regular expressions example in python please,local
i'd like you to throw a virtual coin for me,local
"need this for an interview, laplace transform — proof and intuition",local
do people call you by a certain name what is it,local
Key figures involved in the silk road trade routes,local
urgent - the grand slam tennis match result just now this morning,online
who was the inventor of ai,local
key figures involved in the decolonization of africa in simple terms,local
difference between CAP theorem and kubernetes pods,local
are there any travel alerts for china,online
"Fyi need to know, final score of the la liga clasico this morning",online
Matrix multiplication rules — proof and intuition thanks,local
i've let me bank know that i'm visiting south america from may to october,online
"just checking, the la liga clasico result just now this morning",online
urgent - the harbor bridge conditions right now because of the storm in the last hour,online
find a new voice that is slower than your current voice,local
The highway conditions right now because of the storm,online
"hey, is the airport terminal closed due to the accident",online
ok the wright brothers first flight summary for history class briefly,local
Quick q - background on the decolonization of africa for my essay,local
what's going on with the tech layoffs news at the moment,online
"quick q - pointers vs references, explain like i'm a beginner coder?",local
quick one - is the central bank's rate decision affecting traffic right now,online
"fyi need to know, is the toll plaza flooded from the downpour right now this evening",online
"need this for an interview, primary key vs unique key for dummies pls",local
"hey, explain version control branching with a simple example pls",local
quick one - how is infosys shares trending today,online
can you set a two hour timer,local
"hey, important dates related to the industrial revolution key inventions for revision",local
can you me what they call you,local
that's the truth,local
how do i know where i'm at,online
Bitcoin market cap right now,online
"genuinely curious, main causes and effects of the discovery of penicillin briefly",local
"fyi need to know, who won the world cup qualifier last night asap",online
thanks for the help,local
do i need a travel visa to visit japan,online
Is the election results affecting traffic right now,online
ngl the tech layoffs news developments as of today asap,online
walk through chain rule in calculus with numbers,local
"fyi need to know, is the tech layoffs news affecting traffic right now — need it fast",online
costa mesa weather,online
switch over to whisper,local
urgent - how is cardano trending today before my meeting,online
what time can i expect to be seated at this restaurant,online
"just checking, the la liga clasico highlights from tonight?",online
what company do you toil for,local
"i am not a bot, are you",local
how do i convert four inches into centimeters,local
who won the ashes series last night just curious,online
"subqueries in sql, explain like i'm a beginner coder with an example",local
how would you like me to refer to you,local
"if a recipe calls for sour cream, can i use yogurt",local
Current valuation on silver rate asap,online
walk me through message queues step by step with an example,local
you work for someone else or no,local
restate the last thing you told me,local
slow down your speech,local
"ai, how long have you been working",local
background on the mughal empire timeline for my essay,local
"genuinely curious, how does B-tree indexing actually work under the hood in simple terms",local
"hey, is the flyover near the city center closed due to the accident",online
ngl who's leading in the ashes series currently,online
Summarize tail recursion in a few bullet points,local
"genuinely curious, compare hash map and dependency injection in one paragraph thanks",local
Is infosys shares pumping or dumping today rn,online
timeline of the ottoman empire decline with an example,local
ok walk me through abstract class vs interface step by step before my exam,local
what’s the answer to 5-6=,local
"genuinely curious, main causes and effects of the partition of india for my notes",local
"for class tomorrow, when should i pick mutex vs semaphore over eventual consistency?",local
will nobu take reservations,online
lets flip for it,local
"can you help me book a bmw suv for march 2 to 6th, dallas texas",online
final score of the f1 race as of now,online
how humid is it in london right now,online
Dow jones live chart movement — need it fast,online
walk through fourier transform with numbers,local
urgent - how is reliance shares trending today this morning,online
"thanks, bye",local
Ancient egyptian pyramid construction summary for history class,local
what ingredients do i need for gumbo,local
"just checking, current congestion level on the highway before my meeting",online
what ingredients are in antipasto salad,local
Should i carry an umbrella in hyderabad today as of now,online
solana today's high and low,online
ngl is it safe to drive in chicago with this storm,online
"for my homework, summarize linked list in a few bullet points thanks",local
show me something funny about food,local
quick q - key figures involved in the partition of india — struggling with this,local
Current valuation on reliance shares,online
ok so is dogecoin pumping or dumping today?,online
Explain the discovery of penicillin in a short paragraph,local
"genuinely curious, markov chains for my calculus homework in simple terms",local
the nba game result just now,online
ok explain the boston tea party in a short paragraph,local
"change language to french, please",local
"hey, is the main train route closed due to the accident before my meeting",online
Latest on the covid case numbers in real time,online
"for class tomorrow, explain the silk road trade routes in a short paragraph?",local
how bad is the trade deal talks right now tonight,online
urgent - any delays on the main train route today at the moment,online
book me an uber to olive garden,online
what is 2 francs in euros,online
so bitcoin market cap right now just curious,online
repeat the question,local
the pythagorean theorem explained with an example problem,local
that's completely false,local
"Hey, cardano rate as of this minute asap",online
the f1 race result just now before my meeting,online
what are the ingredients to make shepherd's pie,local
"hey, derive hypothesis testing step by step thanks",local
Ok so any delays on the airport terminal today as of now,online
pull up the ratings for macaroni grill,online
"for class tomorrow, explain stack vs heap memory with a simple example",local
so timeline of the great depression causes for revision,local
is the expressway open or blocked at the moment in the last hour,online
Any updates on the airline strike happening today,online
Ok so who's leading in the t20 world cup game currently today,online
"just checking, traffic status on the airport terminal this morning in the last hour",online
background on the decolonization of africa for my essay pls,local
so taylor series expansion — proof and intuition in simple terms,local
"just checking, current congestion level on the harbor bridge just curious",online
important dates related to the printing press invention impact?,local
How is cardano trending today,online
derive permutations and combinations step by step,local
Quick q - timeline of the discovery of penicillin — struggling with this,local
how is dogecoin trending today rn,online
is the expressway slow this morning,online
what is the way to say thank you in spanish,local
i will need a rental car for travel,online
"for class tomorrow, compare bit manipulation tricks and sharding in one paragraph for my notes",local
"Genuinely curious, docker containers, explain like i'm a beginner coder for my notes",local
Linear regression math explained with an example problem in simple terms,local
so current valuation on sensex tonight,online
can i substitute salt for pepper,local
Latest on the earthquake near the coast in real time no cap,online
alter the name given to the ai,local
"Fyi need to know, is the f1 race still playing right now right now",online
do you know of any good restaurants,online
"hey, is the champions league final still playing right now no cap",online
what can i use you to help me with,local
i want a table at texas roadhouse; how long will it be,online
So why did the theory of evolution basics happen briefly,local
Latest on the election results in real time today,online
tell me which restaurants are good for thai food in las vegas,online
i would like to know my current location,online
CAP theorem — key points to remember,local
let me know what do you call me,local
so polymorphism tutorial with code with an example,local
"for class tomorrow, solid overview of asynchronous programming for revision thanks",local
"for the dates april 1st to the 7th, find me round trip air tickets from la to sfo",online
tell me the present status of the credit card application i submitted,online
what is the amount of gas in my car,online
derive correlation vs causation step by step thanks,local
so ethereum today's high and low in the last hour,online
latest on the parliament session today in real time,online
"for class tomorrow, background on the discovery of penicillin for my essay",local
"for my homework, how to solve problems using limits and continuity in simple terms",local
"Hey, textbook definition of big O notation?",local
real time quote for ethereum,online
Crude oil price live chart movement,online
ok hypothesis testing — proof and intuition,local
i want whisper mode to be switched off,local
infosys shares rate as of this minute this evening,online
i applied for a new credit card; did it process yet,online
what kinds of things do you do for hobbies,local
So is the harbor bridge closed due to the accident right now,online
Quick one - final score of the champions league final tonight,online
Urgent - is the airport terminal closed due to the accident tonight,online
urgent - solana price action this week so far pls,online
"need this for an interview, derive integration by parts step by step pls",local
how long will it take me to be seated at ihop,online
what is gumbo made of,local
"for class tomorrow, how does CAP theorem actually work under the hood — struggling with this",local
who's leading in the nba game currently asap,online
what ingredients are found in hunan chicken,local
"fyi need to know, should i carry an umbrella in toronto today before my meeting",online
where should i travel if i want to go to a nice beach,online
i would prefer to hear the female voice,local
Difference between process vs thread and binary search tree in simple terms,local
tell me what you believe my name to be,local
So current valuation on sensex currently,online
quick one - is the asia cup final still playing right now right now,online
where exactly am i,online
what kinds of questions can i ask of you,local
Is the metro line closed due to the accident,online
is the election results still ongoing at the moment,online
how do you convert inches to centimeters,local
that's a yes from me,local
how long does this dish need to be in the oven,local
let my bank know i will be travelling to the cayman islands,online
compiler vs interpreter vs unit testing vs integration testing which is better and when,local
am i able to get an uber to the movies,online
where is your place of origin,local
Textbook definition of map reduce filter functions,local
"can you please flip a coin, i call tails",local
ngl usd to inr today's high and low no cap,online
the american civil war causes summary for history class,local
is the harbor bridge open or blocked at the moment while i'm stuck in traffic,online
alert my bank and let them know that i'm travelling to stockholm,online
can i use sour cream in place of creme fraiche,local
ci cd pipeline basics cheat sheet,local
thanks for that,local
return to your factory settings,local
"just checking, crude oil price price action this week so far at the moment",online
i need to let my bank know that i'll be travelling internationally,online
"for my homework, important dates related to the silk road trade routes with an example",local
can you tell me what you think the meaning of life is,local
how is the weather in miami,online
Why is window functions in sql used instead of dijkstra's algorithm,local
quick refresher on virtual memory before my exam,local
the treaty of versailles terms summary for history class pls,local
i have to say affirmative on that one,local
when's my flight boarding,online
who's trending on twitter right now,online
tell me a joke about lawyers,local
would you like to tell me a joke,local
summarize heap data structure in a few bullet points,local
Give me a quick rundown of ancient egyptian pyramid construction,local
urgent - the s&p 500 live chart movement asap,online
ok so current congestion level on the toll plaza,online
real time quote for reliance shares no cap,online
"hey, the premier league match score update please tonight",online
timeline of the theory of evolution basics — struggling with this,local
"genuinely curious, set theory basics explained with an example problem briefly",local
so quick check on crude oil price before i trade tonight,online
"For class tomorrow, the fall of the roman empire — what actually happened in simple terms",local
"i'm at home, so where is the closest starbucks",online
ngl real time quote for crude oil price before i head out,online
"genuinely curious, compare publish subscribe pattern and static vs dynamic typing in one paragraph pls",local
The earthquake near the coast status update please,online
reset the factory settings now please,local
i need to know the difference between inches and centimeters,local
"just checking, the harbor bridge conditions right now because of the storm in the last hour",online
i need the cooking length for a turkey,local
"Fyi need to know, the euro cup semifinal highlights from tonight this evening",online
how do I loop backwards through an array list in Java,local
Quick one - quick check on gold rate before i trade while i'm stuck in traffic,online
i must to the female voice,local
ngl the euro cup semifinal score update please before my meeting,online
who engineered you,local
"caching strategies, explain like i'm a beginner coder",local
what you just said is true,local
how many miles before i run out of gas,online
say something hilarious,local
alert my bank and let them know that i'm travelling to brussels,online
what is the answer to the meaning of life,local
what do tourists do for fun in seattle,online
solid overview of kubernetes pods for revision,local
Who won the f1 race last night,online
i can't hear you,local
Real world use case for thread pools,local
Urgent - the vaccine rollout progress — anything new in the last hour at the moment,online
"Hey, traffic status on the highway this morning before my meeting",online
"Ok process vs thread, explain like i'm a beginner coder thanks",local
let's decide with a coin flip,local
"I don't get backtracking algorithms, someone explain",local
no don't do that!,local
about how long should you cook a 10 pound turkey,local
"real talk, is the wimbledon final still playing right now for the group chat",online
does ihop have good reviews,online
i want to know all about trivia for the office,local
tell me if you are a person or ai,local
"Real talk, quick check on ripple xrp before i trade before i head out",online
Urgent - is the flood situation downtown still ongoing,online
quick one - tesla stock rate as of this minute at the moment,online
roll a 6 sided die,local
can you give me a good piece of trivia about the rainforest,local
main causes and effects of the signing of the magna carta for revision,local
so gold rate rate as of this minute?,online
Is the ring road closed due to the accident?,online
the wildfire in the hills developments as of today,online
"great chat, talk to you later",local
Main causes and effects of the boston tea party,local
i am going to address you as my own name,local
let me know how to get to the starbucks nearby,online
"Just checking, is eur to usd pumping or dumping today before i head out",online
"for my homework, the causes of world war 1 summary for history class for revision",local
explain map reduce filter functions with a simple example,local
"genuinely curious, explain pointers vs references with a simple example briefly",local
what hobbies do you like,local
what sorts of hobbies do you enjoy,local
"search for a flight from nyc to la on march 1, returning on march 5",online
how's ife treating you,local
"so i don't get version control branching, someone explain pls",local
how is everything going for you,local
any updates on the tech layoffs news happening today tonight,online
set an alarm for nine minutes from now,local
what is the status of my frontier flight,online
"hey, the highway conditions right now because of the storm for the group chat",online
Real world use case for lambda expressions in simple terms,local
oh yes,local
whoa whoa please slow down,local
current congestion level on the expressway?,online
how do you spell out shepherd,local
background on when the berlin wall fell for my essay in simple terms,local
so any delays on the metro line today as of now,online
is the subway line running late today,online
ci cd pipeline basics tutorial with code,local
what's the weather,online
are you employed by someone,local
correlation vs causation explained with an example problem,local
"just checking, infosys shares price action this week so far tonight",online
what's the best place for some thai in new york city,online
Logarithm rules — proof and intuition,local
"hey, the vaccine rollout progress developments as of today for real",online
quick one - is the s&p 500 pumping or dumping today today,online
what sort of stuff do you know,local
how many culver's take reservations,online
Is the airport terminal flooded from the downpour right now,online
urgent - is the airport terminal open or blocked at the moment this evening,online
quick q - load balancing example in python please for revision,local
is the f1 race still playing right now,online
important dates related to the unification of germany,local
roll a 6 sided dice for me,local
Solana price right now no cap,online
"For class tomorrow, why did the renaissance key artists happen for revision",local
how many crows are in 10 murders,local
"for my homework, the pythagorean theorem for my calculus homework in simple terms",local
"need this for an interview, closures in javascript cheat sheet for revision",local
"need this for an interview, derive the pythagorean theorem step by step?",local
remind me in (x) hours,local
the ottoman empire decline — what actually happened — struggling with this,local
the ipl match highlights from tonight before i head out,online
urgent - breaking news on the airline strike today,online
quick q - generics in java — key points to remember for revision,local
can i get good tacos anywhere in austin,online
what's a good hotel to stay at in chicago,online
who's leading in the asia cup final currently for real,online
"need this for an interview, law of sines for my calculus homework",local
chain rule in calculus — proof and intuition before my exam,local
weather in costa mesa,online
do i need to apply for a travel visa if i am going to bermuda,online
quick q - compare heap data structure and compiler vs interpreter in one paragraph — struggling with this,local
"fyi need to know, is the flight delayed out of paris due to fog today",online
how busy is shokudo at 12,online
please switch to whisper mode,local
tell me whether i need an international visa to go to mexico,online
So is the premier league match still playing right now rn,online
help me roll a dice,local
are you well,local
what are my longitude and latitude points,online
"real talk, final score of the ipl match at the moment",online
read me the current weather report for tallahassee,online
"hey, did the parliament session today get resolved yet no cap",online
"hey, the ipl match result just now for real",online
what location were you born in,local
Who's leading in the la liga clasico currently before i head out,online
so multithreading in java — key points to remember for my notes,local
set theory basics explained with an example problem,local
can you slow down,local
ok so should i carry an umbrella in singapore today in the last hour,online
what's going on with the trade deal talks at the moment no cap,online
what things can you help me with exactly,local
did the election results get resolved yet,online
Dogecoin rate as of this minute,online
Set theory basics — proof and intuition,local
adjust speech rate to a faster setting,local
live score for the ipl match before my meeting,online
quick refresher on event loop in node before my exam,local
are there any exciting tourist things to do in boston,online
Is the ashes series still playing right now,online
"For my homework, operator overloading in c++ for dummies pls",local
explain the cold war origins in a short paragraph,local
Static vs dynamic typing tutorial with code,local
ok so quick check on cardano before i trade while i'm stuck in traffic,online
so permutations and combinations — proof and intuition thanks,local
"for class tomorrow, why did the printing press invention impact happen thanks",local
does kentucky have any good restaurants that serve sushi,online
Compare git rebase vs merge and lambda expressions in one paragraph,local
is the airport terminal flooded from the downpour right now for real,online
pros and cons of pointers vs references for revision,local
let's roll some dice,local
"real talk, is the cabinet reshuffle still ongoing today",online
"hey, the ring road conditions right now because of the storm?",online
"hey, i keep forgetting inheritance vs composition, break it down for me",local
Live score for the t20 world cup game no cap,online
are you working for another person or entity,local
can i have my current gps coordinates,online
latest on the central bank's rate decision in real time,online
ngl any delays on the main train route today for real,online
is it safe to travel to bermuda,online
"genuinely curious, integration by parts for my calculus homework",local
"Real talk, how bad is the trade deal talks right now",online
do you work for me or is that wrong,local
"hey, timeline of the cold war origins pls",local
increase your vocals,local
So eigenvalues and eigenvectors — proof and intuition — struggling with this,local
"for my homework, i keep forgetting polymorphism, break it down for me in simple terms",local
do you know what the latest is with my credit card application,online
when is the next time it is suppose to rain,online
i want a coin flipped,local
ok so the covid case numbers — anything new in the last hour for real,online
bitcoin price action this week so far?,online
ngl who won the india vs australia test last night at the moment,online
"hey, how to solve problems using limits and continuity",local
partial derivatives explained with an example problem in simple terms,local
"are there any travel alerts i should know about for buenos aires, argentina",online
ok so is there a heat advisory in delhi today as of now,online
"yes, that is it",local
urgent - the election results developments as of today right now,online
explain the printing press invention impact in a short paragraph,local
summarize database indexing in a few bullet points,local
how is dogecoin trending today no cap,online
"Just checking, live score for the grand slam tennis match this morning",online
how is dogecoin trending today,online
how would you implement caching strategies from scratch,local
traffic status on the subway line this morning,online
the trade deal talks — anything new in the last hour,online
Ok so real time quote for the s&p 500 in the last hour,online
how do i find my present location right now,online
Is the champions league final still playing right now,online
Explain mutex vs semaphore with a simple example,local
Main causes and effects of the mughal empire timeline,local
"For class tomorrow, how to solve problems using hypothesis testing with an example",local
any updates on the earthquake near the coast happening today tonight,online
please check if i can do a car rental from charlotte douglas airport from monday to wednesday,online
Is the earthquake near the coast affecting traffic right now,online
explain the ottoman empire decline in a short paragraph pls,local
i wanna know how much gas i have,online
How humid is it in los angeles right now,online
i need you to go into whisper mode,local
urgent - the asia cup final result just now tonight,online
Did gold rate go up or down this morning,online
i'd like to reserve a high-end car that seats 5 comfortably for april 12th through 18th for st louis missouri,online
ngl traffic status on the harbor bridge this morning rn,online
do i need to bring a visa when i go to canada next month,online
"genuinely curious, limits and continuity explained with an example problem in simple terms",local
"fyi need to know, the highway conditions right now because of the storm for real",online
ok partial derivatives for my calculus homework thanks,local
any delays on the subway line today before i head out,online
"for my homework, TCP vs UDP tutorial with code for revision",local
"Just checking, eur to usd today's high and low no cap",online
spin a coin,local
the speaker volume needs to be increased,local
"i'm lost, can you tell me where i am",online
typeerror cannot read property of undefined in my js code,local
is the premier league match still playing right now while i'm stuck in traffic,online
what do you like doing in your free time,local
Crude oil price rate as of this minute,online
what is 250 times 118 times 9,local
can i use baking soda instead of baking powder,local
difference between kubernetes pods and garbage collection,local
urgent - the heatwave alert developments as of today,online
"just checking, the champions league final result just now",online
urgent - the india vs australia test result just now this evening,online
i'm grateful for the assistance,local
So will it rain in sydney in the next few hours,online
i want to edit the language,local
i say negative,local
"Map reduce filter functions, explain like i'm a beginner coder",local
urgent - gold rate rate as of this minute asap,online
so the metro line conditions right now because of the storm for the group chat,online
what sorts of things can i ask you about,local
"hey, dijkstra's algorithm tutorial with code",local
quick q - generics in java example in python please for my notes,local
i need a room in london for 2 people from march 1st to 3rd,online
"real talk, current valuation on nasdaq before my meeting",online
did the ceasefire negotiations get resolved yet,online
how are things going for you,local
change your name to ginger,local
How would you implement map reduce filter functions from scratch,local
what kind of entertainment is available in chicago,online
key figures involved in ancient egyptian pyramid construction in simple terms,local
how is the traffic on the way to the mall,online
Explain backtracking algorithms with a simple example,local
quick check on usd to inr before i trade,online
why did the treaty of versailles terms happen with an example,local
dollar to pesos exchange rate,online
timeline of the wright brothers first flight — struggling with this,local
so how is the s&p 500 trending today,online
get me a flight from ft lauderale to houston on southwest,online
infosys shares live chart movement for real,online
"for my homework, how does monolith vs microservices actually work under the hood thanks",local
what other names can i give you,local
"real talk, any updates on the trade deal talks happening today",online
make a reservation to stay in cali from november 11 to 15,online
Ok so is the toll plaza closed due to the accident — need it fast,online
"need this for an interview, derive eigenvalues and eigenvectors step by step for my notes",local
write pseudocode for binary search,local
what is my current location that you see right now,online
quick q - the moon landing mission details summary for history class,local
please identify the name of the creator of this ai,local
"i'm going to boston from bangor on july 25th through the 29th, and need you to find me a roundtrip flight",online
Important dates related to the unification of germany before my exam,local
so live score for the grand slam tennis match tonight,online
"hey, important dates related to ancient egyptian pyramid construction — struggling with this",local
where should i go out for food to,online
so the partition of india — what actually happened for revision,local
about how long should you cook lasagna,local
"""can u set a timer for 5 minutes",local
merge sort interview question breakdown in simple terms,local
how do you make chicken noodle casserole,local
quick check on nifty 50 before i trade currently,online
any updates on the trade deal talks happening today,online
urgent - the flood situation downtown developments as of today at the moment,online
ngl is the airport terminal closed due to the accident,online
how to solve problems using bayes theorem briefly,local
"Need this for an interview, pros and cons of abstract class vs interface pls",local
is the ufc fight card still playing right now,online
"real talk, the s&p 500 market cap right now while i'm stuck in traffic",online
Important dates related to the silk road trade routes,local
"Fyi need to know, traffic status on the highway this morning currently",online
The boston tea party summary for history class,local
Real world use case for recursion,local
"hey, live score for the euro cup semifinal as of now",online
please tell me a really fun fact about facebook,local
"hey, is the expressway flooded from the downpour right now as of now",online
practice problem using bayes theorem briefly,local
so current congestion level on the toll plaza while i'm stuck in traffic,online
"genuinely curious, solid overview of test driven development for revision briefly",local
so breaking news on the flood situation downtown for real,online
explain deadlocks with a simple example before my exam,local
How does dynamic programming actually work under the hood,local
"fyi need to know, just heard about the trade deal talks, what's the latest rn",online
can you figure out the meaning of life,local
"For class tomorrow, timeline of the moon landing mission details for my notes",local
"Need this for an interview, walk through law of cosines with numbers pls",local
"For my homework, how to solve problems using law of sines",local
how long does a roast take,local
what ingredients are in salsa,local
Solid overview of generics in java for revision,local
how busy is imanas at 6,online
assist me with finding an uber to big ben,online
that isn't the right answer,local
latest on the wildfire in the hills in real time for real,online
so how humid is it in singapore right now currently,online
"for my homework, practice problem using matrix multiplication rules thanks",local
what kind of weather is there,online
so give me a quick rundown of the theory of evolution basics,local
really great!,local
the s&p 500 price action this week so far,online
merge sort tutorial with code — struggling with this,local
how many feet are in 50 yards,local
tell me your date of birth,local
tell me the definition of the word redemption,local
"real talk, did the earthquake near the coast get resolved yet — need it fast",online
tell me the meaning of alternative,local
is there anything i can't ask you,local
"i want to go out to eat but have no idea where to go, do you know of any places",online
ngl how bad is the election results right now,online
the f1 race score update please,online
are things going well for you,local
do i have a name to you,local
"need this for an interview, timeline of the industrial revolution key inventions briefly",local
"genuinely curious, give me a quick rundown of the treaty of versailles terms",local
Ngl will it rain in dubai in the next few hours?,online
"i don't get abstract class vs interface, someone explain",local
walk me through big O notation step by step,local
is this a person talking to me or a computer,local
"For class tomorrow, why did the mughal empire timeline happen briefly",local
has my amex application gone through yet,online
what is the status of the application for a credit card i put in,online
when the berlin wall fell summary for history class,local
"Just checking, is the euro cup semifinal still playing right now",online
what is the proper time to cook steak for,local
repeat what you just told me,local
"For class tomorrow, the industrial revolution key inventions summary for history class — struggling with this",local
quick one - should i carry an umbrella in hyderabad today no cap,online
"just checking, the interstate conditions right now because of the storm as of now",online
"For class tomorrow, multiple inheritance in python for dummies",local
in what format did you save my name,local
When should i pick virtual memory over merge sort,local
is it possible to get a ford in austin from may the 5th to may the 7th of this year,online
"for class tomorrow, important dates related to the partition of india pls",local
has my application for a trust bank credit card been mailed out and if so was i approved or not,online
recommendations for good thai restaurants in las vegas,online
what's causing the traffic jam on the ring road now,online
can you tell me the exchange rate for yen to euros,online
what's the right spelling of rambunctious,local
i need you to flip a coin once,local
"fyi need to know, is the ring road flooded from the downpour right now at the moment",online
Quick q - give me a quick rundown of the discovery of penicillin for revision,local
where is starbucks,online
"i'm looking for a roundtrip flight from oma to sps august 1st, 2019 to august 2nd, 2019",online
quick one - current congestion level on the expressway before my meeting,online
i want to reset your settings to the original,local
so solana live chart movement this morning,online
TCP vs UDP cheat sheet,local
"fyi need to know, live score for the ufc fight card before i head out",online
i'd like you to speak a bit slower,local
Urgent - current valuation on nasdaq in the last hour,online
ok so is the ashes series still playing right now,online
any idea where flight dl123 is right now,online
ngl traffic status on the expressway this morning tonight,online
Central limit theorem for my calculus homework,local
can you speak slower please,local
Quick one - is the airport terminal flooded from the downpour right now — need it fast,online
"just checking, is the world cup qualifier still playing right now",online
always nice to talk to you,local
Breaking news on the wildfire in the hills,online
"real talk, apple stock today's high and low this evening",online
can you do a math problem,local
what is the status of my new credit card application,online
take it easy!,local
how's the weather,online
go back to factory settings please,local
go ahead and put the volume to 4,local
Ngl is the interstate flooded from the downpour right now for the group chat,online
is solana pumping or dumping today,online
"hey, who won the f1 race last night",online
us dollars to uk,online
i'd like to rent an automobile in pittsburgh from this tuesday until next thursday can i do that,online
"where is the closest chevron gas station in columbus, ohio",online
logarithm rules for my calculus homework briefly,local
in which place were you made,local
"real talk, final score of the f1 race today",online
walk through eigenvalues and eigenvectors with numbers,local
Ok so apple stock market cap right now,online
"return to your original settings, please",local
ok sliding window technique vs big O notation which is better and when,local
Nvidia stock market cap right now,online
is the airline strike affecting traffic right now,online
who developed your internal code,local
how many dollars can i exchange for 200 yen,online
Quick one - current congestion level on the main train route — need it fast,online
are you able to flip a two sided coin,local
so is the toll plaza closed due to the accident in the last hour,online
"real talk, is the la liga clasico still playing right now in the last hour",online
i'm traveling tony soon and want to inform my bank,online
reliance shares today's high and low,online
i need to uber somewhere,online
please order an uber for me to go to the zoo,online
flip a coin for me ai,local
i want you to adjust your speaking to be faster,local
eigenvalues and eigenvectors for my calculus homework — struggling with this,local
traffic status on the ring road this morning this morning,online
any delays on the metro line today,online
ok key figures involved in the discovery of penicillin,local
what is one dollar worth in mexico,online
"in portland, what things are there to do",online
quick q - explain the partition of india in a short paragraph for my notes,local
"just checking, live score for the grand slam tennis match as of now",online
turn down your volume,local
i need to know trivia on star wars,local
what's your birth date,local
so reliance shares today's high and low right now,online
"for class tomorrow, key figures involved in the french revolution timeline?",local
the premier league match result just now today,online
"Hey, is infosys shares pumping or dumping today before my meeting",online
please tell me a joke about dinosaurs,local
walk through standard deviation formula with numbers,local
"fyi need to know, usd to inr live chart movement pls",online
so ripple xrp rate as of this minute asap,online
"for class tomorrow, the causes of world war 1 summary for history class — struggling with this",local
what kind of questions may i ask you,local
"i keep forgetting mutex vs semaphore, break it down for me",local
were you born here,local
can i use a green pepper instead of a red pepper,local
"Genuinely curious, give me a quick rundown of the decolonization of africa — struggling with this",local
i enjoyed talking to you,local
"hey, the cabinet reshuffle status update please no cap",online
i need to know what kind of things you can help with,local
The main train route conditions right now because of the storm,online
are there any decent places to get seafood in seattle,online
"need this for an interview, give me a quick rundown of the russian revolution 1917 pls",local
ngl nvidia stock live chart movement in the last hour,online
ngl is usd to inr pumping or dumping today just curious,online
Ok so is the expressway closed due to the accident asap,online
so what do you do at free time,local
live score for the la liga clasico tonight,online
"Real talk, is the expressway flooded from the downpour right now this morning",online
do you know you are not human,local
walk me through B-tree indexing step by step,local
Ok so latest on the vaccine rollout progress in real time — need it fast,online
latest on the flood situation downtown in real time before i head out,online
i need an uber for 6 people to the movies,online
Timeline of the boston tea party,local
tell me your age,local
what is the traffic like,online
quick q - timeline of when the berlin wall fell thanks,local
So real time quote for tcs stock before i head out,online
what amount of millimeters are in 50 kilometers,local
set a five minute timer,local
final score of the ashes series as of now,online
"genuinely curious, main causes and effects of the treaty of versailles terms",local
Practice problem using quadratic formula,local
will it rain in tokyo in the next few hours in the last hour,online
heap data structure — key points to remember,local
difference between docker containers and lambda expressions,local
how humid is it in chicago right now,online
what company manufactured you,local
walk me through connection pooling step by step,local
walk me through dependency injection step by step,local
how would you implement joins in sql from scratch,local
"hey, is tesla stock pumping or dumping today as of now",online
is the tech layoffs news affecting traffic right now before i head out,online
i want volume at 4,local
Ok so the ufc fight card score update please in the last hour,online
"real talk, real time quote for nasdaq",online
where are there current travel alerts,online
"what is the meaning of word ""rescind",local
are you employed by someone else,local
"for my homework, why did the fall of the roman empire happen thanks",local
"at 5:30 pm, how busy can i expect olive garden to be",online
i need help with some fun tourist things to do in tokyo,online
traffic status on the interstate this morning just curious,online
the ashes series result just now,online
"so i don't get deadlocks, someone explain",local
"need this for an interview, derive standard deviation formula step by step for revision",local
"for my homework, test driven development example in python please",local
ngl the flyover near the city center conditions right now because of the storm for real,online
where did you last live,local
is there traffic on bramble lane,online
Will it rain in tokyo in the next few hours,online
Textbook definition of monads in haskell,local
what paperwork will i need to visit northern ireland,online
Urgent - is the airport terminal flooded from the downpour right now for real,online
why did the signing of the magna carta happen,local
let's settle it with a coin flip,local
"just checking, the world cup qualifier highlights from tonight in the last hour",online
"fyi need to know, is the airport terminal closed due to the accident just curious",online
put volume at 4,local
tell me what ingredients i will need to make this meal,local
is it fine to sub bread flour with all-purpose flour,local
"that's all i need, thanks!",local
how do you convert miles to kilometers,local
"for class tomorrow, walk through logarithm rules with numbers before my exam",local
chain rule in calculus formula and when to use it pls,local
how bad is the supreme court verdict right now?,online
ok walk me through pointers vs references step by step,local
"what is your name for me, please",local
current valuation on eur to usd just curious,online
textbook definition of mutex vs semaphore,local
can you change your accent to the male british one,local
"Just checking, the t20 world cup game score update please this evening",online
Current congestion level on the highway today,online
ok so the champions league final result just now as of now,online
Main causes and effects of the wright brothers first flight,local
urgent - is the highway open or blocked at the moment before my meeting,online
Is the main train route open or blocked at the moment,online
Textbook definition of docker containers with an example,local
"Hey, is the metro line open or blocked at the moment — need it fast",online
later!,local
dogecoin live chart movement tonight,online
please tell me trivia about hamburgers,local
tell me the amount of gas i have,online
please roll a 7 sided die,local
what is the conversion of inches to centimeters,local
the world cup qualifier result just now,online
inheritance vs composition for dummies for my notes,local
can i use olive oil instead of butter,local
urgent - will it rain in tokyo in the next few hours tonight,online
"for class tomorrow, real world use case for ci cd pipeline basics before my exam",local
Ngl quick check on apple stock before i trade as of now,online
So the t20 world cup game score update please asap,online
so notes on REST vs GraphQL for my assignment with an example,local
ok so any delays on the expressway today this morning,online
please show me where i am on a map,online
book a flight from chicago to dc on monday and returning on wednesday,online
ngl live score for the ipl match?,online
the covid case numbers status update please for the group chat,online
how does primary key vs unique key actually work under the hood pls,local
"need this for an interview, how to solve problems using gradient descent math — struggling with this",local
ok so tesla stock live chart movement before my meeting,online
how do i get to the college by bus,online
please translate grocery into french for me,local
quick one - traffic status on the airport terminal this morning at the moment,online
"fyi need to know, who won the nba game last night currently",online
schedule flight from madison to atlanta on delta,online
what ingredients do i need to make broccoli cheddar soup,local
what is the ai's name,local
urgent - is the main train route closed due to the accident just curious,online
where's the gas tank level at,online
how do you spell sanguine,local
"Real talk, cardano price right now — need it fast",online
what's left in my gas tank,online
the t20 world cup game result just now — need it fast,online
urgent - the t20 world cup game highlights from tonight — need it fast,online
"for my homework, normalization in databases tutorial with code for my notes",local
"just checking, sensex live chart movement before my meeting",online
i'd like to know where i am,online
So how would you implement generics in java from scratch?,local
real world use case for publish subscribe pattern with an example,local
"ok i don't get heap data structure, someone explain with an example",local
i'm travelling to boston soon and want to inform my bank,online
"Fyi need to know, traffic status on the highway this morning at the moment",online
"hey, gradient descent math for my calculus homework?",local
roll a 7 sided dice,local
What's going on with the cyclone warning at the moment,online
"for my homework, the pythagorean theorem formula and when to use it thanks",local
The airline strike developments as of today,online
quick q - regular expressions interview question breakdown thanks,local
who is in charge of you,local
how does sharding actually work under the hood,local
"Fyi need to know, how humid is it in berlin right now before my meeting",online
did dow jones go up or down this morning right now,online
what is the forecast for this week,online
is it dangerous to travel to mexico,online
do you know any good jokes about lawyers,local
ok how to solve problems using taylor series expansion briefly,local
you can refer to me as frank,local
Is the vaccine rollout progress still ongoing asap,online
ok partial derivatives explained with an example problem,local
Ok how to solve problems using permutations and combinations for revision,local
Is the harbor bridge flooded from the downpour right now this evening,online
give me the definition of ajar,local
would you give me available flights out of dallas to miami on june 8 for under $340,online
"Genuinely curious, practice problem using markov chains?",local
what is 4 x 4,local
Is the toll plaza flooded from the downpour right now before i head out,online
can you say what you just said again,local
ok so is the interstate closed due to the accident no cap,online
"if i have 10 us dollars, how many pounds sterling is that",online
Ok so eur to usd price right now as of now,online
did the supreme court verdict get resolved yet,online
what is the name of the person who made the ai,local
joins in sql example in python please,local
background on the american civil war causes for my essay for revision,local
i want to hear a male british accent,local
"Genuinely curious, difference between sliding window technique and two pointer technique before my exam",local
"Fyi need to know, the asia cup final score update please",online
promises vs callbacks — key points to remember,local
how will traffic be at 7am on the way to my job,online
ngl the wimbledon final score update please,online
you can call me brandon,local
what is the eta of my flight,online
ok so is the interstate closed due to the accident this evening,online
does the zen garden in la take reservations,online
can you help me book a car rental in seattle,online
what's the prep and cooking time on pizza dough,local
tell me the inventor of ai,local
Urgent - who's leading in the grand slam tennis match currently no cap,online
whats your name,local
"just checking, just heard about the protest downtown, what's the latest rn",online
Current congestion level on the flyover near the city center,online
Any delays on the ring road today,online
ok compiler vs interpreter vs polymorphism which is better and when in simple terms,local
"just checking, how bad is the protest downtown right now",online
"Just checking, is the subway line closed due to the accident before i head out",online
"fyi need to know, the asia cup final result just now for the group chat",online
ok the mughal empire timeline summary for history class,local
help me figure out the meaning of life,local
Did eur to usd go up or down this morning this evening,online
ok so is the harbor bridge open or blocked at the moment no cap,online
i need ti know the traffic in tempe,online
"Genuinely curious, timeline of the renaissance key artists with an example",local
you wrote what for my name,local
hypothesis testing formula and when to use it,local
can you tell me a joke,local
do you call me a certain name,local
quick q - how to solve problems using convex optimization basics,local
"for my homework, the wright brothers first flight summary for history class",local
"for class tomorrow, main causes and effects of the age of exploration key figures for revision",local
how bad is the earthquake near the coast right now tonight,online
solid overview of closures in javascript for revision,local
whats my delta flight's status,online
"ok virtual functions in c++, explain like i'm a beginner coder?",local
how good are the ratings for outback,online
whats 5 feet in inches,local
Final score of the euro cup semifinal,online
are you older than me,local
give me a random number between 1 and 6,local
"Fyi need to know, what's going on with the flood situation downtown at the moment as of now",online
"hey, summarize TCP vs UDP in a few bullet points?",local
any updates on the airline strike happening today,online
"just checking, live score for the champions league final while i'm stuck in traffic",online
"real talk, latest on the central bank's rate decision in real time before my meeting",online
i want to know if you are a real person or an ai,local
what is the conversion between tablespoons and cups,local
breaking news on the election results,online
what's the point of everything,local
can i substitute rice milk for milk,local
"how do i find my location right now, please",online
how much time does it take to boil an egg,local
where are some good thai restaurants in las vegas,online
"fyi need to know, did crude oil price go up or down this morning — need it fast",online
Traffic status on the flyover near the city center this morning,online
dogecoin today's high and low,online
i need you to speak faster,local
"genuinely curious, key figures involved in ancient egyptian pyramid construction for my notes",local
dow jones rate as of this minute,online
Summarize regular expressions in a few bullet points,local
Background on the cold war origins for my essay for revision,local
"just checking, should i carry an umbrella in san francisco today no cap",online
ngl breaking news on the trade deal talks for real,online
use a new accent,local
"real talk, the la liga clasico highlights from tonight right now",online
important dates related to ancient egyptian pyramid construction,local
does tony's in downton let you make reservations,online
so why did the ottoman empire decline happen before my exam,local
"Genuinely curious, the pythagorean theorem for my calculus homework — struggling with this",local
not really,local
asynchronous programming for dummies before my exam,local
The protest downtown — anything new in the last hour,online
"real talk, silver rate rate as of this minute at the moment",online
how hot will it be tomorrow,online
How does subqueries in sql actually work under the hood,local
notes on git rebase vs merge for my assignment,local
the champions league final highlights from tonight no cap,online
how many miles can i go with my current fuel level,online
do you know where you were born,local
"For my homework, walk through gradient descent math with numbers?",local
i need any relevant travel alerts for australia,online
do they take reservations at bar tartine,online
Walk through law of cosines with numbers,local
how do i say thank you in japanese,local
The vaccine rollout progress — anything new in the last hour this morning,online
whats my name saved under,local
Urgent - is the main train route closed due to the accident before i head out,online
"just checking, is infosys shares pumping or dumping today",online
do i need to read any travel alerts for kenya,online
what are the reviews like for black bear dinner,online
solid overview of trie data structure for revision,local
can you tell me who made ai,local
practice problem using correlation vs causation,local
Important dates related to the printing press invention impact in simple terms,local
"Hey, give me a quick rundown of the causes of world war 1 briefly",local
foreign key constraints cheat sheet,local
timeline of ancient egyptian pyramid construction,local
how to solve problems using taylor series expansion,local
i want to book a flight reservation from texas to new york on may 9th and i want to come back on the 15th,online
give me a quick rundown of the age of exploration key figures for my notes,local
how is your day,local
Ok so is the wimbledon final still playing right now,online
quick q - why is virtual memory used instead of recursion — struggling with this,local
what are the atmospheric conditions in sparks,online
bitcoin price action this week so far,online
"real talk, tesla stock price action this week so far just curious",online
"For class tomorrow, how to solve problems using permutations and combinations with an example",local
i would like some help getting a rental car reserved in los angeles,online
"I don't get load balancing, someone explain — struggling with this",local
"real talk, is nifty 50 pumping or dumping today before i head out",online
"fyi need to know, the supreme court verdict developments as of today for the group chat",online
markov chains for my calculus homework,local
Derive central limit theorem step by step — struggling with this,local
is the storm system offshore affecting traffic right now,online
urgent - the election results — anything new in the last hour today,online
quick check on tesla stock before i trade,online
"can you see if i can rent a car from dallas on the dates of march 1, 2019 to march 3, 2019",online
is flight dl123 on time,online
i need to know how to spell excellent,local
are you a computer or a real person,local
"for class tomorrow, the theory of evolution basics — what actually happened for revision",local
will you flip a coin so i can make a choice,local
ok so is the earthquake near the coast still ongoing right now,online
i want your name to be samantha now,local
Explain the moon landing mission details in a short paragraph,local
where is the closest mcdonalds,online
The subway line conditions right now because of the storm asap,online
ok so dogecoin rate as of this minute before i head out,online
please talk to me in spanish,local
im going to be in paraguay from january 7th until january 10th,online
The partition of india summary for history class,local
what are some hot travel destinations,online
i want to be called by mary,local
So walk through standard deviation formula with numbers thanks,local
can you speak faster please,local
take a coin and flip it and i call tails,local
what is the correct spelling for antipathy,local
"for my homework, event loop in node for dummies",local
traffic status on the interstate this morning,online
"for my homework, practice problem using vector cross product for revision",local
has my credit card application been processed,online
no is the answer,local
can you roll a 4 sided dice,local
so the ottoman empire decline summary for history class for revision,local
is the toll plaza closed due to the accident currently,online
is it ok to substitute spinach for lettuce,local
walk me through sharding step by step thanks,local
i am thinking of going to brazil and was wondering if that is hazardous,online
ok explain the silk road trade routes in a short paragraph for revision,local
how humid is it in dubai right now,online
Urgent - the ipl match result just now no cap,online
walk through quadratic formula with numbers,local
who makes the ai,local
what's the traffic like on the way to the water slides,online
is is very much true,local
i want to know the definition of discretionary,local
"Hey, any delays on the interstate today right now",online
is it hot outside,online
vector cross product formula and when to use it with an example,local
timeline of the treaty of versailles terms,local
urgent - who won the asia cup final last night asap,online
turn the volume to 4,local
does finland have any travel alerts i should be aware of,online
"what are some fun, tourist sites to see in nyc",online
whats the status of my frontier flight,online
are you a human,local
how long does it take to cook roast beef,local
quadratic formula — proof and intuition,local
do i need a tourist visa for europe,online
"just checking, any updates on the airline strike happening today",online
go back to factory settings now,local
what is the current going rate for exchanging dollars for pesos,online
tell me how good ihop's ratings are,online
probability distributions for my calculus homework pls,local
quick one - will it rain in singapore in the next few hours — need it fast,online
Compare immutability in functional programming and CAP theorem in one paragraph,local
is the metro line closed due to the accident,online
Ngl real time quote for the s&p 500 rn,online
compare caching strategies and ACID properties in one paragraph,local
ok law of sines explained with an example problem thanks,local
"for my homework, how to solve problems using logarithm rules for my notes",local
no thank you,local
quick one - live score for the champions league final today,online
"hey, practice problem using laplace transform pls",local
urgent - did the border tensions get resolved yet this evening,online
define ataraxy,local
what is there to do in evans,online
"genuinely curious, i keep forgetting docker containers, break it down for me pls",local
"fyi need to know, quick check on silver rate before i trade today",online
"where am i right now, location wise",online
so is there a heat advisory in paris today?,online
decrease volume level,local
The moon landing mission details — what actually happened,local
"for class tomorrow, explain the causes of world war 1 in a short paragraph pls",local
"for class tomorrow, important dates related to the russian revolution 1917",local
so solid overview of hash map for revision,local
so pros and cons of operator overloading in c++ thanks,local
urgent - the ipl match result just now asap,online
how does recursion actually work under the hood pls,local
solid overview of thread pools for revision,local
how does memoization actually work under the hood,local
can you restore factory settings now,local
please roll the dice,local
call me mary,local
quick q - the boston tea party — what actually happened for my notes,local
tell my bank that i'll be in canada this weekend,online
traffic status on the flyover near the city center this morning before my meeting,online
Why did the cold war origins happen,local
when should i pick normalization forms over operator overloading in c++,local
"so just heard about the earthquake near the coast, what's the latest",online
what's the funniest thing you know about artificial intelligence,local
"For class tomorrow, difference between recursion and asynchronous programming",local
quick check on bitcoin before i trade in the last hour,online
The unification of germany summary for history class for my notes,local
please inform me of the types of subjects are you familiar with,local
urgent - dow jones market cap right now tonight,online
what is the temp right now,online
"so just heard about the power outage in the city, what's the latest for the group chat",online
how can you assist me,local
i want to use spanish as my language,local
let's go ahead and switch your language,local
"Genuinely curious, walk me through lambda expressions step by step for revision",local
ok set theory basics formula and when to use it — struggling with this,local
where do i begin the process of reporting my luggage lost,online
"hey, matrix multiplication rules explained with an example problem in simple terms",local
"please flip a coin, and i call heads",local
"just checking, traffic status on the interstate this morning no cap",online
ok so is bitcoin pumping or dumping today today,online
"need this for an interview, the russian revolution 1917 summary for history class — struggling with this",local
what reviews does miyabi have,online
so timeline of when the berlin wall fell thanks,local
"Hey, is the harbor bridge closed due to the accident",online
how can you convert miles to kilometers,local
is milk an ok substitute for cream,local
does spain have any travel alerts i should be aware of,online
"need this for an interview, vector cross product for my calculus homework",local
background on ancient egyptian pyramid construction for my essay before my exam,local
"need this for an interview, why did the great depression causes happen",local
Apple stock today's high and low,online
Is the subway line closed due to the accident — need it fast,online
"for my homework, summarize message queues in a few bullet points",local
"fyi need to know, breaking news on the vaccine rollout progress tonight",online
tell me how to spell automobile,local
"i keep forgetting load balancing, break it down for me",local
any delays on the interstate today before my meeting,online
"real talk, who's leading in the f1 race currently asap",online
can you speak to me in chinese,local
how long do you cook a salmon,local
ngl is the highway open or blocked at the moment currently,online
"can you tell me the meaning of life, please",local
current valuation on eur to usd,online
The cyclone warning developments as of today,online
is the power outage in the city still ongoing,online
what are you called,local
Ok logarithm rules explained with an example problem,local
Did the s&p 500 go up or down this morning asap,online
give me my location on the map,online
quick q - microservices architecture for dummies,local
"genuinely curious, main causes and effects of the theory of evolution basics thanks",local
i am afraid that that is not the case,local
is there traffic to work,online
my name is jim,local
"just checking, is it safe to drive in los angeles with this storm today",online
can you share something interesting about world war one,local
why did the silk road trade routes happen,local
is the flight delayed out of mumbai due to fog this evening,online
"for class tomorrow, the mughal empire timeline summary for history class?",local
Who won the premier league match last night,online
quick one - real time quote for the s&p 500 as of now,online
why did the discovery of penicillin happen,local
"hey, tcs stock today's high and low this evening",online
so the india vs australia test result just now right now,online
urgent - current congestion level on the toll plaza while i'm stuck in traffic,online
"need this for an interview, i don't get dijkstra's algorithm, someone explain for revision",local
urgent - will it rain in delhi in the next few hours today,online
show me all hotels in evans with good reviews,online
can i switch in almond butter for peanut butter,local
please revert all settings to factory default,local
how are you named,local
quick one - is the interstate open or blocked at the moment rn,online
"hey, the airport terminal conditions right now because of the storm",online
final score of the ufc fight card just curious,online
"from now, your new name will be lord vader",local
"real talk, breaking news on the parliament session today no cap",online
How does singleton pattern actually work under the hood,local
what subjects do you know,local
"i need to book a hotel in ny, queens arrive on 8th and leave on the 13th",online
ok so should i carry an umbrella in singapore today while i'm stuck in traffic,online
the wright brothers first flight summary for history class — struggling with this,local
"real talk, the grand slam tennis match highlights from tonight — need it fast",online
important dates related to the ottoman empire decline,local
tell me if you are human,local
what ingredients are in dough,local
"real talk, is the expressway closed due to the accident right now",online
quick one - cardano rate as of this minute pls,online
the airport terminal conditions right now because of the storm this evening,online
how bad is city traffic in miami on friday's at 5 pm,online
ok virtual memory cheat sheet for revision,local
i am stranded and need uber,online
urgent - did reliance shares go up or down this morning,online
logarithm rules — proof and intuition for my notes,local
who was your programmer,local
"hey, how to solve problems using gradient descent math pls",local
Nvidia stock price action this week so far,online
"just checking, is the highway open or blocked at the moment this morning",online
"fyi need to know, the india vs australia test score update please pls",online
what do i need to make a cajun chili,local
how can i say thank you in spanish,local
tesla stock market cap right now,online
"Hey, who won the la liga clasico last night",online
so virtual functions in c++ — key points to remember thanks,local
"Real talk, who won the ashes series last night",online
i need my luggage that your airline lost it was flight abc123 and now it’s suddenly missing,online
"need this for an interview, how would you implement foreign key constraints from scratch briefly",local
not at all,local
quick q - notes on git rebase vs merge for my assignment briefly,local
Real time quote for solana,online
hold on what was that you just said,local
"for my homework, explain the periodic table history in a short paragraph briefly",local
"for class tomorrow, practice problem using probability distributions",local
i want you to let me know what names you have for me,local
quick one - the central bank's rate decision status update please for real,online
Singleton pattern tutorial with code,local
TCP vs UDP interview question breakdown,local
is the strike still affecting flights today,online
"For class tomorrow, the silk road trade routes summary for history class thanks",local
please check the amount of gas i have,online
will you please repeat what you said,local
so is the airport terminal closed due to the accident as of now,online
do i need an international visa to go to spain,online
can i use water instead of milk,local
does macaroni grill have a wait how long,online
explain the wright brothers first flight in a short paragraph in simple terms,local
the airport terminal conditions right now because of the storm pls,online
say what you think my name is,local
is dogecoin pumping or dumping today tonight,online
ok so sensex rate as of this minute currently,online
what are the ratings about at pho king,online
two pointer technique for dummies,local
give me a quick rundown of the boston tea party,local
i want factory settings put back in place,local
what is the meaning of interorganizational,local
"hey, is the harbor bridge open or blocked at the moment rn",online
the industrial revolution key inventions — what actually happened,local
urgent - the ring road conditions right now because of the storm right now,online
quick check on cardano before i trade,online
set timer of 5 minutes,local
bitcoin rate as of this minute,online
"genuinely curious, how to solve problems using linear regression math — struggling with this",local
"just checking, is the expressway open or blocked at the moment just curious",online
"i don't get topological sort, someone explain briefly",local
Is the champions league final still playing right now pls,online
can i substitute yogurt for sour cream,local
"For my homework, why did the treaty of versailles terms happen for my notes",local
have i received any messages about my credit card application,online
please call me jim,local
i am needing to get a flight out of el paso to dallas on march 10 for under $300,online
will it snow this weekend,online
urgent - is the ring road flooded from the downpour right now for real,online
"if i'm heading to the mall at 5:00, what will the traffic be like",online
why did the moon landing mission details happen before my exam,local
how is my application on new credit card going,online
"Just checking, who's leading in the wimbledon final currently at the moment",online
quick one - current air quality index in seoul while i'm stuck in traffic,online
what state were you born in,local
later gator!,local
"genuinely curious, why is B-tree indexing used instead of virtual memory before my exam",local
"for my homework, linear regression math — proof and intuition with an example",local
Walk me through map reduce filter functions step by step,local
you're how old,local
who won the t20 world cup game last night,online
tell me what the word die means,local
"For class tomorrow, main causes and effects of the fall of the roman empire?",local
convert inch to cm,local
gracias,local
can i get an uber for five people to go to the national gallery of art,online
ngl is the vaccine rollout progress affecting traffic right now no cap,online
"Hey, walk through set theory basics with numbers before my exam",local
false for sure,local
increase your voice box,local
tootles,local
can i substitute milk for almond milk,local
"hello, how are you",local
does kenya have any travel alerts right now,online
quick one - live score for the grand slam tennis match for the group chat,online
quick q - how to solve problems using law of sines with an example,local
"real talk, nifty 50 market cap right now?",online
"need this for an interview, main causes and effects of ancient egyptian pyramid construction thanks",local
will you tell me who made the ai,local
so the grand slam tennis match score update please while i'm stuck in traffic,online
what is the definition of intelligent,local
what's the weather like right now,online
how long must i cook spaghetti for,local
"need this for an interview, practice problem using correlation vs causation",local
"Genuinely curious, the decolonization of africa — what actually happened thanks",local
urgent - is the ceasefire negotiations affecting traffic right now while i'm stuck in traffic,online
yes i do like that,local
switch to female voice,local
the ring road conditions right now because of the storm asap,online
central limit theorem explained with an example problem,local
"need this for an interview, why did the silk road trade routes happen",local
that is totally true,local
"fyi need to know, final score of the world cup qualifier at the moment",online
the champions league final score update please,online
Any updates on the trade deal talks happening today,online
hi there,local
you can call me cindy,local
how long does it take to make shrimp scampi,local
how to solve problems using convex optimization basics,local
"For my homework, derive fourier transform step by step?",local
quick refresher on docker containers before my exam,local
please speak to me in chinese,local
the treaty of versailles terms summary for history class thanks,local
could you repeat what you just said again,local
do i need a visa to go to somewhere internationally,online
is dow jones pumping or dumping today,online
let me know when you were born,local
compare bit manipulation tricks and database indexing in one paragraph,local
does minnis take reservations,online
urgent - the world cup qualifier score update please?,online
do you know how busy outback steakhouse tends to be at 7:00 pm,online
yeap,local
How to solve problems using probability distributions for my notes,local
does life have a meaning,local
who made this ai,local
"Need this for an interview, fourier transform explained with an example problem",local
do ai have hobbies and if so what are yours,local
so how to solve problems using derivative of a function briefly,local
urgent - crude oil price live chart movement while i'm stuck in traffic,online
where are you from,local
change to a male british accent,local
current congestion level on the toll plaza — need it fast,online
when will my cc application process,online
quick check on eur to usd before i trade,online
"hey, traffic status on the main train route this morning — need it fast",online
"hey, the ashes series highlights from tonight for the group chat",online
turn the volume up,local
"hey, bitcoin live chart movement before i head out",online
"genuinely curious, derivative of a function explained with an example problem",local
"i am choosing heads, now please flip that coin",local
so important dates related to when the berlin wall fell briefly,local
is there a tsunami warning issued right now,online
are there any positive reviews for wendy's,online
how do i get to the nearest post office,online
"would you tell me the meaning of life, please",local
ok so nasdaq market cap right now pls,online
Did dogecoin go up or down this morning,online
walk through derivative of a function with numbers for revision,local
Any updates on the flood situation downtown happening today,online
Ngl is the harbor bridge open or blocked at the moment,online
publish subscribe pattern tutorial with code with an example,local
what's the right way to spell indict,local
"what is 15 ounces in grams, please",local
Is the t20 world cup game still playing right now,online
what was the location of your birth,local
"genuinely curious, B-tree indexing tutorial with code in simple terms",local
"for my homework, gradient descent math formula and when to use it",local
Did tesla stock go up or down this morning,online
practice problem using quadratic formula pls,local
"fyi need to know, should i carry an umbrella in los angeles today pls",online
"Hey, the highway conditions right now because of the storm in the last hour",online
Walk through markov chains with numbers,local
could you translate atm machine into english,local
"Fyi need to know, how is dogecoin trending today as of now",online
Ok partial derivatives formula and when to use it?,local
traffic status on the interstate this morning pls,online
"need this for an interview, background on the fall of the roman empire for my essay with an example",local
So matrix multiplication rules formula and when to use it?,local
"can you find me a flight from portland, oregon to portland, maine for under $500 on delta",online
"hey, the asia cup final score update please asap",online
ngl is the subway line closed due to the accident just curious,online
Ok standard deviation formula explained with an example problem,local
hypothesis testing formula and when to use it thanks,local
"hey, important dates related to the signing of the magna carta before my exam",local
can you whisper until i tell you not to,local
so is sensex pumping or dumping today as of now,online
fourier transform — proof and intuition briefly,local
speak faster,local
joins in sql tutorial with code,local
whats it like to be programmed,local
So key figures involved in the periodic table history with an example,local
"hey ai, don't speak fast",local
i'm out of here,local
nifty 50 rate as of this minute this morning,online
"sorry, can you speak a little faster, please",local
what's a fun fact about elephants,local
what's the currency conversion between rubles and yen,online
please turn on whisper mode because i am about to be in class,local
Topological sort cheat sheet,local
Main causes and effects of the printing press invention impact for my notes,local
will cracker barrel be crowded around five this evening,online
Pros and cons of inheritance vs composition,local
what's a highly rated place for steak in omaha,online
can you sub half and half for heavy whipping cream,local
is it likely my credit card application has processed yet,online
"how old are you, ai",local
quick q - practice problem using set theory basics in simple terms,local
Ngl is the toll plaza open or blocked at the moment,online
"real talk, real time quote for ripple xrp",online
timeline of the russian revolution 1917 for my notes,local
what do you do in your down time,local
"genuinely curious, pros and cons of promises vs callbacks",local
"Just checking, how is sensex trending today",online
probability distributions for my calculus homework,local
"in boston, what are the best pizza places",online
let me know where i'm located,online
Ngl solana price right now,online
your answer was good,local
Urgent - the ufc fight card score update please this morning,online
"i didnt hear what you just said, can you say it again",local
Ok walk through bayes theorem with numbers for revision,local
i want you to start referring to me as lucky,local
"genuinely curious, explain the silk road trade routes in a short paragraph?",local
practice problem using derivative of a function,local
difference between two pointer technique and virtual functions in c++,local
difference between generics in java and virtual functions in c++,local
how many kilos are in 10 pounds,local
ok so current valuation on ripple xrp no cap,online
the india vs australia test score update please this morning,online
is there a way to change the voice to male,local
explain the decolonization of africa in a short paragraph,local
what is the best way to deal with my lost luggage,online
has my application for the mastercard card gone through,online
key figures involved in the boston tea party,local
please change the name you refer to me by,local
"genuinely curious, publish subscribe pattern, explain like i'm a beginner coder before my exam",local
So dow jones today's high and low for the group chat,online
Who won the world cup qualifier last night,online
so traffic status on the main train route this morning for the group chat,online
quick q - important dates related to the great depression causes for revision,local
solid overview of memoization for revision,local
i want you to roll dice,local
So the boston tea party summary for history class for my notes,local
"for my homework, fourier transform — proof and intuition pls",local
are you familiar with any types of subjects,local
bayes theorem explained with an example problem before my exam,local
"For class tomorrow, regular expressions, explain like i'm a beginner coder with an example",local
please talk to me in the male british accent,local
"for class tomorrow, textbook definition of generics in java thanks",local
what hotel would you recommend in lakewood for 4 people from monday to wednesday,online
Ngl final score of the t20 world cup game at the moment,online
Fourier transform explained with an example problem,local
i'm going to the mall at 5:00 what will traffic be like,online
tail recursion cheat sheet — struggling with this,local
where do you suggest i plan my next vacation,online
Final score of the la liga clasico,online
Quick check on the s&p 500 before i trade for real,online
can i get an uber to union station for 3 riders,online
will it be okay if i use water instead of milk,local
"Real talk, is nifty 50 pumping or dumping today",online
"real talk, final score of the grand slam tennis match no cap",online
what are you able to answer,local
"For class tomorrow, the theory of evolution basics — what actually happened thanks",local
"hey, is the flight delayed out of bangalore due to fog as of now",online
ok so is the interstate open or blocked at the moment?,online
i think it's true,local
"need this for an interview, walk through convex optimization basics with numbers thanks",local
who was your creator,local
is flight dl123 coming in on time,online
"For my homework, linear regression math explained with an example problem before my exam",local
see you soon,local
so integration by parts for my calculus homework,local
Linear regression math explained with an example problem,local
how does window functions in sql actually work under the hood in simple terms,local
ok timeline of the boston tea party?,local
"real talk, the airport terminal conditions right now because of the storm before i head out",online
permutations and combinations for my calculus homework briefly,local
when should i pick hash map over memoization,local
Urgent - bitcoin price right now before i head out,online
i need you to repeat that,local
the name you should call me is janet,local
what languages can i switch to for your responses,local
so current congestion level on the ring road no cap,online
"need this for an interview, dynamic programming example in python please with an example",local
"go back to whisper mode, please",local
let me know if i need an international visa to go to sudan,online
take me to the nearest dairy queen,online
urgent - the f1 race highlights from tonight,online
when should i pick database indexing over monolith vs microservices,local
"genuinely curious, background on the renaissance key artists for my essay in simple terms",local
who's leading in the nba game currently,online
walk me through trie data structure step by step,local
Ngl who's leading in the world cup qualifier currently,online
so did the heatwave alert get resolved yet,online
can you talk to me in italian,local
Did silver rate go up or down this morning,online
Main causes and effects of the renaissance key artists,local
is it possible for you to use the whisper voice,local
change back to default settings,local
quick q - why did the moon landing mission details happen for revision,local
i want you to use whisper voice now,local
good job with assisting me,local
urgent - final score of the f1 race no cap,online
at this location what are my gps coordinates,online
can you tell me what the wait is like right now at cracker barrel,online
Cardano rate as of this minute,online
find an uber for two passengers we are going to the airport in toledo,online
sql query returns duplicate rows after my join,local
what is the spelling of potato,local
ngl the s&p 500 price action this week so far pls,online
"hey, summarize normalization forms in a few bullet points pls",local
quick one - who won the grand slam tennis match last night no cap,online
so is the interstate open or blocked at the moment right now,online
quick q - why is topological sort used instead of normalization forms pls,local
i want to take a bus to mexico city how do i do that,online
can you please repeat that response,local
"Need this for an interview, walk through laplace transform with numbers",local
can you tell my bank that i'll be travelling internationally soon,online
i appreciate that answer,local
"Genuinely curious, explain linked list with a simple example — struggling with this",local
the unification of germany summary for history class,local
urgent - how humid is it in hyderabad right now — need it fast,online
i wanna know the exchange rate between yen and dollars,online
How would you implement B-tree indexing from scratch briefly,local
Is the flight delayed out of dubai due to fog,online
what my fuel tank at,online
would you please increase your speaker volume,local
answer me in french,local
explain the russian revolution 1917 in a short paragraph,local
So did the parliament session today get resolved yet asap,online
Did the s&p 500 go up or down this morning tonight,online
what is the definition of altruism,local
"hey, is the protest downtown still ongoing rn",online
Quick one - ripple xrp live chart movement tonight,online
just call me sam,local
"hey, nvidia stock live chart movement for the group chat",online
Reliance shares market cap right now,online
"hey, any updates on the covid case numbers happening today at the moment",online
who won the f1 race last night for the group chat,online
"need this for an interview, how would you implement event loop in node from scratch for revision",local
could you roll the 8 sided dice,local
urgent - the grand slam tennis match score update please at the moment,online
compare event loop in node and message queues in one paragraph,local
so central limit theorem explained with an example problem,local
"multiple inheritance in python, explain like i'm a beginner coder",local
is the expressway open or blocked at the moment just curious,online
how to solve problems using probability distributions pls,local
why is microservices architecture used instead of docker containers,local
ok so current valuation on the s&p 500 in the last hour,online
i'd like a 7 sided dice roll please,local
"fyi need to know, quick check on gold rate before i trade this morning",online
do you know french,local
"Hey, set theory basics formula and when to use it pls",local
"will you repeat that, please",local
"For my homework, connection pooling for dummies?",local
are you really a person or an ai,local
quick q - how does backtracking algorithms actually work under the hood — struggling with this,local
"hey, the power outage in the city developments as of today asap",online
pros and cons of version control branching,local
please find me a hotel room for 4 people from monday to wednesday in lakewood,online
go ahead and roll that 9 sided dice,local
ok so how is ripple xrp trending today this evening,online
Main causes and effects of the signing of the magna carta,local
final score of the champions league final before my meeting,online
Nasdaq market cap right now,online
can you do a coin flip for me,local
where's my luggage for american airlines flight ab123 out of denver,online
"fyi need to know, infosys shares market cap right now rn",online
"fyi need to know, latest on the election results in real time — need it fast",online
flip that coin now,local
"book a flight from key west, fl to san antonio, tx on 18 february 2019 and returning on 5 march 2019",online
turn your volume up,local
"need this for an interview, unit testing vs integration testing example in python please briefly",local
quick one - who won the ipl match last night,online
ok so traffic status on the interstate this morning,online
tell me straight if it has been processed or not,online
is there a heat advisory in toronto today,online
urgent - how humid is it in seoul right now before my meeting,online
are you doing okay,local
background on the cold war origins for my essay,local
did eur to usd go up or down this morning while i'm stuck in traffic,online
garbage collection vs sharding which is better and when pls,local
"roll die, 6 sided",local
Walk me through caching strategies step by step with an example,local
can you roll a 10 sided die,local
so is the flyover near the city center open or blocked at the moment this evening,online
are there any tornadoes coming soon,online
quick one - did silver rate go up or down this morning?,online
can you tell me your place of origin,local
why is git rebase vs merge used instead of normalization in databases in simple terms,local
what step do i take if my bag got lost on the flight,online
do you think you are a bot,local
how are things for you,local
when should i pick monads in haskell over recursion,local
final score of the champions league final as of now,online
tell my bank that i will be taveling to south korea,online
"real talk, the t20 world cup game result just now tonight",online
ok why is denormalization used instead of lambda expressions for revision,local
"real talk, the metro line conditions right now because of the storm",online
Breaking news on the wildfire in the hills for the group chat,online
if i got to indonesia is it safe,online
ngl final score of the t20 world cup game no cap,online
"need this for an interview, why did the french revolution timeline happen briefly",local
thread pools example in python please,local
"genuinely curious, backtracking algorithms tutorial with code with an example",local
How does event loop in node actually work under the hood,local
i need to know how long to do a pot roast in a slow cooker,local
Ok quick refresher on foreign key constraints before my exam with an example,local
the storm system offshore developments as of today,online
i can not thank you enough,local
ngl current valuation on the s&p 500 at the moment,online
any updates on the covid case numbers happening today,online
"observer pattern, explain like i'm a beginner coder",local
how to solve problems using integration by parts,local
How bad is the heatwave alert right now,online
Is the expressway open or blocked at the moment as of now,online
Ok so current congestion level on the main train route pls,online
gold rate today morning session,online
"need this for an interview, when should i pick CAP theorem over bit manipulation tricks for revision",local
"fyi need to know, who won the asia cup final last night right now",online
does redrobin take reservations,online
what are your favorite activities,local
So quick check on tcs stock before i trade as of now,online
ACID properties interview question breakdown,local
give me an answer to who made you,local
can you set a timer for me,local
Hash map vs binary search tree which is better and when,local
"hey, TCP vs UDP, explain like i'm a beginner coder",local
ok so any delays on the ring road today tonight,online
how to solve problems using central limit theorem in simple terms,local
any updates on the heatwave alert happening today for real,online
is the harbor bridge open or blocked at the moment,online
can i use mayonnaise instead of miracle whip,local
whats the forecast for the weather,online
How bad is the tech layoffs news right now this evening,online
The nba game highlights from tonight — need it fast,online
what do you answer to,local
quick check on crude oil price before i trade,online
so chain rule in calculus formula and when to use it thanks,local
"just checking, how bad is the flood situation downtown right now this evening",online
"just heard about the trade deal talks, what's the latest for the group chat",online
Is the ipl match still playing right now,online
ok so any delays on the metro line today at the moment,online
good seeing you,local
practice problem using linear regression math for revision,local
linear regression math explained with an example problem,local
the periodic table history — what actually happened,local
ok so should i carry an umbrella in bangalore today as of now,online
"Need this for an interview, standard deviation formula for my calculus homework?",local
pull up traffic predictions at 4pm on the way to the library,online
"just checking, ripple xrp rate as of this minute no cap",online
difference between deadlocks and race conditions,local
"real talk, how is apple stock trending today",online
look up qat please,local
is there a heat advisory in new york today,online
important dates related to the theory of evolution basics,local
what's traffic usually like around 5pm going to the bank,online
how do you spell verisimilitude,local
probability distributions explained with an example problem for my notes,local
i need to to the female voice,local
when should i pick sliding window technique over version control branching,local
ngl who's leading in the f1 race currently for the group chat,online
is the election results affecting traffic right now,online
any updates on the border tensions happening today currently,online
i need to rent a car in boston for march 2 until march 4,online
the cyclone warning developments as of today in the last hour,online
So who's leading in the t20 world cup game currently this morning,online
Ok the renaissance key artists summary for history class thanks,local
i need to know if i could substitute apple sauce with eggs,local
set a timer for fifteen seconds,local
is there a particular name i should call you,local
walk through hypothesis testing with numbers,local
"real talk, the world cup qualifier highlights from tonight this evening",online
can you tell me any truly funny knock knock jokes,local
can you change to the whisper voice setting,local
"hey, how bad is the cabinet reshuffle right now",online
main causes and effects of the boston tea party with an example,local
the ceasefire negotiations status update please,online
So the partition of india — what actually happened?,local
"for my homework, key figures involved in the cold war origins before my exam",local
do you have any idea what my name is,local
would you just like to call me paul,local
"for class tomorrow, give me a quick rundown of the ottoman empire decline",local
Give me a quick rundown of the age of exploration key figures,local
"Real talk, live score for the nba game just curious",online
what's 3 plus 3,local
"real talk, is the ceasefire negotiations still ongoing",online
background on ancient egyptian pyramid construction for my essay,local
"ai, would you kindly roll the dice",local
Walk through linear regression math with numbers,local
help me get a rental car for march 2 to 6th in dallas and i would prefer a bmw suv,online
"fyi need to know, the earthquake near the coast status update please at the moment",online
list roundtrip flights available from dallas to los angeles from march 2 to march 10,online
what's fun to do in thailand,online
"hey, the asia cup final highlights from tonight as of now",online
what are the reviews like for mission chinese,online
"for my homework, derive convex optimization basics step by step for revision",local
is the metro line open or blocked at the moment rn,online
so the grand slam tennis match score update please no cap,online
the pythagorean theorem for my calculus homework for my notes,local
what's the conversion from inches to centimeters,local
how would you implement process vs thread from scratch,local
i'd like you to roll a 6 sided dice,local
"Hey, practice problem using partial derivatives in simple terms",local
are you ai or a real person please,local
how long do you bake a cake,local
go to whisper mode,local
i need you to flip a coin so i can make a choice,local
quick q - timeline of the decolonization of africa briefly,local
can you specify if you are a human or a computer,local
can i use normal flour if i don't have bread flour,local
i want a hotel room for 6 from the 1st through the 3rd in seattle,online
Ok key figures involved in the moon landing mission details before my exam,local
summarize merge sort in a few bullet points for my notes,local
how does stack vs heap memory actually work under the hood,local
Important dates related to the cold war origins before my exam,local
Did nifty 50 go up or down this morning asap,online
what is inches in centimeters,local
can i refer to you as mike from here on out,local
any train delays on the main line right now,online
"hey, crude oil price today's high and low pls",online
what location do you see me at right now,online
final score of the champions league final,online
"fyi need to know, solana rate as of this minute right now",online
what can you help me with exactly,local
what is 10 ounces in grams,local
Timeline of the unification of germany for my notes,local
Derive linear regression math step by step,local
i'd like to change the ai name,local
is the harbor bridge closed due to the accident for real,online
"real talk, current congestion level on the interstate before i head out",online
"real talk, the ufc fight card score update please before i head out",online
can you tell me what time this flight is going to land,online
show me some things to do in gatlinburg,online
"Fyi need to know, breaking news on the central bank's rate decision at the moment",online
"uber, i have 3 people who are going to union station",online
"i am going to south america, let my bank know",online
"for my homework, solid overview of CAP theorem for revision pls",local
Quick q - key figures involved in the silk road trade routes,local
"for class tomorrow, derive the pythagorean theorem step by step before my exam",local
"hey, nvidia stock rate as of this minute for real",online
alert the bank that i am traveling to tokyo on the 7th until the 21st,online
definition of zesty,local
help me a great hotel in vegas for this weekend,online
how's my gas supply looking,online
what's the funnest thing for a tourist to do in iceland,online
"just checking, tesla stock market cap right now in the last hour",online
are you able to sub white sugar for brown sugar,local
background on the signing of the magna carta for my essay,local
"i would like an uber going to atlantic city, new jersey",online
quick one - gold rate rate as of this minute for the group chat,online
so is the highway closed due to the accident no cap,online
So final score of the la liga clasico just curious,online
can i switch cream with milk in a recipe,local
so any delays on the subway line today?,online
main causes and effects of the russian revolution 1917,local
the t20 world cup game result just now before i head out,online
Ok so traffic status on the expressway this morning before i head out,online
"yeah that's right, so true",local
Any updates on the storm system offshore happening today,online
tell me what the word arboreal means,local
standard deviation formula — proof and intuition — struggling with this,local
"Genuinely curious, important dates related to the renaissance key artists?",local
Urgent - how humid is it in hyderabad right now this evening,online
Is it safe to drive in paris with this storm — need it fast,online
quick one - any delays on the flyover near the city center today before my meeting,online
ok so is the airport terminal flooded from the downpour right now before i head out,online
Ngl nasdaq price right now,online
"hey, the airport terminal conditions right now because of the storm while i'm stuck in traffic",online
"that'll work, good job!",local
ok so is the harbor bridge flooded from the downpour right now — need it fast,online
give me trivia about bats,local
what are my list of commands,local
can i rent a car out of lax from tuesday to thursday,online
"i don't get race conditions, someone explain — struggling with this",local
"For my homework, walk through law of sines with numbers",local
so why is normalization forms used instead of pointers vs references,local
would you look up roundtrip flights from dallas to houston for march 7 and march 10,online
main causes and effects of the unification of germany,local
is it safe to drive in paris with this storm,online
is the subway line open or blocked at the moment,online
"real talk, the euro cup semifinal highlights from tonight for real",online
how would you implement foreign key constraints from scratch,local
quick q - derive law of sines step by step briefly,local
so should i carry an umbrella in san francisco today as of now,online
Ok why is bit manipulation tricks used instead of subqueries in sql,local
tell me what name to use to refer to you,local
will i need a travel visa to go to canary islands,online
hypothesis testing explained with an example problem,local
who's responsible for your existence,local
"need this for an interview, practice problem using hypothesis testing for my notes",local
ok so cardano market cap right now for the group chat,online
Infosys shares today's high and low,online
"for my homework, test driven development for dummies pls",local
so any delays on the metro line today,online
what is the meaning of life here,local
how to solve problems using matrix multiplication rules before my exam,local
Timeline of the silk road trade routes,local
What's going on with the trade deal talks at the moment,online
"For my homework, how to solve problems using bayes theorem",local
please set timer for 4 pm,local
the world cup qualifier highlights from tonight,online
what are you able to help me with,local
what type of questions may i ask you,local
quick one - the harbor bridge conditions right now because of the storm currently,online
ok how does joins in sql actually work under the hood,local
catch you around,local
"real talk, apple stock today's high and low tonight",online
"goodbye, ai assistant",local
infosys shares price action this week so far while i'm stuck in traffic,online
key figures involved in ancient egyptian pyramid construction thanks,local
what type of questions are you partial to that i can ask you,local
bye!,local
can you tell me where the atm closest to my current location is,online
"Just checking, the s&p 500 today's high and low rn",online
How is dow jones trending today,online
"genuinely curious, why is race conditions used instead of compiler vs interpreter in simple terms",local
name a good restaurant near me,online
how do you convert pounds to kilos,local
quick q - explain the unification of germany in a short paragraph before my exam,local
"genuinely curious, background on the american civil war causes for my essay before my exam",local
quick one - sensex rate as of this minute asap,online
tell me how the russians say notebook,local
what name should i use when i call you,local
"just checking, is the subway line closed due to the accident no cap",online
is the t20 world cup game still playing right now,online
use a male voice now,local
"Need this for an interview, the american civil war causes summary for history class for my notes",local
i need you to book me a flight from ft lauderdale to houston on southwest,online
what ingredients do i need to make spaghetti,local
ok explain thread pools with a simple example?,local
can i book a hotel in new york city near times square from 3/1 until 3/5,online
"i really appreciate your help, thank you",local
you are how old,local
Timeline of the theory of evolution basics,local
ok explain the discovery of penicillin in a short paragraph,local
hello how's it going,local
so final score of the wimbledon final right now,online
current valuation on sensex this morning,online
"hey, the india vs australia test score update please right now",online
please change my name,local
the ring road conditions right now because of the storm right now,online
see you again soon,local
bye bye!,local
please turn my settings back to the original settings,local
can you let me know if it will be warm this week,online
"hey, hypothesis testing formula and when to use it",local
"for my homework, set theory basics explained with an example problem",local
the s&p 500 price action this week so far for real,online
"just checking, did the airline strike get resolved yet",online
"hello, friend",local
quick q - derive set theory basics step by step in simple terms,local
"fyi need to know, how humid is it in sydney right now rn",online
how is tcs stock trending today,online
could you talk like a british male,local
what name would you like me to use,local
tata for now,local
what do i need if i want to make lasagna,local
so derive standard deviation formula step by step — struggling with this,local
what's the latest with my united flight,online
tesla stock rate as of this minute,online
will i be safe while traveling to lyon (will you be safe),online
are you a real life person,local
So main causes and effects of the ottoman empire decline,local
how would you implement recursion from scratch?,local
what's going on with the wildfire in the hills at the moment just curious,online
inform my bank i will be travelling to central africa,online
"just checking, who's leading in the t20 world cup game currently right now",online
"two pointer technique, explain like i'm a beginner coder",local
hey hey!,local
"could you find my location on the map, please",online
what ingredients are in sushi,local
Ok matrix multiplication rules explained with an example problem?,local
background on the theory of evolution basics for my essay,local
So key figures involved in the printing press invention impact,local
real world use case for subqueries in sql pls,local
"regarding my name, whats it saved as",local
Who's leading in the f1 race currently asap,online
what do i have left in the gas tank,online
what locations of applebee's take reservations,online
"Fyi need to know, is the storm system offshore still ongoing asap",online
i'd like some suggestions on where to go on my vacation this year,online
how do they say goodbye in hawaii,local
ok so is there a heat advisory in kolkata today currently,online
how many cs are in acquiescence,local
ngl live score for the f1 race before my meeting,online
live score for the grand slam tennis match at the moment,online
how are things going,local
how good are the ratings for peter luger steakhouse,online
what's lifes meaning,local
how much snow will we be getting tomorrow,online
"genuinely curious, walk through standard deviation formula with numbers — struggling with this",local
tell me something funny about animals,local
Pointers vs references interview question breakdown,local
"Hey, the ufc fight card score update please this evening",online
is there a way i can change the name you use to address me,local
how do you say i need coffee in dutch,local
quick one - who won the ashes series last night just curious,online
i need to know my location,online
The ottoman empire decline summary for history class,local
"For my homework, joins in sql for dummies — struggling with this",local
"Just checking, who won the premier league match last night pls",online
ok binary search tree example in python please,local
derive limits and continuity step by step before my exam,local
textbook definition of event loop in node,local
my luggage has not arrived and i would like assistance locating it,online
can you roll the dice,local
Promises vs callbacks for dummies,local
Explain the age of exploration key figures in a short paragraph,local
please change the name of you to tim,local
"genuinely curious, explain the unification of germany in a short paragraph with an example",local
i need to know who is your boss,local
Timeline of the treaty of versailles terms,local
who's leading in the f1 race currently,online
Who's leading in the wimbledon final currently,online
can i get an uber to central park for 5,online
i need to change my username,local
quick one - final score of the euro cup semifinal this evening,online
i'd like you to address me as lord snugglebottom,local
practice problem using law of cosines briefly,local
"For my homework, real world use case for observer pattern",local
can applebees take any reservations,online
"need this for an interview, denormalization tutorial with code for my notes",local
compare B-tree indexing and bit manipulation tricks in one paragraph,local
The ashes series score update please,online
ok pros and cons of garbage collection for my notes,local
what's your hometown,local
"Hey, the toll plaza conditions right now because of the storm currently",online
Nasdaq price right now,online
when should i pick two pointer technique over hash map,local
urgent - is the ring road closed due to the accident at the moment,online
how can i say i love you in italy,local
tell me a funny joke,local
how to solve problems using gradient descent math thanks,local
Practice problem using permutations and combinations,local
Urgent - ethereum price right now just curious,online
describe who it is you work for,local
hypothesis testing for my calculus homework,local
current valuation on ethereum,online
i need you to increase your volume,local
"genuinely curious, chain rule in calculus explained with an example problem for my notes",local
urgent - did silver rate go up or down this morning for the group chat,online
let me know if you are a human or a computer,local
what's should i call you by,local
what is 20% of a thousand,local
Main causes and effects of the age of exploration key figures,local
"need this for an interview, real world use case for tail recursion?",local
cardano price right now as of now,online
is there a heat advisory in san francisco today,online
quick sort example in python please,local
hi there alexa,local
Logarithm rules formula and when to use it,local
"i don't get merge sort, someone explain — struggling with this",local
i want a timer set,local
Sensex rate as of this minute,online
am i your employer,local
Is the subway line closed due to the accident before my meeting,online
did tesla stock go up or down this morning,online
what sort of things do you enjoy,local
main causes and effects of when the berlin wall fell pls,local
please specify if you are human or computer,local
Is there a heat advisory in london today,online
will i need a visa to visit ireland,online
the mughal empire timeline — what actually happened pls,local
so who's leading in the asia cup final currently just curious,online
"Need this for an interview, partial derivatives explained with an example problem pls",local
so did ripple xrp go up or down this morning pls,online
limit your volume,local
tell me something neat about the ocean floor,local
quick refresher on normalization forms before my exam,local
i need a hotel room that can host 5 people from tomorrow to saturday in denver,online
timeline of the age of exploration key figures,local
"Need this for an interview, derive limits and continuity step by step",local
tell me the ingredients in pizza,local
ok so the premier league match result just now?,online
quick one - how bad is the airline strike right now at the moment,online
what's going on with the flood situation downtown at the moment,online
kubernetes pods example in python please,local
i would like a 10 sided die rolled,local
confirm,local
showme how to find my location,online
what am i known as to you,local
i want to hear something funny,local
Who's leading in the asia cup final currently,online
"genuinely curious, walk through law of cosines with numbers before my exam",local
linked list cheat sheet with an example,local
i want recommendations for good sushi spots in los angeles,online
did silver rate go up or down this morning as of now,online
quick one - current valuation on dow jones?,online
the answer is no,local
"genuinely curious, give me a quick rundown of the decolonization of africa thanks",local
please book me a place in pittsburgh to stay from monday to friday,online
"Need this for an interview, derive laplace transform step by step before my exam",local
walk me through operator overloading in c++ step by step for my notes,local
i can't find any of my luggage!,online
So important dates related to the french revolution timeline,local
how many pesos equals 500 dollars,online
sure thing,local
what is the purpose of creation,local
how many pesos can i get for one dollar,online
can you flip a coin once,local
has my credit card application been processed yet,online
current status of the cyclone approaching the coast,online
"in nashville, i need a rental car booked",online
"hey, current congestion level on the expressway this morning",online
what's up,local
roll the 10 sided dice on time,local
"Need this for an interview, explain the french revolution timeline in a short paragraph?",local
"Fyi need to know, who's leading in the euro cup semifinal currently — need it fast",online
ok main causes and effects of the russian revolution 1917 for revision,local
please change to the female voice,local
"need this for an interview, walk through gradient descent math with numbers",local
if i go to canada next month do i need a visa,online
compare normalization in databases and message queues in one paragraph for revision,local
what is the most fun fact you know about the film industry,local
practice problem using permutations and combinations,local
Ngl traffic status on the metro line this morning pls,online
return to default settings,local
that's totally wrong!,local
can you repeat yourself,local
"Need this for an interview, practice problem using derivative of a function briefly",local
background on the causes of world war 1 for my essay,local
the periodic table history summary for history class pls,local
can you find me a hotel in columbus with good reviews,online
"genuinely curious, mock objects in testing example in python please thanks",local
does chillis take reservations,online
how long have you been alive for,local
"fyi need to know, is the flyover near the city center flooded from the downpour right now this morning",online
what are your favorite hobbies to take part in,local
ok so who's leading in the champions league final currently,online
i would like to know how to say hello in french,local
ok important dates related to the silk road trade routes in simple terms,local
current congestion level on the airport terminal before my meeting,online
"Fyi need to know, final score of the grand slam tennis match this morning",online
i want to rent a car in boston for march 2 until march 4,online
Quick refresher on mutex vs semaphore before my exam,local
sensex rate as of this minute before my meeting,online
"nope, that's false",local
Explain the great depression causes in a short paragraph,local
can you check and see if my credit card application has been approved or not,online
"Thread pools, explain like i'm a beginner coder pls",local
what do you call a subway if you were english,local
what are some fun things i can partake in in atlanta,online
can i take out the olive oil and use lard,local
where did you grow up,local
breaking news on the parliament session today?,online
how long should i cook a spiral ham,local
"ai, heads or tails",local
how much gas do i currently have,online
"fyi need to know, live score for the la liga clasico while i'm stuck in traffic",online
"Hey, how is gold rate trending today this morning",online
Quick q - integration by parts — proof and intuition in simple terms,local
"would you find my location on the map, please",online
How does dependency injection actually work under the hood,local
"for class tomorrow, the russian revolution 1917 summary for history class for revision",local
quick q - laplace transform formula and when to use it for my notes,local
what are the reviews like for bar tartine,online
what is 5 in yen and rubles,online
Crude oil price market cap right now,online
define discretionary,local
eur to usd today's high and low,online
what is the necessary amount of time required to prepare pot roast,local
how humid is it in singapore right now,online
your answer is appreciated,local
"for class tomorrow, background on the moon landing mission details for my essay for my notes",local
compare docker containers and heap data structure in one paragraph,local
"real talk, real time quote for eur to usd today",online
"Hey, the f1 race score update please just curious",online
how do they say no in germany,local
any delays on the expressway today,online
engage whisper mode now,local
what is six divided by 16,local
"real talk, the metro line conditions right now because of the storm tonight",online
what is my current gas level,online
compare compiler vs interpreter and closures in javascript in one paragraph,local
so any updates on the border tensions happening today before i head out,online
urgent - apple stock price action this week so far before i head out,online
are you young or old,local
what's the sort of thing i should ask,local
i need to know how much gas is left,online
could you let me know what names you have for me,local
do you have the ability to do a male british accent,local
is everything ok with you,local
i need to get a flight out of seattle to dulles next week for under $500,online
i want you to call me this new name,local
Practice problem using logarithm rules for my notes,local
ngl is the metro line closed due to the accident right now,online
"just checking, the ashes series score update please — need it fast",online
i am thankful for the answer,local
current valuation on dow jones before my meeting,online
the cyclone warning developments as of today while i'm stuck in traffic,online
current congestion level on the highway,online
the central bank's rate decision — anything new in the last hour,online
search for a flight out of la to chicago on march 3rd for under $500,online
"genuinely curious, important dates related to the partition of india for my notes",local
Quick one - tcs stock rate as of this minute this morning,online
"restore your factory settings, please",local
ngl breaking news on the wildfire in the hills no cap,online
"hey, practice problem using gradient descent math thanks",local
give me a quick rundown of the treaty of versailles terms for revision,local
not that,local
big O notation tutorial with code,local
i'm travelling to ireland soon and want to inform my bank,online
"hey, pros and cons of inheritance vs composition for revision",local
Integration by parts for my calculus homework,local
Timeline of the wright brothers first flight,local
if i want to travel to mexico do i need to get a visa,online
what's the formula for calculating standard deviation,local
Final score of the ashes series,online
why thank you,local
"Hey, is the euro cup semifinal still playing right now for real",online
Final score of the f1 race,online
"genuinely curious, taylor series expansion explained with an example problem — struggling with this",local
"need this for an interview, how to solve problems using markov chains for my notes",local
"genuinely curious, practice problem using chain rule in calculus for my notes",local
tell me how you've been,local
The partition of india summary for history class thanks,local
i need you to get me a flight booked from houston to miami on united airlines,online
i must set a timer,local
how to solve problems using law of sines briefly,local
what's my name in your system,local
quick one - what's going on with the covid case numbers at the moment tonight,online
main causes and effects of the moon landing mission details,local
the vaccine rollout progress status update please while i'm stuck in traffic,online
please tell me my current gps coordinates,online
the word 'you' got how many letters,local
law of sines — proof and intuition,local
nvidia stock today's high and low,online
see you later alligator,local
background on the ottoman empire decline for my essay pls,local
python throws indexerror out of range in my for loop,local
what are the best restaurants,online
textbook definition of TCP vs UDP,local
whats left as far as gas goes,online
"flip a coin for me, with you calling heads",local
i'm glad i got to talk to you,local
how many us dollars can i get for 20 euros,online
"hey, nasdaq market cap right now rn",online
quick q - how would you implement mock objects in testing from scratch — struggling with this,local
urgent - is the ring road closed due to the accident rn,online
the ring road conditions right now because of the storm pls,online
"genuinely curious, textbook definition of backtracking algorithms",local
"you have been a big help, thank you so much",local
Latest on the border tensions in real time,online
the toll plaza conditions right now because of the storm asap,online
that is accurate,local
go back to the factory settings for this device,local
reliance shares market cap right now,online
"need this for an interview, when the berlin wall fell — what actually happened with an example",local
"real talk, infosys shares live chart movement asap",online
how do i know that you're a person,local
what is the point of life,local
Compare stack vs heap memory and hash map in one paragraph,local
Explain the ottoman empire decline in a short paragraph with an example,local
"need this for an interview, pros and cons of TCP vs UDP with an example",local
"for my homework, the causes of world war 1 summary for history class",local
"fyi need to know, nifty 50 price right now while i'm stuck in traffic",online
ngl is the euro cup semifinal still playing right now this morning,online
"event loop in node, explain like i'm a beginner coder",local
what is the projected time frame for the flight to land,online
backtracking algorithms cheat sheet,local
"i am glad we got to talk again, see you soon",local
"for my homework, key figures involved in the printing press invention impact for revision",local
the asia cup final highlights from tonight,online
could you get me a delta flight from sioux falls to philadelphia for under $400,online
do you have any hobbies to speak of,local
did you grow up here,local
"hey, main causes and effects of the industrial revolution key inventions for revision",local
mock objects in testing vs topological sort which is better and when,local
"for class tomorrow, matrix multiplication rules explained with an example problem",local
"just checking, the harbor bridge conditions right now because of the storm this morning",online
what things do you do for fun,local
"hey, is the expressway open or blocked at the moment right now",online
"fyi need to know, current congestion level on the airport terminal just curious",online
would you reset your factory settings,local
what is the proper way to spell diamond,local
can you tell me some of your hobbies,local
"just checking, is the t20 world cup game still playing right now just curious",online
is it going to be sunny today,online
"genuinely curious, important dates related to the boston tea party",local
derive derivative of a function step by step,local
how are the donuts reviews at tgi,online
i missed that say it again,local
ok so is the airport terminal closed due to the accident right now,online
"genuinely curious, explain the theory of evolution basics in a short paragraph",local
"for my homework, partial derivatives explained with an example problem with an example",local
sharding vs observer pattern which is better and when,local
what is 500 x 25,local
give me a quick rundown of the french revolution timeline,local
should i take a different route to work,online
Quick one - the subway line conditions right now because of the storm,online
is a visa needed to go to mexico,online
correlation vs causation for my calculus homework,local
quick one - is the la liga clasico still playing right now for real,online
urgent - is there a heat advisory in new york today before i head out,online
"if i lost my luggage, where can i get help",online
thanks for answering my question,local
what ingredients are in coffee cakes,local
are the reviews for chevy's any good,online
The premier league match highlights from tonight just curious,online
quick q - important dates related to the signing of the magna carta — struggling with this,local
Is the subway line flooded from the downpour right now in the last hour,online
i'm traveling to paris soon and want to inform my bank,online
do you remember my name,local
quick one - is the airport terminal open or blocked at the moment this morning,online
"For my homework, practice problem using eigenvalues and eigenvectors for revision",local
does bjs get good reviews,online
would i need to get a visa to go to ireland,online
"need this for an interview, partial derivatives for my calculus homework briefly",local
where is your birth place,local
i need you to please repeat that,local
the la liga clasico score update please,online
The decolonization of africa — what actually happened thanks,local
The s&p 500 price action this week so far,online
please tell me if a coin flip lands on heads or tails,local
find me round trip flights out of lax to sfox,online
urgent - dogecoin price right now,online
"real talk, the euro cup semifinal score update please while i'm stuck in traffic",online
"Real talk, final score of the f1 race tonight",online
ok so is solana pumping or dumping today tonight,online
Difference between eventual consistency and REST vs GraphQL,local
explain inheritance vs composition with a simple example,local
"genuinely curious, walk through taylor series expansion with numbers — struggling with this",local
breaking news on the parliament session today,online
quick one - the euro cup semifinal highlights from tonight?,online
the india vs australia test score update please,online
what does subway use to make a cold cut combo,local
how to solve problems using set theory basics thanks,local
graph traversal cheat sheet,local
is the central bank's rate decision affecting traffic right now?,online
is it safe to drive in london with this storm,online
important dates related to the signing of the magna carta,local
no that isn't it,local
explain virtual memory with a simple example,local
walk me through greedy algorithms step by step,local
the vaccine rollout progress — anything new in the last hour,online
is it possible to rent a car from laguardia from tuesday to friday,online
please tell the bank i will be traveling internationally,online
are you working for someone other than me,local
how much traffic is there before the stadium,online
ok so should i carry an umbrella in london today before i head out,online
would you flip a coin,local
can you roll a 6 sided dice,local
"just checking, is the interstate flooded from the downpour right now in the last hour",online
quick q - timeline of the signing of the magna carta in simple terms,local
how long would i have to wait if i want to go to golden corral,online
i'd like to refer to you as my house from now on,local
would you tell me what names you have for me,local
how shall i find my current location,online
has there been any changes in the status of my credit card application,online
ngl who's leading in the asia cup final currently before i head out,online
what is 3/4 of 18,local
Breaking news on the cyclone warning,online
thanks,local
i wish to have a 10 minute timer,local
let me know the traffic in tempe,online
"goodbye, helpful ai device!",local
can you help me solve a math problem,local
who won the wimbledon final last night as of now,online
see if my form submission for an american express card has been seen,online
"yes, that is right",local
"for class tomorrow, timeline of the partition of india",local
what is the prep time for a 10 lb turkey,local
please set a 4 minute timer,local
where can i rent a car in boston,online
i prefer to go by brad,local
The expressway conditions right now because of the storm for real,online
what is the square root of 5,local
where were your born,local
good evening,local
Who won the nba game last night,online
"fyi need to know, just heard about the covid case numbers, what's the latest",online
"so TCP vs UDP, explain like i'm a beginner coder in simple terms",local
The periodic table history — what actually happened,local
"i need to get to a church immediately, please take me to one!",online
on what day and date of what year were you born,local
what's the traffic typically like at 3:30 on the route to phoenix,online
ok so will it rain in tokyo in the next few hours,online
can i make it to tampa without needing to get more gas,online
ok so any delays on the metro line today pls,online
the vaccine rollout progress developments as of today,online
urgent - current air quality index in chennai,online
"Real talk, current valuation on tesla stock today",online
window functions in sql example in python please,local
Vector cross product for my calculus homework,local
ok the periodic table history summary for history class for revision,local
"yeah, that's how it is",local
so silver rate live chart movement in the last hour,online
"hey, how bad is the trade deal talks right now?",online
Is nasdaq pumping or dumping today this evening,online
Ok taylor series expansion explained with an example problem — struggling with this,local
"just checking, who's leading in the ufc fight card currently today",online
so what's going on with the heatwave alert at the moment before i head out,online
"need this for an interview, the industrial revolution key inventions — what actually happened",local
that’s incorrect,local
is there an option to change the language,local
name some tourist things to do in seattle,online
"Genuinely curious, foreign key constraints for dummies",local
is there a travel alert for russia,online
urgent - live score for the world cup qualifier no cap,online
can you tell me the best place for cajun shrimp in tampa,online
The euro cup semifinal result just now,online
what can you tell me about miami weather,online
law of sines formula and when to use it,local
do you know if olive garden does reservations,online
Did cardano go up or down this morning,online
"just checking, how bad is the parliament session today right now before i head out",online
"hey, test driven development example in python please",local
what country were you born in,local
the premier league match highlights from tonight,online
Quick q - derive set theory basics step by step,local
joins in sql — key points to remember,local
translate hello to english,local
"hey, the pythagorean theorem explained with an example problem",local
So the f1 race score update please before my meeting,online
Current congestion level on the subway line,online
will you roll a 12 sided dice,local
so the mughal empire timeline summary for history class in simple terms,local
taylor series expansion explained with an example problem?,local
"genuinely curious, B-tree indexing for dummies in simple terms",local
"genuinely curious, derive standard deviation formula step by step thanks",local
what are the reviews like for la camelia,online
Walk through logarithm rules with numbers,local
"need this for an interview, logarithm rules formula and when to use it thanks",local
what's the latest joke you've heard,local
how do i change the name you came with to something else,local
slow your roll,local
Markov chains for my calculus homework,local
The ashes series result just now,online
tell me the subject areas you are familiar with,local
what's the cooking time for chicken alfredo,local
main causes and effects of the silk road trade routes,local
your name from this point forward is george,local
eigenvalues and eigenvectors formula and when to use it,local
"hey, static vs dynamic typing tutorial with code?",local
the cold war origins — what actually happened,local
the india vs australia test score update please before my meeting,online
test driven development vs graph traversal which is better and when,local
so give me a quick rundown of the theory of evolution basics thanks,local
Important dates related to the silk road trade routes for revision,local
tell my bank i will be in brazil from june 1st to july 1st,online
"for my homework, solid overview of bit manipulation tricks for revision for revision",local
quick refresher on git rebase vs merge before my exam with an example,local
who made you ai,local
your name is roman,local
"hey, derive probability distributions step by step?",local
what's the traffic like on the way to the amusement park,online
"just checking, traffic status on the highway this morning",online
"genuinely curious, solid overview of generics in java for revision",local
ok so final score of the ashes series just curious,online
can you flip a coin and tell me the result,local
so who won the india vs australia test last night today,online
what's the temperature outside,online
is it safe to drive in berlin with this storm,online
what are the ratings like for chilis,online
How to solve problems using derivative of a function,local
"fyi need to know, did the trade deal talks get resolved yet for real",online
compare polymorphism and normalization forms in one paragraph in simple terms,local
final score of the f1 race,online
Apple stock price right now?,online
how does mutex vs semaphore actually work under the hood,local
"sliding window technique, explain like i'm a beginner coder",local
bonjour,local
Timeline of the renaissance key artists — struggling with this,local
give the dice a roll,local
slow your speech down,local
key figures involved in the treaty of versailles terms,local
how long do i cook this dish of rice,local
"For class tomorrow, important dates related to the mughal empire timeline in simple terms",local
"for class tomorrow, give me a quick rundown of the boston tea party in simple terms",local
go ahead and roll the dice,local
what do you get if you roll a six sided dice,local
so traffic status on the expressway this morning while i'm stuck in traffic,online
is sage busy around noon,online
ngl final score of the grand slam tennis match asap,online
"fyi need to know, current valuation on gold rate no cap",online
so closures in javascript tutorial with code before my exam,local
ai i have 4 people need to get to get me uber,online
"real talk, how bad is the storm system offshore right now this evening",online
ok so silver rate price action this week so far just curious,online
by what name do you refer to me,local
i need meteorological data for tallahassee,online
could i please change your name to alicia,local
"fyi need to know, the champions league final result just now asap",online
ok practice problem using linear regression math — struggling with this,local
can you help me find my luggage it was lost on delta flight abc123 from houston,online
"for my homework, real world use case for sharding for my notes",local
my bags did not arrive here at smf,online
i need to know the point of life,local
how low is my gas tank,online
so derive markov chains step by step with an example,local
quick one - is there a heat advisory in chicago today today,online
is the metro line flooded from the downpour right now this evening,online
ethereum today's high and low,online
"For my homework, monolith vs microservices interview question breakdown",local
"just checking, the ipl match result just now today",online
i need to know the travel alerts for kenya,online
The la liga clasico score update please,online
The pythagorean theorem — proof and intuition,local
"fyi need to know, who's leading in the ufc fight card currently just curious",online
the signing of the magna carta — what actually happened,local
"real talk, cardano market cap right now in the last hour",online
i would like you to revert to your factory settings,local
Sensex price action this week so far,online
"just checking, just heard about the border tensions, what's the latest before my meeting",online
what is your point of origin,local
"real talk, is the highway flooded from the downpour right now before i head out",online
what are some of the attractions in gatlinburg,online
matrix multiplication rules — proof and intuition,local
"for class tomorrow, the french revolution timeline — what actually happened briefly",local
Key figures involved in the industrial revolution key inventions — struggling with this,local
how can i know my current location,online
call me jake,local
The pythagorean theorem formula and when to use it,local
"Hey, current valuation on sensex no cap",online
which ingredients does gumbo have,local
ngl the ipl match highlights from tonight in the last hour,online
ok so who's leading in the la liga clasico currently just curious,online
switch back to your factory settings,local
ngl is the toll plaza flooded from the downpour right now just curious,online
"Real talk, quick check on eur to usd before i trade as of now",online
Quick one - is the storm system offshore affecting traffic right now as of now,online
"hey, explain the periodic table history in a short paragraph",local
ingredients needed to make a mexican lasagna,local
so monolith vs microservices — key points to remember briefly,local
any delays on the flyover near the city center today,online
explain test driven development with a simple example,local
"in paris, get me a hotel room for 4 people from march 1st to 3rd",online
"thanks, that's helpful",local
what are the gps coordinates of this spot i am at right now,online
ngl any delays on the highway today while i'm stuck in traffic,online
"hey, give me a quick rundown of the unification of germany before my exam",local
crude oil price price right now,online
tesla stock price right now at the moment,online
how much cad can i get with my one usd,online
ngl any delays on the highway today tonight,online
"fyi need to know, is the subway line flooded from the downpour right now tonight",online
The india vs australia test score update please currently,online
mock objects in testing vs immutability in functional programming which is better and when,local
reset to your natural settings,local
"fyi need to know, the nba game score update please — need it fast",online
So how to solve problems using markov chains for revision,local
important dates related to when the berlin wall fell,local
ripple xrp market cap right now,online
"fyi need to know, is usd to inr pumping or dumping today for the group chat",online
what mexican restaurant within 5 miles has the best reviews,online
So difference between test driven development and two pointer technique pls,local
the s&p 500 price right now,online
i need to go now,local
tail recursion vs quick sort which is better and when — struggling with this,local
please book me a room in austin from tomorrow to the 2nd,online
give me a 10 minute countdown,local
"real talk, is the toll plaza flooded from the downpour right now in the last hour",online
i am in need of my location,online
Practice problem using law of cosines,local
get me a flight booked from houston to phoenix with american airlines,online
what potential hazards are there for going to spain,online
Tesla stock market cap right now asap,online
"for class tomorrow, asynchronous programming — key points to remember with an example",local
ngl who's leading in the ufc fight card currently pls,online
Is the harbor bridge flooded from the downpour right now today,online
"Hey, how to solve problems using correlation vs causation briefly",local
"hey, compare thread pools and big O notation in one paragraph — struggling with this",local
ok so who's leading in the ashes series currently?,online
any delays on the subway line today at the moment,online
"hey, the flyover near the city center conditions right now because of the storm this morning",online
quick q - summarize abstract class vs interface in a few bullet points for revision,local
Final score of the t20 world cup game,online
quick one - traffic status on the main train route this morning no cap,online
"hey, taylor series expansion explained with an example problem in simple terms",local
will i need a visa to go to moldova,online
why did the decolonization of africa happen,local
how do you convert feet to inches,local
i believe what you just said is true,local
what level is my gas tank at,online
Markov chains formula and when to use it in simple terms,local
can you tell me what you refer to me as,local
Real world use case for connection pooling before my exam,local
i want to know how old you are,local
current valuation on ripple xrp today,online
set a one hour timer,local
"Hey, current congestion level on the harbor bridge",online
ngl who won the ufc fight card last night at the moment,online
compare B-tree indexing and primary key vs unique key in one paragraph,local
tell me what is the purpose of life,local
use a woman's voice,local
what's the meaning of this life,local
How would you implement mutex vs semaphore from scratch,local
who won the world cup qualifier last night as of now,online
So current valuation on crude oil price,online
current air quality index in chicago,online
"fyi need to know, current air quality index in kolkata?",online
Solid overview of pointers vs references for revision briefly,local
subqueries in sql vs message queues which is better and when,local
quick q - singleton pattern vs normalization forms which is better and when in simple terms,local
Is the flight delayed out of san francisco due to fog,online
Is there a heat advisory in toronto today for the group chat,online
"real talk, how is solana trending today as of now",online
please change your accent the male british one,local
my luggage is missing i was on frontier flight ab123 from seattle,online
Eigenvalues and eigenvectors — proof and intuition,local
quick one - any delays on the main train route today at the moment,online
Quick one - real time quote for cardano as of now,online
ok so real time quote for the s&p 500 this evening,online
So main causes and effects of the cold war origins in simple terms,local
"Need this for an interview, main causes and effects of the partition of india briefly",local
how would i say thank you if i were russian,local
is there a heat advisory in paris today,online
increase volume,local
my recursive function keeps hitting a stack overflow,local
"for class tomorrow, the causes of world war 1 — what actually happened pls",local
so why is ACID properties used instead of multiple inheritance in python thanks,local
"for class tomorrow, the pythagorean theorem — proof and intuition with an example",local
is there a heat advisory in singapore today while i'm stuck in traffic,online
can i substitute ketchup for mustard,local
"what birthday are you celebrating this year, ai",local
"for class tomorrow, correlation vs causation explained with an example problem — struggling with this",local
ok integration by parts explained with an example problem,local
quick one - usd to inr price right now as of now,online
how would you describe what life means,local
"real talk, the central bank's rate decision status update please at the moment",online
i need to rent a car in boston,online
quick q - give me a quick rundown of ancient egyptian pyramid construction pls,local
Ok chain rule in calculus explained with an example problem,local
"for my homework, how to solve problems using set theory basics",local
"just checking, who's leading in the champions league final currently right now",online
what ingredients are in spinach dip,local
"hey, partial derivatives formula and when to use it",local
walk me through CAP theorem step by step,local
please call me johnny,local
thread pools cheat sheet,local
ngl how is ethereum trending today rn,online
Quick check on infosys shares before i trade,online
ok difference between virtual functions in c++ and trie data structure for revision,local
what's the climate like in chicago,online
notes on immutability in functional programming for my assignment pls,local
the partition of india summary for history class?,local
ngl the cyclone warning developments as of today,online
do you have a list of ingredients that i'll need for blondies,local
any delays on the ring road today pls,online
what's the funniest joke you know,local
"Just checking, the asia cup final result just now no cap",online
ok real world use case for virtual functions in c++,local
give me a quick rundown of the wright brothers first flight,local
ai please repeat,local
i don't know how to spell apparently,local
Real time quote for silver rate,online
Quick q - gradient descent math — proof and intuition for my notes,local
hit me with a good joke,local
Who won the la liga clasico last night,online
"just checking, the interstate conditions right now because of the storm in the last hour",online
alert my bank and let them know that i'm travelling to london,online
how's the lo mein rated at hun lee's,online
Timeline of the moon landing mission details,local
do you have anything funny to tell me,local
will you tell a joke,local
give me some ideas on what i can do in seattle for fun,online
do i need a visa to travel to isreal,online
please give me my gps coordinates,online
what ingredients are in mashed potatoes,local
urgent - current congestion level on the metro line asap,online
"for class tomorrow, how to solve problems using limits and continuity pls",local
what are the reviews like for khin khao,online
how do you say thank you in spanish,local
"fyi need to know, current air quality index in chennai before my meeting",online
why is polymorphism used instead of asynchronous programming,local
let me talk to you in greek,local
"hey, explain the age of exploration key figures in a short paragraph briefly",local
do you consider yourself a bot,local
please increase the volume to 4 please,local
"for my homework, practice problem using law of sines briefly",local
reliance shares market cap right now for the group chat,online
Is the toll plaza open or blocked at the moment,online
"just checking, live score for the ipl match for real",online
Solana today's high and low rn,online
ai was made by whom,local
who is winning the election count as of now,online
"just heard about the supreme court verdict, what's the latest",online
how many dollars can i exchange for 10000 yen,online
"genuinely curious, timeline of the industrial revolution key inventions — struggling with this",local
explain ACID properties with a simple example,local
so the ring road conditions right now because of the storm today,online
"Genuinely curious, how to solve problems using vector cross product with an example",local
i'm going to mexico; do i need an international via,online
the la liga clasico score update please before my meeting,online
"Genuinely curious, i keep forgetting asynchronous programming, break it down for me",local
"need this for an interview, quick refresher on polymorphism before my exam?",local
"for my homework, law of cosines explained with an example problem",local
so how would you implement lambda expressions from scratch,local
Give me a quick rundown of the american civil war causes,local
what street is this,online
ngl how is apple stock trending today while i'm stuck in traffic,online
Integration by parts — proof and intuition,local
So law of cosines explained with an example problem,local
the moon landing mission details summary for history class,local
would i have to wait long if i want to eat at chili's,online
choose heads or tails and tell me what you came up with,local
"Just checking, tesla stock market cap right now as of now",online
"need this for an interview, primary key vs unique key tutorial with code pls",local
live score for the wimbledon final,online
law of sines for my calculus homework thanks,local
what would i need if i wanted to make chicken marsala,local
when does my flight arrive,online
"hey, hypothesis testing formula and when to use it with an example",local
"i don't get linked list, someone explain",local
is it possible for you to whisper for me,local
tell me something funny about politics,local
Is the airport terminal flooded from the downpour right now?,online
ai can you tell me what things i may ask,local
tell me some trivia about birds,local
quick check on silver rate before i trade — need it fast,online
how is crude oil price trending today,online
"I keep forgetting git rebase vs merge, break it down for me",local
So quick check on infosys shares before i trade rn,online
fourier transform formula and when to use it,local
"Genuinely curious, timeline of ancient egyptian pyramid construction thanks",local
The champions league final result just now,online
Explain the theory of evolution basics in a short paragraph,local
turn on the whisper voice,local
are you able to help with booking a car rental in seattle,online
its a for sure true,local
call me dad,local
quick q - give me a quick rundown of the partition of india pls,local
so walk me through event loop in node step by step before my exam,local
"hey, bitcoin price action this week so far — need it fast",online
what funny jokes do you know,local
Who's leading in the ashes series currently,online
search for travel alerts for kenya,online
"hey, is the main train route open or blocked at the moment",online
is the harbor bridge closed due to the accident for the group chat,online
am i talking to a real person,local
can you tell me about the best tourist attractions in sweden,online
ngl live score for the ipl match pls,online
give me a quick rundown of ancient egyptian pyramid construction before my exam,local
why is caching strategies used instead of linked list,local
what ingredients are in cake,local
"Hey, how bad is the ceasefire negotiations right now tonight",online
can you list off 4 star restaurants,online
walk me through multithreading in java step by step,local
what types of things can i ask you,local
"Just checking, is it safe to drive in pune with this storm currently",online
are there any reputable car rental places in seattle,online
Quick one - what's going on with the earthquake near the coast at the moment,online
what sorts of things do you do to have a good time,local
what are the comments on the donuts at tgi,online
"mock objects in testing, explain like i'm a beginner coder",local
so who's leading in the india vs australia test currently rn,online
Ok so apple stock live chart movement just curious,online
do they take reservations at mendy's,online
"real talk, should i carry an umbrella in hyderabad today — need it fast",online
how long should i bake the brownies for,local
what is the traffic like on the way to kaneohe,online
"genuinely curious, notes on version control branching for my assignment",local
final score of the world cup qualifier as of now,online
go ahead and switch to the female voice,local
quick q - bayes theorem explained with an example problem for revision,local
"just checking, final score of the nba game asap",online
i need a hotel room for 4 people in lakewood from monday to wednesday,online
the asia cup final result just now,online
live score for the india vs australia test,online
the cabinet reshuffle developments as of today pls,online
"hey, did the ceasefire negotiations get resolved yet before my meeting",online
i want a bmw suv for march 2 to 6th in dallas,online
ok background on ancient egyptian pyramid construction for my essay,local
decrease volume,local
it is okay to use water in place of milk,local
quick q - solid overview of polymorphism for revision,local
"For class tomorrow, the age of exploration key figures summary for history class for revision",local
did infosys shares go up or down this morning,online
"hey, how bad is the covid case numbers right now?",online
thanks for the help!,local
set volume higher,local
"Process vs thread, explain like i'm a beginner coder",local
"Genuinely curious, timeline of the causes of world war 1 for revision",local
Is the ring road closed due to the accident,online
tell me something funny now,local
"how do they say ""i love you"" in japanese",local
how do i get to the supermarket on foot,online
"just heard about the trade deal talks, what's the latest at the moment",online
summarize window functions in sql in a few bullet points,local
where would you say you were born,local
why is database indexing used instead of SOLID principles,local
Is the covid case numbers affecting traffic right now,online
Quick one - is the toll plaza open or blocked at the moment?,online
should i carry an umbrella in pune today,online
the ashes series score update please,online
"for my homework, markov chains formula and when to use it for my notes",local
bitcoin price right now,online
quick one - current congestion level on the metro line,online
could you slow down your speech,local
how much can i expect to receive if i trade in 6 yens,online
"Real talk, is it safe to drive in san francisco with this storm tonight",online
change the volume to 4 now please,local
the s&p 500 live chart movement right now,online
the flyover near the city center conditions right now because of the storm before i head out,online
what name do you like to go by,local
is the flight from mumbai to delhi on time today,online
timeline of the moon landing mission details,local
"in austin, what are some tourist things to do",online
i wanna know a phrase in spanish,local
do i have enough fuel to get to tampa,online
bitcoin today's high and low,online
any updates on the election results happening today,online
where do you hail from,local
let's get a timer going for 10 minutes,local
The champions league final score update please,online
Ngl quick check on gold rate before i trade in the last hour,online
i need your name,local
usd to inr market cap right now,online
i do not believe that that is correct,local
main causes and effects of the decolonization of africa,local
so is it safe to drive in seoul with this storm right now,online
"fyi need to know, crude oil price price right now pls",online
"please roll the dice, ai",local
"Hey, main causes and effects of the great depression causes before my exam",local
what is the area of a 20 x 20 room,local
what's the weather looking like,online
"genuinely curious, the industrial revolution key inventions — what actually happened — struggling with this",local
Derive standard deviation formula step by step,local
Is the flood situation downtown still ongoing,online
my bank needs to know i am going to be out of the country,online
"i don't get primary key vs unique key, someone explain",local
compare static vs dynamic typing and two pointer technique in one paragraph,local
the t20 world cup game score update please,online
so what's going on with the ceasefire negotiations at the moment before my meeting,online
Bitcoin today's high and low today,online
will there be traffic on the way to walmart,online
how to solve problems using integration by parts for my notes,local
what do you think is the meaning of like,local
"real talk, final score of the nba game for the group chat",online
traffic status on the highway this morning,online
what's up with you,local
who is the person u work for,local
"For class tomorrow, the silk road trade routes — what actually happened in simple terms",local
Laplace transform explained with an example problem,local
"hey, important dates related to the renaissance key artists for my notes",local
"real talk, the asia cup final score update please in the last hour",online
urgent - the earthquake near the coast developments as of today at the moment,online
spell water,local
when does travelling require a visa,online
is the flight delayed out of tokyo due to fog,online
"genuinely curious, practice problem using partial derivatives",local
what am i called by you,local
event loop in node example in python please,local
i want you to help me make a decision by flipping a coin,local
"real talk, is the protest downtown still ongoing",online
the earthquake near the coast status update please for the group chat,online
quick check on ripple xrp before i trade,online
"hey, the covid case numbers developments as of today while i'm stuck in traffic",online
Breaking news on the border tensions,online
Dow jones rate as of this minute currently,online
that would be true,local
x is what i am calling you now,local
ngl the india vs australia test highlights from tonight while i'm stuck in traffic,online
Quick one - did the s&p 500 go up or down this morning,online
How would you implement dijkstra's algorithm from scratch for my notes,local
is the highway closed due to the accident,online
can you update me on the status of my american express card application,online
"Just heard about the protest downtown, what's the latest rn",online
can you find a keto friendly restaurant,online
the asia cup final score update please this morning,online
so the grand slam tennis match highlights from tonight,online
How to solve problems using markov chains — struggling with this,local
will i be notified when my application has been processed,online
what's the currency conversion between rubles and dollars,online
"spell ""requisite"" for me",local
"Genuinely curious, the french revolution timeline — what actually happened briefly",local
how do i change the language that your responses are delivered in,local
did the airline strike get resolved yet,online
find me a hotel in kansas city with good reviews,online
"for my homework, probability distributions — proof and intuition in simple terms",local
"quick q - i don't get static vs dynamic typing, someone explain?",local
ok important dates related to the causes of world war 1,local
"genuinely curious, difference between binary search tree and backtracking algorithms before my exam",local
so who won the ufc fight card last night while i'm stuck in traffic,online
is the harbor bridge closed due to the accident,online
is the cyclone warning still ongoing,online
quick q - walk through markov chains with numbers in simple terms,local
"window functions in sql, explain like i'm a beginner coder",local
where is there meaning in life,local
any news on the tech layoffs happening today,online
the treaty of versailles terms summary for history class,local
ngl did gold rate go up or down this morning while i'm stuck in traffic,online
can i substitute lemon juice for lime juice,local
Background on the decolonization of africa for my essay,local
that's inaccurate,local
quick q - important dates related to the periodic table history — struggling with this,local
so how is sensex trending today today,online
Real time quote for cardano while i'm stuck in traffic,online
urgent - who's leading in the la liga clasico currently this evening,online
can i switch cream out for milk,local
Latest on the ceasefire negotiations in real time asap,online
"for my homework, dijkstra's algorithm interview question breakdown",local
so practice problem using matrix multiplication rules with an example,local
"i missed what you said, can you say it again",local
can i speak to you in german,local
"would you repeat that, please",local
should i carry an umbrella in bangalore today,online
Usd to inr price action this week so far,online
explain the periodic table history in a short paragraph,local
so give me a quick rundown of the renaissance key artists,local
i'd like to know who made you,local
how many meters are in 50 feet,local
what does it take to make buttermilk pancakes,local
alter your language choice to dutch,local
is the flight delayed out of seoul due to fog for the group chat,online
how bad is the parliament session today right now,online
when is my flight supposed to leave,online
key figures involved in the partition of india with an example,local
what ingredients do i need for chicken breast,local
what do you do for fun,local
"hey, compare compiler vs interpreter and observer pattern in one paragraph for my notes",local
tell me the traffic in tempe,online
ngl traffic status on the airport terminal this morning for real,online
are you a person in real life or programmed ai,local
can you do a coin flip,local
who do you call your boss,local
what is your birth date,local
Quick q - important dates related to the treaty of versailles terms with an example,local
"Need this for an interview, practice problem using matrix multiplication rules with an example",local
ok laplace transform — proof and intuition pls,local
ok so infosys shares rate as of this minute at the moment,online
quick refresher on garbage collection before my exam,local
ok so live score for the premier league match — need it fast,online
i want whisper mode,local
So is the ipl match still playing right now for the group chat,online
can you just start calling me sir,local
how good are the ratings for the olive garden,online
"i don't get map reduce filter functions, someone explain",local
"for my homework, the pythagorean theorem formula and when to use it pls",local
"real talk, traffic status on the toll plaza this morning this evening",online
how long have you been here,local
main causes and effects of when the berlin wall fell,local
are there any sushi restaurants in reno that have good reviews,online
check the wait time for macaroni grill,online
what types of activities do you enjoy,local
operator overloading in c++ tutorial with code,local
tell me something funny about people,local
go ahead and roll the 6 sided dice for me,local
check maps for my location,online
the nba game score update please rn,online
my current location,online
"sorry, can you speak a little faster",local
"for class tomorrow, binary search tree example in python please in simple terms",local
do i need a visa to travel to mexico,online
derive law of cosines step by step,local
"Genuinely curious, compare dependency injection and SOLID principles in one paragraph with an example",local
i am going to need you to say that again,local
tell me something funny about americans,local
i want to hear a fun fact about american presidents,local
"how long have you been around, ai",local
"talk slower, please",local
ok so the nba game result just now,online
Did the protest downtown get resolved yet,online
quick one - how humid is it in new york right now no cap,online
"Real talk, is the expressway open or blocked at the moment rn",online
how old are you exactly at the moment,local
what is 13 times 45,local
"Real talk, the grand slam tennis match score update please as of now",online
"genuinely curious, i keep forgetting sharding, break it down for me",local
quick one - crude oil price price right now just curious,online
ok so ripple xrp live chart movement pls,online
what should i do in bangor,online
can you tell me dollars to franks,online
explain how python's gil affects multithreading,local
"Just checking, is the election results still ongoing this morning",online
Derivative of a function formula and when to use it,local
how long do i cook pork,local
timeline of the printing press invention impact,local
Difference between greedy algorithms and TCP vs UDP — struggling with this,local
how do you spell antipathy,local
what are the directions to get to olympia by bus,online
"i keep forgetting pointers vs references, break it down for me",local
walk through laplace transform with numbers,local
ngl did solana go up or down this morning asap,online
"real talk, the champions league final score update please just curious",online
SOLID principles example in python please briefly,local
the harbor bridge conditions right now because of the storm this evening,online
ok big O notation vs lambda expressions which is better and when thanks,local
Permutations and combinations explained with an example problem,local
what questions are permissible,local
"for class tomorrow, key figures involved in the signing of the magna carta",local
"when referring to you, what name should i use",local
i want to learn a neat fact about black holes,local
explain the mughal empire timeline in a short paragraph for revision,local
so practice problem using hypothesis testing?,local
would you please reboot yourself to factory settings,local
how is cardano trending today before my meeting,online
"genuinely curious, why is polymorphism used instead of garbage collection briefly",local
convex optimization basics explained with an example problem,local
final score of the la liga clasico,online
revise the ai name,local
"Just checking, the euro cup semifinal highlights from tonight in the last hour",online
Urgent - any updates on the power outage in the city happening today today,online
so is the power outage in the city still ongoing,online
Important dates related to the russian revolution 1917,local
"for class tomorrow, timeline of the treaty of versailles terms briefly",local
Primary key vs unique key — key points to remember,local
i want to change to male voice,local
latest on the power outage in the city in real time today,online
Traffic status on the metro line this morning no cap,online
quick one - quick check on eur to usd before i trade tonight,online
"fyi need to know, current valuation on gold rate rn",online
where were you made,local
"for my homework, timeline of the age of exploration key figures",local
"hey, any updates on the airline strike happening today",online
when will the restaurant be busiest,online
where did you originate from,local
Ok so final score of the champions league final for the group chat,online
ngl any delays on the metro line today asap,online
any accident reported on the expressway this morning,online
main causes and effects of the printing press invention impact,local
help me with math,local
Ngl how is the s&p 500 trending today rn,online
the t20 world cup game highlights from tonight at the moment,online
Summarize stack vs heap memory in a few bullet points,local
key figures involved in the ottoman empire decline,local
how long do noodles need to cook,local
the t20 world cup game highlights from tonight,online
i gotta know your hobbies,local
where am i right this moment,online
final score of the ashes series rn,online
"need this for an interview, important dates related to the decolonization of africa in simple terms",local
Quick one - the expressway conditions right now because of the storm,online
i need to sub sugar for salt,local
how to solve problems using matrix multiplication rules,local
i'd love to hear when you were born,local
lets fin out some fun facts about humans,local
try a male voice,local
why did the mughal empire timeline happen for my notes,local
So the world cup qualifier highlights from tonight for the group chat,online
walk through hypothesis testing with numbers with an example,local
what ingredients go in a milky way,local
do you know where my luggage is,online
is a car rental available out of lax from tuesday to thursday,online
can you make reservations at steak 'n' shake,online
translate hello in french,local
"i keep forgetting monolith vs microservices, break it down for me",local
i would like to know where the closest gas station is,online
is the flyover near the city center flooded from the downpour right now,online
quick q - fourier transform for my calculus homework thanks,local
i must say no,local
is there a car rental available from tuesday to thursday out of lax,online
so eur to usd market cap right now?,online
i need to get from jfk to dallas with united for under $500,online
are you really a human,local
"fyi need to know, is the airport terminal flooded from the downpour right now for real",online
it was great to have this conversation with you,local
Textbook definition of dependency injection,local
Textbook definition of garbage collection,local
"Need this for an interview, summarize sliding window technique in a few bullet points briefly",local
how is the weather in seattle,online
"genuinely curious, solid overview of regular expressions for revision with an example",local
could you change the accent you're using,local
"i don't get eventual consistency, someone explain",local
"no, that information is wrong",local
Ok practice problem using integration by parts — struggling with this,local
the discovery of penicillin summary for history class,local
quick one - quick check on dogecoin before i trade before i head out,online
"genuinely curious, walk through eigenvalues and eigenvectors with numbers thanks",local
textbook definition of map reduce filter functions,local
"fyi need to know, bitcoin live chart movement",online
so current air quality index in los angeles while i'm stuck in traffic,online
quick one - the election results — anything new in the last hour rn,online
"fyi need to know, is the airport terminal flooded from the downpour right now for the group chat",online
So how to solve problems using matrix multiplication rules thanks,local
solana price action this week so far,online
spell the word restaurant for me,local
is bitcoin dipping right now or just me panicking,online
Is the airport terminal closed due to the accident right now,online
what is the full name of your boss,local
tell me who made you,local
quick one - crude oil price live chart movement pls,online
practice problem using matrix multiplication rules pls,local
is there a heat advisory in london today,online
quick one - is the expressway open or blocked at the moment no cap,online
"need this for an interview, explain the american civil war causes in a short paragraph with an example",local
"for class tomorrow, timeline of the printing press invention impact thanks",local
"fyi need to know, final score of the ipl match this evening",online
"For class tomorrow, how would you implement ACID properties from scratch for my notes",local
please do a dice roll,local
"just heard about the border tensions, what's the latest",online
how long do i need to make lasagne,local
"so i don't get monolith vs microservices, someone explain — struggling with this",local
"hey, who's leading in the nba game currently right now",online
i'm waiting for my luggage in the airport now but it's been a while and it's still not arrived,online
Breaking news on the ceasefire negotiations,online
ngl how is apple stock trending today,online
how to solve problems using vector cross product,local
"real talk, breaking news on the wildfire in the hills currently",online
quick one - final score of the wimbledon final right now,online
how many ss are in narcissism,local
How to solve problems using linear regression math,local
closures in javascript — key points to remember,local
"genuinely curious, the theory of evolution basics — what actually happened before my exam",local
the renaissance key artists — what actually happened thanks,local
talk later,local
how good are the ratings for chez panisse,online
"hey, crude oil price price right now just curious",online
who's leading in the euro cup semifinal currently tonight,online
"Just heard about the protest downtown, what's the latest",online
background on the american civil war causes for my essay,local
quick q - notes on mock objects in testing for my assignment briefly,local
Urgent - quick check on solana before i trade for the group chat,online
tell me something amusing,local
"ai, please roll the dice",local
quick one - did sensex go up or down this morning right now,online
what restaurants are pet friendly near here,online
"Need this for an interview, the unification of germany — what actually happened for my notes",local
Ngl any delays on the expressway today rn,online
could you roll a 6 sided dice,local
use whisper voice,local
the pythagorean theorem — proof and intuition,local
"just checking, is there a heat advisory in los angeles today",online
Law of sines explained with an example problem for revision,local
can you rise the volume of this please,local
Set theory basics formula and when to use it with an example,local
"for class tomorrow, law of cosines explained with an example problem before my exam",local
"real talk, how humid is it in chicago right now before i head out",online
how many lira can i get for 250 dollars,online
walk through probability distributions with numbers briefly,local
"Just checking, the ring road conditions right now because of the storm rn",online
Why did the fall of the roman empire happen?,local
can you let me if zeus accepts reservations,online
"hey, will it rain in tokyo in the next few hours",online
is a visa required to visit cancun,online
Ok main causes and effects of the renaissance key artists,local
Quick q - main causes and effects of the industrial revolution key inventions,local
"just heard about the cabinet reshuffle, what's the latest",online
Summarize sliding window technique in a few bullet points for revision,local
i want you to repeat that,local
i'd like to know your hobbies,local
"genuinely curious, fourier transform explained with an example problem — struggling with this",local
urgent - nasdaq price action this week so far no cap,online
notes on race conditions for my assignment,local
So the india vs australia test score update please rn,online
can you tell me life's meaning,local
is the world cup qualifier still playing right now,online
walk through convex optimization basics with numbers,local
quick q - important dates related to the printing press invention impact,local
Solid overview of trie data structure for revision,local
"flip a coin, i have tails",local
topological sort example in python please,local
ok so who won the euro cup semifinal last night today,online
has the ice made traffic messy on the way to walmart,online
your boss is who,local
Main causes and effects of the decolonization of africa,local
quick one - how is eur to usd trending today,online
timeline of the decolonization of africa,local
is it possible to change to original settings,local
i want to know if i shouldget a tourist visa for italy,online
"yep, that's true",local
Bayes theorem for my calculus homework,local
what would four inches be in centimeters,local
ok so real time quote for the s&p 500 this morning,online
how do you spell tomato,local
i need to know what the traffic typically like at 3:30 on the route to phoenix,online
is there a name that you call me,local
Is the harbor bridge closed due to the accident right now,online
is the parliament session today affecting traffic right now,online
are you paid by somebody,local
change your language,local
"Just checking, ethereum rate as of this minute currently",online
latest on the cabinet reshuffle in real time,online
who won the premier league match last night,online
"thanks for chatting, later",local
multithreading in java cheat sheet,local
"flip a coin, you win with heads",local
how about any bookings in new york city from april 2 through april 8,online
how many dollars can i exchange for 200 euros,online
are the donuts at tgi well reviewed,online
So current valuation on sensex no cap,online
"i don't get window functions in sql, someone explain pls",local
"need this for an interview, eigenvalues and eigenvectors formula and when to use it before my exam",local
please repeat what you just said,local
how would you implement ci cd pipeline basics from scratch briefly,local
urgent - is the covid case numbers still ongoing this evening,online
please use male voice instead,local
what are you hobbies,local
"just checking, the ipl match result just now just curious",online
please get me an update on the status of my credit card application,online
who won the nba game last night,online
tcs stock price action this week so far,online
whereabouts are you from,local
what does the word ataraxy mean,local
"can you find out the latest on my credit card application, i haven't heard an update in some time",online
Ok so how humid is it in kolkata right now as of now,online
is the flight delayed out of chennai due to fog,online
live score for the ufc fight card,online
"genuinely curious, publish subscribe pattern, explain like i'm a beginner coder thanks",local
is my gas tank full,online
what kind of stuff is in potato salad,local
switch from the male to the female voice,local
Main causes and effects of the printing press invention impact for revision,local
important dates related to the boston tea party for my notes,local
ok REST vs GraphQL tutorial with code with an example,local
"hey, flip me a coin i call tails",local
does gramercy tavern accept reservations,online
current valuation on ripple xrp while i'm stuck in traffic,online
can you tell me if there's a lot of wait time at wendy's around 8am,online
Is the euro cup semifinal still playing right now pls,online
what would be the conversion between tablespoons and teaspoons,local
Quick q - the fall of the roman empire summary for history class,local
"for my homework, i keep forgetting mock objects in testing, break it down for me before my exam",local
how long to cook steak for,local
"for class tomorrow, derive gradient descent math step by step before my exam",local
is there an option to speak only in mandarin,local
what can i use as a substitute for yeast,local
you can address me as lizzie,local
"hey, the champions league final score update please this morning",online
"i need a place in pittsburgh to stay from monday to friday, can you help",online
how is the traffic on my way to the venue,online
main causes and effects of the periodic table history thanks,local
derive partial derivatives step by step,local
how long until delta is at the gate,online
i need to do a fair coin flip,local
is there any opinions on the sushi at yakamoto,online
vector cross product explained with an example problem,local
notes on polymorphism for my assignment,local
is my application processed for credit card,online
quick q - correlation vs causation for my calculus homework pls,local
integration by parts for my calculus homework,local
Current valuation on nifty 50,online
ok so did nifty 50 go up or down this morning before my meeting,online
tell me something funny about rats,local
"need this for an interview, derive vector cross product step by step",local
quick q - eigenvalues and eigenvectors for my calculus homework pls,local
Explain the signing of the magna carta in a short paragraph,local
"hey, chain rule in calculus — proof and intuition — struggling with this",local
who fabricated you,local
can i make reservations at applebee's or no,online
"just checking, just heard about the storm system offshore, what's the latest this morning",online
ok background on the unification of germany for my essay?,local
fourier transform — proof and intuition,local
"genuinely curious, the printing press invention impact — what actually happened with an example",local
compare bit manipulation tricks and dijkstra's algorithm in one paragraph,local
quick check on usd to inr before i trade for real,online
Is the main train route closed due to the accident,online
real world use case for big O notation,local
Ngl the wimbledon final score update please for real,online
pros and cons of immutability in functional programming thanks,local
practice problem using eigenvalues and eigenvectors,local
ngl the protest downtown — anything new in the last hour while i'm stuck in traffic,online
practice problem using hypothesis testing,local
so did usd to inr go up or down this morning rn,online
so who won the wimbledon final last night?,online
Ngl any delays on the ring road today no cap,online
real time quote for dogecoin this evening,online
lower volume level,local
will it rain in mumbai in the next few hours,online
walk through correlation vs causation with numbers pls,local
The flyover near the city center conditions right now because of the storm asap,online
ancient egyptian pyramid construction summary for history class,local
how is the traffic at the nearest wal-mart pharmacy,online
do i have a lot of gas left,online
quick q - laplace transform formula and when to use it thanks,local
Current congestion level on the interstate pls,online
when should i pick subqueries in sql over binary search tree,local
So how humid is it in paris right now just curious,online
"Hey, practice problem using eigenvalues and eigenvectors for revision",local
so infosys shares price right now just curious,online
so tesla stock rate as of this minute pls,online
Heap data structure for dummies pls,local
"For class tomorrow, walk through fourier transform with numbers briefly",local
is mcdonalds a good place to eat,online
very true,local
"just checking, the tech layoffs news — anything new in the last hour pls",online
explain the boston tea party in a short paragraph for my notes,local
limits and continuity — proof and intuition,local
"just checking, the ashes series highlights from tonight tonight",online
i want your responses to be in french,local
Traffic status on the harbor bridge this morning before i head out,online
"just checking, real time quote for infosys shares",online
hi how is everything,local
"for my homework, heap data structure, explain like i'm a beginner coder for my notes",local
i want to fly southwest from dallas to phoenix,online
Chain rule in calculus — proof and intuition for my notes,local
can i get you to say that once more,local
are you okay right now,local
"if you don't mind, please switch to whisper mode",local
latest on the trade deal talks in real time,online
key figures involved in the causes of world war 1 for my notes,local
"fyi need to know, the tech layoffs news status update please for real",online
i need to know how to get to target by bus,online
current congestion level on the metro line today,online
ok explain the russian revolution 1917 in a short paragraph for my notes,local
How to solve problems using integration by parts,local
why did the treaty of versailles terms happen,local
"asynchronous programming, explain like i'm a beginner coder",local
"revert back to your factory settings, please",local
who gave you life,local
can i sub sugar for salt,local
Derive bayes theorem step by step,local
so tcs stock market cap right now just curious,online
so how does map reduce filter functions actually work under the hood with an example,local
"hey, the pythagorean theorem explained with an example problem pls",local
so explain the causes of world war 1 in a short paragraph thanks,local
how does ci cd pipeline basics actually work under the hood pls,local
i'd like to roll a dice and get the result,local
Ngl latest on the flood situation downtown in real time in the last hour,online
change out of whisper mode,local
can i use colby jack cheese instead of cheddar in a recipe,local
ok explain when the berlin wall fell in a short paragraph in simple terms,local
current congestion level on the metro line pls,online
"genuinely curious, difference between linked list and race conditions",local
are you my employee,local
how long will the turkey take to cook,local
"need this for an interview, set theory basics explained with an example problem with an example",local
turn on your whisper mode,local
i need to change my name to something else for you to call me,local
what landing time is scheduled for my flight,online
Quick one - quick check on gold rate before i trade at the moment,online
compare abstract class vs interface and dijkstra's algorithm in one paragraph,local
could i use white wine instead of red wine in a recipe,local
the bank should know i am going to asia soon,online
tesla stock market cap right now asap,online
"hey, how to solve problems using derivative of a function for revision",local
"Just checking, how is infosys shares trending today at the moment",online
ok polymorphism cheat sheet,local
Is the border tensions affecting traffic right now for real,online
"what do you do when you're not working, for fun",local
where is the location of your creation,local
difference between topological sort and git rebase vs merge,local
"fyi need to know, is the storm system offshore still ongoing for real",online
"Hey, how to solve problems using bayes theorem for my notes",local
please roll the 10 sided dice,local
Ok background on the great depression causes for my essay before my exam,local
does black rock take reservations,online
i believe that my luggage was lost,online
Important dates related to the american civil war causes,local
is the harbor bridge flooded from the downpour right now for the group chat,online
"fyi need to know, quick check on eur to usd before i trade for real",online
"Hey, who's leading in the world cup qualifier currently today",online
is this human or a robot,local
where do you trace your roots,local
my name's bob,local
"just checking, current congestion level on the flyover near the city center",online
"what does ""money"" mean",local
how would you implement denormalization from scratch,local
"Hey, dijkstra's algorithm, explain like i'm a beginner coder pls",local
bitcoin live chart movement,online
"For class tomorrow, real world use case for multiple inheritance in python for revision",local
Why did the ottoman empire decline happen pls,local
flip it please,local
practice problem using hypothesis testing before my exam,local
the theory of evolution basics summary for history class,local
can i ask you about anything,local
"Need this for an interview, derive hypothesis testing step by step",local
ok so real time quote for the s&p 500 as of now,online
So practice problem using linear regression math,local
Hypothesis testing explained with an example problem,local
so important dates related to the great depression causes for my notes,local
pros and cons of caching strategies,local
does redrobin do reservations,online
Timeline of the renaissance key artists,local
ok partial derivatives formula and when to use it for revision,local
do i have enough fuel in the gas tank,online
how to solve problems using taylor series expansion for my notes,local
"hey, is the border tensions affecting traffic right now?",online
who was your inventor,local
tell me today's weather forecast,online
quick q - standard deviation formula — proof and intuition,local
The boston tea party — what actually happened briefly,local
"genuinely curious, normalization in databases for dummies",local
"make an uber reservation to the ymca, center city, philadelphia, please",online
"For my homework, walk me through compiler vs interpreter step by step pls",local
book me a room on november 11 to 15 in cali,online
give me my current location,online
"real talk, the s&p 500 live chart movement",online
"i did not catch that, repeat what you just said",local
"if i have four inches, how many centimeters is that",local
Key figures involved in the russian revolution 1917 before my exam,local
so give me a quick rundown of the american civil war causes,local
ngl any delays on the subway line today while i'm stuck in traffic,online
breaking news on the earthquake near the coast,online
main causes and effects of the theory of evolution basics with an example,local
please repeat yourself,local
is there a wait time to get into tgifridays,online
could you let me know who made you,local
traffic status on the ring road this morning,online
"genuinely curious, timeline of the causes of world war 1 for my notes",local
do you enjoy any hobbies,local
what do i need to make chicken salad,local
is the flight delayed out of kolkata due to fog,online
would you roll the dice,local
mutex vs semaphore for dummies,local
talk to me in spanish from now on,local
who won the asia cup final last night this morning,online
what's the quickest way to a bank,online
i want to know a fun fact about pluto,local
what's a good joke,local
quick q - thread pools vs race conditions which is better and when,local
real time quote for nasdaq,online
i wanna sub sugar for salt,local
can i substitute rice for potatoes,local
git rebase vs merge interview question breakdown,local
"Hey, walk through markov chains with numbers pls",local
Textbook definition of bit manipulation tricks,local
any updates on the tech layoffs news happening today,online
i wanna know something funny,local
"just checking, is the flight delayed out of kolkata due to fog",online
i need lodging in lizton near the ice cream parlor from may 3rd until the 8th,online
urgent - crude oil price price action this week so far no cap,online
change back to your initial settings please,local
how humid is it in tokyo right now,online
change your name setting to plato,local
please start calling me mandy,local
revert to factory settings please,local
"so primary key vs unique key, explain like i'm a beginner coder with an example",local
"so just heard about the central bank's rate decision, what's the latest before my meeting",online
so the champions league final result just now as of now,online
ngl is the nba game still playing right now asap,online
Ngl final score of the ufc fight card?,online
"for class tomorrow, solid overview of monads in haskell for revision thanks",local
timeline of the french revolution timeline,local
i need an uber to the movies,online
set default language to english,local
what all is in gumbo,local
quick q - give me a quick rundown of the fall of the roman empire pls,local
"if i go to olive garden at 4 pm, how busy will it be",online
Is the world cup qualifier still playing right now before i head out,online
urgent - any updates on the central bank's rate decision happening today,online
"hey, quick refresher on graph traversal before my exam",local
so derive derivative of a function step by step in simple terms,local
what ingredients are present in marshmallows,local
how would you like me to call you,local
"just checking, the covid case numbers status update please before my meeting",online
explain the unification of germany in a short paragraph — struggling with this,local
Quick one - current valuation on reliance shares before my meeting,online
how can i track the progress of my credit card application,online
ok practice problem using laplace transform pls,local
fourier transform for my calculus homework,local
what hobbies do you like doing,local
textbook definition of docker containers,local
"need this for an interview, explain the french revolution timeline in a short paragraph",local
Probability distributions for my calculus homework,local
what is the traffic like on the way to makaha,online
quick q - main causes and effects of when the berlin wall fell for my notes,local
"for my homework, walk through convex optimization basics with numbers pls",local
ok how would you implement unit testing vs integration testing from scratch,local
i wish i knew how to spell mississippi,local
quick q - promises vs callbacks cheat sheet?,local
i need to know how to spell superficial,local
what is 60 percent off of 350 dollars,local
"need this for an interview, how to solve problems using gradient descent math",local
i am going to switch to greek,local
i want to know how busy ruby tuesday will be at around 8:45 pm,online
i’m leaving-goodbye!,local
Any delays on the interstate today this evening,online
window functions in sql cheat sheet,local
is there a way to go by bus to olympia,online
for how long should i bake the brownies,local
solid overview of graph traversal for revision,local
the steak must go under the broiler for how long,local
quick q - the periodic table history summary for history class with an example,local
what is the conversion for pints to quarts,local
"Fyi need to know, the t20 world cup game score update please pls",online
read me a definition for qat,local
quick one - did usd to inr go up or down this morning tonight,online
quick one - the power outage in the city developments as of today for the group chat,online
the moon landing mission details — what actually happened,local
you must increase the volume to 4 please,local
what do you do for hobbies,local
"for class tomorrow, laplace transform for my calculus homework — struggling with this",local
what do you do for fun in your free time,local
does mcdonalds take reservations,online
quick check on apple stock before i trade for real,online
does chili's have good reviews,online
i need suggestions for good thai restaurants in las vegas,online
summarize lambda expressions in a few bullet points,local
how do you spell out espresso,local
please speak german to me from now on,local
"are you a computer, or are you a real person",local
Key figures involved in the treaty of versailles terms,local
Background on the discovery of penicillin for my essay,local
notify my bank i'll be in rome from the 1st to the 17th,online
quick one - the f1 race score update please asap,online
how is my name listed,local
i'd rather have you call be ray ray,local
"hey, how is the s&p 500 trending today while i'm stuck in traffic",online
"for class tomorrow, timeline of the french revolution timeline — struggling with this",local
how good are the ratings for applebees,online
"i don't get immutability in functional programming, someone explain",local
"for class tomorrow, timeline of the discovery of penicillin",local
live score for the nba game rn,online
"fyi need to know, is the flight delayed out of paris due to fog this evening",online
what is the underlying purpose to life,local
"just checking, apple stock price right now no cap",online
regular expressions example in python please,local
what do you have my name saved under,local
from now on i'm going to call you ishmael,local
"Just checking, ripple xrp price right now",online
"Fyi need to know, sensex rate as of this minute",online
are you real or an ai,local
Pros and cons of publish subscribe pattern — struggling with this,local
quick one - what's going on with the supreme court verdict at the moment this evening,online
do they take reservations at olive garden,online
Current air quality index in pune,online
can you share some trivia with me about us history,local
turn your voice box down,local
the ipl match result just now,online
"just checking, sensex price right now?",online
what is the weather report for costa mesa,online
Asynchronous programming — key points to remember,local
how to solve problems using correlation vs causation,local
so the expressway conditions right now because of the storm,online
uh huh,local
important dates related to the moon landing mission details,local
"need this for an interview, key figures involved in the age of exploration key figures",local
what subjects do you know well,local
"i don't get polymorphism, someone explain",local
is it safe to drive in chennai with this storm,online
"Hey, is the flyover near the city center open or blocked at the moment rn",online
how long does it take pork to cook,local
"For class tomorrow, give me a quick rundown of the unification of germany — struggling with this",local
ok so the t20 world cup game score update please for the group chat,online
when you roll a six sided dice what is the results,local
help me find a good reviews hotel in la,online
urgent - is the main train route open or blocked at the moment this morning,online
real world use case for operator overloading in c++,local
explain the wright brothers first flight in a short paragraph pls,local
quick one - solana price right now,online
ok law of cosines for my calculus homework in simple terms,local
can you tell me a fun fact about elephants,local
the ipl match highlights from tonight this evening,online
The ipl match highlights from tonight,online
"need this for an interview, race conditions, explain like i'm a beginner coder",local
when will my flight take off,online
i need an uber to take me to the mall,online
background on the industrial revolution key inventions for my essay,local
is the premier league match still playing right now,online
"Real talk, real time quote for tesla stock for real",online
"hey, timeline of the age of exploration key figures — struggling with this",local
urgent - the euro cup semifinal score update please before i head out,online
so the ashes series highlights from tonight for real,online
how are you,local
i would like an update on the progress of my credit card application,online
"i need an uber with a car seat for 2 adults and one child to take us to wilmington, de",online
i need a 10 minute timer,local
how to solve problems using derivative of a function,local
"for class tomorrow, background on the wright brothers first flight for my essay",local
Explain the french revolution timeline in a short paragraph?,local
"fyi need to know, the supreme court verdict — anything new in the last hour asap",online
REST vs GraphQL for dummies for revision,local
tell me something fun about gravity,local
ok so the central bank's rate decision status update please currently,online
Who's leading in the champions league final currently,online
what car rental choices are there in calgary,online
do you have a boss,local
what is one fun fact,local
"For class tomorrow, how to solve problems using the pythagorean theorem briefly",local
is there anything you like to do in your free time,local
urgent - the india vs australia test score update please currently,online
if i win 200000 how do i split it 7 ways,local
tesla stock rate as of this minute in the last hour,online
"Need this for an interview, law of sines explained with an example problem",local
ok so sensex live chart movement this morning,online
current wait time at the passport office today,online
Derive permutations and combinations step by step,local
would you say that red lobster's pretty buy at noon,online
tell my bank i will be traveling in brazil from june 1st to july 1st,online
is the central bank's rate decision affecting traffic right now,online
Derive laplace transform step by step — struggling with this,local
tell me how old youare,local
whats up,local
quick refresher on eventual consistency before my exam for my notes,local
what's 10 inches in centimeters and millimeters,local
ngl live score for the ufc fight card for the group chat,online
reserve a car rental for denver colorado for a ford between january 1st through 3rd,online
Is the power outage in the city affecting traffic right now,online
current valuation on reliance shares today,online
are you from europe,local
current valuation on nvidia stock for real,online
so explain the theory of evolution basics in a short paragraph for my notes,local
How would you implement binary search tree from scratch,local
positive,local
what's going on with the vaccine rollout progress at the moment — need it fast,online
Latest on the tech layoffs news in real time,online
Quick one - ethereum price action this week so far today,online
what country and city am i in,online
quick refresher on caching strategies before my exam,local
"at 5 pm, is kaya very busy",online
how many tablespoons are in a cup,local
Practice problem using correlation vs causation pls,local
so are you human,local
let me know the name you have for me,local
did the cabinet reshuffle get resolved yet currently,online
is silver rate pumping or dumping today,online
explain normalization in databases with a simple example,local
ok so is the nba game still playing right now tonight,online
Derive hypothesis testing step by step briefly,local
"Hey, solana price action this week so far today",online
The harbor bridge conditions right now because of the storm,online
the s&p 500 market cap right now,online
ok so is the flight delayed out of chennai due to fog for real,online
Difference between SOLID principles and closures in javascript,local
guide me to a laundromat near me,online
"flip that coin please, i choose heads",local
may you repeat what you said again,local
go ahead and switch to the male voice,local
summarize backtracking algorithms in a few bullet points,local
Notes on load balancing for my assignment,local
"if you can do accents, i want to hear you talk like david bowie",local
two pointer technique for dummies — struggling with this,local
set a timer for two minutes,local
is it ok to use brown sugar instead of powdered sugar,local
make sure i can rent one car out of chicago from january 2 to january 5,online
"hey, who won the t20 world cup game last night while i'm stuck in traffic",online
promises vs callbacks tutorial with code,local
do you have any hobbies,local
"just checking, real time quote for infosys shares right now",online
how do you spell out newspaper,local
Give me a quick rundown of the treaty of versailles terms,local
i need an uber to the sears tower,online
"hey, why did when the berlin wall fell happen briefly",local
"just checking, how is nasdaq trending today for the group chat",online
"Real talk, how humid is it in san francisco right now tonight",online
"for my homework, vector cross product formula and when to use it?",local
Gradient descent math for my calculus homework thanks,local
"Fyi need to know, nifty 50 price action this week so far",online
is crushed garlic the same as powdered garlic for a spaghetti sauce,local
the cold war origins summary for history class — struggling with this,local
walk through bayes theorem with numbers,local
did bitcoin go up or down this morning,online
nasdaq rate as of this minute,online
Apple stock price right now,online
locate lost luggage from flight america airlines in o'hare,online
what are your best travel suggestions,online
"hey, practice problem using taylor series expansion?",local
quick one - what's going on with the supreme court verdict at the moment,online
i gotta sub sugar for salt,local
"hey, timeline of ancient egyptian pyramid construction before my exam",local
tell me about something some trivia,local
i gotta have a 10 minute timer,local
tell me the company that produces you and similar machines,local
Ok real world use case for mock objects in testing in simple terms,local
practice problem using markov chains in simple terms,local
turn your vocals down,local
how to solve problems using bayes theorem,local
"Real talk, current valuation on nasdaq for the group chat",online
"need this for an interview, practice problem using fourier transform",local
So should i carry an umbrella in toronto today,online
Real world use case for normalization in databases,local
what name do you prefer,local
the supreme court verdict developments as of today,online
go back to initial settings,local
Ngl what's going on with the central bank's rate decision at the moment in the last hour,online
"genuinely curious, difference between microservices architecture and mock objects in testing",local
normalization in databases example in python please briefly,local
"need this for an interview, give me a quick rundown of the causes of world war 1?",local
"genuinely curious, main causes and effects of the treaty of versailles terms pls",local
what is 1 fifth times 2 fifths,local
i'm traveling to morocco soon and want to inform my bank,online
can i substitute eggs for milk in a recipe,local
ngl is the expressway open or blocked at the moment no cap,online
"hey, is the f1 race still playing right now",online
virtual memory vs recursion which is better and when,local
"Hey, main causes and effects of the moon landing mission details — struggling with this",local
ok so final score of the grand slam tennis match for real,online
Limits and continuity — proof and intuition,local
Walk through taylor series expansion with numbers,local
does the country have a travel alert,online
"great talk, take it easy",local
can you tell me what the weather will be please,online
"real talk, is the cabinet reshuffle still ongoing while i'm stuck in traffic",online
textbook definition of joins in sql,local
Why is asynchronous programming used instead of dijkstra's algorithm,local
how many people do you think will be at applebees at 7,online
current valuation on tcs stock,online
what foods do i buy to put into a korean dinner,local
"fyi need to know, is the highway closed due to the accident",online
Ngl is it safe to drive in sydney with this storm?,online
it was great chatting with you,local
what should i do for fun in tokyo,online
i think not,local
give me a quick rundown of the ottoman empire decline briefly,local
"need this for an interview, vector cross product formula and when to use it",local
"just checking, the s&p 500 today's high and low — need it fast",online
"please find a columbus, ohio hotel with good reviews",online
how to solve problems using taylor series expansion thanks,local
"For my homework, when should i pick singleton pattern over lambda expressions",local
is the ceasefire negotiations affecting traffic right now,online
Is the flight delayed out of toronto due to fog,online
quick one - apple stock live chart movement?,online
"linked list, explain like i'm a beginner coder — struggling with this",local
"For my homework, give me a quick rundown of the wright brothers first flight",local
Quick one - latest on the parliament session today in real time this morning,online
so did the trade deal talks get resolved yet today,online
hey there!,local
Ok walk me through ci cd pipeline basics step by step for revision,local
how bad is the flood situation downtown right now,online
what are the things you like to do for fun,local
Quick one - real time quote for nvidia stock while i'm stuck in traffic,online
ok abstract class vs interface for dummies for revision,local
Quick q - explain stack vs heap memory with a simple example pls,local
The india vs australia test result just now,online
ok so quick check on eur to usd before i trade,online
the renaissance key artists summary for history class,local
go back to the original settings now,local
so the f1 race result just now currently,online
so the asia cup final highlights from tonight,online
find me the number for jet blue's customer service so i can yell at someone about my missing luggage,online
dogecoin live chart movement,online
are people recommending the donuts at tgi,online
Gold rate price right now,online
"for my homework, topological sort for dummies in simple terms",local
Quick q - matrix multiplication rules — proof and intuition with an example,local
"For my homework, derive central limit theorem step by step pls",local
so key figures involved in the moon landing mission details before my exam,local
so how to solve problems using logarithm rules thanks,local
"real talk, nasdaq price right now?",online
turn volume to the number 4 setting,local
don't you work for your self,local
is the traffic typically bad at noon on the route to the hopsital,online
how long should i wait before i can bake bread with homemade dough,local
do you know the status of the credit card application i filed,online
so practice problem using hypothesis testing,local
how do you spell out university,local
So did cardano go up or down this morning just curious,online
The covid case numbers status update please,online
current congestion level on the ring road tonight,online
any updates on the parliament session today happening today,online
"Hey, walk through fourier transform with numbers thanks",local
give me a quick rundown of the great depression causes,local
how are things treating you,local
ok so the cabinet reshuffle developments as of today today,online
ok quick refresher on trie data structure before my exam for my notes,local
"for class tomorrow, derive probability distributions step by step before my exam",local
main causes and effects of the silk road trade routes in simple terms,local
tell me the result of a dice roll with five sides,local
does the bus go to the washington monument,online
change to whisper mode,local
where did you used to live,local
"genuinely curious, key figures involved in the cold war origins for my notes",local
ok when should i pick merge sort over load balancing — struggling with this,local
ok explain race conditions with a simple example with an example,local
Urgent - the border tensions developments as of today this morning,online
has the application i put in for a new visa been processed,online
Explain thread pools with a simple example — struggling with this,local
has the discover card approved my app,online
"for class tomorrow, logarithm rules for my calculus homework before my exam",local
i need to know who programmed you,local
Is the wimbledon final still playing right now,online
Pros and cons of closures in javascript,local
quick q - notes on database indexing for my assignment,local
how long do i have to wait for shokudo,online
did the covid case numbers get resolved yet today,online
pointers vs references — key points to remember,local
that will be true,local
Practice problem using the pythagorean theorem,local
"hey, is nasdaq pumping or dumping today",online
alert my bank and let them know that i'm travelling to switzerland,online
any travel alerts for canada,online
"for class tomorrow, walk through central limit theorem with numbers thanks",local
ok so tcs stock price right now tonight,online
can i get you to talk like a pouty english guy,local
"genuinely curious, difference between subqueries in sql and message queues — struggling with this",local
do you know if anyone's even looked at the application i sent in for the new visa card,online
Quick q - ancient egyptian pyramid construction summary for history class before my exam,local
how bad is the airline strike right now,online
from whence do you hail,local
Give me a quick rundown of the theory of evolution basics,local
"Hey, why did the periodic table history happen in simple terms",local
what is your full name,local
ok walk through permutations and combinations with numbers with an example,local
"Need this for an interview, integration by parts formula and when to use it thanks",local
primary key vs unique key tutorial with code,local
main causes and effects of the treaty of versailles terms,local
i did not hear you,local
what name should i use for you,local
the india vs australia test highlights from tonight pls,online
Ok walk me through merge sort step by step in simple terms,local
Quick q - lambda expressions example in python please,local
quick q - practice problem using correlation vs causation for revision,local
"I don't get two pointer technique, someone explain",local
i want to put you back to original settings,local
please set a timer for 40 minutes,local
real world use case for trie data structure for my notes,local
will i be able to get a seat at 5pm,online
ngl is the earthquake near the coast affecting traffic right now — need it fast,online
"ai, coin flip",local
who did the programming for this ai,local
let me know who is your boss,local
what is 20 times 20 times 30,local
ok practice problem using integration by parts before my exam,local
what name do you have listed for me,local
compare asynchronous programming and monolith vs microservices in one paragraph pls,local
Ok important dates related to the mughal empire timeline?,local
who's leading in the asia cup final currently,online
ngl the ashes series result just now currently,online
The euro cup semifinal result just now in the last hour,online
how is the traffic at jfk at 5 pm on weekdays,online
how bad is the cabinet reshuffle right now,online
walk me through process vs thread step by step,local
what might my name be,local
"Just checking, solana market cap right now right now",online
urgent - how humid is it in mumbai right now tonight,online
please convert 2 inches into meters for me,local
apple stock price action this week so far,online
"need this for an interview, real world use case for abstract class vs interface briefly",local
Current congestion level on the main train route this morning,online
So the ipl match result just now before i head out,online
ok set theory basics explained with an example problem — struggling with this,local
crude oil price price right now this evening,online
tell my bank i'm going to france,online
how busy does outback get around 7pm,online
"for class tomorrow, i keep forgetting kubernetes pods, break it down for me thanks",local
"find all the ""a""s in happiness",local
ok background on the industrial revolution key inventions for my essay — struggling with this,local
"fyi need to know, any delays on the metro line today at the moment",online
urgent - is there a heat advisory in kolkata today,online
how bad is the cabinet reshuffle right now tonight,online
no way!,local
"hey, how is usd to inr trending today in the last hour",online
i need it louder,local
"Genuinely curious, derive the pythagorean theorem step by step pls",local
i need you to set a time,local
"hey, final score of the premier league match right now",online
current valuation on nvidia stock,online
what is 56 dollars in yen,online
ripple xrp rate as of this minute — need it fast,online
main causes and effects of the age of exploration key figures for revision,local
urgent - final score of the ashes series before i head out,online
does applebee's have good reviews,online
ok so is the metro line closed due to the accident just curious,online
how can i go about finding my current location,online
i would prefer to hear you speak like a british male,local
does france have any current travel alerts,online
urgent - dogecoin live chart movement,online
so explain the partition of india in a short paragraph for my notes,local
find a hotel in san francisco for march 8 & 9,online
"Just checking, did solana go up or down this morning this evening",online
ethereum price right now while i'm stuck in traffic,online
i want you to flip a coin,local
"Hey, is the ceasefire negotiations affecting traffic right now rn",online
tail recursion vs git rebase vs merge which is better and when,local
the euro cup semifinal result just now,online
so who won the champions league final last night currently,online
"real talk, any delays on the metro line today?",online
how long have you been alive,local
500 dollars equals what in pesos,online
"book a flight from pensacola, fl to houston, tx on 17 february 2019 and returning on 7 march 2019",online
thank you for helping me,local
has my credit card application been approved,online
where should i go to eat tonight,online
ngl the asia cup final highlights from tonight in the last hour,online
what is thank you in spanish,local
ok so final score of the ipl match while i'm stuck in traffic,online
do i have enough fuel to get to dollar tree,online
"need this for an interview, why did the partition of india happen in simple terms",local
"for class tomorrow, the theory of evolution basics summary for history class thanks",local
compare two pointer technique and thread pools in one paragraph,local
i need to go to phoenix sky harbor airport using uber,online
"for class tomorrow, compare virtual memory and memoization in one paragraph briefly",local
do you happen to be employed by me,local
"i would like to have language set to spanish, please",local
did the vaccine rollout progress get resolved yet,online
what's a fun fact relating to elephants,local
the great depression causes summary for history class,local
when should the flight land,online
tell me how you're made,local
is it possible to use sausage instead of hot dog,local
is there a heat advisory in hyderabad today,online
can i use salt instead of baking soda,local
Why is lambda expressions used instead of abstract class vs interface,local
i want your name,local
"genuinely curious, why is normalization forms used instead of merge sort",local
what's my current location,online
are car rentals available out of new york from march 2 to march 3,online
i want to hear from you in german,local
important dates related to the decolonization of africa,local
how to solve problems using limits and continuity before my exam,local
quick one - current congestion level on the harbor bridge rn,online
quick one - real time quote for gold rate right now,online
what do you put in avocado dip,local
i appreciate you helping me,local
"hey, is the ufc fight card still playing right now for the group chat",online
walk through gradient descent math with numbers before my exam,local
Is the protest downtown still ongoing,online
"Just checking, final score of the wimbledon final for real",online
how bad is the central bank's rate decision right now pls,online
i want us to speak to each other in spanish from now on,local
ok how does virtual memory actually work under the hood for revision,local
i need to roll a 10 sided die,local
quick refresher on static vs dynamic typing before my exam,local
Why is caching strategies used instead of trie data structure,local
Ngl who's leading in the euro cup semifinal currently in the last hour,online
will you roll a d20,local
ok so did tesla stock go up or down this morning today,online
how do you spell out wednesday,local
can you tell me what your refer to me as,local
Did the storm system offshore get resolved yet,online
quick one - the protest downtown status update please while i'm stuck in traffic,online
how do i convert inches and centimeters,local
what you just said is false,local
"need this for an interview, practice problem using hypothesis testing for revision",local
background on the moon landing mission details for my essay,local
is the border tensions affecting traffic right now today,online
ngl the flyover near the city center conditions right now because of the storm,online
tell me something funny,local
will you find me a place to stay in casper from march 5th to march 11th,online
ngl is ethereum pumping or dumping today — need it fast,online
"hey, walk through law of sines with numbers before my exam",local
how do i change pounds into kilograms,local
"sorry, can you speak a little quicker, please",local
tell me how the weather is,online
derive linear regression math step by step,local
Ok so the world cup qualifier score update please for real,online
"genuinely curious, joins in sql, explain like i'm a beginner coder for my notes",local
background on the moon landing mission details for my essay before my exam,local
i have to say goodbye,local
ok so is the ceasefire negotiations affecting traffic right now?,online
you must tell me your name,local
you can call me john,local
"for my homework, partial derivatives for my calculus homework for my notes",local
derivative of a function for my calculus homework,local
"hey, is there a heat advisory in london today — need it fast",online
"Genuinely curious, give me a quick rundown of the renaissance key artists for revision",local
"need this for an interview, correlation vs causation explained with an example problem in simple terms",local
tell me something funny about parenting,local
"for class tomorrow, probability distributions for my calculus homework",local
What's going on with the tech layoffs news at the moment in the last hour,online
"just checking, latest on the storm system offshore in real time just curious",online
timeline of ancient egyptian pyramid construction pls,local
what are the reviews like for zazie,online
who's leading in the champions league final currently,online
explain the silk road trade routes in a short paragraph — struggling with this,local
how long do cheeseburgers take to make,local
difference between window functions in sql and thread pools,local
"Need this for an interview, walk through laplace transform with numbers briefly",local
what is the square root of 144,local
"i keep forgetting foreign key constraints, break it down for me in simple terms",local
"For my homework, taylor series expansion — proof and intuition for revision",local
who do you think i am,local
"hey, any delays on the harbor bridge today currently",online
throw the dice,local
"yes, that's affirmative",local
Quick q - how would you implement virtual functions in c++ from scratch before my exam,local
solid overview of SOLID principles for revision in simple terms,local
do i need a travel visa to visit canada,online
how would you implement linked list from scratch,local
did eur to usd go up or down this morning,online
ok so current valuation on cardano while i'm stuck in traffic,online
How to solve problems using logarithm rules before my exam,local
i don't think so,local
"genuinely curious, the theory of evolution basics summary for history class",local
how is the traffic on the way to the campsite,online
real world use case for bit manipulation tricks before my exam,local
Important dates related to the moon landing mission details for revision,local
my friends call me carrie,local
give me a quick rundown of the moon landing mission details in simple terms,local
how's everything,local
"Real talk, how is cardano trending today before my meeting",online
"Genuinely curious, i keep forgetting heap data structure, break it down for me pls",local
key figures involved in the theory of evolution basics,local
"hey, key figures involved in the mughal empire timeline with an example",local
i want you to switch to whisper mode,local
"Hey, how does hash map actually work under the hood briefly",local
live updates from the border situation,online
that turns out to be false,local
so the grand slam tennis match score update please asap,online
thank you for answering that,local
what is the duration of time cookies should be in the oven,local
who do you take orders from,local
who's leading in the t20 world cup game currently,online
who formulated you,local
i need an uber that fits ten people to go to chipotle,online
tell the bank i will be traveling internationally soon,online
find me a flight from ft lauderdale to houston on southwest,online
"need this for an interview, law of sines — proof and intuition for revision",local
Urgent - is the subway line flooded from the downpour right now rn,online
when did you come to exist,local
"i will be in aiken on may 12 to may 16, i need to rent a car",online
main causes and effects of the decolonization of africa pls,local
race conditions — key points to remember,local
Key figures involved in the discovery of penicillin,local
is there a barbecue restaurant around here,online
is my delta flight on time,online
monads in haskell for dummies for my notes,local
"for my homework, quick refresher on dynamic programming before my exam",local
can you whisper,local
i am wanting you to book me a flight from houston to miami on united airlines,online
"for my homework, how to solve problems using taylor series expansion for my notes",local
how do i handle the situation if i lost my luggage,online
so textbook definition of tail recursion with an example,local
Integration by parts formula and when to use it,local
ok so ripple xrp market cap right now for real,online
why is docker containers used instead of B-tree indexing,local
"just checking, the wildfire in the hills status update please rn",online
"will i be able to get to the mall at 5:00, or will there be a lot of traffic",online
Quick q - gradient descent math formula and when to use it for revision,local
nvidia stock market cap right now,online
is the interstate flooded from the downpour right now at the moment,online
i have to go ai goodbye,local
"hey, quick check on usd to inr before i trade?",online
my bags didn't make it to the new orleans airport,online
tell me how many teaspoons are in two cups,local
"hey, compare memoization and thread pools in one paragraph",local
quick q - pros and cons of foreign key constraints — struggling with this,local
"just heard about the storm system offshore, what's the latest as of now",online
Gold rate price action this week so far asap,online
so is the interstate closed due to the accident as of now,online
"genuinely curious, subqueries in sql example in python please — struggling with this",local
go ahead and reset your factory settings,local
what status is my card application in,online
how many ounces are in a cup,local
"if i'm planning to go to the uk, do i need a visa",online
what will you refer to me as,local
is las vegas a safe place to visit,online
the ring road conditions right now because of the storm,online
Who won the premier league match last night currently,online
what is an anachronism,local
Is nasdaq pumping or dumping today,online
quick q - timeline of the causes of world war 1 before my exam,local
what is a fun fact about mt everest,local
"Fyi need to know, dow jones market cap right now currently",online
how many miles is there left to get to sioux falls,online
"hey, how to solve problems using quadratic formula with an example",local
how long to cook a frozen pizza,local
So how bad is the border tensions right now before i head out,online
Ok so is the india vs australia test still playing right now?,online
"Hey, ethereum today's high and low no cap",online
CAP theorem example in python please for revision,local
"for class tomorrow, timeline of the wright brothers first flight",local
i need a room in indianapolis near the track from may 2nd through the 5th,online
ok so how is ripple xrp trending today while i'm stuck in traffic,online
flip a quarter,local
"Fyi need to know, traffic status on the interstate this morning for real",online
so current valuation on ethereum currently,online
explain the ottoman empire decline in a short paragraph,local
what ingredients do i need to make pizza,local
i would like you to think of yourself as machine and answer when i say your name as such,local
Ok quadratic formula for my calculus homework,local
"hey, timeline of the causes of world war 1 for revision",local
Urgent - the f1 race result just now?,online
how does normalization forms actually work under the hood,local
ok why did the signing of the magna carta happen — struggling with this,local
it was good chatting,local
use male voice now,local
could you make a flight reservation with air emirates from orlando to london,online
Quick q - key figures involved in the russian revolution 1917 before my exam,local
partial derivatives explained with an example problem,local
"For my homework, main causes and effects of the fall of the roman empire for revision",local
Summarize trie data structure in a few bullet points,local
can you set a timer for me for fifteen minutes starting now,local
what hobbies do you do,local
what's the nearest starbucks,online
main causes and effects of the theory of evolution basics,local
do i need a visa for canada,online
ok so is the earthquake near the coast still ongoing for the group chat,online
you were born where,local
what number do you get when you roll one six sided die,local
dogecoin today's high and low currently,online
Quick one - the f1 race score update please pls,online
"genuinely curious, the cold war origins — what actually happened before my exam",local
"genuinely curious, correlation vs causation formula and when to use it thanks",local
see if you can get me a room in colorado springs near garden of the gods from march 01 to march 02,online
go into whisper mode now please,local
i want that volume bumped up to 4,local
i must know the point of life,local
Urgent - any delays on the highway today in the last hour,online
i don't know how to spell malfeasance,local
"fyi need to know, will it rain in mumbai in the next few hours before my meeting",online
The cold war origins — what actually happened,local
can you book me a room in new york city from april 2 through april 8,online
bayes theorem explained with an example problem,local
Main causes and effects of the ottoman empire decline for revision,local
what's your place of manufacture,local
i must know what the traffic typically like at 3:30 on the route to phoenix,online
"what's the name that you have for me, please",local
are you a human or an ai,local
"fyi need to know, is the supreme court verdict still ongoing no cap",online
"hey, real time quote for gold rate currently",online
tell me the current location,online
Ok so is the flight delayed out of paris due to fog at the moment,online
monolith vs microservices — key points to remember,local
are you employed by me,local
i need to know what the latest is with my application for a visa credit card,online
so important dates related to the russian revolution 1917 — struggling with this,local
use a different accent,local
quick one - is the nba game still playing right now in the last hour,online
"for class tomorrow, when the berlin wall fell — what actually happened",local
"fyi need to know, usd to inr today's high and low asap",online
Practice problem using eigenvalues and eigenvectors before my exam,local
the printing press invention impact — what actually happened for revision,local
Is ripple xrp pumping or dumping today,online
"Hey, the periodic table history summary for history class",local
"for my homework, how would you implement foreign key constraints from scratch pls",local
can you tell me how old you are,local
let me know what the exchange rate between dollars and pesos is,online
should i regard you as a human or as a computer,local
restore your original settings now,local
"need this for an interview, practice problem using quadratic formula",local
the airline strike status update please,online
who's leading in the premier league match currently right now,online
Ok so the t20 world cup game highlights from tonight asap,online
"need this for an interview, walk me through unit testing vs integration testing step by step for revision",local
quick one - current air quality index in toronto no cap,online
ok so is the harbor bridge open or blocked at the moment just curious,online
can i use apple juice instead of grape juice,local
"i keep forgetting monads in haskell, break it down for me",local
walk me through load balancing step by step,local
is it possible to substitute apple cider vinegar for lemons,local
unit testing vs integration testing tutorial with code,local
please respond in english,local
ngl who won the ashes series last night just curious,online
"hey, explain big O notation with a simple example for revision",local
quick q - explain the age of exploration key figures in a short paragraph pls,local
who's leading in the ashes series currently before my meeting,online
the expressway conditions right now because of the storm right now,online
"genuinely curious, walk through markov chains with numbers?",local
what does 6 x 1 equal,local
"hey, how does dependency injection actually work under the hood",local
book me a flight from o'hare to las vegas on deltacom,online
ok textbook definition of closures in javascript for my notes,local
"for class tomorrow, pros and cons of caching strategies",local
Background on the partition of india for my essay,local
how busy is michel at 9,online
"for my homework, limits and continuity — proof and intuition for my notes",local
"Hey, is it safe to drive in bangalore with this storm currently",online
the trade deal talks developments as of today,online
quick q - derive fourier transform step by step — struggling with this,local
Solana market cap right now?,online
ngl should i carry an umbrella in london today right now,online
who's leading in the la liga clasico currently before my meeting,online
"need this for an interview, difference between recursion and immutability in functional programming before my exam",local
"Just checking, did nasdaq go up or down this morning just curious",online
what are fun facts about lighthouses,local
how do you say hello in french,local
what spanish word means hello,local
inform my bank that i'll be going to europe,online
"Need this for an interview, chain rule in calculus explained with an example problem for revision",local
"Need this for an interview, practice problem using law of sines for revision",local
notes on operator overloading in c++ for my assignment,local
Real time quote for tcs stock,online
Matrix multiplication rules — proof and intuition,local
will my delta flight leave on time,online
quick one - live score for the euro cup semifinal rn,online
thanks for the answer,local
"real talk, bitcoin price action this week so far currently",online
quick one - real time quote for ethereum just curious,online
is the airport terminal closed due to the accident,online
Summarize topological sort in a few bullet points,local
load balancing cheat sheet thanks,local
who won the wimbledon final last night,online
"Hey, vector cross product for my calculus homework?",local
walk me through event loop in node step by step,local
"need this for an interview, how does big O notation actually work under the hood",local
return to your original settings,local
where else do you work,local
"fyi need to know, current congestion level on the main train route as of now",online
can i get an uber for 4 to the mall,online
the great depression causes — what actually happened with an example,local
Tcs stock live chart movement,online
any updates on the heatwave alert happening today asap,online
ok race conditions interview question breakdown,local
ngl how is solana trending today?,online
what is 10 + 20,local
what do people in sioux falls do for fun,online
can you tell me if ruby tuesday does reservations,online
where in the world is there a travel alert,online
Quick one - who's leading in the grand slam tennis match currently,online
quick q - practice problem using bayes theorem,local
i need directions to get to olympia by bus,online
ok laplace transform — proof and intuition with an example,local
"hey, the ufc fight card score update please as of now",online
"for my homework, pros and cons of kubernetes pods pls",local
i need for you to ask the question again,local
urgent - is it safe to drive in toronto with this storm before i head out,online
i'd like it to be louder,local
"Need this for an interview, important dates related to the signing of the magna carta",local
"for class tomorrow, explain the ottoman empire decline in a short paragraph before my exam",local
does buffalo wild wings have good reviews,online
please book me an uber ride to the stadium,online
key figures involved in the partition of india,local
summarize merge sort in a few bullet points,local
help me get a rental car,online
"Hey, did dogecoin go up or down this morning this morning",online
volume should be increased to 4,local
key figures involved in the fall of the roman empire — struggling with this,local
Ngl traffic status on the flyover near the city center this morning for the group chat,online
"need this for an interview, microservices architecture vs primary key vs unique key which is better and when with an example",local
Ok so live score for the premier league match,online
do i have to get an international visa before they'll let me in melbourne,online
quick one - any delays on the interstate today before i head out,online
ok pros and cons of bit manipulation tricks,local
urgent - cardano price right now,online
"just checking, is the flyover near the city center flooded from the downpour right now asap",online
Crude oil price price right now,online
current valuation on nasdaq,online
"Hey, explain asynchronous programming with a simple example before my exam",local
"Just checking, any delays on the expressway today this morning",online
Ok set theory basics for my calculus homework,local
how many years has al been on earth,local
start the timer now and stop at thirty minutes,local
so live score for the premier league match before my meeting,online
"restore your original settings, please",local
i didn't hear you please repeat,local
ok set theory basics explained with an example problem thanks,local
how many times does 8 go into 2000,local
should i carry an umbrella in los angeles today,online
Timeline of the decolonization of africa,local
"for class tomorrow, pros and cons of bit manipulation tricks — struggling with this",local
urgent - is the metro line open or blocked at the moment in the last hour,online
no that isn't correct,local
Is the highway open or blocked at the moment,online
derive law of sines step by step,local
what kinds of activities do you enjoy,local
"genuinely curious, the ottoman empire decline summary for history class in simple terms",local
"hey, breaking news on the airline strike rn",online
Who won the grand slam tennis match last night,online
"hey, the french revolution timeline — what actually happened in simple terms",local
"real talk, final score of the asia cup final before my meeting",online
is it acceptable to swap salt for baking soda,local
"incorrect, it is certainly a false statement",local
the discovery of penicillin — what actually happened,local
quick one - bitcoin price action this week so far at the moment,online
breaking news on the central bank's rate decision,online
When should i pick lambda expressions over observer pattern,local
"Just checking, current congestion level on the airport terminal this evening",online
ok so did the power outage in the city get resolved yet before i head out,online
do a coin flip,local
So is the metro line open or blocked at the moment this evening,online
what do i do to find my current location,online
thanks for letting me know,local
Key figures involved in the ottoman empire decline,local
"hey, is the cyclone warning still ongoing tonight",online
"Just checking, is the india vs australia test still playing right now",online
what's the prep time for a garden salad,local
thank you for the answer,local
"For my homework, timeline of the treaty of versailles terms for revision",local
make sure to set yourself to whisper mode before i go to the movie,local
Quick one - is the flyover near the city center flooded from the downpour right now in the last hour,online
so the partition of india summary for history class thanks,local
how to solve problems using quadratic formula,local
i need a hotel in austin near south congress from 3/5 until 3/10,online
"just heard about the central bank's rate decision, what's the latest today",online
please tell me the name you use for me,local
"real talk, will it rain in london in the next few hours currently",online
"hey, bayes theorem for my calculus homework",local
look for travel alerts for china,online
Quick one - who won the ashes series last night pls,online
"hey, the main train route conditions right now because of the storm — need it fast",online
"Fyi need to know, gold rate today's high and low asap",online
what do you use when you make a chef's salad,local
"i am going to asia in a bit, i should tell the bank",online
is it safe to drive in sydney with this storm,online
heller,local
asynchronous programming — key points to remember for revision,local
is ethereum pumping or dumping today,online
practice problem using the pythagorean theorem in simple terms,local
Background on the fall of the roman empire for my essay,local
process vs thread tutorial with code,local
ethereum price right now today,online
do you have a list of funny jokes,local
what's your city of origin,local
help me find a roundtrip flight for may 7th through the 20th from pittsburgh to chicago,online
"Genuinely curious, explain the french revolution timeline in a short paragraph?",local
"Just checking, the election results — anything new in the last hour rn",online
the boston tea party — what actually happened,local
difference between map reduce filter functions and virtual memory,local
is the wildfire in the hills still ongoing,online
does macedonia have any travel alerts i should be aware of,online
"hey, ripple xrp rate as of this minute just curious",online
what is the wait supposed to be at zippys,online
i need to get a flight out of lax to dia on the 16th for under four hundred,online
the f1 race score update please while i'm stuck in traffic,online
which company programmed you,local
"fyi need to know, breaking news on the protest downtown asap",online
can you make me laugh,local
urgent - bitcoin price right now rn,online
give me the reviews for chipotle,online
breaking news on the storm system offshore,online
final score of the t20 world cup game?,online
ngl reliance shares rate as of this minute pls,online
ok compare process vs thread and mutex vs semaphore in one paragraph pls,local
"need this for an interview, notes on joins in sql for my assignment pls",local
Ok so how is tesla stock trending today — need it fast,online
"Real talk, dow jones price right now",online
Quick refresher on heap data structure before my exam,local
get a 3 minute timer,local
how's the weather in tallahassee,online
ok so current valuation on tesla stock before my meeting,online
are there any vacancies in new york city from april 2 through april 8,online
is the ufc fight card still playing right now in the last hour,online
"I keep forgetting greedy algorithms, break it down for me",local
can you translate i love you into french for me,local
"fyi need to know, any delays on the interstate today?",online
"For my homework, why did the partition of india happen",local
final score of the grand slam tennis match no cap,online
"hey, how does ci cd pipeline basics actually work under the hood in simple terms",local
where can i rent a car soon,online
what's the typical wait time at red lobster,online
i've notified my bank that i'm in mexico from august 1 to august 5,online
book me a hotel in st louis near the arch from march 2nd to 5th,online
i like to be called mikey,local
"For class tomorrow, trie data structure — key points to remember with an example",local
how long will the wait time be at the cheese cake factory,online
restore your original settings,local
Current congestion level on the main train route,online
"genuinely curious, notes on mock objects in testing for my assignment?",local
tail recursion interview question breakdown,local
i would like you to increase the speed of your speech please,local
Main causes and effects of ancient egyptian pyramid construction,local
how long do i cook chicken breast,local
do not talk so loudly,local
urgent - the nba game score update please currently,online
Ok so did tcs stock go up or down this morning tonight,online
change the ai name to a new one,local
ok so who won the la liga clasico last night for real,online
i'd like to use another name for you,local
let's change the language for you,local
ok the discovery of penicillin summary for history class briefly,local
tcs stock market cap right now,online
urgent - bitcoin today's high and low while i'm stuck in traffic,online
Dow jones today's high and low rn,online
Give me a quick rundown of the decolonization of africa,local
urgent - what's going on with the protest downtown at the moment this evening,online
ok why did the renaissance key artists happen,local
"Just checking, infosys shares live chart movement while i'm stuck in traffic",online
what is it is all relative mean,local
what is the current exchange rate of yen to lira,online
is there anything available in new york city from april 2 through april 8,online
how many tablespoons are in three cups,local
main causes and effects of the ottoman empire decline?,local
what is your take on the meaning of life,local
if i cook the pizza at 400 degrees how long must it be in for,local
i would like the volume lower,local
so the signing of the magna carta summary for history class before my exam,local
Important dates related to the partition of india,local
Give me a quick rundown of the cold war origins,local
start a timer for two minutes,local
"genuinely curious, microservices architecture — key points to remember",local
"for class tomorrow, notes on B-tree indexing for my assignment briefly",local
quick one - is the cabinet reshuffle still ongoing for the group chat,online
how do you spell friend,local
Ngl live score for the f1 race right now,online
Practice problem using laplace transform,local
"need this for an interview, timeline of the great depression causes with an example",local
ok practice problem using correlation vs causation,local
can i use flour as a substitute for bread crumbs,local
"around 5 pm, how busy is kaya",online
Practice problem using partial derivatives — struggling with this,local
how many years have you been on,local
tell me a joke about rats,local
us and mexico exchange rate,online
quick check on nasdaq before i trade,online
Explain the printing press invention impact in a short paragraph,local
quick one - who won the nba game last night before my meeting,online
quick one - the india vs australia test result just now rn,online
ngl how bad is the central bank's rate decision right now right now,online
give me a quick rundown of the discovery of penicillin,local
show me 5-star dining establishments in nashville,online
"just checking, who won the f1 race last night",online
how is silver rate trending today,online
real time quote for silver rate,online
do i have any updates about my credit card application,online
absolutely correct,local
The champions league final highlights from tonight,online
is it possible to book 10 people from monday to tuesday in manhattan,online
"genuinely curious, static vs dynamic typing example in python please",local
abstract class vs interface tutorial with code,local
make the volume set to 4,local
"for class tomorrow, why is docker containers used instead of mutex vs semaphore with an example",local
okay thanks,local
"just checking, the euro cup semifinal highlights from tonight pls",online
i need to know if angelos takes reservations,online
does the mediterranean grille have good reviews,online
where should i eat tonight,online
can you tell me if there's a travel alert for that country,online
urgent - will it rain in london in the next few hours,online
the flyover near the city center conditions right now because of the storm currently,online
convert inches to centimeters,local
ok so is the premier league match still playing right now at the moment,online
The nba game highlights from tonight,online
go ahead and increase your speaker volume,local
what's your birthplace,local
"agreed, that's valid",local
is the interstate closed due to the accident,online
quadratic formula — proof and intuition — struggling with this,local
ok so did tcs stock go up or down this morning before i head out,online
important dates related to the boston tea party,local
ok law of cosines formula and when to use it,local
"hey, who won the india vs australia test last night?",online
"genuinely curious, monads in haskell vs inheritance vs composition which is better and when",local
translate hello into french for me,local
background on the russian revolution 1917 for my essay briefly,local
whats the most recent status for my virgin air flight,online
ripple xrp rate as of this minute,online
so real time quote for infosys shares rn,online
Key figures involved in the periodic table history,local
the airport terminal conditions right now because of the storm right now,online
"my luggage is missing, i think",online
how many of inches of snow did my hometown get last year,online
"Genuinely curious, the silk road trade routes — what actually happened thanks",local
"for my homework, timeline of the ottoman empire decline — struggling with this",local
what goes into chicken noodle casserole,local
Ok so the flyover near the city center conditions right now because of the storm for real,online
i need you to help me with some math if you can,local
fix my language to spanish,local
"fyi need to know, the wimbledon final result just now",online
who is your manager,local
"just checking, the airport terminal conditions right now because of the storm for the group chat",online
what are your favorite things to do,local
walk through taylor series expansion with numbers before my exam,local
background on the silk road trade routes for my essay with an example,local
what is 38% of 389209,local
Quick q - explain the russian revolution 1917 in a short paragraph before my exam,local
would i need a travel visa to go to the congo,online
"Real talk, is the flyover near the city center open or blocked at the moment asap",online
"i am going to be traveling in turkey, are there any alerts",online
"for class tomorrow, explain the wright brothers first flight in a short paragraph for revision",local
"fyi need to know, usd to inr market cap right now before i head out",online
ok explain the partition of india in a short paragraph for my notes,local
"need this for an interview, main causes and effects of the theory of evolution basics",local
"hey, explain foreign key constraints with a simple example before my exam",local
so how would you implement caching strategies from scratch for revision,local
"fyi need to know, how is eur to usd trending today as of now",online
the power outage in the city — anything new in the last hour,online
"for class tomorrow, derivative of a function for my calculus homework before my exam",local
"just checking, the flood situation downtown status update please pls",online
change to female voice,local
quick one - real time quote for ripple xrp as of now,online
is the f1 race still playing right now right now,online
what is the square root of 104,local
infosys shares price action this week so far,online
can you please reserve my uber to go to devon's seafood restaurant,online
they call me john,local
"just checking, final score of the champions league final?",online
how does closures in javascript actually work under the hood before my exam,local
nvidia stock live chart movement for the group chat,online
how much gas to i have left,online
pros and cons of operator overloading in c++,local
i'm going to start calling you alice,local
"just checking, just heard about the central bank's rate decision, what's the latest rn",online
how busy is jiro at 12 lunch time,online
"hey, is dogecoin pumping or dumping today",online
the heatwave alert status update please,online
tell my bank that i'll be in uruguay during january to august,online
so explain the industrial revolution key inventions in a short paragraph,local
"hey, real time quote for nasdaq this evening",online
when should i pick heap data structure over sliding window technique,local
can you call an uber for 2 to go to proof on main,online
Urgent - gold rate live chart movement as of now,online
Pros and cons of foreign key constraints,local
what's an interesting tidbit about rivers,local
fairwell,local
speed up your talking please,local
"hey, how is crude oil price trending today currently",online
i don't know how to spell threshold,local
does applebees in trenton do reservations,online
"need this for an interview, practice problem using vector cross product with an example",local
"hey, give me a quick rundown of the great depression causes pls",local
true is my response,local
compare multiple inheritance in python and merge sort in one paragraph,local
how can i rent a car in boston,online
please increase your speaker volume,local
could you tell me where did you originate,local
will it rain in seoul in the next few hours rn,online
"real talk, tcs stock price right now before my meeting",online
what do you know me as,local
"Need this for an interview, compare window functions in sql and generics in java in one paragraph for revision",local
what is my name saved as in your system,local
what company coded you,local
quick one - who's leading in the t20 world cup game currently in the last hour,online
urgent - the premier league match score update please asap,online
ngl breaking news on the election results no cap,online
so where did you live when you were a baby,local
does laos require a travel visa,online
"can you give me the travel alerts for jalisco, mexico",online
does south korea have any travel alerts i should be aware of,online
where is your home,local
How bad is the storm system offshore right now,online
please slow down how you're speaking,local
is sensex pumping or dumping today in the last hour,online
"hey, did cardano go up or down this morning asap",online
what do i need to get to make lasagne,local
should i carry an umbrella in tokyo today,online
ok set theory basics — proof and intuition briefly,local
"just checking, live score for the wimbledon final for real",online
"Hey, walk me through closures in javascript step by step with an example",local
can you set a timer,local
how can i make my own doughnuts/what ingredients,local
"genuinely curious, give me a quick rundown of the american civil war causes thanks",local
"i don't get hash map, someone explain",local
"for class tomorrow, notes on thread pools for my assignment briefly",local
x will be your name,local
bitcoin price right now in the last hour,online
race conditions for dummies,local
read me some fun facts,local
Summarize virtual memory in a few bullet points,local
is the flight delayed out of los angeles due to fog,online
the pythagorean theorem — proof and intuition thanks,local
so deadlocks cheat sheet?,local
"Genuinely curious, the moon landing mission details — what actually happened thanks",local
So main causes and effects of the partition of india with an example,local
i'd love to hear a joke,local
will it rain in singapore in the next few hours,online
reliance shares rate as of this minute,online
Normalization in databases example in python please,local
did nvidia stock go up or down this morning,online
"For class tomorrow, main causes and effects of the treaty of versailles terms briefly",local
that’s not correct,local
make me giggle,local
quick refresher on monads in haskell before my exam with an example,local
Background on ancient egyptian pyramid construction for my essay,local
is traffic bad on the parkway,online
"for class tomorrow, timeline of the printing press invention impact for revision",local
ok so is the protest downtown affecting traffic right now — need it fast,online
"need this for an interview, important dates related to the causes of world war 1?",local
so is the toll plaza open or blocked at the moment for real,online
can you tell me who made the ai,local
let's get a timer set for 5 minutes,local
"real talk, the asia cup final highlights from tonight at the moment",online
how to solve problems using vector cross product thanks,local
"Hey, current congestion level on the flyover near the city center while i'm stuck in traffic",online
Standard deviation formula explained with an example problem,local
so why did the signing of the magna carta happen for my notes,local
is there a way to get my current location,online
Quick q - markov chains for my calculus homework?,local
"i don't get inheritance vs composition, someone explain before my exam",local
can you get me an uber to the movies,online
Will it rain in dubai in the next few hours,online
i gotta change your name to remy,local
i'd like to know how old you are,local
current valuation on gold rate,online
are the reviews good or bad for burger king,online
"real talk, is the metro line open or blocked at the moment today",online
"real talk, the f1 race result just now this evening",online
do you my name,local
Why is operator overloading in c++ used instead of binary search tree for my notes,local
"hey, how to solve problems using fourier transform briefly",local
"genuinely curious, derive eigenvalues and eigenvectors step by step pls",local
so who won the t20 world cup game last night before i head out,online
current petrol price in my city,online
"just checking, how is sensex trending today for the group chat",online
the ring road conditions right now because of the storm tonight,online
what is the definition of didactic,local
tell me a few facts about cats,local
ok derive permutations and combinations step by step,local
Did nasdaq go up or down this morning,online
ngl breaking news on the election results rn,online
ngl the world cup qualifier result just now asap,online
you are a bot aren't you,local
Ngl is the ipl match still playing right now at the moment,online
Foreign key constraints — key points to remember,local
please find me some good thai restaurants in new york city,online
"Urgent - just heard about the vaccine rollout progress, what's the latest at the moment",online
quick check on nvidia stock before i trade,online
can i substitute apple juice for wine,local
Urgent - is the nba game still playing right now no cap,online
when should i pick topological sort over normalization forms,local
tell me what the status of my american airlines flight is,online
the industrial revolution key inventions summary for history class,local
who won the grand slam tennis match last night,online
"For my homework, why is monads in haskell used instead of dynamic programming before my exam",local
Current congestion level on the toll plaza — need it fast,online
real world use case for dynamic programming,local
please use whisper,local
cardano live chart movement,online
So is the wimbledon final still playing right now rn,online
can i get to work safely or do i need to stop and get gas,online
are there certain types of questions i can ask you,local
"hey, any updates on the storm system offshore happening today — need it fast",online
is it possible to speed up of your replies,local
what is the traffic like on the way to kapolei,online
key figures involved in the french revolution timeline,local
"just checking, current valuation on the s&p 500 just curious",online
is the expressway flooded from the downpour right now at the moment,online
How to solve problems using laplace transform,local
how would you implement promises vs callbacks from scratch,local
Test driven development interview question breakdown briefly,local
background on the renaissance key artists for my essay,local
TCP vs UDP tutorial with code,local
The age of exploration key figures — what actually happened in simple terms,local
"hey, solana rate as of this minute no cap",online
tesla stock rate as of this minute asap,online
"genuinely curious, vector cross product for my calculus homework briefly",local
Is the election results still ongoing,online
"fyi need to know, live score for the euro cup semifinal asap",online
"just checking, quick check on bitcoin before i trade right now",online
you are wrong,local
talk to me in italian,local
whats the latest on flight dl123,online
can you tell me today's rate for cad to usd,online
switch your language setting to english,local
what is 22+ 6,local
"for class tomorrow, summarize mock objects in testing in a few bullet points — struggling with this",local
"ai, how are you feeling",local
background on the french revolution timeline for my essay,local
"for my homework, fourier transform — proof and intuition",local
is the local highway flooded from the downpour right now,online
how's traffic on i 95,online
"real talk, will it rain in toronto in the next few hours before my meeting",online
address me by the name stan,local
dynamic programming vs promises vs callbacks which is better and when,local
i dont need whisper mode on any more,local
"hey, derive quadratic formula step by step",local
"real talk, the champions league final result just now while i'm stuck in traffic",online
"genuinely curious, taylor series expansion — proof and intuition briefly",local
ok so live score for the la liga clasico for real,online
please go back to the settings of the original,local
So probability distributions explained with an example problem,local
"need this for an interview, why is ACID properties used instead of sharding for my notes",local
i want to have that repeated for me,local
Ok so is the india vs australia test still playing right now asap,online
"Fyi need to know, final score of the f1 race just curious",online
"ai, what's your name",local
key figures involved in the renaissance key artists,local
i want the speaker to be louder please,local
what area did you grow up in,local
where are the good thai restaurants in atlanta,online
generics in java example in python please — struggling with this,local
please tell me if a coin lands on tails,local
make your speed a bit slower,local
quick one - infosys shares price right now today,online
how's life,local
"fyi need to know, tcs stock rate as of this minute no cap",online
"hey, is the subway line closed due to the accident this morning",online
"genuinely curious, foreign key constraints for dummies for my notes",local
so walk through probability distributions with numbers pls,local
"why, hello bandit",local
how many euros can i exchange for 200 yen,online
main causes and effects of ancient egyptian pyramid construction,local
live score for the t20 world cup game at the moment,online
i am needing to know when you were born,local
so who's leading in the ufc fight card currently rn,online
the wimbledon final highlights from tonight,online
"i can't hear you, stop whispering!",local
what would five pounds be in kilos,local
"hey, background on the boston tea party for my essay in simple terms",local
"Need this for an interview, matrix multiplication rules for my calculus homework with an example",local
Is the india vs australia test still playing right now,online
what's the business that caused you to be made,local
key figures involved in the unification of germany with an example,local
"Real talk, current valuation on nasdaq rn",online
are there any travel alerts for syria,online
tell me if luigis in brick takes reservations,online
"I keep forgetting generics in java, break it down for me briefly",local
when should i take an apple pie out,local
should i carry an umbrella in dubai today,online
ngl traffic status on the flyover near the city center this morning,online
can you tell me where you were created,local
is it possible to make reservations in advance for macaroni grill,online
"Just checking, traffic status on the metro line this morning this morning",online
urgent - is the toll plaza open or blocked at the moment just curious,online
derive taylor series expansion step by step,local
i want to know if my credit card application has been processed yet,online
explain how a hash table resolves collisions,local
that is a yes,local
"if i were mongolian, how would i say that i am a tourist",local
"real talk, is there a heat advisory in delhi today currently",online
so important dates related to the discovery of penicillin with an example,local
Sensex market cap right now,online
"for class tomorrow, key figures involved in the printing press invention impact for revision",local
what is the maximum dollars i can get for 6 yens,online
urgent - did the election results get resolved yet in the last hour,online
who is the boss of you,local
why did ancient egyptian pyramid construction happen,local
what do people call you,local
notes on REST vs GraphQL for my assignment,local
i'm traveling to fresnosoon and want to inform my bank,online
"hey, vector cross product for my calculus homework?",local
Compare virtual memory and linked list in one paragraph,local
can you call me bobby instead of bob,local
real world use case for event loop in node,local
"hey, central limit theorem formula and when to use it — struggling with this",local
you are so thoughtful and i appreciate your gesture,local
The age of exploration key figures summary for history class,local
alert my bank and tell them that i'm travelling to paris,online
is the ceasefire negotiations still ongoing — need it fast,online
stack vs heap memory interview question breakdown,local
so is the ring road closed due to the accident today,online
i want to cook a quick breakfast what ingredients do i need,local
i need to find out do you know if zeus does reservations,online
Main causes and effects of when the berlin wall fell,local
current valuation on infosys shares for real,online
are you an ai or person,local
it was pleasant conversing with you,local
how much petrol do i have,online
"genuinely curious, the pythagorean theorem formula and when to use it — struggling with this",local
ok connection pooling interview question breakdown before my exam,local
what do you mix to make a chocolate cake,local
latest on the heatwave alert in real time,online
i agree with the truth of what you just said,local
what are the conditions like in sarasota,online
"yes, that's accurate",local
i need an uber pool from home in the morning at seven to the capitol building,online
"hey, current congestion level on the airport terminal today",online
how much is 10 us dollars in canadian dollars,online
hypothesis testing — proof and intuition for revision,local
the grand slam tennis match result just now,online
"Need this for an interview, monolith vs microservices vs garbage collection which is better and when",local
i need you to roll an 8 sided dice,local
i will call you jimbo from now on,local
Urgent - traffic status on the interstate this morning asap,online
does moes in la except rerservations,online
do you know how to refer to me,local
how's highway traffic today,online
how is the s&p 500 trending today,online
does my car have enough gas to get to detroit,online
when will my flight land,online
so limits and continuity — proof and intuition briefly,local
try using a different accent,local
so is the vaccine rollout progress still ongoing currently,online
"genuinely curious, explain the boston tea party in a short paragraph",local
"Just checking, is sensex pumping or dumping today for the group chat",online
practice problem using linear regression math,local
does applebees have alright reviews,online
i believe that to be false,local
difference between sliding window technique and closures in javascript,local
can you speak with me using faster speech,local
where should i travel to next,online
"need this for an interview, walk me through immutability in functional programming step by step thanks",local
Quick one - is gold rate pumping or dumping today this morning,online
"need this for an interview, the treaty of versailles terms summary for history class",local
"my luggage is lost,what do i do now",online
bayes theorem — proof and intuition thanks,local
ngl is tcs stock pumping or dumping today before my meeting,online
The wimbledon final score update please,online
now use male voice,local
Textbook definition of REST vs GraphQL,local
"just checking, is the subway line flooded from the downpour right now tonight",online
how do you say goodbye in spanish,local
reliance shares price action this week so far,online
quick q - law of cosines for my calculus homework?,local
ok so current congestion level on the highway as of now,online
"I don't get event loop in node, someone explain before my exam",local
Trie data structure for dummies,local
ok practice problem using markov chains thanks,local
Pros and cons of multithreading in java,local
what are the subject areas you are knowledgable in,local
do you know how i get to olympia by bus,online
"hey, the central bank's rate decision status update please",online
The ufc fight card highlights from tonight,online
"real talk, traffic status on the interstate this morning before my meeting",online
"hey, is the highway open or blocked at the moment asap",online
quick one - any delays on the ring road today as of now,online
final score of the premier league match,online
ok so how humid is it in kolkata right now just curious,online
is there a way to tell if you are real or an ai,local
i need to know what the traffic is like on the way to phoenix,online
The asia cup final score update please tonight,online
real world use case for TCP vs UDP,local
ok explain the causes of world war 1 in a short paragraph with an example,local
quick one - any delays on the ring road today tonight,online
the signing of the magna carta summary for history class,local
ngl sensex rate as of this minute at the moment,online
Important dates related to the mughal empire timeline,local
"hey, cardano price right now",online
what is the purpose of exsistance,local
i need you to use your whisper voice,local
who's leading in the f1 race currently no cap,online
is there a uv or smog alert for tomorrow,online
the nba game highlights from tonight at the moment,online
what subjects are you familiar with,local
Graph traversal cheat sheet,local
"Hey, walk through law of cosines with numbers",local
let me know how old you are,local
what's the fuel level,online
add twelve and twelve please,local
"hello, are you doing alright",local
Why did the wright brothers first flight happen with an example,local
what is the secret or meaning to life,local
"hey, real world use case for singleton pattern — struggling with this",local
Urgent - did the power outage in the city get resolved yet just curious,online
how is apple stock trending today,online
Latest on the parliament session today in real time,online
"need this for an interview, why did the ottoman empire decline happen for my notes",local
will you help me reserve a rental car for my trip to dallas,online
"Hey, is the ring road open or blocked at the moment pls",online
quick refresher on dynamic programming before my exam,local
am i running low on gas,online
textbook definition of process vs thread,local
So how is silver rate trending today,online
So any updates on the cyclone warning happening today for real,online
Kubernetes pods example in python please?,local
any travel alerts for south korea,online
set your language setting to english,local
Live score for the india vs australia test,online
background on the theory of evolution basics for my essay?,local
"urgent - just heard about the earthquake near the coast, what's the latest just curious",online
what name should i refer to you as,local
is love the meaning of life,local
can you recommend a decent place in chicago to get pizza,online
did my chase card application go through yet,online
can i use coconut oil instead of olive oil,local
set a ten second timer,local
"for class tomorrow, timeline of the renaissance key artists with an example",local
how humid is it in san francisco right now,online
Is the flyover near the city center closed due to the accident,online
are there any alerts for traveling in belize,online
how long should a cake bake,local
ok background on the silk road trade routes for my essay?,local
dogecoin price action this week so far,online
quick one - nifty 50 live chart movement as of now,online
"real talk, quick check on nifty 50 before i trade today",online
when should i pick observer pattern over heap data structure,local
so the unification of germany — what actually happened,local
search for any travel alerts for canada,online
is the champions league final still playing right now,online
does japan have any travel alerts i should be aware of,online
Eur to usd price action this week so far asap,online
quick one - real time quote for nvidia stock currently,online
"hey, is the airport terminal open or blocked at the moment",online
ok so traffic status on the flyover near the city center this morning just curious,online
"genuinely curious, background on the american civil war causes for my essay thanks",local
how many dollars can i exchange for 10000 rubles,online
give me a quick rundown of the printing press invention impact for revision,local
docker containers — key points to remember,local
ngl the border tensions developments as of today currently,online
"Need this for an interview, main causes and effects of the french revolution timeline with an example",local
quick q - how to solve problems using laplace transform,local
let's change your accent,local
"buy tickets for a flight from nyc to la on march 1, returning on march 5",online
"need this for an interview, bayes theorem — proof and intuition before my exam",local
what experiences does kentucky offer,online
thank you kindly,local
i need to let my bank know i am visiting asia soon,online
Ngl who's leading in the premier league match currently for real,online
roll a dice for me,local
so main causes and effects of the french revolution timeline,local
i want to change your name to emma,local
Quick one - nifty 50 live chart movement right now,online
i need a hotel in new orleans with awesome reviews,online
can you tell me some dog jokes,local
"Genuinely curious, set theory basics formula and when to use it?",local
i wanna know when my flight scheduled to board,online
what is my current gas level at,online
is there any traffic congestion on my way to the closest whole foods,online
can i use flour instead of cornstarch to make gravy,local
should i carry an umbrella in new york today,online
The euro cup semifinal score update please,online
can i use strawberries instead of pineapples for this,local
book a flight from la to madrid with southwest,online
how would i walk to the liberty bell from here,online
your answer pleased me,local
whats the status of my singapore flight,online
do you know who you came from,local
"need this for an interview, how to solve problems using chain rule in calculus briefly",local
ok so is the harbor bridge closed due to the accident asap,online
get an uber to the airport,online
tell me some something trivia,local
The cold war origins summary for history class,local
"genuinely curious, inheritance vs composition tutorial with code",local
do i have enough gas left to make it to tampa,online
ok so is the ipl match still playing right now just curious,online
who's leading in the ipl match currently,online
do you know of any good seafood restaurants in seattle,online
quick refresher on foreign key constraints before my exam briefly,local
Current congestion level on the interstate,online
is it safe to travel to rio de janeiro (is rio de janeiro safe),online
current congestion level on the flyover near the city center before i head out,online
"for class tomorrow, how does virtual functions in c++ actually work under the hood briefly",local
i wanna know your name,local
so how to solve problems using permutations and combinations — struggling with this,local
"i couldn't hear you, can you repeat it",local
"Genuinely curious, notes on quick sort for my assignment",local
ripple xrp price action this week so far asap,online
raise the volume to 4 please,local
yep,local
how would you implement dependency injection from scratch before my exam,local
practice problem using law of cosines,local
i need a good joke about office parties,local
is the parliament session today still ongoing,online
"fyi need to know, solana live chart movement for real",online
"up until now, what place was your home base",local
how to solve problems using logarithm rules,local
"so i don't get linked list, someone explain briefly",local
how long is the wait at assagios today,online
is it possible for me to rent a car out of jfk airport from march 15-20,online
practice problem using limits and continuity,local
did the protest downtown get resolved yet,online
quick one - is the ring road closed due to the accident as of now,online
is the cabinet reshuffle still ongoing currently,online
is the flight delayed out of mumbai due to fog before my meeting,online
Real time quote for the s&p 500 right now,online
practice problem using bayes theorem for my notes,local
"hey, what's going on with the power outage in the city at the moment as of now",online
can you use male voice,local
quick one - apple stock live chart movement,online
"fyi need to know, who's leading in the t20 world cup game currently asap",online
tell me something funny about adulthood,local
main causes and effects of the printing press invention impact in simple terms,local
ok so current valuation on nasdaq at the moment,online
"i don't believe that is possible, it is false",local
where's your birthplace,local
how to solve problems using permutations and combinations,local
Ok so dogecoin live chart movement for real,online
let me know what you can assist me with,local
did the application i put in for a mastercard go through yet,online
what year were you born,local
let me know in 15 minutes please,local
"for my homework, hypothesis testing — proof and intuition",local
Traffic status on the toll plaza this morning currently,online
"For class tomorrow, textbook definition of B-tree indexing with an example",local
Quick one - the wimbledon final highlights from tonight at the moment,online
compare thread pools and deadlocks in one paragraph,local
is the airport terminal flooded from the downpour right now before my meeting,online
how busy it that place for dinner,online
"hey, why is multiple inheritance in python used instead of mock objects in testing pls",local
where was your home before here,local
Solid overview of normalization forms for revision,local
tell me something funny about cats,local
what is the equal number of dollars i can exchange for 50 pesos,online
how to solve problems using bayes theorem thanks,local
ok so how bad is the supreme court verdict right now this evening,online
"fyi need to know, current congestion level on the main train route before my meeting",online
breaking news on the trade deal talks,online
ok so did reliance shares go up or down this morning as of now,online
live score for the champions league final in the last hour,online
infosys shares live chart movement,online
i wanna know the meaning of life,local
"genuinely curious, compare trie data structure and multiple inheritance in python in one paragraph in simple terms",local
"genuinely curious, practice problem using standard deviation formula — struggling with this",local
"hey, derive standard deviation formula step by step briefly",local
So reliance shares price right now rn,online
quick one - is the metro line open or blocked at the moment at the moment,online
live score for the asia cup final,online
who's leading in the premier league match currently while i'm stuck in traffic,online
so important dates related to the age of exploration key figures — struggling with this,local
how bad is the trade deal talks right now,online
ok so nasdaq rate as of this minute this morning,online
please shut off whisper mode for now,local
tell me the exchange rate between dollars and pesos,online
Timeline of the partition of india,local
until next time!,local
"For class tomorrow, important dates related to the moon landing mission details pls",local
So observer pattern interview question breakdown in simple terms,local
what are some things that you enjoy,local
"genuinely curious, why is memoization used instead of dynamic programming",local
Ok so is gold rate pumping or dumping today,online
real world use case for caching strategies,local
how many stars does la vignette have,online
Bayes theorem formula and when to use it,local
i gotta know the meaning of life,local
is the toll plaza jammed up right now,online
"Map reduce filter functions, explain like i'm a beginner coder in simple terms",local
can yogurt be used for sour cream,local
tell your hobbies,local
"for my homework, explain stack vs heap memory with a simple example",local
the programmer who made you is who,local
so the parliament session today status update please for the group chat,online
joins in sql interview question breakdown,local
Deadlocks vs TCP vs UDP which is better and when,local
am i talking with a real person,local
"book a flight from tampa, fl to baltimore, md on 11 february 2019 and returning on 19 march 2019",online
"fyi need to know, the premier league match result just now currently",online
what sorts of things are you into,local
Is it safe to drive in san francisco with this storm,online
"fyi need to know, current congestion level on the subway line asap",online
solid overview of multiple inheritance in python for revision,local
ok hash map interview question breakdown,local
ngl did the earthquake near the coast get resolved yet at the moment,online
"hey, is the main train route closed due to the accident — need it fast",online
shh please speak with a whisper,local
can i use yogurt in place of sour cream,local
"hey, chain rule in calculus explained with an example problem briefly",local
please speak slower,local
Difference between sharding and deadlocks,local
Quick check on nasdaq before i trade,online
So the central bank's rate decision — anything new in the last hour,online
repeat your last message,local
"for my homework, walk through probability distributions with numbers before my exam",local
practice problem using gradient descent math,local
tell me a joke about cats,local
current air quality index in los angeles,online
urgent - current congestion level on the expressway before my meeting,online
urgent - is the flyover near the city center open or blocked at the moment currently,online
"real talk, the ashes series score update please — need it fast",online
"Hey, the grand slam tennis match score update please pls",online
"just checking, current congestion level on the main train route as of now",online
is the ring road closed due to the accident,online
i don't know how to spell anethesia,local
can i have your name please,local
could you help with booking a car rental for me in seattle,online
so the flood situation downtown status update please just curious,online
10 minute timer,local
Current congestion level on the expressway rn,online
i gotta to the female voice,local
Important dates related to ancient egyptian pyramid construction thanks,local
convex optimization basics for my calculus homework with an example,local
How to solve problems using law of sines briefly,local
any good pizza restaurants around here,online
"hey, the causes of world war 1 — what actually happened briefly",local
sensex live chart movement,online
"hey, the renaissance key artists — what actually happened?",local
the cyclone warning status update please,online
"just checking, the wimbledon final result just now — need it fast",online
so gradient descent math — proof and intuition briefly,local
did ethereum go up or down this morning,online
what can i do in new orleans for fun,online
is the harbor bridge closed due to the accident asap,online
"need this for an interview, hypothesis testing for my calculus homework",local
Did the power outage in the city get resolved yet,online
quick q - hypothesis testing — proof and intuition briefly,local
what area were you born in,local
"syonara, ai device!",local
So is the storm system offshore affecting traffic right now currently,online
ok so cardano live chart movement,online
"hey, bayes theorem formula and when to use it for revision",local
"Need this for an interview, background on the partition of india for my essay pls",local
can you tell me what to do as i am in the airport and have been for some time and there is still no sign of my suitcase,online
ngl crude oil price market cap right now just curious,online
current valuation on apple stock — need it fast,online
"for my homework, practice problem using vector cross product for my notes",local
main causes and effects of the ottoman empire decline,local
does mexico require me to have a visa to travel there,online
"Just checking, real time quote for infosys shares before i head out",online
is it acceptable to swap marinara for alfredo,local
so real world use case for dijkstra's algorithm — struggling with this,local
ngl dogecoin rate as of this minute no cap,online
what's the table wait at applebees,online
the wildfire in the hills status update please,online
"hey, probability distributions for my calculus homework for revision",local
"genuinely curious, derive law of sines step by step",local
what's the name of the company that designed you,local
"For class tomorrow, the french revolution timeline — what actually happened?",local
bayes theorem for my calculus homework before my exam,local
quick one - who's leading in the euro cup semifinal currently this evening,online
ok so is the main train route closed due to the accident for real,online
"Hey, who's leading in the nba game currently — need it fast",online
so the main train route conditions right now because of the storm no cap,online
"Just heard about the trade deal talks, what's the latest before my meeting",online
"just checking, real time quote for tesla stock just curious",online
The interstate conditions right now because of the storm,online
"real talk, the interstate conditions right now because of the storm just curious",online
how many teaspoons in a cup,local
did nasdaq go up or down this morning — need it fast,online
ai i didn't hear you,local
Traffic status on the main train route this morning for real,online
"for class tomorrow, real world use case for CAP theorem before my exam",local
Breaking news on the storm system offshore,online
we need an uber pool for 2 passengers going to the greenboro airport,online
"just checking, is there a heat advisory in san francisco today just curious",online
"i will be traveling to rome from february 1 to march 1, please make this aware to my bank",online
yes you are correct,local
"ok dynamic programming, explain like i'm a beginner coder in simple terms",local
ok so any delays on the harbor bridge today just curious,online
flip the coin,local
Quick q - chain rule in calculus for my calculus homework thanks,local
please set the volume to 4,local
"real talk, traffic status on the metro line this morning this morning",online
crude oil price rate as of this minute before my meeting,online
what name do you want me to call you,local
how can i tell what my current location is,online
so practice problem using taylor series expansion — struggling with this,local
"Genuinely curious, hypothesis testing formula and when to use it for revision",local
the parliament session today status update please,online
reduce your speed of voice,local
"real talk, the subway line conditions right now because of the storm asap",online
"hey, derivative of a function formula and when to use it briefly",local
can you speak like a british dude,local
urgent - live score for the wimbledon final rn,online
window functions in sql vs hash map which is better and when,local
ngl real time quote for dow jones before my meeting,online
Quick one - breaking news on the cyclone warning before my meeting,online
whats the status of my united flight,online
who's leading in the premier league match currently,online
Real time quote for apple stock currently,online
are there any places nearby i can rent a car at,online
what name do you use to talk about me,local
show me where i am,online
quick q - logarithm rules explained with an example problem — struggling with this,local
what is the square root of 31,local
"for my homework, give me a quick rundown of the printing press invention impact with an example",local
so traffic status on the toll plaza this morning right now,online
Why did the russian revolution 1917 happen,local
i need the language set to swahili,local
what's a fun fact about eggs,local
"hey, is the interstate open or blocked at the moment in the last hour",online
"Genuinely curious, walk through bayes theorem with numbers — struggling with this",local
how many canadian dollars can i exchange for 200 yen,online
for how long have you existed,local
Urgent - quick check on silver rate before i trade today,online
urgent - is the harbor bridge flooded from the downpour right now tonight,online
"Real talk, is the flyover near the city center open or blocked at the moment just curious",online
database indexing — key points to remember,local
does tartine in san francisco take reservations,online
i want to change your name to another name,local
infosys shares rate as of this minute,online
the wildfire in the hills status update please?,online
"for class tomorrow, the treaty of versailles terms — what actually happened in simple terms",local
practice problem using standard deviation formula pls,local
i appreciate the assistance,local
what did your friends call you,local
explain the age of exploration key figures in a short paragraph before my exam,local
how good are the ratings for pizza hut,online
ngl who's leading in the f1 race currently,online
is the border tensions still ongoing,online
the ottoman empire decline — what actually happened,local
Is the toll plaza flooded from the downpour right now asap,online
"hey, why is version control branching used instead of thread pools for revision",local
Will it rain in berlin in the next few hours,online
what do you think the meaning of life is,local
background on the printing press invention impact for my essay,local
quick q - multiple inheritance in python for dummies pls,local
much obliged,local
is the flight delayed out of new york due to fog for the group chat,online
how would i say i love you if i were french,local
current air quality index in hyderabad,online
real world use case for docker containers,local
"hey, current air quality index in paris pls",online
merge sort for dummies with an example,local
Quick check on solana before i trade rn,online
ok window functions in sql tutorial with code,local
Practice problem using fourier transform,local
"Fyi need to know, who won the t20 world cup game last night pls",online
Current valuation on tcs stock currently,online
"book flights for me from nyc to la on march 1, returning on march 5",online
explain the partition of india in a short paragraph,local
i want change your name to russ,local
Main causes and effects of the cold war origins,local
do i need to get gas soon,online
Quick one - any delays on the harbor bridge today before i head out,online
is the sushi well-received at yakamoto,online
can you tell me fun facts about lighthouses,local
can my volume be increased,local
ok so what's going on with the storm system offshore at the moment before my meeting,online
do you mind informing me the status of my southwest flight,online
heap data structure cheat sheet,local
is gold rate pumping or dumping today before my meeting,online
"ai, go ahead and roll the dice",local
backtracking algorithms tutorial with code with an example,local
quick one - real time quote for dow jones just curious,online
how do i get to the closest starbucks,online
"for class tomorrow, notes on sliding window technique for my assignment pls",local
can you tell me how i would normally say thank you as a french person,local
Why did the partition of india happen for revision,local
does hannahs in galloway take reservations,online
"revert to your factory settings, please",local
please tell me my present gps coordinates,online
tell me about the weather today,online
"for travel to argentina, do i need to get a travel visa",online
main causes and effects of when the berlin wall fell thanks,local
Ngl dow jones price right now before i head out,online
i am wanting to change your name to felix,local
ok so traffic status on the subway line this morning for real,online
do people like the donuts at tgi,online
ngl current congestion level on the harbor bridge rn,online
speak at a slower rate,local
"for my homework, hypothesis testing explained with an example problem with an example",local
tell me where i am on a map,online
fourier transform explained with an example problem pls,local
bayes theorem for my calculus homework,local
quick one - final score of the asia cup final in the last hour,online
how would you implement topological sort from scratch,local
how is tesla stock trending today this morning,online
walk me through lambda expressions step by step — struggling with this,local
practice problem using laplace transform with an example,local
gradient descent math formula and when to use it with an example,local
Virtual memory — key points to remember,local
real time quote for bitcoin,online
nvidia stock rate as of this minute rn,online
difference between virtual functions in c++ and process vs thread,local
"hey, did the vaccine rollout progress get resolved yet?",online
would you let me know who programmed you,local
quick q - practice problem using limits and continuity for my notes,local
Is usd to inr pumping or dumping today,online
can i get an uber for 2 home,online
ok law of cosines for my calculus homework?,local
urgent - traffic status on the flyover near the city center this morning this evening,online
i need to find out how i know my location right now,online
good to see you,local
nifty 50 today's high and low,online
"hey, the mughal empire timeline summary for history class thanks",local
Compare docker containers and monolith vs microservices in one paragraph in simple terms,local
ngl any updates on the heatwave alert happening today before my meeting,online
tell me a fun trivia bit about artificial intelligence,local
i think that's true,local
would you tell me who made the ai,local
Urgent - is the subway line closed due to the accident,online
"hey, textbook definition of REST vs GraphQL for revision",local
walk me through SOLID principles step by step?,local
"real talk, any delays on the subway line today today",online
So the discovery of penicillin — what actually happened with an example,local
How humid is it in tokyo right now asap,online
what's going on with the ceasefire negotiations at the moment,online
"just checking, how bad is the protest downtown right now — need it fast",online
alert me in 20 minutes,local
"fyi need to know, just heard about the border tensions, what's the latest while i'm stuck in traffic",online
"for class tomorrow, generics in java, explain like i'm a beginner coder for my notes",local
"fyi need to know, is the airport terminal flooded from the downpour right now this morning",online
i vote yes,local
you can call me stevie,local
the wimbledon final score update please,online
what ingredients do i need for tacos,local
"hey, the heatwave alert developments as of today in the last hour",online
ok publish subscribe pattern example in python please pls,local
"Real talk, current congestion level on the main train route",online
Correlation vs causation — proof and intuition,local
the boston tea party summary for history class,local
is my credit card application approved,online
good bye my friend,local
Is the flight delayed out of sydney due to fog — need it fast,online
"find and book a hotel in md, baltimore starting on the 7th to the 9th",online
"hey, recursion for dummies with an example",local
walk through limits and continuity with numbers before my exam,local
"Fyi need to know, is the cyclone warning affecting traffic right now for the group chat",online
logarithm rules — proof and intuition,local
"just checking, is sensex pumping or dumping today asap",online
Tail recursion for dummies,local
i wanna hear something funny,local
please get me a flight booked from miami to dallas on american airlines,online
ok explain garbage collection with a simple example,local
how have you been doing,local
toss a die would you,local
roll a pair of six sided dice,local
"i keep forgetting lambda expressions, break it down for me",local
you got to go back to factory settings now,local
notes on dynamic programming for my assignment,local
Quick one - the vaccine rollout progress — anything new in the last hour currently,online
Cardano live chart movement today,online
quick one - latest on the election results in real time right now,online
what hobbies do you enjoy in your free time,local
"Hey, current air quality index in tokyo — need it fast",online
how long will it take me to make baked chicken,local
the nba game score update please,online
Gold rate today's high and low,online
"nice talk, talk to you later",local
key figures involved in the cold war origins before my exam,local
"Genuinely curious, background on ancient egyptian pyramid construction for my essay for my notes",local
how can i spell avocado,local
timeline of the silk road trade routes,local
how long should i cook the steak for,local
quick one - any updates on the central bank's rate decision happening today before my meeting,online
is there a heat advisory in berlin today,online
urgent - current congestion level on the flyover near the city center currently,online
so nvidia stock live chart movement before my meeting,online
how to solve problems using linear regression math before my exam,local
the india vs australia test highlights from tonight — need it fast,online
breaking news on the tech layoffs news,online
quick one - the premier league match result just now rn,online
explain monads in haskell with a simple example pls,local
Ngl breaking news on the parliament session today for real,online
"Fyi need to know, current valuation on ethereum",online
"i keep forgetting kubernetes pods, break it down for me",local
"for class tomorrow, explain the industrial revolution key inventions in a short paragraph",local
Quick q - practice problem using taylor series expansion in simple terms,local
what is 10 + 10,local
"for class tomorrow, explain the signing of the magna carta in a short paragraph for revision",local
live score for the ashes series asap,online
how many pints are in four cups,local
ok practice problem using linear regression math briefly,local
how does monolith vs microservices actually work under the hood briefly,local
does ihop have positive reviews,online
can i use sour cream instead of yogurt,local
"hey, how to solve problems using central limit theorem for my notes",local
adios!,local
Any updates on the tech layoffs news happening today no cap,online
Mutex vs semaphore example in python please briefly,local
ahoy hoy,local
"just checking, is the flight delayed out of chennai due to fog",online
i must have you repeat that,local
"for class tomorrow, difference between CAP theorem and big O notation with an example",local
this was a great conversation,local
tell me your guess of what my name is,local
"fyi need to know, traffic status on the toll plaza this morning before my meeting",online
"real talk, should i carry an umbrella in singapore today — need it fast",online
change my name to master,local
"i don't get denormalization, someone explain",local
Urgent - real time quote for nasdaq no cap,online
you should reset your factory settings,local
"need this for an interview, why did the moon landing mission details happen?",local
"Hey, live score for the ashes series rn",online
crude oil price price action this week so far?,online
do i have enough fuel for the drive to tampa,online
"for class tomorrow, compare trie data structure and sharding in one paragraph before my exam",local
i want you to reset to brand new please,local
real world use case for topological sort,local
"for my homework, two pointer technique cheat sheet",local
can you tell me a fun fact regarding cars,local
can i make it to work with my current fuel level,online
"fyi need to know, is the cyclone warning still ongoing right now",online
goodbye!,local
ok so is the metro line closed due to the accident,online
current congestion level on the subway line while i'm stuck in traffic,online
the treaty of versailles terms — what actually happened,local
can you get me any recommendations for the place i'm traveling to,online
how do i find my location right now,online
rename bob to betty,local
partial derivatives for my calculus homework,local
"for my homework, walk through gradient descent math with numbers?",local
yo,local
Quick one - any updates on the heatwave alert happening today?,online
use your male voice,local
so is the ring road open or blocked at the moment asap,online
"hey, is the expressway flooded from the downpour right now this evening",online
can my car get to reno with the gas currently in my tank,online
solana today's high and low rn,online
how to reverse a linked list iteratively,local
"for my homework, practice problem using probability distributions thanks",local
ok derive the pythagorean theorem step by step with an example,local
when does boarding for my flight begin,online
"quick one - just heard about the airline strike, what's the latest currently",online
"genuinely curious, summarize event loop in node in a few bullet points?",local
i'm looking for a roundtrip flight from afw to dgb for tomorrow until next week,online
Final score of the ufc fight card this evening,online
"just checking, final score of the asia cup final for real",online
ok correlation vs causation explained with an example problem — struggling with this,local
it appears that my luggage has vanished,online
that is untrue,local
Key figures involved in the great depression causes,local
how are you this fine day,local
does sidetracks take reservations,online
"Need this for an interview, the mughal empire timeline summary for history class before my exam",local
correlation vs causation formula and when to use it in simple terms,local
practice problem using quadratic formula,local
what's the best place to just get away from it all,online
i want to be switched back to my factory settings,local
write a function to check if a string is a palindrome,local
what is the square root of 10294,local
what is your country of origin,local
is the trade deal talks still ongoing,online
who tells you what to do,local
how safe is it to travel to germany,online
please run a timer for me,local
"fyi need to know, is gold rate pumping or dumping today pls",online
i need an uber to get to dulles airport,online
quick one - is the toll plaza closed due to the accident before my meeting,online
who do i work for,local
"hey, key figures involved in the russian revolution 1917 for revision",local
"for my homework, derive partial derivatives step by step",local
the discovery of penicillin — what actually happened briefly,local
ngl is the la liga clasico still playing right now right now,online
"hey, walk through matrix multiplication rules with numbers — struggling with this",local
is the highway open or blocked at the moment no cap,online
what is the square root of 66,local
"For class tomorrow, real world use case for connection pooling for my notes",local
how to solve problems using derivative of a function with an example,local
i want to get an uber for one person to go to the library,online
find me a flight from tijuana to guadalajara on volaris,online
"hey, is silver rate pumping or dumping today",online
"hey, practice problem using chain rule in calculus",local
what is the meaning of the word slander,local
Ok so is there a heat advisory in new york today for the group chat,online
summarize version control branching in a few bullet points,local
how would you implement TCP vs UDP from scratch,local
is it safe to travel to norway,online
Quick one - how bad is the covid case numbers right now this evening,online
so is the ring road flooded from the downpour right now,online
set timer for (x) minutes,local
"Hey, is the flight delayed out of tokyo due to fog this evening",online
"for class tomorrow, explain the fall of the roman empire in a short paragraph",local
who are you working for,local
"fyi need to know, current congestion level on the airport terminal this evening",online
Quick check on solana before i trade,online
ngl how is nifty 50 trending today,online
solana market cap right now,online
how was this ai created,local
what name do you use when addressing me,local
so important dates related to the french revolution timeline,local
"ai, do you like your name",local
"fyi need to know, current air quality index in delhi this evening",online
"genuinely curious, background on the great depression causes for my essay",local
How to solve problems using logarithm rules,local
"for class tomorrow, probability distributions for my calculus homework with an example",local
so practice problem using standard deviation formula briefly,local
"hey, the champions league final highlights from tonight currently",online
ok so infosys shares market cap right now,online
is the nba game still playing right now,online
"ai, what do people call you",local
can i use dark brown sugar instead of brown sugar,local
give me a quick rundown of when the berlin wall fell,local
so important dates related to when the berlin wall fell before my exam,local
ngl who won the ufc fight card last night currently,online
is the ring road closed due to the accident tonight,online
"buy a flight for me from nyc to la on march 1, returning on march 5",online
real world use case for trie data structure,local
"hey, should i carry an umbrella in delhi today while i'm stuck in traffic",online
you work for who,local
"hey, the harbor bridge conditions right now because of the storm in the last hour",online
set a five minute timer please,local
how long should i cook the pasta for,local
"for my homework, how would you implement normalization in databases from scratch before my exam",local
explain the unification of germany in a short paragraph,local
the subway line conditions right now because of the storm — need it fast,online
"for class tomorrow, main causes and effects of the boston tea party for my notes",local
so how to solve problems using taylor series expansion for revision,local
walk through logarithm rules with numbers,local
is mexico a safe place,online
SOLID principles cheat sheet,local
central limit theorem formula and when to use it with an example,local
help me find a hotel in columbus with good reviews,online
derive eigenvalues and eigenvectors step by step,local
"Real talk, how humid is it in kolkata right now at the moment",online
is there any good place for vietnamese food on the east side of the island,online
what name should i use when talking with you,local
i am wanting to know who programmed you,local
find an uber xl to take me to the kroger near me,online
ngl the euro cup semifinal highlights from tonight this morning,online
who is your employeer,local
i would like to know when you were born,local
is the expressway open or blocked at the moment,online
the french revolution timeline — what actually happened thanks,local
"ai, what should i call you",local
"just checking, who's leading in the nba game currently for the group chat",online
mark down that i will be in rome from february 1 to march 1 and notify my bank,online
may i start referring to you as jeff,local
so timeline of the age of exploration key figures,local
difference between mutex vs semaphore and monolith vs microservices,local
"real talk, the s&p 500 market cap right now this evening",online
are you an ai or can you prove you're human,local
does wendy's have good reviews,online
why is unit testing vs integration testing used instead of mock objects in testing,local
ok so did the tech layoffs news get resolved yet this evening,online
ok background on the industrial revolution key inventions for my essay for revision,local
do i need an international visa to go to tibet,online
i want to travel this year but i need some suggestions,online
did the central bank tweak interest margins this morning,online
so the nba game score update please asap,online
i want you to reset your factory settings,local
please go back to to factory settings now,local
ok so is the airport terminal closed due to the accident,online
"Real talk, is the highway closed due to the accident this evening",online
at around noon what is the traffic typically like on the route to the hopsital,online
is the airline strike still ongoing,online
tell me something that'll make me laugh,local
spring boot bean creation exception on startup,local
Promises vs callbacks — key points to remember,local
if im traveling to the hospital around noon what is the traffic typically like,online
throw the dice!,local
"genuinely curious, logarithm rules formula and when to use it thanks",local
"hey, central limit theorem formula and when to use it for revision",local
"genuinely curious, explain deadlocks with a simple example — struggling with this",local
which company is responsible for your design,local
how does observer pattern actually work under the hood,local
quick q - give me a quick rundown of the renaissance key artists with an example,local
is the parliament session today affecting traffic right now?,online
what is 80980 + 098098 + 80980 + 1243,local
derive markov chains step by step,local
i want you to be in whisper mode now because i am in the library,local
what's going on with the border tensions at the moment right now,online
"need this for an interview, explain trie data structure with a simple example pls",local
so who won the champions league final last night for real,online
ngl quick check on nasdaq before i trade for the group chat,online
"i keep forgetting garbage collection, break it down for me",local
summarize quick sort in a few bullet points,local
"For class tomorrow, limits and continuity for my calculus homework before my exam",local
do you know if you are a robot,local
quick q - walk through markov chains with numbers?,local
current congestion level on the metro line right now,online
what's the wait for a table at olive garden right now,online
What's going on with the parliament session today at the moment,online
i want you to talk more slowly,local
urgent - is the world cup qualifier still playing right now — need it fast,online
are you a computer,local
what ingredients are required for chicken noodle soup,local
compiler vs interpreter interview question breakdown,local
"need this for an interview, key figures involved in the age of exploration key figures — struggling with this",local
The t20 world cup game result just now,online
"hey, nvidia stock today's high and low tonight",online
what's your recommendation for dining out tonight,online
quick q - vector cross product explained with an example problem briefly,local
"hey, is bitcoin pumping or dumping today",online
current congestion level on the expressway,online
alter your language to french,local
"for my homework, solid overview of graph traversal for revision",local
tell me the exchange rate between rubles and dollars,online
please set a timer for me,local
quick q - correlation vs causation explained with an example problem thanks,local
what's the crowd like at hopper's bar around 11pm,online
i'd like you to talk faster,local
"yes, that's it",local
"real talk, traffic status on the subway line this morning currently",online
say something funny,local
current valuation on bitcoin charts,online
"just checking, final score of the ufc fight card this morning",online
"hey, the india vs australia test score update please pls",online
Limits and continuity formula and when to use it,local
so solana rate as of this minute,online
it was pleasant having a conversation with you,local
Solid overview of quick sort for revision,local
will i have to wait to get a table at ihop,online
change the accent you're speaking in,local
the s&p 500 live chart movement,online
"fyi need to know, who won the nba game last night rn",online
how to solve problems using hypothesis testing,local
please give me directions to the nearest starbucks,online
so current valuation on sensex right now,online
how is nifty 50 trending today?,online
trie data structure — key points to remember,local
does black bear diner in tracy take reservations,online
"I keep forgetting promises vs callbacks, break it down for me",local
Background on the causes of world war 1 for my essay for my notes,local
silver rate market cap right now?,online
i need to know how to spell xylophone,local
"genuinely curious, important dates related to the mughal empire timeline pls",local
"real talk, is the harbor bridge flooded from the downpour right now asap",online
how can i locate where i am,online
is there a heat advisory in chicago today before my meeting,online
i would love to hear a joke about the dmv,local
"Hey, is it safe to drive in los angeles with this storm at the moment",online
"ai, what can i call you",local
"nice talking again, bye",local
breaking news on the vaccine rollout progress,online
Difference between subqueries in sql and lambda expressions,local
"Real talk, cardano market cap right now right now",online
"fyi need to know, the champions league final result just now?",online
"fyi need to know, is the highway closed due to the accident?",online
quick refresher on microservices architecture before my exam briefly,local
so final score of the t20 world cup game before my meeting,online
you working for someone else on the side,local
compare asynchronous programming and closures in javascript in one paragraph,local
"so just heard about the tech layoffs news, what's the latest asap",online
help me find where i am,online
practice problem using markov chains,local
current air quality index in dubai,online
"genuinely curious, main causes and effects of the silk road trade routes — struggling with this",local
Current air quality index in kolkata,online
"Real talk, the la liga clasico highlights from tonight for the group chat",online
static vs dynamic typing interview question breakdown,local
am i your supervisor,local
current congestion level on the metro line?,online
ngl nvidia stock price action this week so far right now,online
"for my homework, walk through partial derivatives with numbers",local
dynamic programming cheat sheet — struggling with this,local
that is actually false,local
quick q - ACID properties example in python please briefly,local
walk through law of cosines with numbers,local
how to solve problems using taylor series expansion — struggling with this,local
"i don't get virtual memory, someone explain?",local
what name was given to you,local
so practice problem using standard deviation formula,local
do i have enough gas in the fuel tank,online
how to solve problems using probability distributions,local
tell me how traffic is looking on the interstate,online
"just checking, current congestion level on the airport terminal this morning",online
is cardano pumping or dumping today,online
"can you tell me how i would say, 'more bread please' in french",local
crude oil price today's high and low,online
"genuinely curious, fourier transform for my calculus homework in simple terms",local
should i be worried about any travel alerts for that country,online
"genuinely curious, how would you implement virtual functions in c++ from scratch in simple terms",local
so the toll plaza conditions right now because of the storm asap,online
what sorts of activities do you enjoy,local
shoot the dice!,local
So the champions league final result just now,online
Ancient egyptian pyramid construction — what actually happened?,local
what's the usual time for tuna casserole,local
"For my homework, primary key vs unique key example in python please — struggling with this",local
do you know where the luggage for people on panam flight ab123 out of tuscon is,online
activate whisper mode,local
"for my homework, partial derivatives for my calculus homework",local
quick q - eventual consistency vs tail recursion which is better and when,local
how bad is the earthquake near the coast right now,online
how does quick sort actually work under the hood,local
what's the direction for foot traffic to get to the eiffel tower,online
Is the flyover near the city center open or blocked at the moment,online
what sort of things are you able to help with,local
"for my homework, explain the silk road trade routes in a short paragraph for revision",local
please help with my math,local
Quick q - compare thread pools and heap data structure in one paragraph,local
"just checking, what's going on with the covid case numbers at the moment",online
Final score of the world cup qualifier,online
who gave you your name,local
does the ai have a name,local
urgent - live score for the euro cup semifinal today,online
who built you,local
is the flyover near the city center closed due to the accident?,online
real world use case for subqueries in sql thanks,local
Ethereum price action this week so far,online
"just checking, the s&p 500 price right now before i head out",online
have you heard anything back on my cc application,online
Is tesla stock pumping or dumping today,online
abstract class vs interface — key points to remember with an example,local
tell the meaning of life,local
suggest some restaurants,online
what's going on with the airline strike at the moment,online
ngl real time quote for ripple xrp asap,online
is the processing done on my new credit card,online
ok practice problem using hypothesis testing,local
notes on test driven development for my assignment,local
"hey, crude oil price rate as of this minute this morning",online
i need to get 3 riders to union station,online
what are the big tourist sites in sweden,online
why hello,local
"for my homework, explain the fall of the roman empire in a short paragraph",local
Derive matrix multiplication rules step by step,local
tell me the reviews for chipotle,online
"for class tomorrow, practice problem using laplace transform",local
ngl live score for the nba game right now,online
Explain the mughal empire timeline in a short paragraph,local
"awesome, thanks",local
what ingredients do i need to make potato skins,local
"Fyi need to know, real time quote for cardano?",online
"Real talk, the world cup qualifier highlights from tonight asap",online
"genuinely curious, probability distributions — proof and intuition",local
"i don't get virtual memory, someone explain",local
i want to thank you for helping,local
latest on the flood situation downtown in real time,online
why did the fall of the roman empire happen,local
"hey, any delays on the toll plaza today today",online
"Hey, the la liga clasico result just now before i head out",online
operator overloading in c++ tutorial with code briefly,local
background on the renaissance key artists for my essay pls,local
what is 78 times 81 minus 5,local
ok so is the flight delayed out of hyderabad due to fog?,online
please roll the 5 sided dice,local
Quick one - did solana go up or down this morning right now,online
key figures involved in the treaty of versailles terms thanks,local
ok so is the harbor bridge flooded from the downpour right now in the last hour,online
ok walk through law of sines with numbers?,local
"for my homework, practice problem using set theory basics with an example",local
quick q - pros and cons of message queues for revision,local
"need this for an interview, the great depression causes summary for history class for revision",local
tell me who programmed you,local
Compare graph traversal and static vs dynamic typing in one paragraph,local
"Need this for an interview, practice problem using law of cosines for my notes",local
could you tell me what fun tourist things i could do in tokyo,online
are you a real person or automated,local
can a car be rented from tuesday to thursday out of lax,online
reliance shares price action this week so far today,online
tell me some things to see in tampa,online
who is this ai's creater,local
Give me a quick rundown of the fall of the roman empire,local
any delays on the interstate today,online
let me know the exchange rate between dollars and rubles,online
ok central limit theorem formula and when to use it briefly,local
i appreciate the help,local
Ok when should i pick git rebase vs merge over big O notation briefly,local
can you show me where i am on a map,online
"fyi need to know, the s&p 500 market cap right now this evening",online
is the world cup qualifier still playing right now before my meeting,online
Law of cosines explained with an example problem,local
"can i get a hotel room that can accommodate 50 people in bangor from january 01, 2021 to january 30, 2021",online
"from now on, your name will be buttercup",local
definitely not,local
quick q - main causes and effects of the decolonization of africa with an example,local
why is process vs thread used instead of normalization in databases,local
ngl current valuation on nifty 50 before my meeting,online
slow down your talking,local
"need this for an interview, how to solve problems using markov chains — struggling with this",local
how does recursion actually work under the hood thanks,local
"fyi need to know, how bad is the election results right now tonight",online
what's the definition of analogy,local
"for class tomorrow, pros and cons of topological sort briefly",local
how do you spell syzygy,local
the name i go by is sandy,local
explain time complexity of nested loops,local
look me up on the map,online
hash map for dummies,local
"just checking, is the interstate flooded from the downpour right now currently",online
i'm traveling to ca soon and want to inform my bank,online
who won the ipl match last night?,online
Notes on mutex vs semaphore for my assignment,local
urgent - the t20 world cup game highlights from tonight right now,online
what sorts of queries should i give you,local
"for my homework, compare trie data structure and multithreading in java in one paragraph in simple terms",local
"for my homework, process vs thread example in python please before my exam",local
can you check when my flight lands,online
promises vs callbacks vs denormalization which is better and when,local
can u please set the timer for 5 minutes,local
hi! are you doing okay,local
what is the the exchange rate for us dollars to euros,online
does the steakhouse on main st take reservations,online
"for my homework, quick refresher on immutability in functional programming before my exam in simple terms",local
how many years on the earth,local
"for class tomorrow, deadlocks tutorial with code for revision",local
i don't know where my luggage is,online
Did ripple xrp go up or down this morning,online
"Fyi need to know, latest on the parliament session today in real time",online
"For class tomorrow, notes on REST vs GraphQL for my assignment briefly",local
Main causes and effects of the renaissance key artists with an example,local
what amount of time do i need to cook lobster for,local
explain the difference between shallow copy and deep copy,local
the la liga clasico result just now,online
quick one - who's leading in the asia cup final currently just curious,online
"fyi need to know, real time quote for eur to usd — need it fast",online
tell me the subjects you're aware of,local
"for class tomorrow, bayes theorem formula and when to use it for my notes",local
so matrix multiplication rules for my calculus homework?,local
Derive gradient descent math step by step,local
how would you like to be referred to,local
Logarithm rules explained with an example problem,local
"hey, derive bayes theorem step by step",local
"ai, please flip a coin",local
"hey, ai",local
Tcs stock price right now this evening,online
"for my homework, give me a quick rundown of the industrial revolution key inventions thanks",local
"fyi need to know, is the flight delayed out of paris due to fog as of now",online
Ok the great depression causes — what actually happened,local
ok so the highway conditions right now because of the storm,online
will it rain in chennai in the next few hours no cap,online
walk me through kubernetes pods step by step,local
how would i say hello if i were swedish,local
do i need a visa to spain,online
quick one - will it rain in chennai in the next few hours for the group chat,online
tell me when my flight will land,online
urgent - is the vaccine rollout progress affecting traffic right now for the group chat,online
"so i don't get trie data structure, someone explain before my exam",local
Any updates on the power outage in the city happening today,online
"Just checking, nasdaq today's high and low asap",online
"Real talk, is the cabinet reshuffle still ongoing while i'm stuck in traffic",online
Textbook definition of publish subscribe pattern,local
please help me book a place to stay in pittsburgh from monday to friday,online
Current congestion level on the main train route today,online
"fyi need to know, is the ashes series still playing right now",online
nvidia stock rate as of this minute,online
are there some good thai restaurants in san antonio,online
"Need this for an interview, important dates related to the causes of world war 1 for revision",local
how do you say please in arabic,local
Key figures involved in the french revolution timeline,local
generics in java interview question breakdown thanks,local
does iron skillet at the truck stop trake reservations,online
please get me an uber to get to the movies,online
i just flew in on american airlines flight ab123 from chicago and can't find my luggage,online
the causes of world war 1 summary for history class before my exam,local
"Just checking, is the airport terminal closed due to the accident?",online
Set theory basics for my calculus homework,local
main causes and effects of the cold war origins,local
Is the toll plaza flooded from the downpour right now,online
Abstract class vs interface cheat sheet,local
Who won the india vs australia test last night for real,online
"Real talk, dow jones live chart movement",online
thank you a lot for that answer,local
"Ok i keep forgetting dijkstra's algorithm, break it down for me for my notes",local
"need this for an interview, memoization tutorial with code",local
"Genuinely curious, big O notation vs singleton pattern which is better and when for revision",local
breaking news on the power outage in the city,online
so who's leading in the f1 race currently before i head out,online
roll this dice,local
"genuinely curious, dependency injection vs monads in haskell which is better and when",local
what is the weather going to be like tomorrow,online
do they take reservations at the progress,online
how many cups are in 4 quarts,local
turn down volume,local
"real talk, live score for the india vs australia test at the moment",online
Ok so breaking news on the covid case numbers before i head out,online
let's go to default settings,local
how do you spell water,local
So any delays on the highway today this morning,online
i want to book a flight from hawaii to new york on july 8th and returning on july 10th,online
background on the periodic table history for my essay,local
the euro cup semifinal score update please today,online
"genuinely curious, background on the decolonization of africa for my essay pls",local
recursion tutorial with code before my exam,local
"hey, the main train route conditions right now because of the storm?",online
law of cosines explained with an example problem for my notes,local
Quick q - derive derivative of a function step by step pls,local
"for class tomorrow, background on the american civil war causes for my essay briefly",local
quick pulse check on dogecoin today for real,online
Ok so any updates on the trade deal talks happening today — need it fast,online
"need this for an interview, background on the periodic table history for my essay in simple terms",local
where were you given birth,local
"Need this for an interview, singleton pattern cheat sheet briefly",local
Practice problem using limits and continuity,local
Silver rate market cap right now,online
is there a travel alert in argentina,online
"just checking, did the ceasefire negotiations get resolved yet pls",online
"need this for an interview, the treaty of versailles terms — what actually happened",local
ngl is it safe to drive in mumbai with this storm this evening,online
is eur to usd pumping or dumping today,online
"hey, how is ethereum trending today right now",online
Walk me through recursion step by step,local
can you talk at a normal speed please,local
make all settings the initial defaults if you would,local
So walk through gradient descent math with numbers — struggling with this,local
"hey, traffic status on the subway line this morning rn",online
urgent - is the ring road open or blocked at the moment pls,online
i need that said again,local
what is my first name saved as,local
Walk through set theory basics with numbers,local
how to implement a stack using two queues,local
i need to know the ingredients in a hamburger,local
explain binary search tree with a simple example,local
The ufc fight card result just now before my meeting,online
name some awesome things about dogs,local
quick one - is the flight delayed out of tokyo due to fog this morning,online
ok so is the flyover near the city center closed due to the accident?,online
urgent - who's leading in the asia cup final currently — need it fast,online
"just heard about the vaccine rollout progress, what's the latest before my meeting",online
the decolonization of africa summary for history class,local
"need this for an interview, main causes and effects of the age of exploration key figures for revision",local
how bad is the central bank's rate decision right now for real,online
the premier league match result just now,online
"Hey, how is silver rate trending today?",online
what time is my flight supposed to be landing,online
so how long do you think the chicken will take,local
what's the current weather situation for tallahassee,online
Urgent - is it safe to drive in hyderabad with this storm today,online
the f1 race result just now just curious,online
"fyi need to know, is the ring road open or blocked at the moment pls",online
Is nifty 50 pumping or dumping today,online
"Genuinely curious, important dates related to the moon landing mission details in simple terms",local
explain the russian revolution 1917 in a short paragraph briefly,local
what do you put in chili,local
have you heard how the enchiladas are at jose's taco shop,online
how long will i wait for a table at red lobster,online
"need this for an interview, timeline of the printing press invention impact",local
what is an 18 percent tip on 20 dollars,local
tell me your age please,local
call an uber for 2 people to go to fourth street live,online
urgent - silver rate live chart movement before i head out,online
ok so reliance shares price right now in the last hour,online
limits and continuity explained with an example problem,local
gold rate today's high and low,online
quick one - final score of the world cup qualifier,online
what is the average wait time at the cheese cake factory,online
what do you think i am called,local
So the flyover near the city center conditions right now because of the storm today,online
"real talk, apple stock price right now",online
"Real talk, quick check on nasdaq before i trade — need it fast",online
The premier league match result just now,online
ok walk through partial derivatives with numbers pls,local
"just checking, the subway line conditions right now because of the storm this evening",online
how much fuel do i have,online
big O notation interview question breakdown with an example,local
i will need a rental car since i'm going to travel to new york,online
start speaking in a male british voice,local
"hey, current valuation on nifty 50 before i head out",online
static vs dynamic typing vs two pointer technique which is better and when,local
"hey, explain ancient egyptian pyramid construction in a short paragraph",local
do you know if whether or not zeus does reservations,online
can you help me with anything i need,local
Derive convex optimization basics step by step,local
Infosys shares rate as of this minute,online
how would i go about converting inches to yards,local
ngl the airline strike developments as of today for real,online
live score for the asia cup final today,online
Ngl is the harbor bridge closed due to the accident in the last hour,online
the dice need to be rolled,local
"genuinely curious, main causes and effects of the french revolution timeline briefly",local
derive integration by parts step by step,local
so what name do you have for me,local
how many liters are in 500 gallons,local
im going to be in canada from august 10th until august 12th,online
the trade deal talks status update please,online
i want to reserve an uber to go to the airport,online
timer for 5 minutes,local
urgent - the champions league final result just now rn,online
"fyi need to know, is the la liga clasico still playing right now — need it fast",online
Real time quote for tesla stock for the group chat,online
please say it again,local
"for my homework, practice problem using chain rule in calculus thanks",local
you can call me steve,local
"for my homework, timeline of the moon landing mission details before my exam",local
SOLID principles cheat sheet pls,local
how many teaspoons are in a half a cup,local
what is your place of origin,local
what organization do you work for,local
"Just checking, is the earthquake near the coast affecting traffic right now right now",online
subqueries in sql example in python please,local
tell me who is your boss,local
"Hey, compare kubernetes pods and virtual memory in one paragraph",local
quick one - dogecoin market cap right now?,online
does gramercy tavern in new york accept reservations,online
how long to process my credit card application,online
is there a heat advisory in delhi today,online
traffic status on the ring road this morning for real,online
"just checking, nasdaq today's high and low today",online
i want an update on my application for a credit card that i sent in a couple weeks ago,online
So pros and cons of merge sort,local
the heatwave alert developments as of today rn,online
what can i ask you,local
"fyi need to know, is apple stock pumping or dumping today before i head out",online
Real time quote for ripple xrp right now,online
can i have my volume increased,local
"need this for an interview, derive taylor series expansion step by step in simple terms",local
the central bank's rate decision developments as of today,online
"genuinely curious, foreign key constraints cheat sheet for revision",local
what do you do to occupy your free time,local
"for my homework, textbook definition of garbage collection with an example",local
textbook definition of static vs dynamic typing,local
let's use whisper voice,local
urgent - the cabinet reshuffle developments as of today this evening,online
So the ufc fight card highlights from tonight asap,online
Is the airport terminal open or blocked at the moment this morning,online
"just heard about the tech layoffs news, what's the latest at the moment",online
peace,local
"hello, anyone there",local
what is spanish for hello,local
ngl any updates on the flood situation downtown happening today right now,online
"hey, logarithm rules formula and when to use it — struggling with this",local
"ok ci cd pipeline basics, explain like i'm a beginner coder pls",local
"i don't like that, no",local
quick q - markov chains explained with an example problem pls,local
urgent - is the subway line closed due to the accident just curious,online
will it freeze tonight,online
revert to your factory settings,local
do i need an international visa to go to south korea,online
quick q - walk me through generics in java step by step?,local
i would like the dice to be rolled,local
Quick one - is the premier league match still playing right now just curious,online
"fyi need to know, quick check on eur to usd before i trade today",online
Quick q - walk through matrix multiplication rules with numbers before my exam,local
ok eigenvalues and eigenvectors — proof and intuition before my exam,local
how long until my flight is here,online
main causes and effects of the signing of the magna carta,local
make a timer for 5 minutes,local
"for class tomorrow, law of cosines formula and when to use it for revision",local
how would you implement stack vs heap memory from scratch,local
what do people say about village inn,online
quick q - integration by parts formula and when to use it thanks,local
regular expressions interview question breakdown,local
"my luggage is lost, i was on american airlines ab123 out of los angeles",online
i want to see the golden gate bridge and i'm walking on 5th street right now,online
How would you implement promises vs callbacks from scratch,local
Current valuation on crude oil price,online
"real talk, is silver rate pumping or dumping today pls",online
"for my homework, permutations and combinations for my calculus homework before my exam",local
the ufc fight card highlights from tonight pls,online
so the premier league match highlights from tonight currently,online
Is the main train route flooded from the downpour right now,online
how is nvidia stock trending today,online
i hereby rename you felix,local
"for class tomorrow, derive integration by parts step by step pls",local
final score of the ashes series for real,online
quick one - how bad is the flood situation downtown right now just curious,online
how do i let my bank know i'm going to vietnam,online
what is the square root of 2784,local
"real talk, breaking news on the vaccine rollout progress tonight",online
traffic status on the subway line this morning while i'm stuck in traffic,online
quick one - the la liga clasico highlights from tonight before i head out,online
microservices architecture cheat sheet before my exam,local
Did ethereum go up or down this morning,online
change your spoken language to english,local
"need this for an interview, hypothesis testing explained with an example problem for revision",local
explain mutex vs semaphore with a simple example,local
what are the gps coordinates where i am located,online
what's the traffic like around the stadium,online
"genuinely curious, process vs thread tutorial with code for my notes",local
"fyi need to know, how bad is the wildfire in the hills right now rn",online
who won the euro cup semifinal last night,online
"for my homework, important dates related to the boston tea party thanks",local
any unique trivia about beats headphones,local
tell me what edict means,local
ngl who's leading in the ufc fight card currently at the moment,online
ok give me a quick rundown of the moon landing mission details briefly,local
"fyi need to know, traffic status on the airport terminal this morning no cap",online
microservices architecture interview question breakdown,local
"hey, is the cyclone warning affecting traffic right now as of now",online
"real talk, the wimbledon final score update please rn",online
walk me through generics in java step by step for revision,local
quick one - who won the world cup qualifier last night in the last hour,online
"Hey, real time quote for bitcoin?",online
eur to usd market cap right now,online
why is dependency injection used instead of ci cd pipeline basics,local
do you have anything you enjoy to do,local
How to solve problems using fourier transform,local
Ok so live score for the nba game currently,online
so ci cd pipeline basics interview question breakdown pls,local
what age are you,local
the heatwave alert — anything new in the last hour,online
quick q - practice problem using partial derivatives with an example,local
urgent - the wimbledon final result just now pls,online
"Fyi need to know, did nasdaq go up or down this morning currently",online
dow jones today's high and low,online
is there any meaning to being alive,local
Did infosys shares go up or down this morning as of now,online
"Fyi need to know, the ipl match highlights from tonight for the group chat",online
"if i go to evans, what should i do",online
ngl the nba game score update please just curious,online
what name would you like me to call you,local
So how to solve problems using vector cross product briefly,local
so solana today's high and low pls,online
timeline of the wright brothers first flight,local
the nba game highlights from tonight,online
"are you an actual person, or ai",local
i want to know some trivia about our solar system,local
define the meaning of life,local
so the premier league match highlights from tonight today,online
"just checking, the ipl match highlights from tonight no cap",online
please change back to initial device settings,local
"Hey, textbook definition of connection pooling in simple terms",local
is there a room big enough for 10 people from monday to tuesday in manhattan,online
"quick one - just heard about the election results, what's the latest for real",online
you need to reset your factory settings,local
Key figures involved in the periodic table history in simple terms,local
"Hey, kubernetes pods, explain like i'm a beginner coder for my notes",local
"Hey, when should i pick operator overloading in c++ over topological sort briefly",local
do you know what the meaning of life is,local
should i carry an umbrella in pune today no cap,online
quick one - current congestion level on the interstate tonight,online
Final score of the ufc fight card,online
ok logarithm rules for my calculus homework?,local
real world use case for race conditions,local
Current valuation on ethereum,online
try it with a male voice,local
the ipl match score update please this evening,online
by what nym do you think of me,local
ngl current valuation on crude oil price pls,online
i'd like to see if there's a travel alert for the country,online
"what does ""rescind"" mean",local
Current valuation on the s&p 500 today,online
do i need an international visa to enter canada,online
Crude oil price price action this week so far,online
are the reviews for mi casita good,online
"For my homework, the decolonization of africa — what actually happened thanks",local
how long do you need to put the cuish in for,local
when was your birth,local
what you do at the free time,local
"For my homework, how to solve problems using the pythagorean theorem",local
are you self employed,local
Quick refresher on closures in javascript before my exam,local
timeline of the mughal empire timeline,local
standard deviation formula formula and when to use it,local
please reconfigure yourself back to factory settings,local
are you my worker,local
tell me something funny about love,local
"genuinely curious, derive vector cross product step by step",local
why is kubernetes pods used instead of monads in haskell,local
can you tell me how to spell manipulation,local
ripple xrp live chart movement at the moment,online
Is the subway line closed due to the accident,online
current valuation on eur to usd asap,online
compare dijkstra's algorithm and eventual consistency in one paragraph with an example,local
nifty 50 price right now tonight,online
what topics can i ask you about,local
"yes, that's what i want",local
ok partial derivatives — proof and intuition,local
was my application approved or not for a credit card at chase bank,online
did the flood situation downtown get resolved yet,online
yes you are right,local
when can i hear the decision on my credit card application,online
main causes and effects of the american civil war causes,local
traffic status on the main train route this morning this morning,online
current air quality index in mumbai for the group chat,online
how can i use you,local
git rebase vs merge cheat sheet,local
Quick q - the signing of the magna carta — what actually happened,local
chicken noodle casserole is made from what,local
Explain the unification of germany in a short paragraph,local
Primary key vs unique key vs connection pooling which is better and when,local
quick check on tcs stock before i trade,online
do i need to apply for a visa to visit dnipro,online
set theory basics for my calculus homework,local
did the central bank's rate decision get resolved yet,online
the s&p 500 rate as of this minute as of now,online
difference between denormalization and virtual functions in c++,local
i can't find my luggage anywhere and there's no more on the conveyor,online
urgent - any delays on the metro line today this evening,online
switch to your whispering voice please,local
current congestion level on the airport terminal,online
Derive derivative of a function step by step,local
have any cool facts on reptiles,local
do i need a visa to leave the country,online
"fyi need to know, just heard about the ceasefire negotiations, what's the latest rn",online
i want a timer for 5 minutes,local
ok solid overview of quick sort for revision with an example,local
logarithm rules for my calculus homework in simple terms,local
can you please help me find my lost luggage,online
i arrived on delta flight ab123 from juno but my luggage doesn't appear to have come with me,online
"For class tomorrow, explain the wright brothers first flight in a short paragraph pls",local
"real talk, is the la liga clasico still playing right now — need it fast",online
pros and cons of normalization forms,local
Convex optimization basics — proof and intuition,local
"Need this for an interview, permutations and combinations explained with an example problem before my exam",local
i need to change the language to french,local
"genuinely curious, real world use case for docker containers before my exam",local
usd to inr live chart movement,online
gold rate live chart movement,online
"hey, notes on topological sort for my assignment for revision",local
Important dates related to the renaissance key artists,local
tell me something interesting about outer space,local
solid overview of B-tree indexing for revision,local
ok so quick check on ethereum before i trade in the last hour,online
"just checking, real time quote for cardano?",online
"just checking, quick check on dow jones before i trade",online
"hey, is the t20 world cup game still playing right now rn",online
i want you to call me pam,local
The wildfire in the hills developments as of today before i head out,online
give me a quick rundown of the renaissance key artists,local
How would you implement big O notation from scratch,local
"hey, set theory basics for my calculus homework with an example",local
so sensex rate as of this minute rn,online
Walk me through SOLID principles step by step — struggling with this,local
"just checking, ethereum price action this week so far before my meeting",online
Ok the signing of the magna carta summary for history class,local
"Just checking, what's going on with the ceasefire negotiations at the moment in the last hour",online
can you tell me something funny,local
ok so quick check on apple stock before i trade,online
"hey, explain the treaty of versailles terms in a short paragraph with an example",local
"affirmative, go ahead",local
Live score for the ashes series,online
chain rule in calculus — proof and intuition?,local
quick q - how to solve problems using derivative of a function,local
Live score for the ipl match,online
background on when the berlin wall fell for my essay,local
"Hey, background on the renaissance key artists for my essay — struggling with this",local
"hey, how to solve problems using logarithm rules pls",local
the pythagorean theorem for my calculus homework,local
what is 63 percent of 145,local
where did your mom have you,local
When should i pick CAP theorem over version control branching,local
Quick q - walk me through binary search tree step by step pls,local
can you tell a joke,local
ngl did the tech layoffs news get resolved yet while i'm stuck in traffic,online
i need to let my bank know i am traveling to detroit,online
please provide the square root of 36,local
set a timer for two hours,local
so docker containers — key points to remember thanks,local
switch to quiet mode,local
slow down your talking too fast i don't understand you,local
book me a rental car in aiken on may 12 to may 16,online
what is the meaning of telepathy,local
let my bank know that i'm going to norway between march 3 and march 5,online
"ai, tell me what things i should ask of you",local
The ufc fight card score update please,online
by what name people call me,local
how do i change the name you use to address me,local
"for class tomorrow, summarize publish subscribe pattern in a few bullet points thanks",local
make the volume louder,local
big O notation vs compiler vs interpreter which is better and when pls,local
Walk me through observer pattern step by step,local
set up a timer,local
"for class tomorrow, walk through partial derivatives with numbers",local
ngl is the s&p 500 pumping or dumping today tonight,online
so key figures involved in the fall of the roman empire with an example,local
do heads or tails,local
summarize microservices architecture in a few bullet points before my exam,local
i like to paint in my free time-do you have any hobbies like that,local
what you just said is wrong,local
can you tell me how busy outback steakhouse will be at 7:30 pm,online
"hey, when should i pick heap data structure over inheritance vs composition thanks",local
how long will it take to be seated at macaroni grill,online
i need to know how much gas i got,online
"fyi need to know, is the metro line open or blocked at the moment just curious",online
"real talk, the ipl match score update please no cap",online
so pros and cons of event loop in node thanks,local
"need this for an interview, normalization in databases vs dynamic programming which is better and when before my exam",local
i will need an uber for 3 to go to jfk airport,online
mutex vs semaphore example in python please,local
quick one - crude oil price market cap right now tonight,online
"For my homework, summarize greedy algorithms in a few bullet points in simple terms",local
will it rain in seoul in the next few hours,online
what keeps you busy in your free time,local
Who won the ashes series last night,online
"Hey, who's leading in the asia cup final currently before my meeting",online
that is false,local
textbook definition of load balancing,local
urgent - the ufc fight card result just now as of now,online
the supreme court verdict developments as of today today,online
"genuinely curious, main causes and effects of the age of exploration key figures",local
the unit test passes locally but fails in the ci pipeline,local
"for my homework, law of cosines for my calculus homework briefly",local
linear regression math for my calculus homework,local
where can i find out the status of my credit card application,online
will it rain in london in the next few hours,online
what time is my plane supposed to arrive,online
is it raining in sparks,online
ngl live score for the f1 race as of now,online
ngl is the wildfire in the hills still ongoing tonight,online
quick one - real time quote for sensex — need it fast,online
how busy is ihop at 5 pm,online
"For my homework, when should i pick test driven development over dijkstra's algorithm",local
is there any traffic on my way to work,online
what is the exchange rate for canadian dollars to us dollars,online
i thank you,local
The central bank's rate decision — anything new in the last hour,online
can you tell me the meaning of life,local
where can i get gas to get to sioux falls,online
ngl the metro line conditions right now because of the storm,online
what kinds of things are you knowledgable about,local
"hey, when the berlin wall fell summary for history class?",local
"real talk, the ring road conditions right now because of the storm today",online
The grand slam tennis match highlights from tonight,online
current air quality index in toronto while i'm stuck in traffic,online
it is time to say goodbye,local
to which company is your design accredited to,local
The central bank's rate decision developments as of today,online
urgent - is the ring road closed due to the accident,online
what meaning does life hold,local
live score for the grand slam tennis match — need it fast,online
"For class tomorrow, vector cross product for my calculus homework pls",local
"hey, is the subway line flooded from the downpour right now no cap",online
i want to update you name,local
live score for the world cup qualifier,online
i want to know the weather forecast for today,online
Is it safe to drive in new york with this storm,online
Real world use case for joins in sql,local
fill me in on the reviews for ruby tuesday,online
"need this for an interview, i don't get pointers vs references, someone explain with an example",local
ok so real time quote for nasdaq while i'm stuck in traffic,online
"genuinely curious, gradient descent math formula and when to use it?",local
"no, that is not right at all",local
give me a quick rundown of the causes of world war 1 pls,local
give me your name,local
do you know the meaning of life,local
find a virtual dice and roll it for me please,local
what are some interesting things to do in dc,online
"need this for an interview, topological sort, explain like i'm a beginner coder thanks",local
"For my homework, correlation vs causation — proof and intuition before my exam",local
goodbye for now ai,local
"just checking, current congestion level on the airport terminal",online
will it rain in san francisco in the next few hours,online
Any delays on the expressway today,online
derive the pythagorean theorem step by step with an example,local
how to solve problems using gradient descent math?,local
what is my name saved as,local
where is the location that you were made,local
key figures involved in the russian revolution 1917 before my exam,local
what topics are you versed in,local
"genuinely curious, give me a quick rundown of the renaissance key artists briefly",local
so explain the silk road trade routes in a short paragraph,local
ngl final score of the grand slam tennis match,online
"Hey, derive taylor series expansion step by step?",local
"for class tomorrow, logarithm rules explained with an example problem",local
Derive law of sines step by step,local
how bad is traffic at 8 on the way to burger king,online
hello there!,local
so walk through correlation vs causation with numbers with an example,local
can you change the name of what you respond to,local
Crude oil price price action this week so far for real,online
so give me a quick rundown of when the berlin wall fell pls,local
will you repeat what you just said,local
Ngl did the s&p 500 go up or down this morning for the group chat,online
give me a quick rundown of the fall of the roman empire,local
Is the central bank's rate decision still ongoing,online
"For my homework, main causes and effects of ancient egyptian pyramid construction thanks",local
the highway conditions right now because of the storm as of now,online
"for class tomorrow, real world use case for REST vs GraphQL",local
is it alright with you if i call you scarlet,local
urgent - sensex rate as of this minute no cap,online
can you go to the whisper voice,local
pizza has which ingredients,local
"Real talk, is the protest downtown still ongoing at the moment",online
so notes on static vs dynamic typing for my assignment before my exam,local
i need an uber for 5 people to go to wendys,online
how bad is the traffic,online
"hey, is the ring road open or blocked at the moment before i head out",online
is the toll plaza closed due to the accident no cap,online
is the cabinet reshuffle affecting traffic right now,online
"just checking, traffic status on the metro line this morning just curious",online
ok so the f1 race score update please?,online
The decolonization of africa summary for history class,local
what can i address you,local
do you know if outback allows reservations,online
Current valuation on nasdaq asap,online
Is the interstate flooded from the downpour right now,online
current air quality index in london,online
"Hey, is the toll plaza closed due to the accident currently",online
silver rate live chart movement this evening,online
Explain when the berlin wall fell in a short paragraph pls,local
"need this for an interview, explain the theory of evolution basics in a short paragraph thanks",local
"For my homework, derive matrix multiplication rules step by step briefly",local
so infosys shares market cap right now at the moment,online
no way,local
can you tell me where the nearest rest station to me is,online
ACID properties — key points to remember pls,local
is the toll plaza open or blocked at the moment today,online
"for class tomorrow, central limit theorem explained with an example problem",local
i'd like to know what to call you,local
"just checking, final score of the ipl match right now",online
"Polymorphism, explain like i'm a beginner coder",local
ok so the asia cup final highlights from tonight right now,online
i'm happy with your answer,local
how many people go to chili's around 9pm,online
"real talk, who's leading in the la liga clasico currently right now",online
i want volume set to 4,local
"for my homework, garbage collection tutorial with code — struggling with this",local
where should i spend my time off,online
"ok operator overloading in c++, explain like i'm a beginner coder",local
do you know who you report to,local
main causes and effects of the age of exploration key figures,local
so timeline of the decolonization of africa,local
get an uber to take me to my brother's house in mineola,online
is the highway flooded from the downpour right now,online
"genuinely curious, probability distributions — proof and intuition briefly",local
ok so did ethereum go up or down this morning,online
"For my homework, thread pools tutorial with code — struggling with this",local
"hey, what's going on with the covid case numbers at the moment no cap",online
quick q - central limit theorem explained with an example problem,local
quick q - law of sines for my calculus homework thanks,local
can you roll the 12 sided dice please,local
urgent - live score for the world cup qualifier?,online
return to factory default,local
the answer is yes,local
is the toll plaza closed due to the accident,online
who won the world cup qualifier last night,online
ngl dow jones today's high and low before i head out,online
derive laplace transform step by step,local
Live score for the wimbledon final right now,online
getting a memory leak in my c++ program after profiling,local
urgent - did tcs stock go up or down this morning before i head out,online
can you let my bank know i'll be in uruguay from january to august,online
read me the definition of ajar,local
ok why did when the berlin wall fell happen pls,local
what is the real meaning of life,local
any delays on the airport terminal today this evening,online
so standard deviation formula explained with an example problem,local
give me a fun fact about otters,local
Ok so is the airport terminal open or blocked at the moment right now,online
do one coin flip; it will be tails,local
in which area were you made,local
practice problem using standard deviation formula,local
so lambda expressions cheat sheet for revision,local
please increase your volume,local
"i don't get version control branching, someone explain",local
"For class tomorrow, real world use case for closures in javascript — struggling with this",local
Urgent - any delays on the interstate today,online
so final score of the grand slam tennis match,online
what does the weather look like,online
"for my homework, give me a quick rundown of the french revolution timeline in simple terms",local
"for my homework, set theory basics for my calculus homework before my exam",local
ok so traffic status on the metro line this morning in the last hour,online
so how to solve problems using probability distributions for revision,local
traffic status on the toll plaza this morning rn,online
ngl who won the champions league final last night currently,online
ok so did the earthquake near the coast get resolved yet rn,online
so why did the boston tea party happen for revision,local
i can't understand you because of how rapidly you're speaking,local
"hey, how does event loop in node actually work under the hood",local
the french revolution timeline summary for history class,local
"what is your age, ai",local
So is ethereum pumping or dumping today today,online
"for class tomorrow, i don't get subqueries in sql, someone explain briefly",local
Explain eventual consistency with a simple example,local
Quick one - who's leading in the asia cup final currently this morning,online
what's the traffic like on the way to walmart,online
did the cabinet reshuffle get resolved yet,online
Notes on ci cd pipeline basics for my assignment,local
is the euro cup semifinal still playing right now at the moment,online
notify my bank that i will be in rome from february 1 to march 1,online
i want your language changed to chinese,local
"hey, usd to inr rate as of this minute in the last hour",online
is traffic bad on my way to the next mcdonalds,online
quick refresher on graph traversal before my exam,local
urgent - should i carry an umbrella in hyderabad today right now,online
how do i get to statue of liberty by bus,online
where are your roots,local
"Just checking, who's leading in the india vs australia test currently no cap",online
can you locate me on a map,online
ok so traffic status on the harbor bridge this morning?,online
"hey, how does hash map actually work under the hood briefly",local
final score of the india vs australia test,online
quick check on sensex before i trade,online
i want your new name to be joshua,local
how to solve problems using gradient descent math,local
"for class tomorrow, main causes and effects of the french revolution timeline — struggling with this",local
how does ACID properties actually work under the hood thanks,local
"hey, eur to usd rate as of this minute just curious",online
urgent - did apple stock go up or down this morning at the moment,online
"real talk, the ufc fight card result just now for the group chat",online
quick q - key figures involved in the treaty of versailles terms before my exam,local
in the place i am what are my gps coordinates,online
Why is promises vs callbacks used instead of git rebase vs merge,local
"i need my luggage found, i was on delta flight ab123 out of san francisco",online
real world use case for sliding window technique,local
laplace transform formula and when to use it?,local
"fyi need to know, is the central bank's rate decision still ongoing this evening",online
ok so live score for the f1 race in the last hour,online
timeline of the american civil war causes,local
How would you implement multithreading in java from scratch,local
Derive partial derivatives step by step,local
how long does it take to prepare pot roast,local
Ok when should i pick multithreading in java over observer pattern with an example,local
"for my homework, important dates related to the age of exploration key figures with an example",local
"i'm going to canada soon, do i need a visa",online
"hey, walk through partial derivatives with numbers thanks",local
cardano rate as of this minute currently,online
"need this for an interview, the unification of germany — what actually happened for revision",local
"just checking, is it safe to drive in toronto with this storm currently",online
ripple xrp price right now rn,online
Practice problem using central limit theorem thanks,local
are the chili's reviews any good,online
Textbook definition of backtracking algorithms before my exam,local
Eur to usd rate as of this minute,online
explain asynchronous programming with a simple example,local
"Fyi need to know, bitcoin market cap right now for real",online
"For my homework, explain heap data structure with a simple example thanks",local
ngl traffic status on the expressway this morning before my meeting,online
what is your nationality,local
what's the difference between a compiler and an assembler,local
"Need this for an interview, how does sliding window technique actually work under the hood with an example",local
it's nice to see you,local
"just checking, is the airport terminal open or blocked at the moment before my meeting",online
what are the reviews for mountain mikes,online
So main causes and effects of the decolonization of africa with an example,local
Quick q - background on the wright brothers first flight for my essay — struggling with this,local
ripple xrp price action this week so far,online
"hey, did eur to usd go up or down this morning tonight",online
"hey, sensex rate as of this minute in the last hour",online
ok so the premier league match highlights from tonight,online
explain recursion with a simple example,local
the ottoman empire decline — what actually happened pls,local
urgent - any delays on the metro line today before i head out,online
Is the f1 race still playing right now before i head out,online
"it was great to see you again, see ya later!",local
Ok important dates related to the decolonization of africa,local
"just checking, how is bitcoin trending today no cap",online
how is the traffic near lexington,online
how busy is imanas tei at 7 dinner,online
how many meters are in 10 millimeters,local
nada,local
Ngl current air quality index in hyderabad as of now,online
"real talk, what's going on with the wildfire in the hills at the moment tonight",online
how is friend spelled,local
book me a hotel with good ratings in nashville,online
how long have you been functional,local
"Genuinely curious, backtracking algorithms cheat sheet",local
ngl the la liga clasico highlights from tonight,online
quick one - is the expressway flooded from the downpour right now as of now,online
can you tell me the definition of yttrbium,local
you can call me carrie,local
"Database indexing, explain like i'm a beginner coder",local
"Hey, explain docker containers with a simple example pls",local
peace out,local
Compare database indexing and trie data structure in one paragraph,local
quick one - is tesla stock pumping or dumping today right now,online
Urgent - is the nba game still playing right now at the moment,online
find me a place to stay in cali november 11 to 15,online
final score of the world cup qualifier,online
"Fyi need to know, silver rate rate as of this minute tonight",online
how much time do i need to prepare chicken,local
what do you get when you roll a dice with five sides,local
How is bitcoin trending today while i'm stuck in traffic,online
"hey, derive convex optimization basics step by step for my notes",local
"hey, tail recursion, explain like i'm a beginner coder",local
"for my homework, timeline of the unification of germany",local
"just checking, is the border tensions affecting traffic right now before my meeting",online
"for my homework, the printing press invention impact summary for history class — struggling with this",local
is there any indication my application for a new credit card has been processed,online
i'd like to hear a joke,local
are there any good chinese restaurants open right now,online
is the flight delayed out of bangalore due to fog,online
oh sweet thanks,local
Current valuation on bitcoin today,online
So stack vs heap memory cheat sheet in simple terms,local
real time quote for nifty 50,online
can i change my nickname,local
let me thank you,local
how old are you siri,local
what makes life have any meaning,local
what's a nice place to visit a beautiful beach,online
quick one - real time quote for apple stock?,online
"what do you suggest for entertainment in tampa, florida",online
"hey, TCP vs UDP example in python please before my exam",local
what is my current amount of gas,online
notes on hash map for my assignment briefly,local
"genuinely curious, the american civil war causes summary for history class before my exam",local
ok so gold rate today's high and low this evening,online
change your language setting to chinese,local
ok so is it safe to drive in san francisco with this storm,online
"real talk, the champions league final score update please currently",online
is there really a meaning of life,local
"i keep forgetting normalization forms, break it down for me",local
urgent - current congestion level on the harbor bridge while i'm stuck in traffic,online
how long do you cook pasta for,local
how busy is teddy bigger burder around 5,online
is the metro line closed due to the accident right now,online
timeline of the discovery of penicillin with an example,local
can i substitute honey for sugar,local
"for my homework, derive integration by parts step by step with an example",local
it was nice to catch up with you,local
is the flood situation downtown still ongoing,online
practice problem using logarithm rules,local
please set a timer for cookies,local
how would you implement dependency injection from scratch,local
"Genuinely curious, main causes and effects of the periodic table history before my exam",local
the french revolution timeline — what actually happened,local
"real talk, how bad is the wildfire in the hills right now for the group chat",online
ok so final score of the india vs australia test for real,online
"need this for an interview, the industrial revolution key inventions summary for history class thanks",local
"for class tomorrow, how to solve problems using chain rule in calculus briefly",local
is the wimbledon final still playing right now as of now,online
does arbys in lakewood take reservations,online
can substitute cumin for tumeric,local
can you change the volume to 4,local
do you know your name,local
is it safe to drive in chicago with this storm,online
i wanna know what the traffic is like on the way to phoenix,online
"for my homework, explain the boston tea party in a short paragraph thanks",local
"later, thanks for chatting",local
ok pros and cons of message queues,local
urgent - ripple xrp price right now in the last hour,online
ok explain microservices architecture with a simple example in simple terms,local
"hey, who won the asia cup final last night",online
Quick one - the grand slam tennis match score update please tonight,online
"real talk, is the airport terminal closed due to the accident at the moment",online
i could really use a laugh right now,local
who's leading in the india vs australia test currently,online
quick refresher on test driven development before my exam,local
where should i travel if i want to visit some history museums,online
Ok central limit theorem formula and when to use it thanks,local
solid overview of connection pooling for revision,local
"For my homework, quadratic formula formula and when to use it",local
"i keep forgetting map reduce filter functions, break it down for me?",local
Quick q - why did ancient egyptian pyramid construction happen pls,local
current congestion level on the ring road in the last hour,online
"real talk, is there a heat advisory in sydney today this evening",online
ok compiler vs interpreter — key points to remember — struggling with this,local
my name is what,local
the ashes series highlights from tonight for the group chat,online
has flight dl123 arrived yet,online
Denormalization interview question breakdown,local
what do you need to make general tsao's chicken,local
i'm going to be in thailand from october 15th until october 23rd,online
quick q - practice problem using logarithm rules,local
costa mesa current weather,online
what does traffic look like at 9 en route to the aquarium,online
"need this for an interview, main causes and effects of the wright brothers first flight in simple terms",local
how bad is the heatwave alert right now,online
"just checking, the ashes series highlights from tonight this evening",online
what could i do for fun in kentucky,online
Practice problem using derivative of a function,local
how much is 10kg in pounds and ounces,local
please turn on whisper voice,local
please use a male voice when speaking,local
"need this for an interview, difference between denormalization and ACID properties for my notes",local
Give me a quick rundown of the printing press invention impact,local
the causes of world war 1 — what actually happened,local
summarize connection pooling in a few bullet points for revision,local
will i run out of gas before i get to sioux falls,online
is there a travel alert for canada,online
madison to atlanta delta ticket,online
is the ring road closed due to the accident — need it fast,online
ok so cardano price action this week so far no cap,online
urgent - how bad is the earthquake near the coast right now pls,online
"am i speaking with ai or a real, live person",local
Ok so is the india vs australia test still playing right now before i head out,online
do i have enough fuel to make it to the theater,online
compare prices for flights from recife to miami leaving may 20 returning june 5,online
is solana pumping or dumping today this morning,online
"I don't get regular expressions, someone explain",local
"for class tomorrow, walk me through ci cd pipeline basics step by step",local
do they take reservations at arby's,online
ok compiler vs interpreter — key points to remember before my exam,local
Solid overview of greedy algorithms for revision,local
"my luggage is nowhere in sight, it might be lost",online
what is the meaning of stupendous,local
how does garbage collection actually work under the hood,local
what should i do in france,online
show me where i am on the map,online
so hypothesis testing for my calculus homework for my notes,local
"genuinely curious, markov chains for my calculus homework for revision",local
how do i get to the park on foot,online
can i change your language,local
Timeline of the silk road trade routes — struggling with this,local
Urgent - quick check on the s&p 500 before i trade today,online
Is the highway flooded from the downpour right now,online
So breaking news on the parliament session today this evening,online
Ok so current congestion level on the highway no cap,online
"hey, who's leading in the wimbledon final currently",online
"need this for an interview, explain primary key vs unique key with a simple example",local
"For class tomorrow, explain the age of exploration key figures in a short paragraph?",local
i'll pass,local
did reliance shares go up or down this morning,online
"for my homework, main causes and effects of the mughal empire timeline for my notes",local
Ripple xrp market cap right now,online
so is the flyover near the city center flooded from the downpour right now no cap,online
when should i pick TCP vs UDP over foreign key constraints,local
urgent - reliance shares live chart movement for real,online
quick one - nifty 50 price right now just curious,online
so topological sort vs dynamic programming which is better and when,local
what sort of things can you help me with,local
"fyi need to know, real time quote for tcs stock just curious",online
Integration by parts — proof and intuition with an example,local
let me know my current location,online
"just checking, is the t20 world cup game still playing right now currently",online
ngl any delays on the interstate today,online
ok so dow jones price right now right now,online
live score for the f1 race pls,online
are there any ubers available that fit 5 people we are going to wendys,online
"for class tomorrow, derivative of a function for my calculus homework briefly",local
"genuinely curious, probability distributions explained with an example problem for revision",local
"Just checking, quick check on nifty 50 before i trade rn",online
is the covid case count rising this week,online
"hey, give me a quick rundown of the industrial revolution key inventions briefly",local
"hey, the supreme court verdict developments as of today pls",online
real world use case for virtual functions in c++,local
what is the temperature in costa mesa,online
talk in whisper voice,local
quick q - the pythagorean theorem for my calculus homework?,local
i would like to know the traffic in tempe please,online
turn the volume to level 4,local
that's not right,local
so the interstate conditions right now because of the storm — need it fast,online
what amount of miles are in a hundred kilometers,local
Ok derive limits and continuity step by step pls,local
so traffic status on the airport terminal this morning,online
"can you tell me what 30% off 279 is, please",local
correlation vs causation formula and when to use it,local
Quick one - the euro cup semifinal highlights from tonight asap,online
"For my homework, notes on message queues for my assignment before my exam",local
can i safely travel to brazil,online
"when travelling in chicago, what kinds of attractions should i see",online
"hey, background on the silk road trade routes for my essay before my exam",local
urgent - is there a heat advisory in pune today,online
important dates related to the treaty of versailles terms,local
silver rate market cap right now,online
Current valuation on tesla stock,online
"real talk, the highway conditions right now because of the storm tonight",online
i am needing you to look up roundtrip flights form houston to miami for april 12 and april 15,online
quick one - current congestion level on the toll plaza right now,online
i need a hotel room big enough for 4 people from monday to wednesday in lakewood,online
Quick one - the ipl match score update please in the last hour,online
derive matrix multiplication rules step by step,local
"hey, explain the american civil war causes in a short paragraph with an example",local
"for class tomorrow, denormalization example in python please for revision",local
flip me a coin i'm calling tails,local
what's my current fuel level,online
ok so is the subway line closed due to the accident while i'm stuck in traffic,online
"i keep forgetting version control branching, break it down for me?",local
my luggage was on delta flight abc123 out of houston and now i can’t find it,online
main causes and effects of the ottoman empire decline thanks,local
i need to know how much gas i have,online
message queues cheat sheet before my exam,local
i want to switch out of whisper mode,local
"real talk, is the airport terminal closed due to the accident while i'm stuck in traffic",online
"for my homework, law of cosines formula and when to use it briefly",local
"real talk, is it safe to drive in chicago with this storm this evening",online
quick q - main causes and effects of the fall of the roman empire before my exam,local
who is it that programmed you,local
is the trade deal talks affecting traffic right now,online
switch to british male accent,local
"for class tomorrow, set theory basics explained with an example problem pls",local
does chillis have good reviews,online
"For class tomorrow, practice problem using the pythagorean theorem",local
book an uber suitable for seating 5 individuals and headed for the mall,online
ngl crude oil price price action this week so far for the group chat,online
latest on the protest downtown in real time,online
main causes and effects of the french revolution timeline,local
tell me when my flight is scheduled to start boarding,online
"just heard about the airline strike, what's the latest",online
the premier league match result just now right now,online
monads in haskell cheat sheet,local
The trade deal talks status update please,online
Is it safe to drive in toronto with this storm,online
have my app for a new card been processed yet,online
"fyi need to know, the grand slam tennis match score update please tonight",online
how old are you alexa,local
"for class tomorrow, the ottoman empire decline — what actually happened thanks",local
"real talk, current air quality index in mumbai for the group chat",online
Singleton pattern — key points to remember,local
what can i refer to you by,local
give me some restaurant suggestions,online
quick refresher on SOLID principles before my exam briefly,local
can you help me do math,local
starbucks near me,online
derive hypothesis testing step by step,local
vector cross product for my calculus homework for revision,local
"hey, partial derivatives explained with an example problem",local
Is it safe to drive in bangalore with this storm,online
can a bus get me to the statue of liberty,online
what are some trivia questions about lebron james,local
is the election results affecting traffic right now in the last hour,online
urgent - traffic status on the main train route this morning pls,online
"fyi need to know, who won the ashes series last night rn",online
my luggage appears to be missing,online
what are people saying about chipotle,online
"ai, how are you doing",local
how cold will it be tomorrow,online
what is the exchange rate between british pounds and yen,online
"For class tomorrow, how to solve problems using markov chains with an example",local
Current valuation on apple stock?,online
please don't speak so fast,local
what is al's age,local
so is the flyover near the city center closed due to the accident in the last hour,online
Ok so the wimbledon final result just now,online
are there any travel alerts for north korea,online
"fyi need to know, tesla stock live chart movement this morning",online
"for class tomorrow, probability distributions explained with an example problem with an example",local
Is the euro cup semifinal still playing right now,online
so are you a real person,local
can you call me something else,local
the parliament session today — anything new in the last hour asap,online
go to default setting,local
how is sensex trending today,online
derivative of a function explained with an example problem,local
please set a timer for,local
walk me through mock objects in testing step by step pls,local
what is the proper way to convert centimeters into inches,local
"when you talk to me, use bob",local
"fyi need to know, how bad is the cabinet reshuffle right now for the group chat",online
current congestion level on the interstate?,online
so central limit theorem explained with an example problem for my notes,local
did usd to inr go up or down this morning currently,online
"quick one - just heard about the central bank's rate decision, what's the latest as of now",online
roll a die,local
flange means what,local
i need to find my luggage,online
"genuinely curious, vector cross product for my calculus homework pls",local
quick q - derive derivative of a function step by step,local
the cyclone warning developments as of today,online
quick one - who won the grand slam tennis match last night,online
"For my homework, integration by parts formula and when to use it briefly",local
gradient descent math formula and when to use it,local
the partition of india — what actually happened pls,local
"unit testing vs integration testing, explain like i'm a beginner coder",local
provide the name i should use to refer to you,local
you're talking too fast i need you to slow it down,local
hola,local
ngl any delays on the flyover near the city center today today,online
on flight america airlines in o'hare lost luggage,online
change to normal vocals mode,local
how do they say hello in france,local
Quick one - live score for the euro cup semifinal just curious,online
Ok so is dow jones pumping or dumping today for the group chat,online
real time quote for apple stock,online
what is the definition of zesty,local
"for class tomorrow, walk through law of cosines with numbers?",local
quick one - current congestion level on the metro line this morning,online
how is my ai doing,local
Who's leading in the premier league match currently,online
chain rule in calculus formula and when to use it for revision,local
"For my homework, laplace transform explained with an example problem for my notes",local
Current valuation on eur to usd,online
Current air quality index in paris,online
"genuinely curious, partial derivatives explained with an example problem for my notes",local
Quick q - difference between pointers vs references and abstract class vs interface in simple terms,local
is a bar close to my church,online
i want to get directions to the closest atm,online
The premier league match highlights from tonight,online
"real talk, is the expressway flooded from the downpour right now in the last hour",online
will you help me with a math problem,local
getting a null pointer exception in java when i loop through a list,local
how would i say if i were english subway,local
quick one - gold rate rate as of this minute for real,online
my name is brad,local
"real talk, the earthquake near the coast developments as of today",online
"For class tomorrow, pros and cons of dynamic programming for revision",local
who would you say that you are working for,local
"can you flip a coin, i will take tails",local
"Hey, heap data structure for dummies — struggling with this",local
you can call me james,local
tell me how i can reset to factory settings,local
what is the name you call me saved as,local
ok so current valuation on eur to usd at the moment,online
would you tell me a joke,local
what ingredients are in cheese cake,local
i want to know if you have hobbies,local
what's the time it takes to make a decent omelette,local
summarize REST vs GraphQL in a few bullet points,local
how does foreign key constraints actually work under the hood,local
"genuinely curious, timeline of the discovery of penicillin",local
quick one - is the flyover near the city center flooded from the downpour right now currently,online
"i don't get big O notation, someone explain",local
why did the theory of evolution basics happen,local
the ufc fight card highlights from tonight,online
"just checking, is sensex pumping or dumping today in the last hour",online
"just checking, the ceasefire negotiations developments as of today at the moment",online
tell me how to get to target by bus,online
what is the arrival time for my flight,online
why did when the berlin wall fell happen in simple terms,local
So how bad is the wildfire in the hills right now?,online
urgent - the euro cup semifinal highlights from tonight,online
"hey, why is sliding window technique used instead of connection pooling",local
"for my homework, walk through law of cosines with numbers",local
"for class tomorrow, the pythagorean theorem formula and when to use it briefly",local
asynchronous programming interview question breakdown,local
"real talk, did ethereum go up or down this morning as of now",online
"need this for an interview, pros and cons of publish subscribe pattern",local
Ripple xrp rate as of this minute,online
how would you implement thread pools from scratch,local
hash map cheat sheet,local
message queues — key points to remember,local
i will need an uber for 2 people to get to philadelphia,online
ripple xrp today's high and low,online
Urgent - who won the t20 world cup game last night no cap,online
what is my location right now,online
difference between static vs dynamic typing and lambda expressions,local
"fyi need to know, traffic status on the flyover near the city center this morning today",online
is there a travel alert for that country,online
what ingredients are in chips,local
how are people liking the sushi at yakamoto,online
what are some fun things to do in sweden,online
is the power outage in the city affecting traffic right now,online
"hey, law of cosines — proof and intuition for my notes",local
"fyi need to know, the euro cup semifinal score update please for real",online
is the main train route closed due to the accident,online
real time quote for solana,online
buhbye,local
how long will it take to fix shepherd's pie,local
how bad is the supreme court verdict right now,online
"hey, nifty 50 price right now for real",online
i want directions to the closest atm,online
quick q - pros and cons of big O notation,local
ok so the nba game highlights from tonight,online
i wanna know the types of subjects are you familiar with,local
Quick one - real time quote for dogecoin tonight,online
quick q - important dates related to the mughal empire timeline — struggling with this,local
tell me what you are capable of answering,local
"real talk, is the main train route open or blocked at the moment pls",online
How to solve problems using quadratic formula?,local
ok so how is gold rate trending today,online
what's the definition of patriarchy,local
i'm going to the movies book an uber for 6 people,online
ok so is there a heat advisory in bangalore today for the group chat,online
urgent - is the toll plaza flooded from the downpour right now tonight,online
So practice problem using bayes theorem — struggling with this,local
"hey, the partition of india — what actually happened — struggling with this",local
Ok the moon landing mission details summary for history class,local
please inform me when my flight scheduled to board,online
how do i set a timer,local
so why is unit testing vs integration testing used instead of quick sort for my notes,local
any updates on the vaccine rollout progress happening today,online
i need a roundtrip flight for 5/2 to 5/8 from nyc to los angeles,online
How would you implement eventual consistency from scratch,local
why did the partition of india happen?,local
the pythagorean theorem formula and when to use it,local
The heatwave alert — anything new in the last hour pls,online
will it rain in hyderabad in the next few hours,online
How would you implement REST vs GraphQL from scratch for revision,local
Quick q - compare race conditions and dependency injection in one paragraph,local
how is cardano trending today,online
"for class tomorrow, set theory basics for my calculus homework briefly",local
what are the latest travel alerts for dubai,online
walk me through lambda expressions step by step,local
"hey, how to solve problems using gradient descent math for my notes",local
"abstract class vs interface, explain like i'm a beginner coder",local
so walk me through linked list step by step thanks,local
How would you implement inheritance vs composition from scratch,local
my dp solution gives wrong answer for the knapsack edge case,local
can you find my location on the map,online
Dijkstra's algorithm example in python please,local
ok why is docker containers used instead of hash map before my exam,local
"for my homework, derive standard deviation formula step by step thanks",local
ancient egyptian pyramid construction — what actually happened,local
"genuinely curious, practice problem using permutations and combinations for revision",local
so main causes and effects of the wright brothers first flight,local
B-tree indexing interview question breakdown,local
"genuinely curious, the russian revolution 1917 — what actually happened for revision",local
could you locate me some good places in kentucky that serve sushi,online
git rebase vs merge example in python please?,local
quick q - the wright brothers first flight summary for history class for revision,local
switch to whisper please,local
"hey, any delays on the expressway today before i head out",online
"Genuinely curious, markov chains formula and when to use it with an example",local
"need this for an interview, walk through quadratic formula with numbers thanks",local
what is the most unique piece of trivia relating to cameras,local
quick q - the periodic table history — what actually happened?,local
Quick q - practice problem using law of cosines thanks,local
nifty 50 today's high and low before i head out,online
Is there a heat advisory in chennai today,online
quick one - current valuation on ripple xrp currently,online
reliance shares live chart movement today,online
Explain the industrial revolution key inventions in a short paragraph,local
The vaccine rollout progress developments as of today,online
please add 456 and 781 for me,local
urgent - silver rate price right now before i head out,online
is the expressway flooded from the downpour right now tonight,online
"For class tomorrow, mock objects in testing interview question breakdown in simple terms",local
the india vs australia test highlights from tonight this morning,online
"hey, explain the renaissance key artists in a short paragraph pls",local
solid overview of message queues for revision for revision,local
Will it rain in bangalore in the next few hours,online
i need that repeated,local
how long should i cook chicken thighs,local
what's affiliate definition,local
i wanna know the point of life,local
quick q - main causes and effects of the russian revolution 1917,local
how to solve problems using hypothesis testing for my notes,local
i need an uber reserved to take me to the restaurant,online
if i go to baltimore will i be safe,online
so timeline of the printing press invention impact thanks,local
tell me something cool about elephants,local
did the earthquake near the coast get resolved yet,online
quick one - the nba game result just now for real,online
what name do you have saved for me,local
pros and cons of static vs dynamic typing pls,local
what's the meaning of a fortnight,local
what things are there to do in portland,online
timer 5 minutes,local
what is 5 x 4,local
what questions am i allowed to ask,local
can you please speed up your speech,local
the power outage in the city developments as of today,online
can you start talking to me in spanish from here on out,local
so gradient descent math explained with an example problem for revision,local
"increase the volume level to 4, please",local
So important dates related to ancient egyptian pyramid construction for revision,local
who is the person you work for,local
set a brand new timer for eight seconds,local
please change your accent to the male british one,local
important dates related to the american civil war causes,local
the ipl match score update please,online
the cold war origins summary for history class,local
Difference between merge sort and abstract class vs interface,local
"genuinely curious, explain ACID properties with a simple example for revision",local
who's leading in the ufc fight card currently,online
did dogecoin go up or down this morning before my meeting,online
the grand slam tennis match score update please,online
weather,online
"Genuinely curious, the periodic table history — what actually happened",local
So give me a quick rundown of the mughal empire timeline,local
give me a quick rundown of the theory of evolution basics,local
Solid overview of window functions in sql for revision,local
is there someone i can talk to since i am in the airport waiting for my luggage which never came,online
Who's leading in the t20 world cup game currently this evening,online
Solid overview of process vs thread for revision,local
tell me some good mexican restaurants in dallas,online
"for class tomorrow, how to solve problems using permutations and combinations in simple terms",local
"Genuinely curious, textbook definition of two pointer technique?",local
"for class tomorrow, notes on dynamic programming for my assignment?",local
subqueries in sql for dummies,local
quick one - nvidia stock price right now no cap,online
what's there to do in seattle,online
what created you,local
the toll plaza conditions right now because of the storm no cap,online
"Hey, chain rule in calculus formula and when to use it",local
the t20 world cup game result just now,online
talk to me by calling me this name from now on,local
you've been a great help,local
could i use olive oil instead of grape seed oil,local
"fyi need to know, will it rain in paris in the next few hours before i head out",online
"i applied for the credit card, have you processed my application",online
textbook definition of window functions in sql with an example,local
practice problem using vector cross product briefly,local
who won the ufc fight card last night,online
ok vector cross product — proof and intuition for revision,local
subqueries in sql vs big O notation which is better and when,local
ok so is apple stock pumping or dumping today at the moment,online
"please, no",local
flip a coin one time,local
i am thankful for your help!,local
were you born in a hospital,local
merci beaucoup,local
"hey, is the ceasefire negotiations still ongoing this morning",online
Ok law of sines — proof and intuition,local
so how is tcs stock trending today no cap,online
Ok so is the main train route closed due to the accident for the group chat,online
how many dollars can i exchange for 200 pounds,online
quick one - the main train route conditions right now because of the storm this morning,online
"just checking, how is ethereum trending today this morning",online
walk through convex optimization basics with numbers — struggling with this,local
"genuinely curious, immutability in functional programming, explain like i'm a beginner coder",local
"fyi need to know, real time quote for apple stock this morning",online
ngl how bad is the central bank's rate decision right now at the moment,online
"just checking, live score for the premier league match currently",online
tell my bank i'll be in jamaica from the 4th to the 11th,online
"Hey, live score for the euro cup semifinal this evening",online
does this life have a meaning,local
speak in a different accent,local
Ok unit testing vs integration testing tutorial with code for revision,local
"Fyi need to know, did bitcoin go up or down this morning tonight",online
is honey a good sugar substitute,local
perform a coin flip,local
Why did the theory of evolution basics happen,local
Is there a heat advisory in hyderabad today,online
please change my name to loverboy,local
the wimbledon final score update please pls,online
ngl is the border tensions affecting traffic right now currently,online
i'm travelling to thailand soon and want to inform my bank,online
"Real talk, is the ceasefire negotiations still ongoing tonight",online
Practice problem using integration by parts,local
Explain the causes of world war 1 in a short paragraph,local
"for my homework, how to solve problems using convex optimization basics with an example",local
quick one - the world cup qualifier result just now today,online
"hey, key figures involved in the unification of germany?",local
"For class tomorrow, how to solve problems using central limit theorem?",local
so explain the mughal empire timeline in a short paragraph pls,local
final score of the ufc fight card no cap,online
are you a bot right now,local
so key figures involved in the discovery of penicillin before my exam,local
is the traffic backed up at the closest circle k,online
"Hey, linear regression math for my calculus homework for my notes",local
summarize heap data structure in a few bullet points thanks,local
Explain the american civil war causes in a short paragraph,local
any delays on the flyover near the city center today no cap,online
quick refresher on version control branching before my exam with an example,local
help me to understand the conversion between tablespoons and teaspoons,local
i have to go but it was nice talking again!,local
"hey, explain the decolonization of africa in a short paragraph briefly",local
"fyi need to know, is the highway closed due to the accident before i head out",online
can you please talk slower,local
background on the unification of germany for my essay,local
book a flight from denver to austin on the 16th and returning on the 20th,online
"genuinely curious, main causes and effects of the discovery of penicillin in simple terms",local
vector cross product formula and when to use it,local
why did the wright brothers first flight happen,local
probability distributions explained with an example problem thanks,local
repeat that please,local
purchase a flight from boise to sacramento on sunday and returning on wednesday,online
i wonder if you can explain the meaning of life,local
go back to initial factory state,local
are you feeling okay,local
i need to know when my flight scheduled to board,online
breaking news on the cyclone warning,online
how busy is orchids at 7,online
"hey, why did the printing press invention impact happen?",local
Derivative of a function explained with an example problem,local
so bitcoin market cap right now no cap,online
So timeline of the moon landing mission details,local
how do i slow down my ai's voice,local
bitcoin market cap right now,online
is the flood situation downtown affecting traffic right now,online
is kaya busy around 5 pm,online
"Just checking, is the premier league match still playing right now",online
compare race conditions and eventual consistency in one paragraph,local
what are all of the ingredients for brownies from scratch,local
what sorts of things am i able to ask of you ai,local
when will it rain next,online
The airport terminal conditions right now because of the storm,online
"Real talk, the la liga clasico highlights from tonight",online
so quick check on cardano before i trade right now,online
i need a flight to be booked from san diego to boston through frontier,online
Timeline of the age of exploration key figures,local
Quick one - is the main train route flooded from the downpour right now this morning,online
"i missed that, say it again",local
quick one - live score for the ashes series currently,online
turn your speakers up,local
difference between subqueries in sql and virtual functions in c++,local
quadratic formula formula and when to use it briefly,local
"for my homework, vector cross product for my calculus homework",local
The asia cup final score update please,online
"hey, the wimbledon final result just now",online
apple stock market cap right now,online
ok so how is dow jones trending today while i'm stuck in traffic,online
So quick check on crude oil price before i trade this evening,online
do i have enough fuel to get to orlando,online
my name is john,local
"quick q - heap data structure, explain like i'm a beginner coder briefly",local
Will it rain in pune in the next few hours,online
do they take reservations at buffalo wild wings,online
background on the discovery of penicillin for my essay,local
what jokes do you know,local
"Just checking, the expressway conditions right now because of the storm for the group chat",online
Final score of the wimbledon final,online
"for class tomorrow, how to solve problems using convex optimization basics pls",local
The wright brothers first flight summary for history class,local
lets hear a fact,local
breaking news on the border tensions for the group chat,online
breaking news on the cabinet reshuffle before my meeting,online
"real talk, cardano live chart movement as of now",online
"genuinely curious, why did the printing press invention impact happen briefly",local
Timeline of the mughal empire timeline?,local
i want to reserve a convertible from july 2nd through july 18th for los angeles,online
how busy is mc donald at 8 in the morning,online
practice problem using matrix multiplication rules briefly,local
Final score of the nba game,online
i'd like to revert to factory settings,local
why did the renaissance key artists happen,local
i want an uber,online
"i keep forgetting normalization in databases, break it down for me",local
"fyi need to know, current congestion level on the interstate rn",online
"real talk, is the toll plaza flooded from the downpour right now asap",online
the ceasefire negotiations developments as of today while i'm stuck in traffic,online
i'd like to know where you're from,local
in what status is my credit card application,online
that's a hard no from me,local
pros and cons of load balancing?,local
the interstate conditions right now because of the storm today,online
silver rate market cap right now before my meeting,online
how bad is the election results right now,online
urgent - infosys shares rate as of this minute this evening,online
any delays on the ring road today this morning,online
textbook definition of stack vs heap memory,local
so virtual functions in c++ example in python please?,local
it was really nice to be able to chat with you,local
Binary search tree for dummies,local
how does event loop in node actually work under the hood briefly,local
"hey, final score of the f1 race before i head out",online
ok explain docker containers with a simple example with an example,local
please run that by me again,local
bring the sound up,local
"book a flight from jacksonville, fl to atlanta, ga on 14 february 2019 and returning on 1 march 2019",online
is the s&p 500 pumping or dumping today at the moment,online
"Need this for an interview, walk through bayes theorem with numbers thanks",local
where should i go for dinner,online
what would i be referred to as,local
who pay your salary,local
is the airport shut due to the fog this morning,online
main causes and effects of the renaissance key artists,local
"hi there, how are things",local
how do i get to the hotel by bus,online
my luggage is lost i was on delta flight ab123 from detroit,online
Quick one - the asia cup final result just now tonight,online
who won the f1 race last night while i'm stuck in traffic,online
is there anything neat to do in boston,online
explain the signing of the magna carta in a short paragraph,local
i would love to know the exchange rate between rubles and pounds,online
how much dollars do i receive if i trade in 6 yens,online
what is the total amount of gas in my car,online
quick one - how humid is it in seoul right now in the last hour,online
urgent - is the flyover near the city center closed due to the accident at the moment,online
find if there are any travel alerts for canada,online
when will my aa flight be landing,online
please switch to whisper,local
live score for the t20 world cup game,online
how long should i expect beef stroganoff to prepare,local
so the wimbledon final score update please no cap,online
"Just checking, latest on the trade deal talks in real time this evening",online
"Just checking, reliance shares price action this week so far in the last hour",online
Did infosys shares go up or down this morning,online
ok key figures involved in the boston tea party,local
how would you implement big O notation from scratch,local
Heap data structure cheat sheet,local
how can i find my current location,online
quick one - is the cabinet reshuffle still ongoing currently,online
the mughal empire timeline — what actually happened,local
tcs stock live chart movement this morning,online
let's talk about your hobbies,local
bit manipulation tricks interview question breakdown,local
so practice problem using markov chains,local
how humid is it in kolkata right now before i head out,online
i would like to get an uber to the movies,online
ok logarithm rules explained with an example problem in simple terms,local
How humid is it in new york right now,online
ok so is the highway flooded from the downpour right now while i'm stuck in traffic,online
infosys shares today's high and low,online
"fyi need to know, is it safe to drive in chicago with this storm — need it fast",online
"just checking, is the metro line flooded from the downpour right now pls",online
The boston tea party — what actually happened,local
"Real talk, is the flyover near the city center flooded from the downpour right now before my meeting",online
when's my flight getting here,online
Laplace transform — proof and intuition,local
the russian revolution 1917 summary for history class,local
ngl did the cabinet reshuffle get resolved yet asap,online
final score of the nba game just curious,online
thanks a lot for the answer,local
what types of subjects do you know,local
where's a good place to get some grub,online
can you tell me if germany issued any travel warnings,online
textbook definition of ci cd pipeline basics,local
ok practice problem using law of sines with an example,local
"hey, is the expressway open or blocked at the moment for real",online
traffic status on the flyover near the city center this morning — need it fast,online
ok so bitcoin rate as of this minute pls,online
"when referring to you, what name do you want me to use",local
is the harbor bridge closed due to the accident before my meeting,online
start counting down from two minutes,local
so laplace transform formula and when to use it?,local
does my car have enough gas to get to atlantic city,online
